[0.000000] (-) TimerEvent: {}
[0.001757] (ball_tracker) JobQueued: {'identifier': 'ball_tracker', 'dependencies': OrderedDict()}
[0.002309] (robot_cam_ros) JobQueued: {'identifier': 'robot_cam_ros', 'dependencies': OrderedDict()}
[0.003090] (ros2_control_demo_description) JobQueued: {'identifier': 'ros2_control_demo_description', 'dependencies': OrderedDict()}
[0.003529] (seav2) JobQueued: {'identifier': 'seav2', 'dependencies': OrderedDict()}
[0.003840] (seav2_imu) JobQueued: {'identifier': 'seav2_imu', 'dependencies': OrderedDict()}
[0.004114] (serial) JobQueued: {'identifier': 'serial', 'dependencies': OrderedDict()}
[0.004399] (v4l2_camera) JobQueued: {'identifier': 'v4l2_camera', 'dependencies': OrderedDict()}
[0.004748] (carlikebot_ros2_control) JobQueued: {'identifier': 'carlikebot_ros2_control', 'dependencies': OrderedDict([('ros2_control_demo_description', '/home/pi/seav2/install/ros2_control_demo_description'), ('serial', '/home/pi/seav2/install/serial')])}
[0.005121] (ros2_control_demo_description) JobStarted: {'identifier': 'ros2_control_demo_description'}
[0.093856] (-) TimerEvent: {}
[0.169533] (serial) JobStarted: {'identifier': 'serial'}
[0.194098] (-) TimerEvent: {}
[0.301085] (-) TimerEvent: {}
[0.304054] (ball_tracker) JobStarted: {'identifier': 'ball_tracker'}
[0.401372] (-) TimerEvent: {}
[0.456341] (robot_cam_ros) JobStarted: {'identifier': 'robot_cam_ros'}
[0.501697] (-) TimerEvent: {}
[0.604729] (-) TimerEvent: {}
[0.624911] (ros2_control_demo_description) JobProgress: {'identifier': 'ros2_control_demo_description', 'progress': 'cmake'}
[0.631385] (ros2_control_demo_description) JobProgress: {'identifier': 'ros2_control_demo_description', 'progress': 'build'}
[0.638239] (ros2_control_demo_description) Command: {'cmd': ['/usr/bin/cmake', '--build', '/home/pi/seav2/build/ros2_control_demo_description', '--', '-j4', '-l4'], 'cwd': '/home/pi/seav2/build/ros2_control_demo_description', 'env': OrderedDict([('LESSOPEN', '| /usr/bin/lesspipe %s'), ('USER', 'pi'), ('SSH_CLIENT', '192.168.0.105 41494 22'), ('LC_TIME', 'en_US.UTF-8'), ('XDG_SESSION_TYPE', 'tty'), ('SHLVL', '1'), ('LD_LIBRARY_PATH', '/home/pi/seav2/install/carlikebot_ros2_control/lib:/home/pi/seav2/install/serial/lib:/opt/ros/humble/opt/rviz_ogre_vendor/lib:/opt/ros/humble/lib/aarch64-linux-gnu:/opt/ros/humble/lib'), ('MOTD_SHOWN', 'pam'), ('HOME', '/home/pi'), ('OLDPWD', '/home/pi/seav2'), ('SSH_TTY', '/dev/pts/0'), ('ROS_PYTHON_VERSION', '3'), ('LC_MONETARY', 'en_US.UTF-8'), ('ROS_IP', '192.168.137.192'), ('DBUS_SESSION_BUS_ADDRESS', 'unix:path=/run/user/1000/bus'), ('QT_QPA_PLATFORM_PLUGIN_PATH', '/home/your_username/.local/lib/python3.10/site-packages/cv2/qt/plugins'), ('COLCON_PREFIX_PATH', '/home/pi/seav2/install:/home/pi/ss25/install:/home/pi/ss25/src/description/description/install:/home/pi/ss25/src/summary/install:/home/pi/ss25/src/install:/home/pi/demo_testing_9_april/seav/install:/home/pi/install'), ('ROS_DISTRO', 'humble'), ('LOGNAME', 'pi'), ('_', '/usr/bin/colcon'), ('ROS_VERSION', '2'), ('XDG_SESSION_CLASS', 'user'), ('TERM', 'xterm-256color'), ('XDG_SESSION_ID', '1'), ('ROS_LOCALHOST_ONLY', '0'), ('PATH', '/home/pi/.local/bin:/home/pi/.local/bin:/opt/ros/humble/bin:/usr/local/sbin:/usr/local/bin:/usr/sbin:/usr/bin:/sbin:/bin:/usr/games:/usr/local/games:/snap/bin'), ('LC_ADDRESS', 'en_US.UTF-8'), ('XDG_RUNTIME_DIR', '/run/user/1000'), ('DISPLAY', 'localhost:10.0'), ('LANG', 'en_US.UTF-8'), ('LC_TELEPHONE', 'en_US.UTF-8'), ('LS_COLORS', 'rs=0:di=01;34:ln=01;36:mh=00:pi=40;33:so=01;35:do=01;35:bd=40;33;01:cd=40;33;01:or=40;31;01:mi=00:su=37;41:sg=30;43:ca=30;41:tw=30;42:ow=34;42:st=37;44:ex=01;32:*.tar=01;31:*.tgz=01;31:*.arc=01;31:*.arj=01;31:*.taz=01;31:*.lha=01;31:*.lz4=01;31:*.lzh=01;31:*.lzma=01;31:*.tlz=01;31:*.txz=01;31:*.tzo=01;31:*.t7z=01;31:*.zip=01;31:*.z=01;31:*.dz=01;31:*.gz=01;31:*.lrz=01;31:*.lz=01;31:*.lzo=01;31:*.xz=01;31:*.zst=01;31:*.tzst=01;31:*.bz2=01;31:*.bz=01;31:*.tbz=01;31:*.tbz2=01;31:*.tz=01;31:*.deb=01;31:*.rpm=01;31:*.jar=01;31:*.war=01;31:*.ear=01;31:*.sar=01;31:*.rar=01;31:*.alz=01;31:*.ace=01;31:*.zoo=01;31:*.cpio=01;31:*.7z=01;31:*.rz=01;31:*.cab=01;31:*.wim=01;31:*.swm=01;31:*.dwm=01;31:*.esd=01;31:*.jpg=01;35:*.jpeg=01;35:*.mjpg=01;35:*.mjpeg=01;35:*.gif=01;35:*.bmp=01;35:*.pbm=01;35:*.pgm=01;35:*.ppm=01;35:*.tga=01;35:*.xbm=01;35:*.xpm=01;35:*.tif=01;35:*.tiff=01;35:*.png=01;35:*.svg=01;35:*.svgz=01;35:*.mng=01;35:*.pcx=01;35:*.mov=01;35:*.mpg=01;35:*.mpeg=01;35:*.m2v=01;35:*.mkv=01;35:*.webm=01;35:*.webp=01;35:*.ogm=01;35:*.mp4=01;35:*.m4v=01;35:*.mp4v=01;35:*.vob=01;35:*.qt=01;35:*.nuv=01;35:*.wmv=01;35:*.asf=01;35:*.rm=01;35:*.rmvb=01;35:*.flc=01;35:*.avi=01;35:*.fli=01;35:*.flv=01;35:*.gl=01;35:*.dl=01;35:*.xcf=01;35:*.xwd=01;35:*.yuv=01;35:*.cgm=01;35:*.emf=01;35:*.ogv=01;35:*.ogx=01;35:*.aac=00;36:*.au=00;36:*.flac=00;36:*.m4a=00;36:*.mid=00;36:*.midi=00;36:*.mka=00;36:*.mp3=00;36:*.mpc=00;36:*.ogg=00;36:*.ra=00;36:*.wav=00;36:*.oga=00;36:*.opus=00;36:*.spx=00;36:*.xspf=00;36:'), ('ROS_DOMAIN_ID', '0'), ('AMENT_PREFIX_PATH', '/home/pi/seav2/install/carlikebot_ros2_control:/home/pi/seav2/install/serial:/home/pi/seav2/install/seav2_imu:/home/pi/seav2/install/seav2:/home/pi/seav2/install/ros2_control_demo_description:/home/pi/seav2/install/robot_cam_ros:/home/pi/seav2/install/ball_tracker:/home/pi/ss25/install/wheel_odometry:/home/pi/ss25/install/vup_2k7:/home/pi/ss25/install/summary:/home/pi/ss25/install/sllidar_ros2:/home/pi/ss25/install/safety_control:/home/pi/ss25/install/project:/home/pi/ss25/install/my_slam:/home/pi/ss25/install/my_motor_driver:/home/pi/ss25/install/final:/home/pi/ss25/install/description:/home/pi/ss25/install/bringup_pkg:/home/pi/ss25/src/summary/install/summary:/home/pi/ss25/src/install/wheel_odometry:/home/pi/ss25/src/install/summary:/home/pi/ss25/src/install/sllidar_ros2:/home/pi/ss25/src/install/safety_control:/home/pi/ss25/src/install/project:/home/pi/ss25/src/install/my_motor_driver:/home/pi/ss25/src/install/description:/home/pi/ss25/src/install/bringup_pkg:/home/pi/install/summary:/home/pi/demo_testing_9_april/seav/install/yolov8_ros:/home/pi/demo_testing_9_april/seav/install/static_tf_publisher:/home/pi/demo_testing_9_april/seav/install/seav_test_sensors:/home/pi/demo_testing_9_april/seav/install/seav_simulation:/home/pi/demo_testing_9_april/seav/install/seav_description:/home/pi/demo_testing_9_april/seav/install/rplidar_ros:/home/pi/demo_testing_9_april/seav/install/my_robot_controller:/home/pi/demo_testing_9_april/seav/install/my_nav2_pkg:/opt/ros/humble'), ('SHELL', '/bin/bash'), ('LC_NAME', 'en_US.UTF-8'), ('LESSCLOSE', '/usr/bin/lesspipe %s %s'), ('LC_MEASUREMENT', 'en_US.UTF-8'), ('LC_IDENTIFICATION', 'en_US.UTF-8'), ('PWD', '/home/pi/seav2/build/ros2_control_demo_description'), ('LC_ALL', 'en_US.UTF-8'), ('SSH_CONNECTION', '192.168.0.105 41494 192.168.0.210 22'), ('XDG_DATA_DIRS', '/usr/local/share:/usr/share:/var/lib/snapd/desktop'), ('PYTHONPATH', '/home/pi/seav2/build/robot_cam_ros:/home/pi/seav2/build/ball_tracker:/home/pi/seav2/build/seav2_imu:/home/pi/seav2/install/seav2_imu/lib/python3.10/site-packages:/home/pi/seav2/install/robot_cam_ros/lib/python3.10/site-packages:/home/pi/seav2/install/ball_tracker/lib/python3.10/site-packages:/home/pi/ss25/install/wheel_odometry/lib/python3.10/site-packages:/home/pi/ss25/install/vup_2k7/lib/python3.10/site-packages:/home/pi/ss25/install/summary/lib/python3.10/site-packages:/home/pi/ss25/install/safety_control/lib/python3.10/site-packages:/home/pi/ss25/install/project/lib/python3.10/site-packages:/home/pi/ss25/install/my_slam/lib/python3.10/site-packages:/home/pi/ss25/install/my_motor_driver/lib/python3.10/site-packages:/home/pi/ss25/install/final/lib/python3.10/site-packages:/home/pi/ss25/install/description/lib/python3.10/site-packages:/home/pi/ss25/install/bringup_pkg/lib/python3.10/site-packages:/home/pi/ss25/src/summary/install/summary/lib/python3.10/site-packages:/home/pi/ss25/src/install/wheel_odometry/lib/python3.10/site-packages:/home/pi/ss25/src/install/summary/lib/python3.10/site-packages:/home/pi/ss25/src/install/safety_control/lib/python3.10/site-packages:/home/pi/ss25/src/install/project/lib/python3.10/site-packages:/home/pi/ss25/src/install/my_motor_driver/lib/python3.10/site-packages:/home/pi/ss25/src/install/description/lib/python3.10/site-packages:/home/pi/ss25/src/install/bringup_pkg/lib/python3.10/site-packages:/home/pi/install/summary/lib/python3.10/site-packages:/home/pi/demo_testing_9_april/seav/install/yolov8_ros/lib/python3.10/site-packages:/home/pi/demo_testing_9_april/seav/install/static_tf_publisher/lib/python3.10/site-packages:/home/pi/demo_testing_9_april/seav/install/seav_test_sensors/lib/python3.10/site-packages:/home/pi/demo_testing_9_april/seav/install/my_robot_controller/lib/python3.10/site-packages:/opt/ros/humble/lib/python3.10/site-packages:/opt/ros/humble/local/lib/python3.10/dist-packages'), ('ROS_HOSTNAME', '192.168.137.192'), ('LC_NUMERIC', 'en_US.UTF-8'), ('LC_PAPER', 'en_US.UTF-8'), ('COLCON', '1'), ('CMAKE_PREFIX_PATH', '/home/pi/seav2/install/carlikebot_ros2_control:/home/pi/seav2/install/serial:/home/pi/seav2/install/seav2:/home/pi/seav2/install/ros2_control_demo_description:/home/pi/ss25/install/sllidar_ros2:/home/pi/ss25/src/install/sllidar_ros2:/home/pi/demo_testing_9_april/seav/install/seav_simulation:/home/pi/demo_testing_9_april/seav/install/seav_description:/home/pi/demo_testing_9_april/seav/install/rplidar_ros:/home/pi/demo_testing_9_april/seav/install/my_nav2_pkg:/home/pi/seav2/install/seav2_imu:/home/pi/seav2/install/robot_cam_ros:/home/pi/seav2/install/ball_tracker:/home/pi/ss25/install/wheel_odometry:/home/pi/ss25/install/vup_2k7:/home/pi/ss25/install/summary:/home/pi/ss25/install/safety_control:/home/pi/ss25/install/project:/home/pi/ss25/install/my_slam:/home/pi/ss25/install/my_motor_driver:/home/pi/ss25/install/final:/home/pi/ss25/install/description:/home/pi/ss25/install/bringup_pkg:/home/pi/ss25/src/summary/install/summary:/home/pi/ss25/src/install/wheel_odometry:/home/pi/ss25/src/install/summary:/home/pi/ss25/src/install/safety_control:/home/pi/ss25/src/install/project:/home/pi/ss25/src/install/my_motor_driver:/home/pi/ss25/src/install/description:/home/pi/ss25/src/install/bringup_pkg:/home/pi/install/summary:/home/pi/demo_testing_9_april/seav/install/yolov8_ros:/home/pi/demo_testing_9_april/seav/install/static_tf_publisher:/home/pi/demo_testing_9_april/seav/install/seav_test_sensors:/home/pi/demo_testing_9_april/seav/install/my_robot_controller:/opt/ros/humble')]), 'shell': False}
[0.683644] (serial) JobProgress: {'identifier': 'serial', 'progress': 'cmake'}
[0.689508] (serial) JobProgress: {'identifier': 'serial', 'progress': 'build'}
[0.691706] (serial) Command: {'cmd': ['/usr/bin/cmake', '--build', '/home/pi/seav2/build/serial', '--', '-j4', '-l4'], 'cwd': '/home/pi/seav2/build/serial', 'env': OrderedDict([('LESSOPEN', '| /usr/bin/lesspipe %s'), ('USER', 'pi'), ('SSH_CLIENT', '192.168.0.105 41494 22'), ('LC_TIME', 'en_US.UTF-8'), ('XDG_SESSION_TYPE', 'tty'), ('SHLVL', '1'), ('LD_LIBRARY_PATH', '/home/pi/seav2/install/carlikebot_ros2_control/lib:/home/pi/seav2/install/serial/lib:/opt/ros/humble/opt/rviz_ogre_vendor/lib:/opt/ros/humble/lib/aarch64-linux-gnu:/opt/ros/humble/lib'), ('MOTD_SHOWN', 'pam'), ('HOME', '/home/pi'), ('OLDPWD', '/home/pi/seav2'), ('SSH_TTY', '/dev/pts/0'), ('ROS_PYTHON_VERSION', '3'), ('LC_MONETARY', 'en_US.UTF-8'), ('ROS_IP', '192.168.137.192'), ('DBUS_SESSION_BUS_ADDRESS', 'unix:path=/run/user/1000/bus'), ('QT_QPA_PLATFORM_PLUGIN_PATH', '/home/your_username/.local/lib/python3.10/site-packages/cv2/qt/plugins'), ('COLCON_PREFIX_PATH', '/home/pi/seav2/install:/home/pi/ss25/install:/home/pi/ss25/src/description/description/install:/home/pi/ss25/src/summary/install:/home/pi/ss25/src/install:/home/pi/demo_testing_9_april/seav/install:/home/pi/install'), ('ROS_DISTRO', 'humble'), ('LOGNAME', 'pi'), ('_', '/usr/bin/colcon'), ('ROS_VERSION', '2'), ('XDG_SESSION_CLASS', 'user'), ('TERM', 'xterm-256color'), ('XDG_SESSION_ID', '1'), ('ROS_LOCALHOST_ONLY', '0'), ('PATH', '/home/pi/.local/bin:/home/pi/.local/bin:/opt/ros/humble/bin:/usr/local/sbin:/usr/local/bin:/usr/sbin:/usr/bin:/sbin:/bin:/usr/games:/usr/local/games:/snap/bin'), ('LC_ADDRESS', 'en_US.UTF-8'), ('XDG_RUNTIME_DIR', '/run/user/1000'), ('DISPLAY', 'localhost:10.0'), ('LANG', 'en_US.UTF-8'), ('LC_TELEPHONE', 'en_US.UTF-8'), ('LS_COLORS', 'rs=0:di=01;34:ln=01;36:mh=00:pi=40;33:so=01;35:do=01;35:bd=40;33;01:cd=40;33;01:or=40;31;01:mi=00:su=37;41:sg=30;43:ca=30;41:tw=30;42:ow=34;42:st=37;44:ex=01;32:*.tar=01;31:*.tgz=01;31:*.arc=01;31:*.arj=01;31:*.taz=01;31:*.lha=01;31:*.lz4=01;31:*.lzh=01;31:*.lzma=01;31:*.tlz=01;31:*.txz=01;31:*.tzo=01;31:*.t7z=01;31:*.zip=01;31:*.z=01;31:*.dz=01;31:*.gz=01;31:*.lrz=01;31:*.lz=01;31:*.lzo=01;31:*.xz=01;31:*.zst=01;31:*.tzst=01;31:*.bz2=01;31:*.bz=01;31:*.tbz=01;31:*.tbz2=01;31:*.tz=01;31:*.deb=01;31:*.rpm=01;31:*.jar=01;31:*.war=01;31:*.ear=01;31:*.sar=01;31:*.rar=01;31:*.alz=01;31:*.ace=01;31:*.zoo=01;31:*.cpio=01;31:*.7z=01;31:*.rz=01;31:*.cab=01;31:*.wim=01;31:*.swm=01;31:*.dwm=01;31:*.esd=01;31:*.jpg=01;35:*.jpeg=01;35:*.mjpg=01;35:*.mjpeg=01;35:*.gif=01;35:*.bmp=01;35:*.pbm=01;35:*.pgm=01;35:*.ppm=01;35:*.tga=01;35:*.xbm=01;35:*.xpm=01;35:*.tif=01;35:*.tiff=01;35:*.png=01;35:*.svg=01;35:*.svgz=01;35:*.mng=01;35:*.pcx=01;35:*.mov=01;35:*.mpg=01;35:*.mpeg=01;35:*.m2v=01;35:*.mkv=01;35:*.webm=01;35:*.webp=01;35:*.ogm=01;35:*.mp4=01;35:*.m4v=01;35:*.mp4v=01;35:*.vob=01;35:*.qt=01;35:*.nuv=01;35:*.wmv=01;35:*.asf=01;35:*.rm=01;35:*.rmvb=01;35:*.flc=01;35:*.avi=01;35:*.fli=01;35:*.flv=01;35:*.gl=01;35:*.dl=01;35:*.xcf=01;35:*.xwd=01;35:*.yuv=01;35:*.cgm=01;35:*.emf=01;35:*.ogv=01;35:*.ogx=01;35:*.aac=00;36:*.au=00;36:*.flac=00;36:*.m4a=00;36:*.mid=00;36:*.midi=00;36:*.mka=00;36:*.mp3=00;36:*.mpc=00;36:*.ogg=00;36:*.ra=00;36:*.wav=00;36:*.oga=00;36:*.opus=00;36:*.spx=00;36:*.xspf=00;36:'), ('ROS_DOMAIN_ID', '0'), ('AMENT_PREFIX_PATH', '/home/pi/seav2/install/carlikebot_ros2_control:/home/pi/seav2/install/serial:/home/pi/seav2/install/seav2_imu:/home/pi/seav2/install/seav2:/home/pi/seav2/install/ros2_control_demo_description:/home/pi/seav2/install/robot_cam_ros:/home/pi/seav2/install/ball_tracker:/home/pi/ss25/install/wheel_odometry:/home/pi/ss25/install/vup_2k7:/home/pi/ss25/install/summary:/home/pi/ss25/install/sllidar_ros2:/home/pi/ss25/install/safety_control:/home/pi/ss25/install/project:/home/pi/ss25/install/my_slam:/home/pi/ss25/install/my_motor_driver:/home/pi/ss25/install/final:/home/pi/ss25/install/description:/home/pi/ss25/install/bringup_pkg:/home/pi/ss25/src/summary/install/summary:/home/pi/ss25/src/install/wheel_odometry:/home/pi/ss25/src/install/summary:/home/pi/ss25/src/install/sllidar_ros2:/home/pi/ss25/src/install/safety_control:/home/pi/ss25/src/install/project:/home/pi/ss25/src/install/my_motor_driver:/home/pi/ss25/src/install/description:/home/pi/ss25/src/install/bringup_pkg:/home/pi/install/summary:/home/pi/demo_testing_9_april/seav/install/yolov8_ros:/home/pi/demo_testing_9_april/seav/install/static_tf_publisher:/home/pi/demo_testing_9_april/seav/install/seav_test_sensors:/home/pi/demo_testing_9_april/seav/install/seav_simulation:/home/pi/demo_testing_9_april/seav/install/seav_description:/home/pi/demo_testing_9_april/seav/install/rplidar_ros:/home/pi/demo_testing_9_april/seav/install/my_robot_controller:/home/pi/demo_testing_9_april/seav/install/my_nav2_pkg:/opt/ros/humble'), ('SHELL', '/bin/bash'), ('LC_NAME', 'en_US.UTF-8'), ('LESSCLOSE', '/usr/bin/lesspipe %s %s'), ('LC_MEASUREMENT', 'en_US.UTF-8'), ('LC_IDENTIFICATION', 'en_US.UTF-8'), ('PWD', '/home/pi/seav2/build/serial'), ('LC_ALL', 'en_US.UTF-8'), ('SSH_CONNECTION', '192.168.0.105 41494 192.168.0.210 22'), ('XDG_DATA_DIRS', '/usr/local/share:/usr/share:/var/lib/snapd/desktop'), ('PYTHONPATH', '/home/pi/seav2/build/robot_cam_ros:/home/pi/seav2/build/ball_tracker:/home/pi/seav2/build/seav2_imu:/home/pi/seav2/install/seav2_imu/lib/python3.10/site-packages:/home/pi/seav2/install/robot_cam_ros/lib/python3.10/site-packages:/home/pi/seav2/install/ball_tracker/lib/python3.10/site-packages:/home/pi/ss25/install/wheel_odometry/lib/python3.10/site-packages:/home/pi/ss25/install/vup_2k7/lib/python3.10/site-packages:/home/pi/ss25/install/summary/lib/python3.10/site-packages:/home/pi/ss25/install/safety_control/lib/python3.10/site-packages:/home/pi/ss25/install/project/lib/python3.10/site-packages:/home/pi/ss25/install/my_slam/lib/python3.10/site-packages:/home/pi/ss25/install/my_motor_driver/lib/python3.10/site-packages:/home/pi/ss25/install/final/lib/python3.10/site-packages:/home/pi/ss25/install/description/lib/python3.10/site-packages:/home/pi/ss25/install/bringup_pkg/lib/python3.10/site-packages:/home/pi/ss25/src/summary/install/summary/lib/python3.10/site-packages:/home/pi/ss25/src/install/wheel_odometry/lib/python3.10/site-packages:/home/pi/ss25/src/install/summary/lib/python3.10/site-packages:/home/pi/ss25/src/install/safety_control/lib/python3.10/site-packages:/home/pi/ss25/src/install/project/lib/python3.10/site-packages:/home/pi/ss25/src/install/my_motor_driver/lib/python3.10/site-packages:/home/pi/ss25/src/install/description/lib/python3.10/site-packages:/home/pi/ss25/src/install/bringup_pkg/lib/python3.10/site-packages:/home/pi/install/summary/lib/python3.10/site-packages:/home/pi/demo_testing_9_april/seav/install/yolov8_ros/lib/python3.10/site-packages:/home/pi/demo_testing_9_april/seav/install/static_tf_publisher/lib/python3.10/site-packages:/home/pi/demo_testing_9_april/seav/install/seav_test_sensors/lib/python3.10/site-packages:/home/pi/demo_testing_9_april/seav/install/my_robot_controller/lib/python3.10/site-packages:/opt/ros/humble/lib/python3.10/site-packages:/opt/ros/humble/local/lib/python3.10/dist-packages'), ('ROS_HOSTNAME', '192.168.137.192'), ('LC_NUMERIC', 'en_US.UTF-8'), ('LC_PAPER', 'en_US.UTF-8'), ('COLCON', '1'), ('CMAKE_PREFIX_PATH', '/home/pi/seav2/install/carlikebot_ros2_control:/home/pi/seav2/install/serial:/home/pi/seav2/install/seav2:/home/pi/seav2/install/ros2_control_demo_description:/home/pi/ss25/install/sllidar_ros2:/home/pi/ss25/src/install/sllidar_ros2:/home/pi/demo_testing_9_april/seav/install/seav_simulation:/home/pi/demo_testing_9_april/seav/install/seav_description:/home/pi/demo_testing_9_april/seav/install/rplidar_ros:/home/pi/demo_testing_9_april/seav/install/my_nav2_pkg:/home/pi/seav2/install/seav2_imu:/home/pi/seav2/install/robot_cam_ros:/home/pi/seav2/install/ball_tracker:/home/pi/ss25/install/wheel_odometry:/home/pi/ss25/install/vup_2k7:/home/pi/ss25/install/summary:/home/pi/ss25/install/safety_control:/home/pi/ss25/install/project:/home/pi/ss25/install/my_slam:/home/pi/ss25/install/my_motor_driver:/home/pi/ss25/install/final:/home/pi/ss25/install/description:/home/pi/ss25/install/bringup_pkg:/home/pi/ss25/src/summary/install/summary:/home/pi/ss25/src/install/wheel_odometry:/home/pi/ss25/src/install/summary:/home/pi/ss25/src/install/safety_control:/home/pi/ss25/src/install/project:/home/pi/ss25/src/install/my_motor_driver:/home/pi/ss25/src/install/description:/home/pi/ss25/src/install/bringup_pkg:/home/pi/install/summary:/home/pi/demo_testing_9_april/seav/install/yolov8_ros:/home/pi/demo_testing_9_april/seav/install/static_tf_publisher:/home/pi/demo_testing_9_april/seav/install/seav_test_sensors:/home/pi/demo_testing_9_april/seav/install/my_robot_controller:/opt/ros/humble')]), 'shell': False}
[0.732336] (-) TimerEvent: {}
[0.835374] (-) TimerEvent: {}
[0.937853] (-) TimerEvent: {}
[1.041499] (-) TimerEvent: {}
[1.144866] (-) TimerEvent: {}
[1.248743] (-) TimerEvent: {}
[1.352195] (-) TimerEvent: {}
[1.456160] (-) TimerEvent: {}
[1.560319] (-) TimerEvent: {}
[1.662807] (-) TimerEvent: {}
[1.766805] (-) TimerEvent: {}
[1.868982] (-) TimerEvent: {}
[1.970449] (-) TimerEvent: {}
[2.071829] (-) TimerEvent: {}
[2.173224] (-) TimerEvent: {}
[2.274582] (-) TimerEvent: {}
[2.375926] (-) TimerEvent: {}
[2.477244] (-) TimerEvent: {}
[2.578574] (-) TimerEvent: {}
[2.679937] (-) TimerEvent: {}
[2.781404] (-) TimerEvent: {}
[2.882757] (-) TimerEvent: {}
[2.984109] (-) TimerEvent: {}
[3.085506] (-) TimerEvent: {}
[3.186831] (-) TimerEvent: {}
[3.288138] (-) TimerEvent: {}
[3.389534] (-) TimerEvent: {}
[3.490862] (-) TimerEvent: {}
[3.592224] (-) TimerEvent: {}
[3.693611] (-) TimerEvent: {}
[3.794944] (-) TimerEvent: {}
[3.896311] (-) TimerEvent: {}
[3.997757] (-) TimerEvent: {}
[4.099143] (-) TimerEvent: {}
[4.200648] (-) TimerEvent: {}
[4.302099] (-) TimerEvent: {}
[4.403492] (-) TimerEvent: {}
[4.504830] (-) TimerEvent: {}
[4.606322] (-) TimerEvent: {}
[4.707814] (-) TimerEvent: {}
[4.810294] (-) TimerEvent: {}
[4.916030] (-) TimerEvent: {}
[4.956308] (serial) StdoutLine: {'line': b'[ 28%] Built target serial\n'}
[4.959415] (serial) StdoutLine: {'line': b'[ 42%] Built target gtest\n'}
[4.967905] (serial) StdoutLine: {'line': b'[ 57%] Built target gtest_main\n'}
[4.971643] (serial) StdoutLine: {'line': b'[ 71%] Built target serial_example\n'}
[4.973092] (serial) StdoutLine: {'line': b'[ 85%] Built target serial-test\n'}
[4.974859] (serial) StdoutLine: {'line': b'[100%] Built target serial-test-timer\n'}
[4.976579] (ros2_control_demo_description) CommandEnded: {'returncode': 0}
[4.987933] (ros2_control_demo_description) JobProgress: {'identifier': 'ros2_control_demo_description', 'progress': 'install'}
[5.016239] (-) TimerEvent: {}
[5.069779] (ros2_control_demo_description) Command: {'cmd': ['/usr/bin/cmake', '--install', '/home/pi/seav2/build/ros2_control_demo_description'], 'cwd': '/home/pi/seav2/build/ros2_control_demo_description', 'env': OrderedDict([('LESSOPEN', '| /usr/bin/lesspipe %s'), ('USER', 'pi'), ('SSH_CLIENT', '192.168.0.105 41494 22'), ('LC_TIME', 'en_US.UTF-8'), ('XDG_SESSION_TYPE', 'tty'), ('SHLVL', '1'), ('LD_LIBRARY_PATH', '/home/pi/seav2/install/carlikebot_ros2_control/lib:/home/pi/seav2/install/serial/lib:/opt/ros/humble/opt/rviz_ogre_vendor/lib:/opt/ros/humble/lib/aarch64-linux-gnu:/opt/ros/humble/lib'), ('MOTD_SHOWN', 'pam'), ('HOME', '/home/pi'), ('OLDPWD', '/home/pi/seav2'), ('SSH_TTY', '/dev/pts/0'), ('ROS_PYTHON_VERSION', '3'), ('LC_MONETARY', 'en_US.UTF-8'), ('ROS_IP', '192.168.137.192'), ('DBUS_SESSION_BUS_ADDRESS', 'unix:path=/run/user/1000/bus'), ('QT_QPA_PLATFORM_PLUGIN_PATH', '/home/your_username/.local/lib/python3.10/site-packages/cv2/qt/plugins'), ('COLCON_PREFIX_PATH', '/home/pi/seav2/install:/home/pi/ss25/install:/home/pi/ss25/src/description/description/install:/home/pi/ss25/src/summary/install:/home/pi/ss25/src/install:/home/pi/demo_testing_9_april/seav/install:/home/pi/install'), ('ROS_DISTRO', 'humble'), ('LOGNAME', 'pi'), ('_', '/usr/bin/colcon'), ('ROS_VERSION', '2'), ('XDG_SESSION_CLASS', 'user'), ('TERM', 'xterm-256color'), ('XDG_SESSION_ID', '1'), ('ROS_LOCALHOST_ONLY', '0'), ('PATH', '/home/pi/.local/bin:/home/pi/.local/bin:/opt/ros/humble/bin:/usr/local/sbin:/usr/local/bin:/usr/sbin:/usr/bin:/sbin:/bin:/usr/games:/usr/local/games:/snap/bin'), ('LC_ADDRESS', 'en_US.UTF-8'), ('XDG_RUNTIME_DIR', '/run/user/1000'), ('DISPLAY', 'localhost:10.0'), ('LANG', 'en_US.UTF-8'), ('LC_TELEPHONE', 'en_US.UTF-8'), ('LS_COLORS', 'rs=0:di=01;34:ln=01;36:mh=00:pi=40;33:so=01;35:do=01;35:bd=40;33;01:cd=40;33;01:or=40;31;01:mi=00:su=37;41:sg=30;43:ca=30;41:tw=30;42:ow=34;42:st=37;44:ex=01;32:*.tar=01;31:*.tgz=01;31:*.arc=01;31:*.arj=01;31:*.taz=01;31:*.lha=01;31:*.lz4=01;31:*.lzh=01;31:*.lzma=01;31:*.tlz=01;31:*.txz=01;31:*.tzo=01;31:*.t7z=01;31:*.zip=01;31:*.z=01;31:*.dz=01;31:*.gz=01;31:*.lrz=01;31:*.lz=01;31:*.lzo=01;31:*.xz=01;31:*.zst=01;31:*.tzst=01;31:*.bz2=01;31:*.bz=01;31:*.tbz=01;31:*.tbz2=01;31:*.tz=01;31:*.deb=01;31:*.rpm=01;31:*.jar=01;31:*.war=01;31:*.ear=01;31:*.sar=01;31:*.rar=01;31:*.alz=01;31:*.ace=01;31:*.zoo=01;31:*.cpio=01;31:*.7z=01;31:*.rz=01;31:*.cab=01;31:*.wim=01;31:*.swm=01;31:*.dwm=01;31:*.esd=01;31:*.jpg=01;35:*.jpeg=01;35:*.mjpg=01;35:*.mjpeg=01;35:*.gif=01;35:*.bmp=01;35:*.pbm=01;35:*.pgm=01;35:*.ppm=01;35:*.tga=01;35:*.xbm=01;35:*.xpm=01;35:*.tif=01;35:*.tiff=01;35:*.png=01;35:*.svg=01;35:*.svgz=01;35:*.mng=01;35:*.pcx=01;35:*.mov=01;35:*.mpg=01;35:*.mpeg=01;35:*.m2v=01;35:*.mkv=01;35:*.webm=01;35:*.webp=01;35:*.ogm=01;35:*.mp4=01;35:*.m4v=01;35:*.mp4v=01;35:*.vob=01;35:*.qt=01;35:*.nuv=01;35:*.wmv=01;35:*.asf=01;35:*.rm=01;35:*.rmvb=01;35:*.flc=01;35:*.avi=01;35:*.fli=01;35:*.flv=01;35:*.gl=01;35:*.dl=01;35:*.xcf=01;35:*.xwd=01;35:*.yuv=01;35:*.cgm=01;35:*.emf=01;35:*.ogv=01;35:*.ogx=01;35:*.aac=00;36:*.au=00;36:*.flac=00;36:*.m4a=00;36:*.mid=00;36:*.midi=00;36:*.mka=00;36:*.mp3=00;36:*.mpc=00;36:*.ogg=00;36:*.ra=00;36:*.wav=00;36:*.oga=00;36:*.opus=00;36:*.spx=00;36:*.xspf=00;36:'), ('ROS_DOMAIN_ID', '0'), ('AMENT_PREFIX_PATH', '/home/pi/seav2/install/carlikebot_ros2_control:/home/pi/seav2/install/serial:/home/pi/seav2/install/seav2_imu:/home/pi/seav2/install/seav2:/home/pi/seav2/install/ros2_control_demo_description:/home/pi/seav2/install/robot_cam_ros:/home/pi/seav2/install/ball_tracker:/home/pi/ss25/install/wheel_odometry:/home/pi/ss25/install/vup_2k7:/home/pi/ss25/install/summary:/home/pi/ss25/install/sllidar_ros2:/home/pi/ss25/install/safety_control:/home/pi/ss25/install/project:/home/pi/ss25/install/my_slam:/home/pi/ss25/install/my_motor_driver:/home/pi/ss25/install/final:/home/pi/ss25/install/description:/home/pi/ss25/install/bringup_pkg:/home/pi/ss25/src/summary/install/summary:/home/pi/ss25/src/install/wheel_odometry:/home/pi/ss25/src/install/summary:/home/pi/ss25/src/install/sllidar_ros2:/home/pi/ss25/src/install/safety_control:/home/pi/ss25/src/install/project:/home/pi/ss25/src/install/my_motor_driver:/home/pi/ss25/src/install/description:/home/pi/ss25/src/install/bringup_pkg:/home/pi/install/summary:/home/pi/demo_testing_9_april/seav/install/yolov8_ros:/home/pi/demo_testing_9_april/seav/install/static_tf_publisher:/home/pi/demo_testing_9_april/seav/install/seav_test_sensors:/home/pi/demo_testing_9_april/seav/install/seav_simulation:/home/pi/demo_testing_9_april/seav/install/seav_description:/home/pi/demo_testing_9_april/seav/install/rplidar_ros:/home/pi/demo_testing_9_april/seav/install/my_robot_controller:/home/pi/demo_testing_9_april/seav/install/my_nav2_pkg:/opt/ros/humble'), ('SHELL', '/bin/bash'), ('LC_NAME', 'en_US.UTF-8'), ('LESSCLOSE', '/usr/bin/lesspipe %s %s'), ('LC_MEASUREMENT', 'en_US.UTF-8'), ('LC_IDENTIFICATION', 'en_US.UTF-8'), ('PWD', '/home/pi/seav2/build/ros2_control_demo_description'), ('LC_ALL', 'en_US.UTF-8'), ('SSH_CONNECTION', '192.168.0.105 41494 192.168.0.210 22'), ('XDG_DATA_DIRS', '/usr/local/share:/usr/share:/var/lib/snapd/desktop'), ('PYTHONPATH', '/home/pi/seav2/build/robot_cam_ros:/home/pi/seav2/build/ball_tracker:/home/pi/seav2/build/seav2_imu:/home/pi/seav2/install/seav2_imu/lib/python3.10/site-packages:/home/pi/seav2/install/robot_cam_ros/lib/python3.10/site-packages:/home/pi/seav2/install/ball_tracker/lib/python3.10/site-packages:/home/pi/ss25/install/wheel_odometry/lib/python3.10/site-packages:/home/pi/ss25/install/vup_2k7/lib/python3.10/site-packages:/home/pi/ss25/install/summary/lib/python3.10/site-packages:/home/pi/ss25/install/safety_control/lib/python3.10/site-packages:/home/pi/ss25/install/project/lib/python3.10/site-packages:/home/pi/ss25/install/my_slam/lib/python3.10/site-packages:/home/pi/ss25/install/my_motor_driver/lib/python3.10/site-packages:/home/pi/ss25/install/final/lib/python3.10/site-packages:/home/pi/ss25/install/description/lib/python3.10/site-packages:/home/pi/ss25/install/bringup_pkg/lib/python3.10/site-packages:/home/pi/ss25/src/summary/install/summary/lib/python3.10/site-packages:/home/pi/ss25/src/install/wheel_odometry/lib/python3.10/site-packages:/home/pi/ss25/src/install/summary/lib/python3.10/site-packages:/home/pi/ss25/src/install/safety_control/lib/python3.10/site-packages:/home/pi/ss25/src/install/project/lib/python3.10/site-packages:/home/pi/ss25/src/install/my_motor_driver/lib/python3.10/site-packages:/home/pi/ss25/src/install/description/lib/python3.10/site-packages:/home/pi/ss25/src/install/bringup_pkg/lib/python3.10/site-packages:/home/pi/install/summary/lib/python3.10/site-packages:/home/pi/demo_testing_9_april/seav/install/yolov8_ros/lib/python3.10/site-packages:/home/pi/demo_testing_9_april/seav/install/static_tf_publisher/lib/python3.10/site-packages:/home/pi/demo_testing_9_april/seav/install/seav_test_sensors/lib/python3.10/site-packages:/home/pi/demo_testing_9_april/seav/install/my_robot_controller/lib/python3.10/site-packages:/opt/ros/humble/lib/python3.10/site-packages:/opt/ros/humble/local/lib/python3.10/dist-packages'), ('ROS_HOSTNAME', '192.168.137.192'), ('LC_NUMERIC', 'en_US.UTF-8'), ('LC_PAPER', 'en_US.UTF-8'), ('COLCON', '1'), ('CMAKE_PREFIX_PATH', '/home/pi/seav2/install/carlikebot_ros2_control:/home/pi/seav2/install/serial:/home/pi/seav2/install/seav2:/home/pi/seav2/install/ros2_control_demo_description:/home/pi/ss25/install/sllidar_ros2:/home/pi/ss25/src/install/sllidar_ros2:/home/pi/demo_testing_9_april/seav/install/seav_simulation:/home/pi/demo_testing_9_april/seav/install/seav_description:/home/pi/demo_testing_9_april/seav/install/rplidar_ros:/home/pi/demo_testing_9_april/seav/install/my_nav2_pkg:/home/pi/seav2/install/seav2_imu:/home/pi/seav2/install/robot_cam_ros:/home/pi/seav2/install/ball_tracker:/home/pi/ss25/install/wheel_odometry:/home/pi/ss25/install/vup_2k7:/home/pi/ss25/install/summary:/home/pi/ss25/install/safety_control:/home/pi/ss25/install/project:/home/pi/ss25/install/my_slam:/home/pi/ss25/install/my_motor_driver:/home/pi/ss25/install/final:/home/pi/ss25/install/description:/home/pi/ss25/install/bringup_pkg:/home/pi/ss25/src/summary/install/summary:/home/pi/ss25/src/install/wheel_odometry:/home/pi/ss25/src/install/summary:/home/pi/ss25/src/install/safety_control:/home/pi/ss25/src/install/project:/home/pi/ss25/src/install/my_motor_driver:/home/pi/ss25/src/install/description:/home/pi/ss25/src/install/bringup_pkg:/home/pi/install/summary:/home/pi/demo_testing_9_april/seav/install/yolov8_ros:/home/pi/demo_testing_9_april/seav/install/static_tf_publisher:/home/pi/demo_testing_9_april/seav/install/seav_test_sensors:/home/pi/demo_testing_9_april/seav/install/my_robot_controller:/opt/ros/humble')]), 'shell': False}
[5.116553] (-) TimerEvent: {}
[5.218323] (-) TimerEvent: {}
[5.320522] (-) TimerEvent: {}
[5.423414] (-) TimerEvent: {}
[5.525905] (-) TimerEvent: {}
[5.628100] (-) TimerEvent: {}
[5.729543] (-) TimerEvent: {}
[5.830893] (-) TimerEvent: {}
[5.932252] (-) TimerEvent: {}
[6.033768] (-) TimerEvent: {}
[6.135221] (-) TimerEvent: {}
[6.236662] (-) TimerEvent: {}
[6.338178] (-) TimerEvent: {}
[6.439642] (-) TimerEvent: {}
[6.541098] (-) TimerEvent: {}
[6.642435] (-) TimerEvent: {}
[6.743787] (-) TimerEvent: {}
[6.845176] (-) TimerEvent: {}
[6.946534] (-) TimerEvent: {}
[7.047970] (-) TimerEvent: {}
[7.149378] (-) TimerEvent: {}
[7.250722] (-) TimerEvent: {}
[7.352069] (-) TimerEvent: {}
[7.453454] (-) TimerEvent: {}
[7.554771] (-) TimerEvent: {}
[7.656099] (-) TimerEvent: {}
[7.757490] (-) TimerEvent: {}
[7.858817] (-) TimerEvent: {}
[7.960131] (-) TimerEvent: {}
[8.061515] (-) TimerEvent: {}
[8.162852] (-) TimerEvent: {}
[8.264248] (-) TimerEvent: {}
[8.365651] (-) TimerEvent: {}
[8.466994] (-) TimerEvent: {}
[8.568358] (-) TimerEvent: {}
[8.669755] (-) TimerEvent: {}
[8.771078] (-) TimerEvent: {}
[8.872549] (-) TimerEvent: {}
[8.974445] (-) TimerEvent: {}
[9.076282] (-) TimerEvent: {}
[9.181293] (-) TimerEvent: {}
[9.219632] (serial) CommandEnded: {'returncode': 0}
[9.225853] (ros2_control_demo_description) StdoutLine: {'line': b'-- Install configuration: ""\n'}
[9.227734] (ros2_control_demo_description) StdoutLine: {'line': b'-- Execute custom install script\n'}
[9.229479] (ros2_control_demo_description) StdoutLine: {'line': b'-- Up-to-date symlink: /home/pi/seav2/install/ros2_control_demo_description/share/ros2_control_demo_description/rrbot/urdf/rrbot.materials.xacro\n'}
[9.230450] (ros2_control_demo_description) StdoutLine: {'line': b'-- Up-to-date symlink: /home/pi/seav2/install/ros2_control_demo_description/share/ros2_control_demo_description/rrbot/urdf/rrbot_description.urdf.xacro\n'}
[9.231403] (ros2_control_demo_description) StdoutLine: {'line': b'-- Up-to-date symlink: /home/pi/seav2/install/ros2_control_demo_description/share/ros2_control_demo_description/rrbot/rviz/rrbot.rviz\n'}
[9.232242] (ros2_control_demo_description) StdoutLine: {'line': b'-- Up-to-date symlink: /home/pi/seav2/install/ros2_control_demo_description/share/ros2_control_demo_description/diffbot/urdf/diffbot.materials.xacro\n'}
[9.233128] (ros2_control_demo_description) StdoutLine: {'line': b'-- Up-to-date symlink: /home/pi/seav2/install/ros2_control_demo_description/share/ros2_control_demo_description/diffbot/urdf/diffbot_description.urdf.xacro\n'}
[9.235373] (ros2_control_demo_description) StdoutLine: {'line': b'-- Up-to-date symlink: /home/pi/seav2/install/ros2_control_demo_description/share/ros2_control_demo_description/diffbot/rviz/diffbot.rviz\n'}
[9.236663] (ros2_control_demo_description) StdoutLine: {'line': b'-- Up-to-date symlink: /home/pi/seav2/install/ros2_control_demo_description/share/ros2_control_demo_description/diffbot/rviz/diffbot_view.rviz\n'}
[9.237927] (ros2_control_demo_description) StdoutLine: {'line': b'-- Up-to-date symlink: /home/pi/seav2/install/ros2_control_demo_description/share/ros2_control_demo_description/carlikebot/urdf/carlikebot.materials.xacro\n'}
[9.238902] (ros2_control_demo_description) StdoutLine: {'line': b'-- Up-to-date symlink: /home/pi/seav2/install/ros2_control_demo_description/share/ros2_control_demo_description/carlikebot/urdf/carlikebot_description.urdf.xacro\n'}
[9.247800] (ros2_control_demo_description) StdoutLine: {'line': b'-- Up-to-date symlink: /home/pi/seav2/install/ros2_control_demo_description/share/ros2_control_demo_description/carlikebot/rviz/carlikebot.rviz\n'}
[9.258913] (ros2_control_demo_description) StdoutLine: {'line': b'-- Up-to-date symlink: /home/pi/seav2/install/ros2_control_demo_description/share/ros2_control_demo_description/carlikebot/rviz/carlikebot_view.rviz\n'}
[9.261777] (ros2_control_demo_description) StdoutLine: {'line': b'-- Up-to-date symlink: /home/pi/seav2/install/ros2_control_demo_description/share/ros2_control_demo_description/r3bot/urdf/threedofbot_description.urdf.xacro\n'}
[9.265111] (ros2_control_demo_description) StdoutLine: {'line': b'-- Up-to-date symlink: /home/pi/seav2/install/ros2_control_demo_description/share/ros2_control_demo_description/r6bot/meshes/collision/link_0.stl\n'}
[9.271052] (ros2_control_demo_description) StdoutLine: {'line': b'-- Up-to-date symlink: /home/pi/seav2/install/ros2_control_demo_description/share/ros2_control_demo_description/r6bot/meshes/collision/link_1.stl\n'}
[9.275234] (ros2_control_demo_description) StdoutLine: {'line': b'-- Up-to-date symlink: /home/pi/seav2/install/ros2_control_demo_description/share/ros2_control_demo_description/r6bot/meshes/collision/link_2.stl\n'}
[9.276899] (ros2_control_demo_description) StdoutLine: {'line': b'-- Up-to-date symlink: /home/pi/seav2/install/ros2_control_demo_description/share/ros2_control_demo_description/r6bot/meshes/collision/link_3.stl\n'}
[9.281727] (-) TimerEvent: {}
[9.284481] (ros2_control_demo_description) StdoutLine: {'line': b'-- Up-to-date symlink: /home/pi/seav2/install/ros2_control_demo_description/share/ros2_control_demo_description/r6bot/meshes/collision/link_4.stl\n'}
[9.289431] (ros2_control_demo_description) StdoutLine: {'line': b'-- Up-to-date symlink: /home/pi/seav2/install/ros2_control_demo_description/share/ros2_control_demo_description/r6bot/meshes/collision/link_5.stl\n'}
[9.299755] (ros2_control_demo_description) StdoutLine: {'line': b'-- Up-to-date symlink: /home/pi/seav2/install/ros2_control_demo_description/share/ros2_control_demo_description/r6bot/meshes/collision/link_6.stl\n'}
[9.300793] (ros2_control_demo_description) StdoutLine: {'line': b'-- Up-to-date symlink: /home/pi/seav2/install/ros2_control_demo_description/share/ros2_control_demo_description/r6bot/meshes/visual/link_0.dae\n'}
[9.302297] (ros2_control_demo_description) StdoutLine: {'line': b'-- Up-to-date symlink: /home/pi/seav2/install/ros2_control_demo_description/share/ros2_control_demo_description/r6bot/meshes/visual/link_1.dae\n'}
[9.303342] (ros2_control_demo_description) StdoutLine: {'line': b'-- Up-to-date symlink: /home/pi/seav2/install/ros2_control_demo_description/share/ros2_control_demo_description/r6bot/meshes/visual/link_2.dae\n'}
[9.304290] (ros2_control_demo_description) StdoutLine: {'line': b'-- Up-to-date symlink: /home/pi/seav2/install/ros2_control_demo_description/share/ros2_control_demo_description/r6bot/meshes/visual/link_3.dae\n'}
[9.305602] (ros2_control_demo_description) StdoutLine: {'line': b'-- Up-to-date symlink: /home/pi/seav2/install/ros2_control_demo_description/share/ros2_control_demo_description/r6bot/meshes/visual/link_4.dae\n'}
[9.306914] (ros2_control_demo_description) StdoutLine: {'line': b'-- Up-to-date symlink: /home/pi/seav2/install/ros2_control_demo_description/share/ros2_control_demo_description/r6bot/meshes/visual/link_5.dae\n'}
[9.308103] (ros2_control_demo_description) StdoutLine: {'line': b'-- Up-to-date symlink: /home/pi/seav2/install/ros2_control_demo_description/share/ros2_control_demo_description/r6bot/meshes/visual/link_6.dae\n'}
[9.309736] (ros2_control_demo_description) StdoutLine: {'line': b'-- Up-to-date symlink: /home/pi/seav2/install/ros2_control_demo_description/share/ros2_control_demo_description/r6bot/srdf/r6bot.srdf\n'}
[9.311133] (ros2_control_demo_description) StdoutLine: {'line': b'-- Up-to-date symlink: /home/pi/seav2/install/ros2_control_demo_description/share/ros2_control_demo_description/r6bot/urdf/inc/create_link.xacro\n'}
[9.312472] (ros2_control_demo_description) StdoutLine: {'line': b'-- Up-to-date symlink: /home/pi/seav2/install/ros2_control_demo_description/share/ros2_control_demo_description/r6bot/urdf/r6bot_description.urdf.xacro\n'}
[9.315820] (ros2_control_demo_description) StdoutLine: {'line': b'-- Up-to-date symlink: /home/pi/seav2/install/ros2_control_demo_description/share/ros2_control_demo_description/r6bot/rviz/view_robot.rviz\n'}
[9.317293] (ros2_control_demo_description) StdoutLine: {'line': b'-- Up-to-date symlink: /home/pi/seav2/install/ros2_control_demo_description/share/ament_index/resource_index/package_run_dependencies/ros2_control_demo_description\n'}
[9.318544] (ros2_control_demo_description) StdoutLine: {'line': b'-- Up-to-date symlink: /home/pi/seav2/install/ros2_control_demo_description/share/ament_index/resource_index/parent_prefix_path/ros2_control_demo_description\n'}
[9.319758] (ros2_control_demo_description) StdoutLine: {'line': b'-- Up-to-date symlink: /home/pi/seav2/install/ros2_control_demo_description/share/ros2_control_demo_description/environment/ament_prefix_path.sh\n'}
[9.320891] (ros2_control_demo_description) StdoutLine: {'line': b'-- Up-to-date symlink: /home/pi/seav2/install/ros2_control_demo_description/share/ros2_control_demo_description/environment/ament_prefix_path.dsv\n'}
[9.322231] (ros2_control_demo_description) StdoutLine: {'line': b'-- Up-to-date symlink: /home/pi/seav2/install/ros2_control_demo_description/share/ros2_control_demo_description/environment/path.sh\n'}
[9.323326] (ros2_control_demo_description) StdoutLine: {'line': b'-- Up-to-date symlink: /home/pi/seav2/install/ros2_control_demo_description/share/ros2_control_demo_description/environment/path.dsv\n'}
[9.324436] (ros2_control_demo_description) StdoutLine: {'line': b'-- Up-to-date symlink: /home/pi/seav2/install/ros2_control_demo_description/share/ros2_control_demo_description/local_setup.bash\n'}
[9.338166] (ros2_control_demo_description) StdoutLine: {'line': b'-- Up-to-date symlink: /home/pi/seav2/install/ros2_control_demo_description/share/ros2_control_demo_description/local_setup.sh\n'}
[9.344575] (ros2_control_demo_description) StdoutLine: {'line': b'-- Up-to-date symlink: /home/pi/seav2/install/ros2_control_demo_description/share/ros2_control_demo_description/local_setup.zsh\n'}
[9.345973] (ros2_control_demo_description) StdoutLine: {'line': b'-- Up-to-date symlink: /home/pi/seav2/install/ros2_control_demo_description/share/ros2_control_demo_description/local_setup.dsv\n'}
[9.346967] (ros2_control_demo_description) StdoutLine: {'line': b'-- Symlinking: /home/pi/seav2/install/ros2_control_demo_description/share/ros2_control_demo_description/package.dsv\n'}
[9.348556] (ros2_control_demo_description) StdoutLine: {'line': b'-- Up-to-date symlink: /home/pi/seav2/install/ros2_control_demo_description/share/ament_index/resource_index/packages/ros2_control_demo_description\n'}
[9.349671] (ros2_control_demo_description) StdoutLine: {'line': b'-- Up-to-date symlink: /home/pi/seav2/install/ros2_control_demo_description/share/ros2_control_demo_description/cmake/ros2_control_demo_descriptionConfig.cmake\n'}
[9.350903] (ros2_control_demo_description) StdoutLine: {'line': b'-- Up-to-date symlink: /home/pi/seav2/install/ros2_control_demo_description/share/ros2_control_demo_description/cmake/ros2_control_demo_descriptionConfig-version.cmake\n'}
[9.351865] (ros2_control_demo_description) StdoutLine: {'line': b'-- Up-to-date symlink: /home/pi/seav2/install/ros2_control_demo_description/share/ros2_control_demo_description/package.xml\n'}
[9.352776] (serial) JobProgress: {'identifier': 'serial', 'progress': 'install'}
[9.353126] (serial) Command: {'cmd': ['/usr/bin/cmake', '--install', '/home/pi/seav2/build/serial'], 'cwd': '/home/pi/seav2/build/serial', 'env': OrderedDict([('LESSOPEN', '| /usr/bin/lesspipe %s'), ('USER', 'pi'), ('SSH_CLIENT', '192.168.0.105 41494 22'), ('LC_TIME', 'en_US.UTF-8'), ('XDG_SESSION_TYPE', 'tty'), ('SHLVL', '1'), ('LD_LIBRARY_PATH', '/home/pi/seav2/install/carlikebot_ros2_control/lib:/home/pi/seav2/install/serial/lib:/opt/ros/humble/opt/rviz_ogre_vendor/lib:/opt/ros/humble/lib/aarch64-linux-gnu:/opt/ros/humble/lib'), ('MOTD_SHOWN', 'pam'), ('HOME', '/home/pi'), ('OLDPWD', '/home/pi/seav2'), ('SSH_TTY', '/dev/pts/0'), ('ROS_PYTHON_VERSION', '3'), ('LC_MONETARY', 'en_US.UTF-8'), ('ROS_IP', '192.168.137.192'), ('DBUS_SESSION_BUS_ADDRESS', 'unix:path=/run/user/1000/bus'), ('QT_QPA_PLATFORM_PLUGIN_PATH', '/home/your_username/.local/lib/python3.10/site-packages/cv2/qt/plugins'), ('COLCON_PREFIX_PATH', '/home/pi/seav2/install:/home/pi/ss25/install:/home/pi/ss25/src/description/description/install:/home/pi/ss25/src/summary/install:/home/pi/ss25/src/install:/home/pi/demo_testing_9_april/seav/install:/home/pi/install'), ('ROS_DISTRO', 'humble'), ('LOGNAME', 'pi'), ('_', '/usr/bin/colcon'), ('ROS_VERSION', '2'), ('XDG_SESSION_CLASS', 'user'), ('TERM', 'xterm-256color'), ('XDG_SESSION_ID', '1'), ('ROS_LOCALHOST_ONLY', '0'), ('PATH', '/home/pi/.local/bin:/home/pi/.local/bin:/opt/ros/humble/bin:/usr/local/sbin:/usr/local/bin:/usr/sbin:/usr/bin:/sbin:/bin:/usr/games:/usr/local/games:/snap/bin'), ('LC_ADDRESS', 'en_US.UTF-8'), ('XDG_RUNTIME_DIR', '/run/user/1000'), ('DISPLAY', 'localhost:10.0'), ('LANG', 'en_US.UTF-8'), ('LC_TELEPHONE', 'en_US.UTF-8'), ('LS_COLORS', 'rs=0:di=01;34:ln=01;36:mh=00:pi=40;33:so=01;35:do=01;35:bd=40;33;01:cd=40;33;01:or=40;31;01:mi=00:su=37;41:sg=30;43:ca=30;41:tw=30;42:ow=34;42:st=37;44:ex=01;32:*.tar=01;31:*.tgz=01;31:*.arc=01;31:*.arj=01;31:*.taz=01;31:*.lha=01;31:*.lz4=01;31:*.lzh=01;31:*.lzma=01;31:*.tlz=01;31:*.txz=01;31:*.tzo=01;31:*.t7z=01;31:*.zip=01;31:*.z=01;31:*.dz=01;31:*.gz=01;31:*.lrz=01;31:*.lz=01;31:*.lzo=01;31:*.xz=01;31:*.zst=01;31:*.tzst=01;31:*.bz2=01;31:*.bz=01;31:*.tbz=01;31:*.tbz2=01;31:*.tz=01;31:*.deb=01;31:*.rpm=01;31:*.jar=01;31:*.war=01;31:*.ear=01;31:*.sar=01;31:*.rar=01;31:*.alz=01;31:*.ace=01;31:*.zoo=01;31:*.cpio=01;31:*.7z=01;31:*.rz=01;31:*.cab=01;31:*.wim=01;31:*.swm=01;31:*.dwm=01;31:*.esd=01;31:*.jpg=01;35:*.jpeg=01;35:*.mjpg=01;35:*.mjpeg=01;35:*.gif=01;35:*.bmp=01;35:*.pbm=01;35:*.pgm=01;35:*.ppm=01;35:*.tga=01;35:*.xbm=01;35:*.xpm=01;35:*.tif=01;35:*.tiff=01;35:*.png=01;35:*.svg=01;35:*.svgz=01;35:*.mng=01;35:*.pcx=01;35:*.mov=01;35:*.mpg=01;35:*.mpeg=01;35:*.m2v=01;35:*.mkv=01;35:*.webm=01;35:*.webp=01;35:*.ogm=01;35:*.mp4=01;35:*.m4v=01;35:*.mp4v=01;35:*.vob=01;35:*.qt=01;35:*.nuv=01;35:*.wmv=01;35:*.asf=01;35:*.rm=01;35:*.rmvb=01;35:*.flc=01;35:*.avi=01;35:*.fli=01;35:*.flv=01;35:*.gl=01;35:*.dl=01;35:*.xcf=01;35:*.xwd=01;35:*.yuv=01;35:*.cgm=01;35:*.emf=01;35:*.ogv=01;35:*.ogx=01;35:*.aac=00;36:*.au=00;36:*.flac=00;36:*.m4a=00;36:*.mid=00;36:*.midi=00;36:*.mka=00;36:*.mp3=00;36:*.mpc=00;36:*.ogg=00;36:*.ra=00;36:*.wav=00;36:*.oga=00;36:*.opus=00;36:*.spx=00;36:*.xspf=00;36:'), ('ROS_DOMAIN_ID', '0'), ('AMENT_PREFIX_PATH', '/home/pi/seav2/install/carlikebot_ros2_control:/home/pi/seav2/install/serial:/home/pi/seav2/install/seav2_imu:/home/pi/seav2/install/seav2:/home/pi/seav2/install/ros2_control_demo_description:/home/pi/seav2/install/robot_cam_ros:/home/pi/seav2/install/ball_tracker:/home/pi/ss25/install/wheel_odometry:/home/pi/ss25/install/vup_2k7:/home/pi/ss25/install/summary:/home/pi/ss25/install/sllidar_ros2:/home/pi/ss25/install/safety_control:/home/pi/ss25/install/project:/home/pi/ss25/install/my_slam:/home/pi/ss25/install/my_motor_driver:/home/pi/ss25/install/final:/home/pi/ss25/install/description:/home/pi/ss25/install/bringup_pkg:/home/pi/ss25/src/summary/install/summary:/home/pi/ss25/src/install/wheel_odometry:/home/pi/ss25/src/install/summary:/home/pi/ss25/src/install/sllidar_ros2:/home/pi/ss25/src/install/safety_control:/home/pi/ss25/src/install/project:/home/pi/ss25/src/install/my_motor_driver:/home/pi/ss25/src/install/description:/home/pi/ss25/src/install/bringup_pkg:/home/pi/install/summary:/home/pi/demo_testing_9_april/seav/install/yolov8_ros:/home/pi/demo_testing_9_april/seav/install/static_tf_publisher:/home/pi/demo_testing_9_april/seav/install/seav_test_sensors:/home/pi/demo_testing_9_april/seav/install/seav_simulation:/home/pi/demo_testing_9_april/seav/install/seav_description:/home/pi/demo_testing_9_april/seav/install/rplidar_ros:/home/pi/demo_testing_9_april/seav/install/my_robot_controller:/home/pi/demo_testing_9_april/seav/install/my_nav2_pkg:/opt/ros/humble'), ('SHELL', '/bin/bash'), ('LC_NAME', 'en_US.UTF-8'), ('LESSCLOSE', '/usr/bin/lesspipe %s %s'), ('LC_MEASUREMENT', 'en_US.UTF-8'), ('LC_IDENTIFICATION', 'en_US.UTF-8'), ('PWD', '/home/pi/seav2/build/serial'), ('LC_ALL', 'en_US.UTF-8'), ('SSH_CONNECTION', '192.168.0.105 41494 192.168.0.210 22'), ('XDG_DATA_DIRS', '/usr/local/share:/usr/share:/var/lib/snapd/desktop'), ('PYTHONPATH', '/home/pi/seav2/build/robot_cam_ros:/home/pi/seav2/build/ball_tracker:/home/pi/seav2/build/seav2_imu:/home/pi/seav2/install/seav2_imu/lib/python3.10/site-packages:/home/pi/seav2/install/robot_cam_ros/lib/python3.10/site-packages:/home/pi/seav2/install/ball_tracker/lib/python3.10/site-packages:/home/pi/ss25/install/wheel_odometry/lib/python3.10/site-packages:/home/pi/ss25/install/vup_2k7/lib/python3.10/site-packages:/home/pi/ss25/install/summary/lib/python3.10/site-packages:/home/pi/ss25/install/safety_control/lib/python3.10/site-packages:/home/pi/ss25/install/project/lib/python3.10/site-packages:/home/pi/ss25/install/my_slam/lib/python3.10/site-packages:/home/pi/ss25/install/my_motor_driver/lib/python3.10/site-packages:/home/pi/ss25/install/final/lib/python3.10/site-packages:/home/pi/ss25/install/description/lib/python3.10/site-packages:/home/pi/ss25/install/bringup_pkg/lib/python3.10/site-packages:/home/pi/ss25/src/summary/install/summary/lib/python3.10/site-packages:/home/pi/ss25/src/install/wheel_odometry/lib/python3.10/site-packages:/home/pi/ss25/src/install/summary/lib/python3.10/site-packages:/home/pi/ss25/src/install/safety_control/lib/python3.10/site-packages:/home/pi/ss25/src/install/project/lib/python3.10/site-packages:/home/pi/ss25/src/install/my_motor_driver/lib/python3.10/site-packages:/home/pi/ss25/src/install/description/lib/python3.10/site-packages:/home/pi/ss25/src/install/bringup_pkg/lib/python3.10/site-packages:/home/pi/install/summary/lib/python3.10/site-packages:/home/pi/demo_testing_9_april/seav/install/yolov8_ros/lib/python3.10/site-packages:/home/pi/demo_testing_9_april/seav/install/static_tf_publisher/lib/python3.10/site-packages:/home/pi/demo_testing_9_april/seav/install/seav_test_sensors/lib/python3.10/site-packages:/home/pi/demo_testing_9_april/seav/install/my_robot_controller/lib/python3.10/site-packages:/opt/ros/humble/lib/python3.10/site-packages:/opt/ros/humble/local/lib/python3.10/dist-packages'), ('ROS_HOSTNAME', '192.168.137.192'), ('LC_NUMERIC', 'en_US.UTF-8'), ('LC_PAPER', 'en_US.UTF-8'), ('COLCON', '1'), ('CMAKE_PREFIX_PATH', '/home/pi/seav2/install/carlikebot_ros2_control:/home/pi/seav2/install/serial:/home/pi/seav2/install/seav2:/home/pi/seav2/install/ros2_control_demo_description:/home/pi/ss25/install/sllidar_ros2:/home/pi/ss25/src/install/sllidar_ros2:/home/pi/demo_testing_9_april/seav/install/seav_simulation:/home/pi/demo_testing_9_april/seav/install/seav_description:/home/pi/demo_testing_9_april/seav/install/rplidar_ros:/home/pi/demo_testing_9_april/seav/install/my_nav2_pkg:/home/pi/seav2/install/seav2_imu:/home/pi/seav2/install/robot_cam_ros:/home/pi/seav2/install/ball_tracker:/home/pi/ss25/install/wheel_odometry:/home/pi/ss25/install/vup_2k7:/home/pi/ss25/install/summary:/home/pi/ss25/install/safety_control:/home/pi/ss25/install/project:/home/pi/ss25/install/my_slam:/home/pi/ss25/install/my_motor_driver:/home/pi/ss25/install/final:/home/pi/ss25/install/description:/home/pi/ss25/install/bringup_pkg:/home/pi/ss25/src/summary/install/summary:/home/pi/ss25/src/install/wheel_odometry:/home/pi/ss25/src/install/summary:/home/pi/ss25/src/install/safety_control:/home/pi/ss25/src/install/project:/home/pi/ss25/src/install/my_motor_driver:/home/pi/ss25/src/install/description:/home/pi/ss25/src/install/bringup_pkg:/home/pi/install/summary:/home/pi/demo_testing_9_april/seav/install/yolov8_ros:/home/pi/demo_testing_9_april/seav/install/static_tf_publisher:/home/pi/demo_testing_9_april/seav/install/seav_test_sensors:/home/pi/demo_testing_9_april/seav/install/my_robot_controller:/opt/ros/humble')]), 'shell': False}
[9.370341] (ros2_control_demo_description) CommandEnded: {'returncode': 0}
[9.379562] (serial) StdoutLine: {'line': b'-- Install configuration: ""\n'}
[9.382263] (-) TimerEvent: {}
[9.384554] (serial) StdoutLine: {'line': b'-- Execute custom install script\n'}
[9.392409] (serial) StdoutLine: {'line': b'-- Up-to-date symlink: /home/pi/seav2/install/serial/lib/libserial.a\n'}
[9.399989] (serial) StdoutLine: {'line': b'-- Up-to-date symlink: /home/pi/seav2/install/serial/include/serial/serial.h\n'}
[9.401738] (serial) StdoutLine: {'line': b'-- Up-to-date symlink: /home/pi/seav2/install/serial/include/serial/v8stdint.h\n'}
[9.403301] (serial) StdoutLine: {'line': b'-- Up-to-date symlink: /home/pi/seav2/install/serial/share/serial/environment/library_path.sh\n'}
[9.404282] (serial) StdoutLine: {'line': b'-- Up-to-date symlink: /home/pi/seav2/install/serial/share/serial/environment/library_path.dsv\n'}
[9.405840] (serial) StdoutLine: {'line': b'-- Up-to-date symlink: /home/pi/seav2/install/serial/share/ament_index/resource_index/package_run_dependencies/serial\n'}
[9.407543] (serial) StdoutLine: {'line': b'-- Up-to-date symlink: /home/pi/seav2/install/serial/share/ament_index/resource_index/parent_prefix_path/serial\n'}
[9.409321] (serial) StdoutLine: {'line': b'-- Up-to-date symlink: /home/pi/seav2/install/serial/share/serial/environment/ament_prefix_path.sh\n'}
[9.411051] (serial) StdoutLine: {'line': b'-- Up-to-date symlink: /home/pi/seav2/install/serial/share/serial/environment/ament_prefix_path.dsv\n'}
[9.412690] (serial) StdoutLine: {'line': b'-- Up-to-date symlink: /home/pi/seav2/install/serial/share/serial/environment/path.sh\n'}
[9.414063] (serial) StdoutLine: {'line': b'-- Up-to-date symlink: /home/pi/seav2/install/serial/share/serial/environment/path.dsv\n'}
[9.415134] (serial) StdoutLine: {'line': b'-- Up-to-date symlink: /home/pi/seav2/install/serial/share/serial/local_setup.bash\n'}
[9.416089] (serial) StdoutLine: {'line': b'-- Up-to-date symlink: /home/pi/seav2/install/serial/share/serial/local_setup.sh\n'}
[9.417065] (serial) StdoutLine: {'line': b'-- Up-to-date symlink: /home/pi/seav2/install/serial/share/serial/local_setup.zsh\n'}
[9.418116] (serial) StdoutLine: {'line': b'-- Up-to-date symlink: /home/pi/seav2/install/serial/share/serial/local_setup.dsv\n'}
[9.419114] (serial) StdoutLine: {'line': b'-- Symlinking: /home/pi/seav2/install/serial/share/serial/package.dsv\n'}
[9.482848] (-) TimerEvent: {}
[9.514965] (serial) StdoutLine: {'line': b'-- Up-to-date symlink: /home/pi/seav2/install/serial/share/ament_index/resource_index/packages/serial\n'}
[9.523199] (serial) StdoutLine: {'line': b'-- Up-to-date symlink: /home/pi/seav2/install/serial/share/serial/cmake/ament_cmake_export_include_directories-extras.cmake\n'}
[9.525328] (serial) StdoutLine: {'line': b'-- Up-to-date symlink: /home/pi/seav2/install/serial/share/serial/cmake/ament_cmake_export_libraries-extras.cmake\n'}
[9.528296] (serial) StdoutLine: {'line': b'-- Up-to-date symlink: /home/pi/seav2/install/serial/share/serial/cmake/serialConfig.cmake\n'}
[9.535759] (serial) StdoutLine: {'line': b'-- Up-to-date symlink: /home/pi/seav2/install/serial/share/serial/cmake/serialConfig-version.cmake\n'}
[9.537269] (serial) StdoutLine: {'line': b'-- Up-to-date symlink: /home/pi/seav2/install/serial/share/serial/package.xml\n'}
[9.583246] (-) TimerEvent: {}
[9.629253] (ros2_control_demo_description) JobEnded: {'identifier': 'ros2_control_demo_description', 'rc': 0}
[9.639703] (seav2) JobStarted: {'identifier': 'seav2'}
[9.683747] (-) TimerEvent: {}
[9.792826] (-) TimerEvent: {}
[9.818485] (serial) CommandEnded: {'returncode': 0}
[9.893178] (-) TimerEvent: {}
[9.984238] (serial) JobEnded: {'identifier': 'serial', 'rc': 0}
[9.993933] (-) TimerEvent: {}
[9.995072] (seav2_imu) JobStarted: {'identifier': 'seav2_imu'}
[10.105511] (-) TimerEvent: {}
[10.211341] (-) TimerEvent: {}
[10.222265] (seav2) JobProgress: {'identifier': 'seav2', 'progress': 'cmake'}
[10.231749] (seav2) JobProgress: {'identifier': 'seav2', 'progress': 'build'}
[10.238716] (seav2) Command: {'cmd': ['/usr/bin/cmake', '--build', '/home/pi/seav2/build/seav2', '--', '-j4', '-l4'], 'cwd': '/home/pi/seav2/build/seav2', 'env': OrderedDict([('LESSOPEN', '| /usr/bin/lesspipe %s'), ('USER', 'pi'), ('SSH_CLIENT', '192.168.0.105 41494 22'), ('LC_TIME', 'en_US.UTF-8'), ('XDG_SESSION_TYPE', 'tty'), ('SHLVL', '1'), ('LD_LIBRARY_PATH', '/home/pi/seav2/install/carlikebot_ros2_control/lib:/home/pi/seav2/install/serial/lib:/opt/ros/humble/opt/rviz_ogre_vendor/lib:/opt/ros/humble/lib/aarch64-linux-gnu:/opt/ros/humble/lib'), ('MOTD_SHOWN', 'pam'), ('HOME', '/home/pi'), ('OLDPWD', '/home/pi/seav2'), ('SSH_TTY', '/dev/pts/0'), ('ROS_PYTHON_VERSION', '3'), ('LC_MONETARY', 'en_US.UTF-8'), ('ROS_IP', '192.168.137.192'), ('DBUS_SESSION_BUS_ADDRESS', 'unix:path=/run/user/1000/bus'), ('QT_QPA_PLATFORM_PLUGIN_PATH', '/home/your_username/.local/lib/python3.10/site-packages/cv2/qt/plugins'), ('COLCON_PREFIX_PATH', '/home/pi/seav2/install:/home/pi/ss25/install:/home/pi/ss25/src/description/description/install:/home/pi/ss25/src/summary/install:/home/pi/ss25/src/install:/home/pi/demo_testing_9_april/seav/install:/home/pi/install'), ('ROS_DISTRO', 'humble'), ('LOGNAME', 'pi'), ('_', '/usr/bin/colcon'), ('ROS_VERSION', '2'), ('XDG_SESSION_CLASS', 'user'), ('TERM', 'xterm-256color'), ('XDG_SESSION_ID', '1'), ('ROS_LOCALHOST_ONLY', '0'), ('PATH', '/home/pi/.local/bin:/home/pi/.local/bin:/opt/ros/humble/bin:/usr/local/sbin:/usr/local/bin:/usr/sbin:/usr/bin:/sbin:/bin:/usr/games:/usr/local/games:/snap/bin'), ('LC_ADDRESS', 'en_US.UTF-8'), ('XDG_RUNTIME_DIR', '/run/user/1000'), ('DISPLAY', 'localhost:10.0'), ('LANG', 'en_US.UTF-8'), ('LC_TELEPHONE', 'en_US.UTF-8'), ('LS_COLORS', 'rs=0:di=01;34:ln=01;36:mh=00:pi=40;33:so=01;35:do=01;35:bd=40;33;01:cd=40;33;01:or=40;31;01:mi=00:su=37;41:sg=30;43:ca=30;41:tw=30;42:ow=34;42:st=37;44:ex=01;32:*.tar=01;31:*.tgz=01;31:*.arc=01;31:*.arj=01;31:*.taz=01;31:*.lha=01;31:*.lz4=01;31:*.lzh=01;31:*.lzma=01;31:*.tlz=01;31:*.txz=01;31:*.tzo=01;31:*.t7z=01;31:*.zip=01;31:*.z=01;31:*.dz=01;31:*.gz=01;31:*.lrz=01;31:*.lz=01;31:*.lzo=01;31:*.xz=01;31:*.zst=01;31:*.tzst=01;31:*.bz2=01;31:*.bz=01;31:*.tbz=01;31:*.tbz2=01;31:*.tz=01;31:*.deb=01;31:*.rpm=01;31:*.jar=01;31:*.war=01;31:*.ear=01;31:*.sar=01;31:*.rar=01;31:*.alz=01;31:*.ace=01;31:*.zoo=01;31:*.cpio=01;31:*.7z=01;31:*.rz=01;31:*.cab=01;31:*.wim=01;31:*.swm=01;31:*.dwm=01;31:*.esd=01;31:*.jpg=01;35:*.jpeg=01;35:*.mjpg=01;35:*.mjpeg=01;35:*.gif=01;35:*.bmp=01;35:*.pbm=01;35:*.pgm=01;35:*.ppm=01;35:*.tga=01;35:*.xbm=01;35:*.xpm=01;35:*.tif=01;35:*.tiff=01;35:*.png=01;35:*.svg=01;35:*.svgz=01;35:*.mng=01;35:*.pcx=01;35:*.mov=01;35:*.mpg=01;35:*.mpeg=01;35:*.m2v=01;35:*.mkv=01;35:*.webm=01;35:*.webp=01;35:*.ogm=01;35:*.mp4=01;35:*.m4v=01;35:*.mp4v=01;35:*.vob=01;35:*.qt=01;35:*.nuv=01;35:*.wmv=01;35:*.asf=01;35:*.rm=01;35:*.rmvb=01;35:*.flc=01;35:*.avi=01;35:*.fli=01;35:*.flv=01;35:*.gl=01;35:*.dl=01;35:*.xcf=01;35:*.xwd=01;35:*.yuv=01;35:*.cgm=01;35:*.emf=01;35:*.ogv=01;35:*.ogx=01;35:*.aac=00;36:*.au=00;36:*.flac=00;36:*.m4a=00;36:*.mid=00;36:*.midi=00;36:*.mka=00;36:*.mp3=00;36:*.mpc=00;36:*.ogg=00;36:*.ra=00;36:*.wav=00;36:*.oga=00;36:*.opus=00;36:*.spx=00;36:*.xspf=00;36:'), ('ROS_DOMAIN_ID', '0'), ('AMENT_PREFIX_PATH', '/home/pi/seav2/install/carlikebot_ros2_control:/home/pi/seav2/install/serial:/home/pi/seav2/install/seav2_imu:/home/pi/seav2/install/seav2:/home/pi/seav2/install/ros2_control_demo_description:/home/pi/seav2/install/robot_cam_ros:/home/pi/seav2/install/ball_tracker:/home/pi/ss25/install/wheel_odometry:/home/pi/ss25/install/vup_2k7:/home/pi/ss25/install/summary:/home/pi/ss25/install/sllidar_ros2:/home/pi/ss25/install/safety_control:/home/pi/ss25/install/project:/home/pi/ss25/install/my_slam:/home/pi/ss25/install/my_motor_driver:/home/pi/ss25/install/final:/home/pi/ss25/install/description:/home/pi/ss25/install/bringup_pkg:/home/pi/ss25/src/summary/install/summary:/home/pi/ss25/src/install/wheel_odometry:/home/pi/ss25/src/install/summary:/home/pi/ss25/src/install/sllidar_ros2:/home/pi/ss25/src/install/safety_control:/home/pi/ss25/src/install/project:/home/pi/ss25/src/install/my_motor_driver:/home/pi/ss25/src/install/description:/home/pi/ss25/src/install/bringup_pkg:/home/pi/install/summary:/home/pi/demo_testing_9_april/seav/install/yolov8_ros:/home/pi/demo_testing_9_april/seav/install/static_tf_publisher:/home/pi/demo_testing_9_april/seav/install/seav_test_sensors:/home/pi/demo_testing_9_april/seav/install/seav_simulation:/home/pi/demo_testing_9_april/seav/install/seav_description:/home/pi/demo_testing_9_april/seav/install/rplidar_ros:/home/pi/demo_testing_9_april/seav/install/my_robot_controller:/home/pi/demo_testing_9_april/seav/install/my_nav2_pkg:/opt/ros/humble'), ('SHELL', '/bin/bash'), ('LC_NAME', 'en_US.UTF-8'), ('LESSCLOSE', '/usr/bin/lesspipe %s %s'), ('LC_MEASUREMENT', 'en_US.UTF-8'), ('LC_IDENTIFICATION', 'en_US.UTF-8'), ('PWD', '/home/pi/seav2/build/seav2'), ('LC_ALL', 'en_US.UTF-8'), ('SSH_CONNECTION', '192.168.0.105 41494 192.168.0.210 22'), ('XDG_DATA_DIRS', '/usr/local/share:/usr/share:/var/lib/snapd/desktop'), ('PYTHONPATH', '/home/pi/seav2/build/robot_cam_ros:/home/pi/seav2/build/ball_tracker:/home/pi/seav2/build/seav2_imu:/home/pi/seav2/install/seav2_imu/lib/python3.10/site-packages:/home/pi/seav2/install/robot_cam_ros/lib/python3.10/site-packages:/home/pi/seav2/install/ball_tracker/lib/python3.10/site-packages:/home/pi/ss25/install/wheel_odometry/lib/python3.10/site-packages:/home/pi/ss25/install/vup_2k7/lib/python3.10/site-packages:/home/pi/ss25/install/summary/lib/python3.10/site-packages:/home/pi/ss25/install/safety_control/lib/python3.10/site-packages:/home/pi/ss25/install/project/lib/python3.10/site-packages:/home/pi/ss25/install/my_slam/lib/python3.10/site-packages:/home/pi/ss25/install/my_motor_driver/lib/python3.10/site-packages:/home/pi/ss25/install/final/lib/python3.10/site-packages:/home/pi/ss25/install/description/lib/python3.10/site-packages:/home/pi/ss25/install/bringup_pkg/lib/python3.10/site-packages:/home/pi/ss25/src/summary/install/summary/lib/python3.10/site-packages:/home/pi/ss25/src/install/wheel_odometry/lib/python3.10/site-packages:/home/pi/ss25/src/install/summary/lib/python3.10/site-packages:/home/pi/ss25/src/install/safety_control/lib/python3.10/site-packages:/home/pi/ss25/src/install/project/lib/python3.10/site-packages:/home/pi/ss25/src/install/my_motor_driver/lib/python3.10/site-packages:/home/pi/ss25/src/install/description/lib/python3.10/site-packages:/home/pi/ss25/src/install/bringup_pkg/lib/python3.10/site-packages:/home/pi/install/summary/lib/python3.10/site-packages:/home/pi/demo_testing_9_april/seav/install/yolov8_ros/lib/python3.10/site-packages:/home/pi/demo_testing_9_april/seav/install/static_tf_publisher/lib/python3.10/site-packages:/home/pi/demo_testing_9_april/seav/install/seav_test_sensors/lib/python3.10/site-packages:/home/pi/demo_testing_9_april/seav/install/my_robot_controller/lib/python3.10/site-packages:/opt/ros/humble/lib/python3.10/site-packages:/opt/ros/humble/local/lib/python3.10/dist-packages'), ('ROS_HOSTNAME', '192.168.137.192'), ('LC_NUMERIC', 'en_US.UTF-8'), ('LC_PAPER', 'en_US.UTF-8'), ('COLCON', '1'), ('CMAKE_PREFIX_PATH', '/home/pi/seav2/install/carlikebot_ros2_control:/home/pi/seav2/install/serial:/home/pi/seav2/install/seav2:/home/pi/seav2/install/ros2_control_demo_description:/home/pi/ss25/install/sllidar_ros2:/home/pi/ss25/src/install/sllidar_ros2:/home/pi/demo_testing_9_april/seav/install/seav_simulation:/home/pi/demo_testing_9_april/seav/install/seav_description:/home/pi/demo_testing_9_april/seav/install/rplidar_ros:/home/pi/demo_testing_9_april/seav/install/my_nav2_pkg:/home/pi/seav2/install/seav2_imu:/home/pi/seav2/install/robot_cam_ros:/home/pi/seav2/install/ball_tracker:/home/pi/ss25/install/wheel_odometry:/home/pi/ss25/install/vup_2k7:/home/pi/ss25/install/summary:/home/pi/ss25/install/safety_control:/home/pi/ss25/install/project:/home/pi/ss25/install/my_slam:/home/pi/ss25/install/my_motor_driver:/home/pi/ss25/install/final:/home/pi/ss25/install/description:/home/pi/ss25/install/bringup_pkg:/home/pi/ss25/src/summary/install/summary:/home/pi/ss25/src/install/wheel_odometry:/home/pi/ss25/src/install/summary:/home/pi/ss25/src/install/safety_control:/home/pi/ss25/src/install/project:/home/pi/ss25/src/install/my_motor_driver:/home/pi/ss25/src/install/description:/home/pi/ss25/src/install/bringup_pkg:/home/pi/install/summary:/home/pi/demo_testing_9_april/seav/install/yolov8_ros:/home/pi/demo_testing_9_april/seav/install/static_tf_publisher:/home/pi/demo_testing_9_april/seav/install/seav_test_sensors:/home/pi/demo_testing_9_april/seav/install/my_robot_controller:/opt/ros/humble')]), 'shell': False}
[10.311778] (-) TimerEvent: {}
[10.415610] (-) TimerEvent: {}
[10.517788] (-) TimerEvent: {}
[10.619469] (-) TimerEvent: {}
[10.721515] (-) TimerEvent: {}
[10.825138] (-) TimerEvent: {}
[10.928658] (-) TimerEvent: {}
[11.032810] (-) TimerEvent: {}
[11.134447] (-) TimerEvent: {}
[11.236651] (-) TimerEvent: {}
[11.340479] (-) TimerEvent: {}
[11.444245] (-) TimerEvent: {}
[11.547687] (-) TimerEvent: {}
[11.651300] (-) TimerEvent: {}
[11.757306] (-) TimerEvent: {}
[11.860831] (-) TimerEvent: {}
[11.964453] (-) TimerEvent: {}
[12.068140] (-) TimerEvent: {}
[12.171604] (-) TimerEvent: {}
[12.275456] (-) TimerEvent: {}
[12.379151] (-) TimerEvent: {}
[12.482741] (-) TimerEvent: {}
[12.586258] (-) TimerEvent: {}
[12.689696] (-) TimerEvent: {}
[12.793506] (-) TimerEvent: {}
[12.897289] (-) TimerEvent: {}
[13.000912] (-) TimerEvent: {}
[13.104743] (-) TimerEvent: {}
[13.208407] (-) TimerEvent: {}
[13.312126] (-) TimerEvent: {}
[13.416005] (-) TimerEvent: {}
[13.519642] (-) TimerEvent: {}
[13.623185] (-) TimerEvent: {}
[13.726717] (-) TimerEvent: {}
[13.830271] (-) TimerEvent: {}
[13.931739] (-) TimerEvent: {}
[14.033285] (-) TimerEvent: {}
[14.134766] (-) TimerEvent: {}
[14.238332] (-) TimerEvent: {}
[14.342159] (-) TimerEvent: {}
[14.445931] (-) TimerEvent: {}
[14.549267] (-) TimerEvent: {}
[14.652651] (-) TimerEvent: {}
[14.756586] (-) TimerEvent: {}
[14.861432] (-) TimerEvent: {}
[14.967758] (-) TimerEvent: {}
[15.072524] (-) TimerEvent: {}
[15.177556] (-) TimerEvent: {}
[15.242664] (seav2) CommandEnded: {'returncode': 0}
[15.249678] (seav2) JobProgress: {'identifier': 'seav2', 'progress': 'install'}
[15.251583] (seav2) Command: {'cmd': ['/usr/bin/cmake', '--install', '/home/pi/seav2/build/seav2'], 'cwd': '/home/pi/seav2/build/seav2', 'env': OrderedDict([('LESSOPEN', '| /usr/bin/lesspipe %s'), ('USER', 'pi'), ('SSH_CLIENT', '192.168.0.105 41494 22'), ('LC_TIME', 'en_US.UTF-8'), ('XDG_SESSION_TYPE', 'tty'), ('SHLVL', '1'), ('LD_LIBRARY_PATH', '/home/pi/seav2/install/carlikebot_ros2_control/lib:/home/pi/seav2/install/serial/lib:/opt/ros/humble/opt/rviz_ogre_vendor/lib:/opt/ros/humble/lib/aarch64-linux-gnu:/opt/ros/humble/lib'), ('MOTD_SHOWN', 'pam'), ('HOME', '/home/pi'), ('OLDPWD', '/home/pi/seav2'), ('SSH_TTY', '/dev/pts/0'), ('ROS_PYTHON_VERSION', '3'), ('LC_MONETARY', 'en_US.UTF-8'), ('ROS_IP', '192.168.137.192'), ('DBUS_SESSION_BUS_ADDRESS', 'unix:path=/run/user/1000/bus'), ('QT_QPA_PLATFORM_PLUGIN_PATH', '/home/your_username/.local/lib/python3.10/site-packages/cv2/qt/plugins'), ('COLCON_PREFIX_PATH', '/home/pi/seav2/install:/home/pi/ss25/install:/home/pi/ss25/src/description/description/install:/home/pi/ss25/src/summary/install:/home/pi/ss25/src/install:/home/pi/demo_testing_9_april/seav/install:/home/pi/install'), ('ROS_DISTRO', 'humble'), ('LOGNAME', 'pi'), ('_', '/usr/bin/colcon'), ('ROS_VERSION', '2'), ('XDG_SESSION_CLASS', 'user'), ('TERM', 'xterm-256color'), ('XDG_SESSION_ID', '1'), ('ROS_LOCALHOST_ONLY', '0'), ('PATH', '/home/pi/.local/bin:/home/pi/.local/bin:/opt/ros/humble/bin:/usr/local/sbin:/usr/local/bin:/usr/sbin:/usr/bin:/sbin:/bin:/usr/games:/usr/local/games:/snap/bin'), ('LC_ADDRESS', 'en_US.UTF-8'), ('XDG_RUNTIME_DIR', '/run/user/1000'), ('DISPLAY', 'localhost:10.0'), ('LANG', 'en_US.UTF-8'), ('LC_TELEPHONE', 'en_US.UTF-8'), ('LS_COLORS', 'rs=0:di=01;34:ln=01;36:mh=00:pi=40;33:so=01;35:do=01;35:bd=40;33;01:cd=40;33;01:or=40;31;01:mi=00:su=37;41:sg=30;43:ca=30;41:tw=30;42:ow=34;42:st=37;44:ex=01;32:*.tar=01;31:*.tgz=01;31:*.arc=01;31:*.arj=01;31:*.taz=01;31:*.lha=01;31:*.lz4=01;31:*.lzh=01;31:*.lzma=01;31:*.tlz=01;31:*.txz=01;31:*.tzo=01;31:*.t7z=01;31:*.zip=01;31:*.z=01;31:*.dz=01;31:*.gz=01;31:*.lrz=01;31:*.lz=01;31:*.lzo=01;31:*.xz=01;31:*.zst=01;31:*.tzst=01;31:*.bz2=01;31:*.bz=01;31:*.tbz=01;31:*.tbz2=01;31:*.tz=01;31:*.deb=01;31:*.rpm=01;31:*.jar=01;31:*.war=01;31:*.ear=01;31:*.sar=01;31:*.rar=01;31:*.alz=01;31:*.ace=01;31:*.zoo=01;31:*.cpio=01;31:*.7z=01;31:*.rz=01;31:*.cab=01;31:*.wim=01;31:*.swm=01;31:*.dwm=01;31:*.esd=01;31:*.jpg=01;35:*.jpeg=01;35:*.mjpg=01;35:*.mjpeg=01;35:*.gif=01;35:*.bmp=01;35:*.pbm=01;35:*.pgm=01;35:*.ppm=01;35:*.tga=01;35:*.xbm=01;35:*.xpm=01;35:*.tif=01;35:*.tiff=01;35:*.png=01;35:*.svg=01;35:*.svgz=01;35:*.mng=01;35:*.pcx=01;35:*.mov=01;35:*.mpg=01;35:*.mpeg=01;35:*.m2v=01;35:*.mkv=01;35:*.webm=01;35:*.webp=01;35:*.ogm=01;35:*.mp4=01;35:*.m4v=01;35:*.mp4v=01;35:*.vob=01;35:*.qt=01;35:*.nuv=01;35:*.wmv=01;35:*.asf=01;35:*.rm=01;35:*.rmvb=01;35:*.flc=01;35:*.avi=01;35:*.fli=01;35:*.flv=01;35:*.gl=01;35:*.dl=01;35:*.xcf=01;35:*.xwd=01;35:*.yuv=01;35:*.cgm=01;35:*.emf=01;35:*.ogv=01;35:*.ogx=01;35:*.aac=00;36:*.au=00;36:*.flac=00;36:*.m4a=00;36:*.mid=00;36:*.midi=00;36:*.mka=00;36:*.mp3=00;36:*.mpc=00;36:*.ogg=00;36:*.ra=00;36:*.wav=00;36:*.oga=00;36:*.opus=00;36:*.spx=00;36:*.xspf=00;36:'), ('ROS_DOMAIN_ID', '0'), ('AMENT_PREFIX_PATH', '/home/pi/seav2/install/carlikebot_ros2_control:/home/pi/seav2/install/serial:/home/pi/seav2/install/seav2_imu:/home/pi/seav2/install/seav2:/home/pi/seav2/install/ros2_control_demo_description:/home/pi/seav2/install/robot_cam_ros:/home/pi/seav2/install/ball_tracker:/home/pi/ss25/install/wheel_odometry:/home/pi/ss25/install/vup_2k7:/home/pi/ss25/install/summary:/home/pi/ss25/install/sllidar_ros2:/home/pi/ss25/install/safety_control:/home/pi/ss25/install/project:/home/pi/ss25/install/my_slam:/home/pi/ss25/install/my_motor_driver:/home/pi/ss25/install/final:/home/pi/ss25/install/description:/home/pi/ss25/install/bringup_pkg:/home/pi/ss25/src/summary/install/summary:/home/pi/ss25/src/install/wheel_odometry:/home/pi/ss25/src/install/summary:/home/pi/ss25/src/install/sllidar_ros2:/home/pi/ss25/src/install/safety_control:/home/pi/ss25/src/install/project:/home/pi/ss25/src/install/my_motor_driver:/home/pi/ss25/src/install/description:/home/pi/ss25/src/install/bringup_pkg:/home/pi/install/summary:/home/pi/demo_testing_9_april/seav/install/yolov8_ros:/home/pi/demo_testing_9_april/seav/install/static_tf_publisher:/home/pi/demo_testing_9_april/seav/install/seav_test_sensors:/home/pi/demo_testing_9_april/seav/install/seav_simulation:/home/pi/demo_testing_9_april/seav/install/seav_description:/home/pi/demo_testing_9_april/seav/install/rplidar_ros:/home/pi/demo_testing_9_april/seav/install/my_robot_controller:/home/pi/demo_testing_9_april/seav/install/my_nav2_pkg:/opt/ros/humble'), ('SHELL', '/bin/bash'), ('LC_NAME', 'en_US.UTF-8'), ('LESSCLOSE', '/usr/bin/lesspipe %s %s'), ('LC_MEASUREMENT', 'en_US.UTF-8'), ('LC_IDENTIFICATION', 'en_US.UTF-8'), ('PWD', '/home/pi/seav2/build/seav2'), ('LC_ALL', 'en_US.UTF-8'), ('SSH_CONNECTION', '192.168.0.105 41494 192.168.0.210 22'), ('XDG_DATA_DIRS', '/usr/local/share:/usr/share:/var/lib/snapd/desktop'), ('PYTHONPATH', '/home/pi/seav2/build/robot_cam_ros:/home/pi/seav2/build/ball_tracker:/home/pi/seav2/build/seav2_imu:/home/pi/seav2/install/seav2_imu/lib/python3.10/site-packages:/home/pi/seav2/install/robot_cam_ros/lib/python3.10/site-packages:/home/pi/seav2/install/ball_tracker/lib/python3.10/site-packages:/home/pi/ss25/install/wheel_odometry/lib/python3.10/site-packages:/home/pi/ss25/install/vup_2k7/lib/python3.10/site-packages:/home/pi/ss25/install/summary/lib/python3.10/site-packages:/home/pi/ss25/install/safety_control/lib/python3.10/site-packages:/home/pi/ss25/install/project/lib/python3.10/site-packages:/home/pi/ss25/install/my_slam/lib/python3.10/site-packages:/home/pi/ss25/install/my_motor_driver/lib/python3.10/site-packages:/home/pi/ss25/install/final/lib/python3.10/site-packages:/home/pi/ss25/install/description/lib/python3.10/site-packages:/home/pi/ss25/install/bringup_pkg/lib/python3.10/site-packages:/home/pi/ss25/src/summary/install/summary/lib/python3.10/site-packages:/home/pi/ss25/src/install/wheel_odometry/lib/python3.10/site-packages:/home/pi/ss25/src/install/summary/lib/python3.10/site-packages:/home/pi/ss25/src/install/safety_control/lib/python3.10/site-packages:/home/pi/ss25/src/install/project/lib/python3.10/site-packages:/home/pi/ss25/src/install/my_motor_driver/lib/python3.10/site-packages:/home/pi/ss25/src/install/description/lib/python3.10/site-packages:/home/pi/ss25/src/install/bringup_pkg/lib/python3.10/site-packages:/home/pi/install/summary/lib/python3.10/site-packages:/home/pi/demo_testing_9_april/seav/install/yolov8_ros/lib/python3.10/site-packages:/home/pi/demo_testing_9_april/seav/install/static_tf_publisher/lib/python3.10/site-packages:/home/pi/demo_testing_9_april/seav/install/seav_test_sensors/lib/python3.10/site-packages:/home/pi/demo_testing_9_april/seav/install/my_robot_controller/lib/python3.10/site-packages:/opt/ros/humble/lib/python3.10/site-packages:/opt/ros/humble/local/lib/python3.10/dist-packages'), ('ROS_HOSTNAME', '192.168.137.192'), ('LC_NUMERIC', 'en_US.UTF-8'), ('LC_PAPER', 'en_US.UTF-8'), ('COLCON', '1'), ('CMAKE_PREFIX_PATH', '/home/pi/seav2/install/carlikebot_ros2_control:/home/pi/seav2/install/serial:/home/pi/seav2/install/seav2:/home/pi/seav2/install/ros2_control_demo_description:/home/pi/ss25/install/sllidar_ros2:/home/pi/ss25/src/install/sllidar_ros2:/home/pi/demo_testing_9_april/seav/install/seav_simulation:/home/pi/demo_testing_9_april/seav/install/seav_description:/home/pi/demo_testing_9_april/seav/install/rplidar_ros:/home/pi/demo_testing_9_april/seav/install/my_nav2_pkg:/home/pi/seav2/install/seav2_imu:/home/pi/seav2/install/robot_cam_ros:/home/pi/seav2/install/ball_tracker:/home/pi/ss25/install/wheel_odometry:/home/pi/ss25/install/vup_2k7:/home/pi/ss25/install/summary:/home/pi/ss25/install/safety_control:/home/pi/ss25/install/project:/home/pi/ss25/install/my_slam:/home/pi/ss25/install/my_motor_driver:/home/pi/ss25/install/final:/home/pi/ss25/install/description:/home/pi/ss25/install/bringup_pkg:/home/pi/ss25/src/summary/install/summary:/home/pi/ss25/src/install/wheel_odometry:/home/pi/ss25/src/install/summary:/home/pi/ss25/src/install/safety_control:/home/pi/ss25/src/install/project:/home/pi/ss25/src/install/my_motor_driver:/home/pi/ss25/src/install/description:/home/pi/ss25/src/install/bringup_pkg:/home/pi/install/summary:/home/pi/demo_testing_9_april/seav/install/yolov8_ros:/home/pi/demo_testing_9_april/seav/install/static_tf_publisher:/home/pi/demo_testing_9_april/seav/install/seav_test_sensors:/home/pi/demo_testing_9_april/seav/install/my_robot_controller:/opt/ros/humble')]), 'shell': False}
[15.291787] (-) TimerEvent: {}
[15.306117] (ball_tracker) Command: {'cmd': ['/usr/bin/python3', '-W', 'ignore:setup.py install is deprecated', '-W', 'ignore:easy_install command is deprecated', 'setup.py', 'egg_info', '--egg-base', '../../build/ball_tracker', 'build', '--build-base', '/home/pi/seav2/build/ball_tracker/build', 'install', '--record', '/home/pi/seav2/build/ball_tracker/install.log', '--install-scripts', '$base/lib/ball_tracker', '--single-version-externally-managed', 'install_data'], 'cwd': '/home/pi/seav2/src/ball_tracker', 'env': {'LESSOPEN': '| /usr/bin/lesspipe %s', 'USER': 'pi', 'SSH_CLIENT': '192.168.0.105 41494 22', 'LC_TIME': 'en_US.UTF-8', 'XDG_SESSION_TYPE': 'tty', 'SHLVL': '1', 'LD_LIBRARY_PATH': '/home/pi/seav2/install/carlikebot_ros2_control/lib:/home/pi/seav2/install/serial/lib:/opt/ros/humble/opt/rviz_ogre_vendor/lib:/opt/ros/humble/lib/aarch64-linux-gnu:/opt/ros/humble/lib', 'MOTD_SHOWN': 'pam', 'HOME': '/home/pi', 'OLDPWD': '/home/pi/seav2', 'SSH_TTY': '/dev/pts/0', 'ROS_PYTHON_VERSION': '3', 'LC_MONETARY': 'en_US.UTF-8', 'ROS_IP': '192.168.137.192', 'DBUS_SESSION_BUS_ADDRESS': 'unix:path=/run/user/1000/bus', 'QT_QPA_PLATFORM_PLUGIN_PATH': '/home/your_username/.local/lib/python3.10/site-packages/cv2/qt/plugins', 'COLCON_PREFIX_PATH': '/home/pi/seav2/install:/home/pi/ss25/install:/home/pi/ss25/src/description/description/install:/home/pi/ss25/src/summary/install:/home/pi/ss25/src/install:/home/pi/demo_testing_9_april/seav/install:/home/pi/install', 'ROS_DISTRO': 'humble', 'LOGNAME': 'pi', '_': '/usr/bin/colcon', 'ROS_VERSION': '2', 'XDG_SESSION_CLASS': 'user', 'TERM': 'xterm-256color', 'XDG_SESSION_ID': '1', 'ROS_LOCALHOST_ONLY': '0', 'PATH': '/home/pi/.local/bin:/home/pi/.local/bin:/opt/ros/humble/bin:/usr/local/sbin:/usr/local/bin:/usr/sbin:/usr/bin:/sbin:/bin:/usr/games:/usr/local/games:/snap/bin', 'LC_ADDRESS': 'en_US.UTF-8', 'XDG_RUNTIME_DIR': '/run/user/1000', 'DISPLAY': 'localhost:10.0', 'LANG': 'en_US.UTF-8', 'LC_TELEPHONE': 'en_US.UTF-8', 'LS_COLORS': 'rs=0:di=01;34:ln=01;36:mh=00:pi=40;33:so=01;35:do=01;35:bd=40;33;01:cd=40;33;01:or=40;31;01:mi=00:su=37;41:sg=30;43:ca=30;41:tw=30;42:ow=34;42:st=37;44:ex=01;32:*.tar=01;31:*.tgz=01;31:*.arc=01;31:*.arj=01;31:*.taz=01;31:*.lha=01;31:*.lz4=01;31:*.lzh=01;31:*.lzma=01;31:*.tlz=01;31:*.txz=01;31:*.tzo=01;31:*.t7z=01;31:*.zip=01;31:*.z=01;31:*.dz=01;31:*.gz=01;31:*.lrz=01;31:*.lz=01;31:*.lzo=01;31:*.xz=01;31:*.zst=01;31:*.tzst=01;31:*.bz2=01;31:*.bz=01;31:*.tbz=01;31:*.tbz2=01;31:*.tz=01;31:*.deb=01;31:*.rpm=01;31:*.jar=01;31:*.war=01;31:*.ear=01;31:*.sar=01;31:*.rar=01;31:*.alz=01;31:*.ace=01;31:*.zoo=01;31:*.cpio=01;31:*.7z=01;31:*.rz=01;31:*.cab=01;31:*.wim=01;31:*.swm=01;31:*.dwm=01;31:*.esd=01;31:*.jpg=01;35:*.jpeg=01;35:*.mjpg=01;35:*.mjpeg=01;35:*.gif=01;35:*.bmp=01;35:*.pbm=01;35:*.pgm=01;35:*.ppm=01;35:*.tga=01;35:*.xbm=01;35:*.xpm=01;35:*.tif=01;35:*.tiff=01;35:*.png=01;35:*.svg=01;35:*.svgz=01;35:*.mng=01;35:*.pcx=01;35:*.mov=01;35:*.mpg=01;35:*.mpeg=01;35:*.m2v=01;35:*.mkv=01;35:*.webm=01;35:*.webp=01;35:*.ogm=01;35:*.mp4=01;35:*.m4v=01;35:*.mp4v=01;35:*.vob=01;35:*.qt=01;35:*.nuv=01;35:*.wmv=01;35:*.asf=01;35:*.rm=01;35:*.rmvb=01;35:*.flc=01;35:*.avi=01;35:*.fli=01;35:*.flv=01;35:*.gl=01;35:*.dl=01;35:*.xcf=01;35:*.xwd=01;35:*.yuv=01;35:*.cgm=01;35:*.emf=01;35:*.ogv=01;35:*.ogx=01;35:*.aac=00;36:*.au=00;36:*.flac=00;36:*.m4a=00;36:*.mid=00;36:*.midi=00;36:*.mka=00;36:*.mp3=00;36:*.mpc=00;36:*.ogg=00;36:*.ra=00;36:*.wav=00;36:*.oga=00;36:*.opus=00;36:*.spx=00;36:*.xspf=00;36:', 'ROS_DOMAIN_ID': '0', 'AMENT_PREFIX_PATH': '/home/pi/seav2/install/carlikebot_ros2_control:/home/pi/seav2/install/serial:/home/pi/seav2/install/seav2_imu:/home/pi/seav2/install/seav2:/home/pi/seav2/install/ros2_control_demo_description:/home/pi/seav2/install/robot_cam_ros:/home/pi/seav2/install/ball_tracker:/home/pi/ss25/install/wheel_odometry:/home/pi/ss25/install/vup_2k7:/home/pi/ss25/install/summary:/home/pi/ss25/install/sllidar_ros2:/home/pi/ss25/install/safety_control:/home/pi/ss25/install/project:/home/pi/ss25/install/my_slam:/home/pi/ss25/install/my_motor_driver:/home/pi/ss25/install/final:/home/pi/ss25/install/description:/home/pi/ss25/install/bringup_pkg:/home/pi/ss25/src/summary/install/summary:/home/pi/ss25/src/install/wheel_odometry:/home/pi/ss25/src/install/summary:/home/pi/ss25/src/install/sllidar_ros2:/home/pi/ss25/src/install/safety_control:/home/pi/ss25/src/install/project:/home/pi/ss25/src/install/my_motor_driver:/home/pi/ss25/src/install/description:/home/pi/ss25/src/install/bringup_pkg:/home/pi/install/summary:/home/pi/demo_testing_9_april/seav/install/yolov8_ros:/home/pi/demo_testing_9_april/seav/install/static_tf_publisher:/home/pi/demo_testing_9_april/seav/install/seav_test_sensors:/home/pi/demo_testing_9_april/seav/install/seav_simulation:/home/pi/demo_testing_9_april/seav/install/seav_description:/home/pi/demo_testing_9_april/seav/install/rplidar_ros:/home/pi/demo_testing_9_april/seav/install/my_robot_controller:/home/pi/demo_testing_9_april/seav/install/my_nav2_pkg:/opt/ros/humble', 'SHELL': '/bin/bash', 'LC_NAME': 'en_US.UTF-8', 'LESSCLOSE': '/usr/bin/lesspipe %s %s', 'LC_MEASUREMENT': 'en_US.UTF-8', 'LC_IDENTIFICATION': 'en_US.UTF-8', 'PWD': '/home/pi/seav2/build/ball_tracker', 'LC_ALL': 'en_US.UTF-8', 'SSH_CONNECTION': '192.168.0.105 41494 192.168.0.210 22', 'XDG_DATA_DIRS': '/usr/local/share:/usr/share:/var/lib/snapd/desktop', 'PYTHONPATH': '/home/pi/seav2/build/ball_tracker/prefix_override:/usr/lib/python3/dist-packages/colcon_core/task/python/colcon_distutils_commands:/home/pi/seav2/install/ball_tracker/lib/python3.10/site-packages:/home/pi/seav2/build/robot_cam_ros:/home/pi/seav2/build/ball_tracker:/home/pi/seav2/build/seav2_imu:/home/pi/seav2/install/seav2_imu/lib/python3.10/site-packages:/home/pi/seav2/install/robot_cam_ros/lib/python3.10/site-packages:/home/pi/seav2/install/ball_tracker/lib/python3.10/site-packages:/home/pi/ss25/install/wheel_odometry/lib/python3.10/site-packages:/home/pi/ss25/install/vup_2k7/lib/python3.10/site-packages:/home/pi/ss25/install/summary/lib/python3.10/site-packages:/home/pi/ss25/install/safety_control/lib/python3.10/site-packages:/home/pi/ss25/install/project/lib/python3.10/site-packages:/home/pi/ss25/install/my_slam/lib/python3.10/site-packages:/home/pi/ss25/install/my_motor_driver/lib/python3.10/site-packages:/home/pi/ss25/install/final/lib/python3.10/site-packages:/home/pi/ss25/install/description/lib/python3.10/site-packages:/home/pi/ss25/install/bringup_pkg/lib/python3.10/site-packages:/home/pi/ss25/src/summary/install/summary/lib/python3.10/site-packages:/home/pi/ss25/src/install/wheel_odometry/lib/python3.10/site-packages:/home/pi/ss25/src/install/summary/lib/python3.10/site-packages:/home/pi/ss25/src/install/safety_control/lib/python3.10/site-packages:/home/pi/ss25/src/install/project/lib/python3.10/site-packages:/home/pi/ss25/src/install/my_motor_driver/lib/python3.10/site-packages:/home/pi/ss25/src/install/description/lib/python3.10/site-packages:/home/pi/ss25/src/install/bringup_pkg/lib/python3.10/site-packages:/home/pi/install/summary/lib/python3.10/site-packages:/home/pi/demo_testing_9_april/seav/install/yolov8_ros/lib/python3.10/site-packages:/home/pi/demo_testing_9_april/seav/install/static_tf_publisher/lib/python3.10/site-packages:/home/pi/demo_testing_9_april/seav/install/seav_test_sensors/lib/python3.10/site-packages:/home/pi/demo_testing_9_april/seav/install/my_robot_controller/lib/python3.10/site-packages:/opt/ros/humble/lib/python3.10/site-packages:/opt/ros/humble/local/lib/python3.10/dist-packages', 'ROS_HOSTNAME': '192.168.137.192', 'LC_NUMERIC': 'en_US.UTF-8', 'LC_PAPER': 'en_US.UTF-8', 'COLCON': '1', 'CMAKE_PREFIX_PATH': '/home/pi/seav2/install/carlikebot_ros2_control:/home/pi/seav2/install/serial:/home/pi/seav2/install/seav2:/home/pi/seav2/install/ros2_control_demo_description:/home/pi/ss25/install/sllidar_ros2:/home/pi/ss25/src/install/sllidar_ros2:/home/pi/demo_testing_9_april/seav/install/seav_simulation:/home/pi/demo_testing_9_april/seav/install/seav_description:/home/pi/demo_testing_9_april/seav/install/rplidar_ros:/home/pi/demo_testing_9_april/seav/install/my_nav2_pkg'}, 'shell': False}
[15.377774] (seav2) StdoutLine: {'line': b'-- Install configuration: ""\n'}
[15.383578] (seav2) StdoutLine: {'line': b'-- Execute custom install script\n'}
[15.391690] (-) TimerEvent: {}
[15.398355] (seav2) StdoutLine: {'line': b'-- Up-to-date symlink: /home/pi/seav2/install/seav2/share/seav2/config/drive_car.rviz\n'}
[15.403366] (seav2) StdoutLine: {'line': b'-- Up-to-date symlink: /home/pi/seav2/install/seav2/share/seav2/config/ekf.yaml\n'}
[15.410496] (seav2) StdoutLine: {'line': b'-- Up-to-date symlink: /home/pi/seav2/install/seav2/share/seav2/config/ekf_odom.yaml\n'}
[15.417553] (seav2) StdoutLine: {'line': b'-- Up-to-date symlink: /home/pi/seav2/install/seav2/share/seav2/config/gaz_ros2_ctl_use_sim.yaml\n'}
[15.423765] (seav2) StdoutLine: {'line': b'-- Up-to-date symlink: /home/pi/seav2/install/seav2/share/seav2/config/gazebo_params.yaml\n'}
[15.430283] (seav2) StdoutLine: {'line': b'-- Up-to-date symlink: /home/pi/seav2/install/seav2/share/seav2/config/imu_filter_madgwick.yaml\n'}
[15.436058] (seav2) StdoutLine: {'line': b'-- Up-to-date symlink: /home/pi/seav2/install/seav2/share/seav2/config/joystick.yaml\n'}
[15.441808] (seav2) StdoutLine: {'line': b'-- Up-to-date symlink: /home/pi/seav2/install/seav2/share/seav2/config/main.rviz\n'}
[15.447880] (seav2) StdoutLine: {'line': b'-- Up-to-date symlink: /home/pi/seav2/install/seav2/share/seav2/config/mapper_params_online_async.yaml\n'}
[15.454011] (seav2) StdoutLine: {'line': b'-- Up-to-date symlink: /home/pi/seav2/install/seav2/share/seav2/config/my_controllers.yaml\n'}
[15.460247] (seav2) StdoutLine: {'line': b'-- Up-to-date symlink: /home/pi/seav2/install/seav2/share/seav2/config/nav2_params.yaml\n'}
[15.468012] (seav2) StdoutLine: {'line': b'-- Up-to-date symlink: /home/pi/seav2/install/seav2/share/seav2/config/twist_mux.yaml\n'}
[15.475495] (seav2) StdoutLine: {'line': b'-- Up-to-date symlink: /home/pi/seav2/install/seav2/share/seav2/config/view_car.rviz\n'}
[15.487499] (seav2) StdoutLine: {'line': b'-- Up-to-date symlink: /home/pi/seav2/install/seav2/share/seav2/description/camera.xacro\n'}
[15.492114] (-) TimerEvent: {}
[15.496516] (seav2) StdoutLine: {'line': b'-- Up-to-date symlink: /home/pi/seav2/install/seav2/share/seav2/description/depth_camera.xacro\n'}
[15.503205] (seav2) StdoutLine: {'line': b'-- Up-to-date symlink: /home/pi/seav2/install/seav2/share/seav2/description/gazebo_control.xacro\n'}
[15.508021] (seav2) StdoutLine: {'line': b'-- Up-to-date symlink: /home/pi/seav2/install/seav2/share/seav2/description/inertial_macros.xacro\n'}
[15.513713] (seav2) StdoutLine: {'line': b'-- Up-to-date symlink: /home/pi/seav2/install/seav2/share/seav2/description/lidar.xacro\n'}
[15.518505] (seav2) StdoutLine: {'line': b'-- Up-to-date symlink: /home/pi/seav2/install/seav2/share/seav2/description/robot.urdf.xacro\n'}
[15.523200] (seav2) StdoutLine: {'line': b'-- Up-to-date symlink: /home/pi/seav2/install/seav2/share/seav2/description/robot_core.xacro\n'}
[15.527833] (seav2) StdoutLine: {'line': b'-- Up-to-date symlink: /home/pi/seav2/install/seav2/share/seav2/description/ros2_control.xacro\n'}
[15.537485] (seav2) StdoutLine: {'line': b'-- Symlinking: /home/pi/seav2/install/seav2/share/seav2/launch/__pycache__/launch_robot.launch.cpython-310.pyc\n'}
[15.592400] (-) TimerEvent: {}
[15.604663] (robot_cam_ros) Command: {'cmd': ['/usr/bin/python3', '-W', 'ignore:setup.py install is deprecated', '-W', 'ignore:easy_install command is deprecated', 'setup.py', 'egg_info', '--egg-base', '../../build/robot_cam_ros', 'build', '--build-base', '/home/pi/seav2/build/robot_cam_ros/build', 'install', '--record', '/home/pi/seav2/build/robot_cam_ros/install.log', '--single-version-externally-managed', 'install_data'], 'cwd': '/home/pi/seav2/src/robot_cam_ros', 'env': {'LESSOPEN': '| /usr/bin/lesspipe %s', 'USER': 'pi', 'SSH_CLIENT': '192.168.0.105 41494 22', 'LC_TIME': 'en_US.UTF-8', 'XDG_SESSION_TYPE': 'tty', 'SHLVL': '1', 'LD_LIBRARY_PATH': '/home/pi/seav2/install/carlikebot_ros2_control/lib:/home/pi/seav2/install/serial/lib:/opt/ros/humble/opt/rviz_ogre_vendor/lib:/opt/ros/humble/lib/aarch64-linux-gnu:/opt/ros/humble/lib', 'MOTD_SHOWN': 'pam', 'HOME': '/home/pi', 'OLDPWD': '/home/pi/seav2', 'SSH_TTY': '/dev/pts/0', 'ROS_PYTHON_VERSION': '3', 'LC_MONETARY': 'en_US.UTF-8', 'ROS_IP': '192.168.137.192', 'DBUS_SESSION_BUS_ADDRESS': 'unix:path=/run/user/1000/bus', 'QT_QPA_PLATFORM_PLUGIN_PATH': '/home/your_username/.local/lib/python3.10/site-packages/cv2/qt/plugins', 'COLCON_PREFIX_PATH': '/home/pi/seav2/install:/home/pi/ss25/install:/home/pi/ss25/src/description/description/install:/home/pi/ss25/src/summary/install:/home/pi/ss25/src/install:/home/pi/demo_testing_9_april/seav/install:/home/pi/install', 'ROS_DISTRO': 'humble', 'LOGNAME': 'pi', '_': '/usr/bin/colcon', 'ROS_VERSION': '2', 'XDG_SESSION_CLASS': 'user', 'TERM': 'xterm-256color', 'XDG_SESSION_ID': '1', 'ROS_LOCALHOST_ONLY': '0', 'PATH': '/home/pi/.local/bin:/home/pi/.local/bin:/opt/ros/humble/bin:/usr/local/sbin:/usr/local/bin:/usr/sbin:/usr/bin:/sbin:/bin:/usr/games:/usr/local/games:/snap/bin', 'LC_ADDRESS': 'en_US.UTF-8', 'XDG_RUNTIME_DIR': '/run/user/1000', 'DISPLAY': 'localhost:10.0', 'LANG': 'en_US.UTF-8', 'LC_TELEPHONE': 'en_US.UTF-8', 'LS_COLORS': 'rs=0:di=01;34:ln=01;36:mh=00:pi=40;33:so=01;35:do=01;35:bd=40;33;01:cd=40;33;01:or=40;31;01:mi=00:su=37;41:sg=30;43:ca=30;41:tw=30;42:ow=34;42:st=37;44:ex=01;32:*.tar=01;31:*.tgz=01;31:*.arc=01;31:*.arj=01;31:*.taz=01;31:*.lha=01;31:*.lz4=01;31:*.lzh=01;31:*.lzma=01;31:*.tlz=01;31:*.txz=01;31:*.tzo=01;31:*.t7z=01;31:*.zip=01;31:*.z=01;31:*.dz=01;31:*.gz=01;31:*.lrz=01;31:*.lz=01;31:*.lzo=01;31:*.xz=01;31:*.zst=01;31:*.tzst=01;31:*.bz2=01;31:*.bz=01;31:*.tbz=01;31:*.tbz2=01;31:*.tz=01;31:*.deb=01;31:*.rpm=01;31:*.jar=01;31:*.war=01;31:*.ear=01;31:*.sar=01;31:*.rar=01;31:*.alz=01;31:*.ace=01;31:*.zoo=01;31:*.cpio=01;31:*.7z=01;31:*.rz=01;31:*.cab=01;31:*.wim=01;31:*.swm=01;31:*.dwm=01;31:*.esd=01;31:*.jpg=01;35:*.jpeg=01;35:*.mjpg=01;35:*.mjpeg=01;35:*.gif=01;35:*.bmp=01;35:*.pbm=01;35:*.pgm=01;35:*.ppm=01;35:*.tga=01;35:*.xbm=01;35:*.xpm=01;35:*.tif=01;35:*.tiff=01;35:*.png=01;35:*.svg=01;35:*.svgz=01;35:*.mng=01;35:*.pcx=01;35:*.mov=01;35:*.mpg=01;35:*.mpeg=01;35:*.m2v=01;35:*.mkv=01;35:*.webm=01;35:*.webp=01;35:*.ogm=01;35:*.mp4=01;35:*.m4v=01;35:*.mp4v=01;35:*.vob=01;35:*.qt=01;35:*.nuv=01;35:*.wmv=01;35:*.asf=01;35:*.rm=01;35:*.rmvb=01;35:*.flc=01;35:*.avi=01;35:*.fli=01;35:*.flv=01;35:*.gl=01;35:*.dl=01;35:*.xcf=01;35:*.xwd=01;35:*.yuv=01;35:*.cgm=01;35:*.emf=01;35:*.ogv=01;35:*.ogx=01;35:*.aac=00;36:*.au=00;36:*.flac=00;36:*.m4a=00;36:*.mid=00;36:*.midi=00;36:*.mka=00;36:*.mp3=00;36:*.mpc=00;36:*.ogg=00;36:*.ra=00;36:*.wav=00;36:*.oga=00;36:*.opus=00;36:*.spx=00;36:*.xspf=00;36:', 'ROS_DOMAIN_ID': '0', 'AMENT_PREFIX_PATH': '/home/pi/seav2/install/carlikebot_ros2_control:/home/pi/seav2/install/serial:/home/pi/seav2/install/seav2_imu:/home/pi/seav2/install/seav2:/home/pi/seav2/install/ros2_control_demo_description:/home/pi/seav2/install/robot_cam_ros:/home/pi/seav2/install/ball_tracker:/home/pi/ss25/install/wheel_odometry:/home/pi/ss25/install/vup_2k7:/home/pi/ss25/install/summary:/home/pi/ss25/install/sllidar_ros2:/home/pi/ss25/install/safety_control:/home/pi/ss25/install/project:/home/pi/ss25/install/my_slam:/home/pi/ss25/install/my_motor_driver:/home/pi/ss25/install/final:/home/pi/ss25/install/description:/home/pi/ss25/install/bringup_pkg:/home/pi/ss25/src/summary/install/summary:/home/pi/ss25/src/install/wheel_odometry:/home/pi/ss25/src/install/summary:/home/pi/ss25/src/install/sllidar_ros2:/home/pi/ss25/src/install/safety_control:/home/pi/ss25/src/install/project:/home/pi/ss25/src/install/my_motor_driver:/home/pi/ss25/src/install/description:/home/pi/ss25/src/install/bringup_pkg:/home/pi/install/summary:/home/pi/demo_testing_9_april/seav/install/yolov8_ros:/home/pi/demo_testing_9_april/seav/install/static_tf_publisher:/home/pi/demo_testing_9_april/seav/install/seav_test_sensors:/home/pi/demo_testing_9_april/seav/install/seav_simulation:/home/pi/demo_testing_9_april/seav/install/seav_description:/home/pi/demo_testing_9_april/seav/install/rplidar_ros:/home/pi/demo_testing_9_april/seav/install/my_robot_controller:/home/pi/demo_testing_9_april/seav/install/my_nav2_pkg:/opt/ros/humble', 'SHELL': '/bin/bash', 'LC_NAME': 'en_US.UTF-8', 'LESSCLOSE': '/usr/bin/lesspipe %s %s', 'LC_MEASUREMENT': 'en_US.UTF-8', 'LC_IDENTIFICATION': 'en_US.UTF-8', 'PWD': '/home/pi/seav2/build/robot_cam_ros', 'LC_ALL': 'en_US.UTF-8', 'SSH_CONNECTION': '192.168.0.105 41494 192.168.0.210 22', 'XDG_DATA_DIRS': '/usr/local/share:/usr/share:/var/lib/snapd/desktop', 'PYTHONPATH': '/home/pi/seav2/build/robot_cam_ros/prefix_override:/usr/lib/python3/dist-packages/colcon_core/task/python/colcon_distutils_commands:/home/pi/seav2/install/robot_cam_ros/lib/python3.10/site-packages:/home/pi/seav2/build/robot_cam_ros:/home/pi/seav2/build/ball_tracker:/home/pi/seav2/build/seav2_imu:/home/pi/seav2/install/seav2_imu/lib/python3.10/site-packages:/home/pi/seav2/install/robot_cam_ros/lib/python3.10/site-packages:/home/pi/seav2/install/ball_tracker/lib/python3.10/site-packages:/home/pi/ss25/install/wheel_odometry/lib/python3.10/site-packages:/home/pi/ss25/install/vup_2k7/lib/python3.10/site-packages:/home/pi/ss25/install/summary/lib/python3.10/site-packages:/home/pi/ss25/install/safety_control/lib/python3.10/site-packages:/home/pi/ss25/install/project/lib/python3.10/site-packages:/home/pi/ss25/install/my_slam/lib/python3.10/site-packages:/home/pi/ss25/install/my_motor_driver/lib/python3.10/site-packages:/home/pi/ss25/install/final/lib/python3.10/site-packages:/home/pi/ss25/install/description/lib/python3.10/site-packages:/home/pi/ss25/install/bringup_pkg/lib/python3.10/site-packages:/home/pi/ss25/src/summary/install/summary/lib/python3.10/site-packages:/home/pi/ss25/src/install/wheel_odometry/lib/python3.10/site-packages:/home/pi/ss25/src/install/summary/lib/python3.10/site-packages:/home/pi/ss25/src/install/safety_control/lib/python3.10/site-packages:/home/pi/ss25/src/install/project/lib/python3.10/site-packages:/home/pi/ss25/src/install/my_motor_driver/lib/python3.10/site-packages:/home/pi/ss25/src/install/description/lib/python3.10/site-packages:/home/pi/ss25/src/install/bringup_pkg/lib/python3.10/site-packages:/home/pi/install/summary/lib/python3.10/site-packages:/home/pi/demo_testing_9_april/seav/install/yolov8_ros/lib/python3.10/site-packages:/home/pi/demo_testing_9_april/seav/install/static_tf_publisher/lib/python3.10/site-packages:/home/pi/demo_testing_9_april/seav/install/seav_test_sensors/lib/python3.10/site-packages:/home/pi/demo_testing_9_april/seav/install/my_robot_controller/lib/python3.10/site-packages:/opt/ros/humble/lib/python3.10/site-packages:/opt/ros/humble/local/lib/python3.10/dist-packages', 'ROS_HOSTNAME': '192.168.137.192', 'LC_NUMERIC': 'en_US.UTF-8', 'LC_PAPER': 'en_US.UTF-8', 'COLCON': '1', 'CMAKE_PREFIX_PATH': '/home/pi/seav2/install/carlikebot_ros2_control:/home/pi/seav2/install/serial:/home/pi/seav2/install/seav2:/home/pi/seav2/install/ros2_control_demo_description:/home/pi/ss25/install/sllidar_ros2:/home/pi/ss25/src/install/sllidar_ros2:/home/pi/demo_testing_9_april/seav/install/seav_simulation:/home/pi/demo_testing_9_april/seav/install/seav_description:/home/pi/demo_testing_9_april/seav/install/rplidar_ros:/home/pi/demo_testing_9_april/seav/install/my_nav2_pkg'}, 'shell': False}
[15.653389] (seav2) StdoutLine: {'line': b'-- Up-to-date symlink: /home/pi/seav2/install/seav2/share/seav2/launch/ekf.launch.py\n'}
[15.659040] (seav2) StdoutLine: {'line': b'-- Up-to-date symlink: /home/pi/seav2/install/seav2/share/seav2/launch/imu_tf.launch.py\n'}
[15.663790] (seav2) StdoutLine: {'line': b'-- Up-to-date symlink: /home/pi/seav2/install/seav2/share/seav2/launch/joystick.launch.py\n'}
[15.678883] (seav2) StdoutLine: {'line': b'-- Up-to-date symlink: /home/pi/seav2/install/seav2/share/seav2/launch/launch_robot.launch.py\n'}
[15.680240] (seav2) StdoutLine: {'line': b'-- Up-to-date symlink: /home/pi/seav2/install/seav2/share/seav2/launch/launch_sim.launch.py\n'}
[15.685794] (seav2) StdoutLine: {'line': b'-- Up-to-date symlink: /home/pi/seav2/install/seav2/share/seav2/launch/localization_launch.py\n'}
[15.691277] (seav2) StdoutLine: {'line': b'-- Up-to-date symlink: /home/pi/seav2/install/seav2/share/seav2/launch/navigation_launch.py\n'}
[15.692656] (-) TimerEvent: {}
[15.698207] (seav2) StdoutLine: {'line': b'-- Up-to-date symlink: /home/pi/seav2/install/seav2/share/seav2/launch/online_async_launch.py\n'}
[15.703733] (seav2) StdoutLine: {'line': b'-- Up-to-date symlink: /home/pi/seav2/install/seav2/share/seav2/launch/rplidar.launch.py\n'}
[15.708196] (seav2) StdoutLine: {'line': b'-- Up-to-date symlink: /home/pi/seav2/install/seav2/share/seav2/launch/rsp.launch.py\n'}
[15.715708] (seav2) StdoutLine: {'line': b'-- Up-to-date symlink: /home/pi/seav2/install/seav2/share/seav2/worlds/empty.world\n'}
[15.720518] (seav2) StdoutLine: {'line': b'-- Up-to-date symlink: /home/pi/seav2/install/seav2/share/seav2/worlds/obstacles.world\n'}
[15.729320] (seav2) StdoutLine: {'line': b'-- Up-to-date symlink: /home/pi/seav2/install/seav2/share/ament_index/resource_index/package_run_dependencies/seav2\n'}
[15.742232] (seav2) StdoutLine: {'line': b'-- Up-to-date symlink: /home/pi/seav2/install/seav2/share/ament_index/resource_index/parent_prefix_path/seav2\n'}
[15.743807] (seav2) StdoutLine: {'line': b'-- Up-to-date symlink: /home/pi/seav2/install/seav2/share/seav2/environment/ament_prefix_path.sh\n'}
[15.745221] (seav2) StdoutLine: {'line': b'-- Up-to-date symlink: /home/pi/seav2/install/seav2/share/seav2/environment/ament_prefix_path.dsv\n'}
[15.761785] (seav2) StdoutLine: {'line': b'-- Up-to-date symlink: /home/pi/seav2/install/seav2/share/seav2/environment/path.sh\n'}
[15.767265] (seav2) StdoutLine: {'line': b'-- Up-to-date symlink: /home/pi/seav2/install/seav2/share/seav2/environment/path.dsv\n'}
[15.768518] (seav2) StdoutLine: {'line': b'-- Up-to-date symlink: /home/pi/seav2/install/seav2/share/seav2/local_setup.bash\n'}
[15.782386] (seav2) StdoutLine: {'line': b'-- Up-to-date symlink: /home/pi/seav2/install/seav2/share/seav2/local_setup.sh\n'}
[15.783811] (seav2) StdoutLine: {'line': b'-- Up-to-date symlink: /home/pi/seav2/install/seav2/share/seav2/local_setup.zsh\n'}
[15.785291] (seav2) StdoutLine: {'line': b'-- Up-to-date symlink: /home/pi/seav2/install/seav2/share/seav2/local_setup.dsv\n'}
[15.787410] (seav2) StdoutLine: {'line': b'-- Symlinking: /home/pi/seav2/install/seav2/share/seav2/package.dsv\n'}
[15.804667] (-) TimerEvent: {}
[15.908590] (seav2) StdoutLine: {'line': b'-- Up-to-date symlink: /home/pi/seav2/install/seav2/share/ament_index/resource_index/packages/seav2\n'}
[15.911802] (-) TimerEvent: {}
[15.914494] (seav2) StdoutLine: {'line': b'-- Up-to-date symlink: /home/pi/seav2/install/seav2/share/seav2/cmake/seav2Config.cmake\n'}
[15.920190] (seav2) StdoutLine: {'line': b'-- Up-to-date symlink: /home/pi/seav2/install/seav2/share/seav2/cmake/seav2Config-version.cmake\n'}
[15.927193] (seav2) StdoutLine: {'line': b'-- Up-to-date symlink: /home/pi/seav2/install/seav2/share/seav2/package.xml\n'}
[15.950822] (seav2) CommandEnded: {'returncode': 0}
[16.012105] (-) TimerEvent: {}
[16.114370] (-) TimerEvent: {}
[16.219862] (-) TimerEvent: {}
[16.327054] (-) TimerEvent: {}
[16.345730] (seav2) JobEnded: {'identifier': 'seav2', 'rc': 0}
[16.354573] (v4l2_camera) JobStarted: {'identifier': 'v4l2_camera'}
[16.428883] (-) TimerEvent: {}
[16.532373] (-) TimerEvent: {}
[16.559022] (v4l2_camera) JobProgress: {'identifier': 'v4l2_camera', 'progress': 'cmake'}
[16.568953] (v4l2_camera) JobProgress: {'identifier': 'v4l2_camera', 'progress': 'build'}
[16.573046] (v4l2_camera) Command: {'cmd': ['/usr/bin/cmake', '--build', '/home/pi/seav2/build/v4l2_camera', '--', '-j4', '-l4'], 'cwd': '/home/pi/seav2/build/v4l2_camera', 'env': OrderedDict([('LESSOPEN', '| /usr/bin/lesspipe %s'), ('USER', 'pi'), ('SSH_CLIENT', '192.168.0.105 41494 22'), ('LC_TIME', 'en_US.UTF-8'), ('XDG_SESSION_TYPE', 'tty'), ('SHLVL', '1'), ('LD_LIBRARY_PATH', '/home/pi/seav2/install/carlikebot_ros2_control/lib:/home/pi/seav2/install/serial/lib:/opt/ros/humble/opt/rviz_ogre_vendor/lib:/opt/ros/humble/lib/aarch64-linux-gnu:/opt/ros/humble/lib'), ('MOTD_SHOWN', 'pam'), ('HOME', '/home/pi'), ('OLDPWD', '/home/pi/seav2'), ('SSH_TTY', '/dev/pts/0'), ('ROS_PYTHON_VERSION', '3'), ('LC_MONETARY', 'en_US.UTF-8'), ('ROS_IP', '192.168.137.192'), ('DBUS_SESSION_BUS_ADDRESS', 'unix:path=/run/user/1000/bus'), ('QT_QPA_PLATFORM_PLUGIN_PATH', '/home/your_username/.local/lib/python3.10/site-packages/cv2/qt/plugins'), ('COLCON_PREFIX_PATH', '/home/pi/seav2/install:/home/pi/ss25/install:/home/pi/ss25/src/description/description/install:/home/pi/ss25/src/summary/install:/home/pi/ss25/src/install:/home/pi/demo_testing_9_april/seav/install:/home/pi/install'), ('ROS_DISTRO', 'humble'), ('LOGNAME', 'pi'), ('_', '/usr/bin/colcon'), ('ROS_VERSION', '2'), ('XDG_SESSION_CLASS', 'user'), ('TERM', 'xterm-256color'), ('XDG_SESSION_ID', '1'), ('ROS_LOCALHOST_ONLY', '0'), ('PATH', '/home/pi/.local/bin:/home/pi/.local/bin:/opt/ros/humble/bin:/usr/local/sbin:/usr/local/bin:/usr/sbin:/usr/bin:/sbin:/bin:/usr/games:/usr/local/games:/snap/bin'), ('LC_ADDRESS', 'en_US.UTF-8'), ('XDG_RUNTIME_DIR', '/run/user/1000'), ('DISPLAY', 'localhost:10.0'), ('LANG', 'en_US.UTF-8'), ('LC_TELEPHONE', 'en_US.UTF-8'), ('LS_COLORS', 'rs=0:di=01;34:ln=01;36:mh=00:pi=40;33:so=01;35:do=01;35:bd=40;33;01:cd=40;33;01:or=40;31;01:mi=00:su=37;41:sg=30;43:ca=30;41:tw=30;42:ow=34;42:st=37;44:ex=01;32:*.tar=01;31:*.tgz=01;31:*.arc=01;31:*.arj=01;31:*.taz=01;31:*.lha=01;31:*.lz4=01;31:*.lzh=01;31:*.lzma=01;31:*.tlz=01;31:*.txz=01;31:*.tzo=01;31:*.t7z=01;31:*.zip=01;31:*.z=01;31:*.dz=01;31:*.gz=01;31:*.lrz=01;31:*.lz=01;31:*.lzo=01;31:*.xz=01;31:*.zst=01;31:*.tzst=01;31:*.bz2=01;31:*.bz=01;31:*.tbz=01;31:*.tbz2=01;31:*.tz=01;31:*.deb=01;31:*.rpm=01;31:*.jar=01;31:*.war=01;31:*.ear=01;31:*.sar=01;31:*.rar=01;31:*.alz=01;31:*.ace=01;31:*.zoo=01;31:*.cpio=01;31:*.7z=01;31:*.rz=01;31:*.cab=01;31:*.wim=01;31:*.swm=01;31:*.dwm=01;31:*.esd=01;31:*.jpg=01;35:*.jpeg=01;35:*.mjpg=01;35:*.mjpeg=01;35:*.gif=01;35:*.bmp=01;35:*.pbm=01;35:*.pgm=01;35:*.ppm=01;35:*.tga=01;35:*.xbm=01;35:*.xpm=01;35:*.tif=01;35:*.tiff=01;35:*.png=01;35:*.svg=01;35:*.svgz=01;35:*.mng=01;35:*.pcx=01;35:*.mov=01;35:*.mpg=01;35:*.mpeg=01;35:*.m2v=01;35:*.mkv=01;35:*.webm=01;35:*.webp=01;35:*.ogm=01;35:*.mp4=01;35:*.m4v=01;35:*.mp4v=01;35:*.vob=01;35:*.qt=01;35:*.nuv=01;35:*.wmv=01;35:*.asf=01;35:*.rm=01;35:*.rmvb=01;35:*.flc=01;35:*.avi=01;35:*.fli=01;35:*.flv=01;35:*.gl=01;35:*.dl=01;35:*.xcf=01;35:*.xwd=01;35:*.yuv=01;35:*.cgm=01;35:*.emf=01;35:*.ogv=01;35:*.ogx=01;35:*.aac=00;36:*.au=00;36:*.flac=00;36:*.m4a=00;36:*.mid=00;36:*.midi=00;36:*.mka=00;36:*.mp3=00;36:*.mpc=00;36:*.ogg=00;36:*.ra=00;36:*.wav=00;36:*.oga=00;36:*.opus=00;36:*.spx=00;36:*.xspf=00;36:'), ('ROS_DOMAIN_ID', '0'), ('AMENT_PREFIX_PATH', '/home/pi/seav2/install/carlikebot_ros2_control:/home/pi/seav2/install/serial:/home/pi/seav2/install/seav2_imu:/home/pi/seav2/install/seav2:/home/pi/seav2/install/ros2_control_demo_description:/home/pi/seav2/install/robot_cam_ros:/home/pi/seav2/install/ball_tracker:/home/pi/ss25/install/wheel_odometry:/home/pi/ss25/install/vup_2k7:/home/pi/ss25/install/summary:/home/pi/ss25/install/sllidar_ros2:/home/pi/ss25/install/safety_control:/home/pi/ss25/install/project:/home/pi/ss25/install/my_slam:/home/pi/ss25/install/my_motor_driver:/home/pi/ss25/install/final:/home/pi/ss25/install/description:/home/pi/ss25/install/bringup_pkg:/home/pi/ss25/src/summary/install/summary:/home/pi/ss25/src/install/wheel_odometry:/home/pi/ss25/src/install/summary:/home/pi/ss25/src/install/sllidar_ros2:/home/pi/ss25/src/install/safety_control:/home/pi/ss25/src/install/project:/home/pi/ss25/src/install/my_motor_driver:/home/pi/ss25/src/install/description:/home/pi/ss25/src/install/bringup_pkg:/home/pi/install/summary:/home/pi/demo_testing_9_april/seav/install/yolov8_ros:/home/pi/demo_testing_9_april/seav/install/static_tf_publisher:/home/pi/demo_testing_9_april/seav/install/seav_test_sensors:/home/pi/demo_testing_9_april/seav/install/seav_simulation:/home/pi/demo_testing_9_april/seav/install/seav_description:/home/pi/demo_testing_9_april/seav/install/rplidar_ros:/home/pi/demo_testing_9_april/seav/install/my_robot_controller:/home/pi/demo_testing_9_april/seav/install/my_nav2_pkg:/opt/ros/humble'), ('SHELL', '/bin/bash'), ('LC_NAME', 'en_US.UTF-8'), ('LESSCLOSE', '/usr/bin/lesspipe %s %s'), ('LC_MEASUREMENT', 'en_US.UTF-8'), ('LC_IDENTIFICATION', 'en_US.UTF-8'), ('PWD', '/home/pi/seav2/build/v4l2_camera'), ('LC_ALL', 'en_US.UTF-8'), ('SSH_CONNECTION', '192.168.0.105 41494 192.168.0.210 22'), ('XDG_DATA_DIRS', '/usr/local/share:/usr/share:/var/lib/snapd/desktop'), ('PYTHONPATH', '/home/pi/seav2/build/robot_cam_ros:/home/pi/seav2/build/ball_tracker:/home/pi/seav2/build/seav2_imu:/home/pi/seav2/install/seav2_imu/lib/python3.10/site-packages:/home/pi/seav2/install/robot_cam_ros/lib/python3.10/site-packages:/home/pi/seav2/install/ball_tracker/lib/python3.10/site-packages:/home/pi/ss25/install/wheel_odometry/lib/python3.10/site-packages:/home/pi/ss25/install/vup_2k7/lib/python3.10/site-packages:/home/pi/ss25/install/summary/lib/python3.10/site-packages:/home/pi/ss25/install/safety_control/lib/python3.10/site-packages:/home/pi/ss25/install/project/lib/python3.10/site-packages:/home/pi/ss25/install/my_slam/lib/python3.10/site-packages:/home/pi/ss25/install/my_motor_driver/lib/python3.10/site-packages:/home/pi/ss25/install/final/lib/python3.10/site-packages:/home/pi/ss25/install/description/lib/python3.10/site-packages:/home/pi/ss25/install/bringup_pkg/lib/python3.10/site-packages:/home/pi/ss25/src/summary/install/summary/lib/python3.10/site-packages:/home/pi/ss25/src/install/wheel_odometry/lib/python3.10/site-packages:/home/pi/ss25/src/install/summary/lib/python3.10/site-packages:/home/pi/ss25/src/install/safety_control/lib/python3.10/site-packages:/home/pi/ss25/src/install/project/lib/python3.10/site-packages:/home/pi/ss25/src/install/my_motor_driver/lib/python3.10/site-packages:/home/pi/ss25/src/install/description/lib/python3.10/site-packages:/home/pi/ss25/src/install/bringup_pkg/lib/python3.10/site-packages:/home/pi/install/summary/lib/python3.10/site-packages:/home/pi/demo_testing_9_april/seav/install/yolov8_ros/lib/python3.10/site-packages:/home/pi/demo_testing_9_april/seav/install/static_tf_publisher/lib/python3.10/site-packages:/home/pi/demo_testing_9_april/seav/install/seav_test_sensors/lib/python3.10/site-packages:/home/pi/demo_testing_9_april/seav/install/my_robot_controller/lib/python3.10/site-packages:/opt/ros/humble/lib/python3.10/site-packages:/opt/ros/humble/local/lib/python3.10/dist-packages'), ('ROS_HOSTNAME', '192.168.137.192'), ('LC_NUMERIC', 'en_US.UTF-8'), ('LC_PAPER', 'en_US.UTF-8'), ('COLCON', '1'), ('CMAKE_PREFIX_PATH', '/home/pi/seav2/install/carlikebot_ros2_control:/home/pi/seav2/install/serial:/home/pi/seav2/install/seav2:/home/pi/seav2/install/ros2_control_demo_description:/home/pi/ss25/install/sllidar_ros2:/home/pi/ss25/src/install/sllidar_ros2:/home/pi/demo_testing_9_april/seav/install/seav_simulation:/home/pi/demo_testing_9_april/seav/install/seav_description:/home/pi/demo_testing_9_april/seav/install/rplidar_ros:/home/pi/demo_testing_9_april/seav/install/my_nav2_pkg:/home/pi/seav2/install/seav2_imu:/home/pi/seav2/install/robot_cam_ros:/home/pi/seav2/install/ball_tracker:/home/pi/ss25/install/wheel_odometry:/home/pi/ss25/install/vup_2k7:/home/pi/ss25/install/summary:/home/pi/ss25/install/safety_control:/home/pi/ss25/install/project:/home/pi/ss25/install/my_slam:/home/pi/ss25/install/my_motor_driver:/home/pi/ss25/install/final:/home/pi/ss25/install/description:/home/pi/ss25/install/bringup_pkg:/home/pi/ss25/src/summary/install/summary:/home/pi/ss25/src/install/wheel_odometry:/home/pi/ss25/src/install/summary:/home/pi/ss25/src/install/safety_control:/home/pi/ss25/src/install/project:/home/pi/ss25/src/install/my_motor_driver:/home/pi/ss25/src/install/description:/home/pi/ss25/src/install/bringup_pkg:/home/pi/install/summary:/home/pi/demo_testing_9_april/seav/install/yolov8_ros:/home/pi/demo_testing_9_april/seav/install/static_tf_publisher:/home/pi/demo_testing_9_april/seav/install/seav_test_sensors:/home/pi/demo_testing_9_april/seav/install/my_robot_controller:/opt/ros/humble')]), 'shell': False}
[16.632913] (-) TimerEvent: {}
[16.734504] (-) TimerEvent: {}
[16.836081] (-) TimerEvent: {}
[16.937616] (-) TimerEvent: {}
[17.039141] (-) TimerEvent: {}
[17.140707] (-) TimerEvent: {}
[17.243031] (-) TimerEvent: {}
[17.345484] (-) TimerEvent: {}
[17.411154] (v4l2_camera) StdoutLine: {'line': b'[ 12%] \x1b[32mBuilding CXX object CMakeFiles/v4l2_camera.dir/src/v4l2_camera.cpp.o\x1b[0m\n'}
[17.445781] (-) TimerEvent: {}
[17.547276] (-) TimerEvent: {}
[17.648815] (-) TimerEvent: {}
[17.750337] (-) TimerEvent: {}
[17.852749] (-) TimerEvent: {}
[17.954619] (-) TimerEvent: {}
[18.056188] (-) TimerEvent: {}
[18.157724] (-) TimerEvent: {}
[18.259243] (-) TimerEvent: {}
[18.360715] (-) TimerEvent: {}
[18.462270] (-) TimerEvent: {}
[18.563788] (-) TimerEvent: {}
[18.665348] (-) TimerEvent: {}
[18.766821] (-) TimerEvent: {}
[18.869187] (-) TimerEvent: {}
[18.970693] (-) TimerEvent: {}
[19.072214] (-) TimerEvent: {}
[19.173990] (-) TimerEvent: {}
[19.277687] (-) TimerEvent: {}
[19.381543] (-) TimerEvent: {}
[19.485299] (-) TimerEvent: {}
[19.588941] (-) TimerEvent: {}
[19.692373] (-) TimerEvent: {}
[19.796098] (-) TimerEvent: {}
[19.899743] (-) TimerEvent: {}
[20.003355] (-) TimerEvent: {}
[20.107185] (-) TimerEvent: {}
[20.211196] (-) TimerEvent: {}
[20.312331] (ball_tracker) StderrLine: {'line': b"/usr/lib/python3/dist-packages/setuptools/dist.py:723: UserWarning: Usage of dash-separated 'script-dir' will not be supported in future versions. Please use the underscore name 'script_dir' instead\n"}
[20.314937] (-) TimerEvent: {}
[20.318298] (ball_tracker) StderrLine: {'line': b'  warnings.warn(\n'}
[20.415286] (-) TimerEvent: {}
[20.429108] (ball_tracker) StdoutLine: {'line': b'running egg_info\n'}
[20.438663] (ball_tracker) StdoutLine: {'line': b'writing ../../build/ball_tracker/ball_tracker.egg-info/PKG-INFO\n'}
[20.444848] (ball_tracker) StdoutLine: {'line': b'writing dependency_links to ../../build/ball_tracker/ball_tracker.egg-info/dependency_links.txt\n'}
[20.453091] (ball_tracker) StdoutLine: {'line': b'writing entry points to ../../build/ball_tracker/ball_tracker.egg-info/entry_points.txt\n'}
[20.454411] (ball_tracker) StdoutLine: {'line': b'writing requirements to ../../build/ball_tracker/ball_tracker.egg-info/requires.txt\n'}
[20.455554] (ball_tracker) StdoutLine: {'line': b'writing top-level names to ../../build/ball_tracker/ball_tracker.egg-info/top_level.txt\n'}
[20.477803] (ball_tracker) StdoutLine: {'line': b"reading manifest file '../../build/ball_tracker/ball_tracker.egg-info/SOURCES.txt'\n"}
[20.490126] (ball_tracker) StdoutLine: {'line': b"writing manifest file '../../build/ball_tracker/ball_tracker.egg-info/SOURCES.txt'\n"}
[20.493979] (ball_tracker) StdoutLine: {'line': b'running build\n'}
[20.495201] (ball_tracker) StdoutLine: {'line': b'running build_py\n'}
[20.499980] (ball_tracker) StdoutLine: {'line': b'running install\n'}
[20.503613] (ball_tracker) StdoutLine: {'line': b'running install_lib\n'}
[20.515587] (-) TimerEvent: {}
[20.526009] (ball_tracker) StdoutLine: {'line': b'running install_data\n'}
[20.529699] (ball_tracker) StdoutLine: {'line': b'running install_egg_info\n'}
[20.552402] (ball_tracker) StdoutLine: {'line': b"removing '/home/pi/seav2/install/ball_tracker/lib/python3.10/site-packages/ball_tracker-0.0.0-py3.10.egg-info' (and everything under it)\n"}
[20.557479] (ball_tracker) StdoutLine: {'line': b'Copying ../../build/ball_tracker/ball_tracker.egg-info to /home/pi/seav2/install/ball_tracker/lib/python3.10/site-packages/ball_tracker-0.0.0-py3.10.egg-info\n'}
[20.574758] (ball_tracker) StdoutLine: {'line': b'running install_scripts\n'}
[20.615913] (-) TimerEvent: {}
[20.721317] (-) TimerEvent: {}
[20.825433] (-) TimerEvent: {}
[20.901683] (ball_tracker) StdoutLine: {'line': b'Installing detect_ball script to /home/pi/seav2/install/ball_tracker/lib/ball_tracker\n'}
[20.906409] (ball_tracker) StdoutLine: {'line': b'Installing detect_ball_3d script to /home/pi/seav2/install/ball_tracker/lib/ball_tracker\n'}
[20.907957] (ball_tracker) StdoutLine: {'line': b'Installing follow_ball script to /home/pi/seav2/install/ball_tracker/lib/ball_tracker\n'}
[20.912253] (ball_tracker) StdoutLine: {'line': b"writing list of installed files to '/home/pi/seav2/build/ball_tracker/install.log'\n"}
[20.920144] (robot_cam_ros) StdoutLine: {'line': b'running egg_info\n'}
[20.929839] (robot_cam_ros) StdoutLine: {'line': b'writing ../../build/robot_cam_ros/robot_cam_ros.egg-info/PKG-INFO\n'}
[20.932638] (-) TimerEvent: {}
[20.943781] (robot_cam_ros) StdoutLine: {'line': b'writing dependency_links to ../../build/robot_cam_ros/robot_cam_ros.egg-info/dependency_links.txt\n'}
[20.946025] (robot_cam_ros) StdoutLine: {'line': b'writing entry points to ../../build/robot_cam_ros/robot_cam_ros.egg-info/entry_points.txt\n'}
[20.948055] (robot_cam_ros) StdoutLine: {'line': b'writing requirements to ../../build/robot_cam_ros/robot_cam_ros.egg-info/requires.txt\n'}
[20.967541] (robot_cam_ros) StdoutLine: {'line': b'writing top-level names to ../../build/robot_cam_ros/robot_cam_ros.egg-info/top_level.txt\n'}
[20.968733] (robot_cam_ros) StdoutLine: {'line': b"reading manifest file '../../build/robot_cam_ros/robot_cam_ros.egg-info/SOURCES.txt'\n"}
[20.978503] (robot_cam_ros) StdoutLine: {'line': b"writing manifest file '../../build/robot_cam_ros/robot_cam_ros.egg-info/SOURCES.txt'\n"}
[20.981933] (robot_cam_ros) StdoutLine: {'line': b'running build\n'}
[20.984454] (robot_cam_ros) StdoutLine: {'line': b'running build_py\n'}
[20.989199] (robot_cam_ros) StdoutLine: {'line': b'running install\n'}
[20.993269] (robot_cam_ros) StdoutLine: {'line': b'running install_lib\n'}
[21.021930] (robot_cam_ros) StdoutLine: {'line': b'running install_data\n'}
[21.028770] (robot_cam_ros) StdoutLine: {'line': b'running install_egg_info\n'}
[21.033251] (-) TimerEvent: {}
[21.061729] (robot_cam_ros) StdoutLine: {'line': b"removing '/home/pi/seav2/install/robot_cam_ros/lib/python3.10/site-packages/robot_cam_ros-0.1.0-py3.10.egg-info' (and everything under it)\n"}
[21.083305] (robot_cam_ros) StdoutLine: {'line': b'Copying ../../build/robot_cam_ros/robot_cam_ros.egg-info to /home/pi/seav2/install/robot_cam_ros/lib/python3.10/site-packages/robot_cam_ros-0.1.0-py3.10.egg-info\n'}
[21.107616] (robot_cam_ros) StdoutLine: {'line': b'running install_scripts\n'}
[21.133545] (-) TimerEvent: {}
[21.182513] (ball_tracker) CommandEnded: {'returncode': 0}
[21.234738] (-) TimerEvent: {}
[21.327143] (ball_tracker) JobEnded: {'identifier': 'ball_tracker', 'rc': 0}
[21.335029] (-) TimerEvent: {}
[21.340782] (carlikebot_ros2_control) JobStarted: {'identifier': 'carlikebot_ros2_control'}
[21.435614] (-) TimerEvent: {}
[21.490323] (robot_cam_ros) StdoutLine: {'line': b'Installing follow_cam script to /home/pi/seav2/install/robot_cam_ros/lib/robot_cam_ros\n'}
[21.498243] (robot_cam_ros) StdoutLine: {'line': b"writing list of installed files to '/home/pi/seav2/build/robot_cam_ros/install.log'\n"}
[21.539605] (-) TimerEvent: {}
[21.618067] (seav2_imu) Command: {'cmd': ['/usr/bin/python3', '-W', 'ignore:setup.py install is deprecated', '-W', 'ignore:easy_install command is deprecated', 'setup.py', 'egg_info', '--egg-base', '../../build/seav2_imu', 'build', '--build-base', '/home/pi/seav2/build/seav2_imu/build', 'install', '--record', '/home/pi/seav2/build/seav2_imu/install.log', '--single-version-externally-managed', 'install_data'], 'cwd': '/home/pi/seav2/src/seav2_imu', 'env': {'LESSOPEN': '| /usr/bin/lesspipe %s', 'USER': 'pi', 'SSH_CLIENT': '192.168.0.105 41494 22', 'LC_TIME': 'en_US.UTF-8', 'XDG_SESSION_TYPE': 'tty', 'SHLVL': '1', 'LD_LIBRARY_PATH': '/home/pi/seav2/install/carlikebot_ros2_control/lib:/home/pi/seav2/install/serial/lib:/opt/ros/humble/opt/rviz_ogre_vendor/lib:/opt/ros/humble/lib/aarch64-linux-gnu:/opt/ros/humble/lib', 'MOTD_SHOWN': 'pam', 'HOME': '/home/pi', 'OLDPWD': '/home/pi/seav2', 'SSH_TTY': '/dev/pts/0', 'ROS_PYTHON_VERSION': '3', 'LC_MONETARY': 'en_US.UTF-8', 'ROS_IP': '192.168.137.192', 'DBUS_SESSION_BUS_ADDRESS': 'unix:path=/run/user/1000/bus', 'QT_QPA_PLATFORM_PLUGIN_PATH': '/home/your_username/.local/lib/python3.10/site-packages/cv2/qt/plugins', 'COLCON_PREFIX_PATH': '/home/pi/seav2/install:/home/pi/ss25/install:/home/pi/ss25/src/description/description/install:/home/pi/ss25/src/summary/install:/home/pi/ss25/src/install:/home/pi/demo_testing_9_april/seav/install:/home/pi/install', 'ROS_DISTRO': 'humble', 'LOGNAME': 'pi', '_': '/usr/bin/colcon', 'ROS_VERSION': '2', 'XDG_SESSION_CLASS': 'user', 'TERM': 'xterm-256color', 'XDG_SESSION_ID': '1', 'ROS_LOCALHOST_ONLY': '0', 'PATH': '/home/pi/.local/bin:/home/pi/.local/bin:/opt/ros/humble/bin:/usr/local/sbin:/usr/local/bin:/usr/sbin:/usr/bin:/sbin:/bin:/usr/games:/usr/local/games:/snap/bin', 'LC_ADDRESS': 'en_US.UTF-8', 'XDG_RUNTIME_DIR': '/run/user/1000', 'DISPLAY': 'localhost:10.0', 'LANG': 'en_US.UTF-8', 'LC_TELEPHONE': 'en_US.UTF-8', 'LS_COLORS': 'rs=0:di=01;34:ln=01;36:mh=00:pi=40;33:so=01;35:do=01;35:bd=40;33;01:cd=40;33;01:or=40;31;01:mi=00:su=37;41:sg=30;43:ca=30;41:tw=30;42:ow=34;42:st=37;44:ex=01;32:*.tar=01;31:*.tgz=01;31:*.arc=01;31:*.arj=01;31:*.taz=01;31:*.lha=01;31:*.lz4=01;31:*.lzh=01;31:*.lzma=01;31:*.tlz=01;31:*.txz=01;31:*.tzo=01;31:*.t7z=01;31:*.zip=01;31:*.z=01;31:*.dz=01;31:*.gz=01;31:*.lrz=01;31:*.lz=01;31:*.lzo=01;31:*.xz=01;31:*.zst=01;31:*.tzst=01;31:*.bz2=01;31:*.bz=01;31:*.tbz=01;31:*.tbz2=01;31:*.tz=01;31:*.deb=01;31:*.rpm=01;31:*.jar=01;31:*.war=01;31:*.ear=01;31:*.sar=01;31:*.rar=01;31:*.alz=01;31:*.ace=01;31:*.zoo=01;31:*.cpio=01;31:*.7z=01;31:*.rz=01;31:*.cab=01;31:*.wim=01;31:*.swm=01;31:*.dwm=01;31:*.esd=01;31:*.jpg=01;35:*.jpeg=01;35:*.mjpg=01;35:*.mjpeg=01;35:*.gif=01;35:*.bmp=01;35:*.pbm=01;35:*.pgm=01;35:*.ppm=01;35:*.tga=01;35:*.xbm=01;35:*.xpm=01;35:*.tif=01;35:*.tiff=01;35:*.png=01;35:*.svg=01;35:*.svgz=01;35:*.mng=01;35:*.pcx=01;35:*.mov=01;35:*.mpg=01;35:*.mpeg=01;35:*.m2v=01;35:*.mkv=01;35:*.webm=01;35:*.webp=01;35:*.ogm=01;35:*.mp4=01;35:*.m4v=01;35:*.mp4v=01;35:*.vob=01;35:*.qt=01;35:*.nuv=01;35:*.wmv=01;35:*.asf=01;35:*.rm=01;35:*.rmvb=01;35:*.flc=01;35:*.avi=01;35:*.fli=01;35:*.flv=01;35:*.gl=01;35:*.dl=01;35:*.xcf=01;35:*.xwd=01;35:*.yuv=01;35:*.cgm=01;35:*.emf=01;35:*.ogv=01;35:*.ogx=01;35:*.aac=00;36:*.au=00;36:*.flac=00;36:*.m4a=00;36:*.mid=00;36:*.midi=00;36:*.mka=00;36:*.mp3=00;36:*.mpc=00;36:*.ogg=00;36:*.ra=00;36:*.wav=00;36:*.oga=00;36:*.opus=00;36:*.spx=00;36:*.xspf=00;36:', 'ROS_DOMAIN_ID': '0', 'AMENT_PREFIX_PATH': '/home/pi/seav2/install/carlikebot_ros2_control:/home/pi/seav2/install/serial:/home/pi/seav2/install/seav2_imu:/home/pi/seav2/install/seav2:/home/pi/seav2/install/ros2_control_demo_description:/home/pi/seav2/install/robot_cam_ros:/home/pi/seav2/install/ball_tracker:/home/pi/ss25/install/wheel_odometry:/home/pi/ss25/install/vup_2k7:/home/pi/ss25/install/summary:/home/pi/ss25/install/sllidar_ros2:/home/pi/ss25/install/safety_control:/home/pi/ss25/install/project:/home/pi/ss25/install/my_slam:/home/pi/ss25/install/my_motor_driver:/home/pi/ss25/install/final:/home/pi/ss25/install/description:/home/pi/ss25/install/bringup_pkg:/home/pi/ss25/src/summary/install/summary:/home/pi/ss25/src/install/wheel_odometry:/home/pi/ss25/src/install/summary:/home/pi/ss25/src/install/sllidar_ros2:/home/pi/ss25/src/install/safety_control:/home/pi/ss25/src/install/project:/home/pi/ss25/src/install/my_motor_driver:/home/pi/ss25/src/install/description:/home/pi/ss25/src/install/bringup_pkg:/home/pi/install/summary:/home/pi/demo_testing_9_april/seav/install/yolov8_ros:/home/pi/demo_testing_9_april/seav/install/static_tf_publisher:/home/pi/demo_testing_9_april/seav/install/seav_test_sensors:/home/pi/demo_testing_9_april/seav/install/seav_simulation:/home/pi/demo_testing_9_april/seav/install/seav_description:/home/pi/demo_testing_9_april/seav/install/rplidar_ros:/home/pi/demo_testing_9_april/seav/install/my_robot_controller:/home/pi/demo_testing_9_april/seav/install/my_nav2_pkg:/opt/ros/humble', 'SHELL': '/bin/bash', 'LC_NAME': 'en_US.UTF-8', 'LESSCLOSE': '/usr/bin/lesspipe %s %s', 'LC_MEASUREMENT': 'en_US.UTF-8', 'LC_IDENTIFICATION': 'en_US.UTF-8', 'PWD': '/home/pi/seav2/build/seav2_imu', 'LC_ALL': 'en_US.UTF-8', 'SSH_CONNECTION': '192.168.0.105 41494 192.168.0.210 22', 'XDG_DATA_DIRS': '/usr/local/share:/usr/share:/var/lib/snapd/desktop', 'PYTHONPATH': '/home/pi/seav2/build/seav2_imu/prefix_override:/usr/lib/python3/dist-packages/colcon_core/task/python/colcon_distutils_commands:/home/pi/seav2/install/seav2_imu/lib/python3.10/site-packages:/home/pi/seav2/build/robot_cam_ros:/home/pi/seav2/build/ball_tracker:/home/pi/seav2/build/seav2_imu:/home/pi/seav2/install/seav2_imu/lib/python3.10/site-packages:/home/pi/seav2/install/robot_cam_ros/lib/python3.10/site-packages:/home/pi/seav2/install/ball_tracker/lib/python3.10/site-packages:/home/pi/ss25/install/wheel_odometry/lib/python3.10/site-packages:/home/pi/ss25/install/vup_2k7/lib/python3.10/site-packages:/home/pi/ss25/install/summary/lib/python3.10/site-packages:/home/pi/ss25/install/safety_control/lib/python3.10/site-packages:/home/pi/ss25/install/project/lib/python3.10/site-packages:/home/pi/ss25/install/my_slam/lib/python3.10/site-packages:/home/pi/ss25/install/my_motor_driver/lib/python3.10/site-packages:/home/pi/ss25/install/final/lib/python3.10/site-packages:/home/pi/ss25/install/description/lib/python3.10/site-packages:/home/pi/ss25/install/bringup_pkg/lib/python3.10/site-packages:/home/pi/ss25/src/summary/install/summary/lib/python3.10/site-packages:/home/pi/ss25/src/install/wheel_odometry/lib/python3.10/site-packages:/home/pi/ss25/src/install/summary/lib/python3.10/site-packages:/home/pi/ss25/src/install/safety_control/lib/python3.10/site-packages:/home/pi/ss25/src/install/project/lib/python3.10/site-packages:/home/pi/ss25/src/install/my_motor_driver/lib/python3.10/site-packages:/home/pi/ss25/src/install/description/lib/python3.10/site-packages:/home/pi/ss25/src/install/bringup_pkg/lib/python3.10/site-packages:/home/pi/install/summary/lib/python3.10/site-packages:/home/pi/demo_testing_9_april/seav/install/yolov8_ros/lib/python3.10/site-packages:/home/pi/demo_testing_9_april/seav/install/static_tf_publisher/lib/python3.10/site-packages:/home/pi/demo_testing_9_april/seav/install/seav_test_sensors/lib/python3.10/site-packages:/home/pi/demo_testing_9_april/seav/install/my_robot_controller/lib/python3.10/site-packages:/opt/ros/humble/lib/python3.10/site-packages:/opt/ros/humble/local/lib/python3.10/dist-packages', 'ROS_HOSTNAME': '192.168.137.192', 'LC_NUMERIC': 'en_US.UTF-8', 'LC_PAPER': 'en_US.UTF-8', 'COLCON': '1', 'CMAKE_PREFIX_PATH': '/home/pi/seav2/install/carlikebot_ros2_control:/home/pi/seav2/install/serial:/home/pi/seav2/install/seav2:/home/pi/seav2/install/ros2_control_demo_description:/home/pi/ss25/install/sllidar_ros2:/home/pi/ss25/src/install/sllidar_ros2:/home/pi/demo_testing_9_april/seav/install/seav_simulation:/home/pi/demo_testing_9_april/seav/install/seav_description:/home/pi/demo_testing_9_april/seav/install/rplidar_ros:/home/pi/demo_testing_9_april/seav/install/my_nav2_pkg'}, 'shell': False}
[21.648125] (-) TimerEvent: {}
[21.662143] (carlikebot_ros2_control) JobProgress: {'identifier': 'carlikebot_ros2_control', 'progress': 'cmake'}
[21.672647] (carlikebot_ros2_control) JobProgress: {'identifier': 'carlikebot_ros2_control', 'progress': 'build'}
[21.676903] (carlikebot_ros2_control) Command: {'cmd': ['/usr/bin/cmake', '--build', '/home/pi/seav2/build/carlikebot_ros2_control', '--', '-j4', '-l4'], 'cwd': '/home/pi/seav2/build/carlikebot_ros2_control', 'env': OrderedDict([('LESSOPEN', '| /usr/bin/lesspipe %s'), ('USER', 'pi'), ('SSH_CLIENT', '192.168.0.105 41494 22'), ('LC_TIME', 'en_US.UTF-8'), ('XDG_SESSION_TYPE', 'tty'), ('SHLVL', '1'), ('LD_LIBRARY_PATH', '/home/pi/seav2/install/carlikebot_ros2_control/lib:/home/pi/seav2/install/serial/lib:/opt/ros/humble/opt/rviz_ogre_vendor/lib:/opt/ros/humble/lib/aarch64-linux-gnu:/opt/ros/humble/lib'), ('MOTD_SHOWN', 'pam'), ('HOME', '/home/pi'), ('OLDPWD', '/home/pi/seav2'), ('SSH_TTY', '/dev/pts/0'), ('ROS_PYTHON_VERSION', '3'), ('LC_MONETARY', 'en_US.UTF-8'), ('ROS_IP', '192.168.137.192'), ('DBUS_SESSION_BUS_ADDRESS', 'unix:path=/run/user/1000/bus'), ('QT_QPA_PLATFORM_PLUGIN_PATH', '/home/your_username/.local/lib/python3.10/site-packages/cv2/qt/plugins'), ('COLCON_PREFIX_PATH', '/home/pi/seav2/install:/home/pi/ss25/install:/home/pi/ss25/src/description/description/install:/home/pi/ss25/src/summary/install:/home/pi/ss25/src/install:/home/pi/demo_testing_9_april/seav/install:/home/pi/install'), ('ROS_DISTRO', 'humble'), ('LOGNAME', 'pi'), ('_', '/usr/bin/colcon'), ('ROS_VERSION', '2'), ('XDG_SESSION_CLASS', 'user'), ('TERM', 'xterm-256color'), ('XDG_SESSION_ID', '1'), ('ROS_LOCALHOST_ONLY', '0'), ('PATH', '/home/pi/.local/bin:/home/pi/.local/bin:/opt/ros/humble/bin:/usr/local/sbin:/usr/local/bin:/usr/sbin:/usr/bin:/sbin:/bin:/usr/games:/usr/local/games:/snap/bin'), ('LC_ADDRESS', 'en_US.UTF-8'), ('XDG_RUNTIME_DIR', '/run/user/1000'), ('DISPLAY', 'localhost:10.0'), ('LANG', 'en_US.UTF-8'), ('LC_TELEPHONE', 'en_US.UTF-8'), ('LS_COLORS', 'rs=0:di=01;34:ln=01;36:mh=00:pi=40;33:so=01;35:do=01;35:bd=40;33;01:cd=40;33;01:or=40;31;01:mi=00:su=37;41:sg=30;43:ca=30;41:tw=30;42:ow=34;42:st=37;44:ex=01;32:*.tar=01;31:*.tgz=01;31:*.arc=01;31:*.arj=01;31:*.taz=01;31:*.lha=01;31:*.lz4=01;31:*.lzh=01;31:*.lzma=01;31:*.tlz=01;31:*.txz=01;31:*.tzo=01;31:*.t7z=01;31:*.zip=01;31:*.z=01;31:*.dz=01;31:*.gz=01;31:*.lrz=01;31:*.lz=01;31:*.lzo=01;31:*.xz=01;31:*.zst=01;31:*.tzst=01;31:*.bz2=01;31:*.bz=01;31:*.tbz=01;31:*.tbz2=01;31:*.tz=01;31:*.deb=01;31:*.rpm=01;31:*.jar=01;31:*.war=01;31:*.ear=01;31:*.sar=01;31:*.rar=01;31:*.alz=01;31:*.ace=01;31:*.zoo=01;31:*.cpio=01;31:*.7z=01;31:*.rz=01;31:*.cab=01;31:*.wim=01;31:*.swm=01;31:*.dwm=01;31:*.esd=01;31:*.jpg=01;35:*.jpeg=01;35:*.mjpg=01;35:*.mjpeg=01;35:*.gif=01;35:*.bmp=01;35:*.pbm=01;35:*.pgm=01;35:*.ppm=01;35:*.tga=01;35:*.xbm=01;35:*.xpm=01;35:*.tif=01;35:*.tiff=01;35:*.png=01;35:*.svg=01;35:*.svgz=01;35:*.mng=01;35:*.pcx=01;35:*.mov=01;35:*.mpg=01;35:*.mpeg=01;35:*.m2v=01;35:*.mkv=01;35:*.webm=01;35:*.webp=01;35:*.ogm=01;35:*.mp4=01;35:*.m4v=01;35:*.mp4v=01;35:*.vob=01;35:*.qt=01;35:*.nuv=01;35:*.wmv=01;35:*.asf=01;35:*.rm=01;35:*.rmvb=01;35:*.flc=01;35:*.avi=01;35:*.fli=01;35:*.flv=01;35:*.gl=01;35:*.dl=01;35:*.xcf=01;35:*.xwd=01;35:*.yuv=01;35:*.cgm=01;35:*.emf=01;35:*.ogv=01;35:*.ogx=01;35:*.aac=00;36:*.au=00;36:*.flac=00;36:*.m4a=00;36:*.mid=00;36:*.midi=00;36:*.mka=00;36:*.mp3=00;36:*.mpc=00;36:*.ogg=00;36:*.ra=00;36:*.wav=00;36:*.oga=00;36:*.opus=00;36:*.spx=00;36:*.xspf=00;36:'), ('ROS_DOMAIN_ID', '0'), ('AMENT_PREFIX_PATH', '/home/pi/seav2/install/carlikebot_ros2_control:/home/pi/seav2/install/serial:/home/pi/seav2/install/seav2_imu:/home/pi/seav2/install/seav2:/home/pi/seav2/install/ros2_control_demo_description:/home/pi/seav2/install/robot_cam_ros:/home/pi/seav2/install/ball_tracker:/home/pi/ss25/install/wheel_odometry:/home/pi/ss25/install/vup_2k7:/home/pi/ss25/install/summary:/home/pi/ss25/install/sllidar_ros2:/home/pi/ss25/install/safety_control:/home/pi/ss25/install/project:/home/pi/ss25/install/my_slam:/home/pi/ss25/install/my_motor_driver:/home/pi/ss25/install/final:/home/pi/ss25/install/description:/home/pi/ss25/install/bringup_pkg:/home/pi/ss25/src/summary/install/summary:/home/pi/ss25/src/install/wheel_odometry:/home/pi/ss25/src/install/summary:/home/pi/ss25/src/install/sllidar_ros2:/home/pi/ss25/src/install/safety_control:/home/pi/ss25/src/install/project:/home/pi/ss25/src/install/my_motor_driver:/home/pi/ss25/src/install/description:/home/pi/ss25/src/install/bringup_pkg:/home/pi/install/summary:/home/pi/demo_testing_9_april/seav/install/yolov8_ros:/home/pi/demo_testing_9_april/seav/install/static_tf_publisher:/home/pi/demo_testing_9_april/seav/install/seav_test_sensors:/home/pi/demo_testing_9_april/seav/install/seav_simulation:/home/pi/demo_testing_9_april/seav/install/seav_description:/home/pi/demo_testing_9_april/seav/install/rplidar_ros:/home/pi/demo_testing_9_april/seav/install/my_robot_controller:/home/pi/demo_testing_9_april/seav/install/my_nav2_pkg:/opt/ros/humble'), ('SHELL', '/bin/bash'), ('LC_NAME', 'en_US.UTF-8'), ('LESSCLOSE', '/usr/bin/lesspipe %s %s'), ('LC_MEASUREMENT', 'en_US.UTF-8'), ('LC_IDENTIFICATION', 'en_US.UTF-8'), ('PWD', '/home/pi/seav2/build/carlikebot_ros2_control'), ('LC_ALL', 'en_US.UTF-8'), ('SSH_CONNECTION', '192.168.0.105 41494 192.168.0.210 22'), ('XDG_DATA_DIRS', '/usr/local/share:/usr/share:/var/lib/snapd/desktop'), ('PYTHONPATH', '/home/pi/seav2/build/robot_cam_ros:/home/pi/seav2/build/ball_tracker:/home/pi/seav2/build/seav2_imu:/home/pi/seav2/install/seav2_imu/lib/python3.10/site-packages:/home/pi/seav2/install/robot_cam_ros/lib/python3.10/site-packages:/home/pi/seav2/install/ball_tracker/lib/python3.10/site-packages:/home/pi/ss25/install/wheel_odometry/lib/python3.10/site-packages:/home/pi/ss25/install/vup_2k7/lib/python3.10/site-packages:/home/pi/ss25/install/summary/lib/python3.10/site-packages:/home/pi/ss25/install/safety_control/lib/python3.10/site-packages:/home/pi/ss25/install/project/lib/python3.10/site-packages:/home/pi/ss25/install/my_slam/lib/python3.10/site-packages:/home/pi/ss25/install/my_motor_driver/lib/python3.10/site-packages:/home/pi/ss25/install/final/lib/python3.10/site-packages:/home/pi/ss25/install/description/lib/python3.10/site-packages:/home/pi/ss25/install/bringup_pkg/lib/python3.10/site-packages:/home/pi/ss25/src/summary/install/summary/lib/python3.10/site-packages:/home/pi/ss25/src/install/wheel_odometry/lib/python3.10/site-packages:/home/pi/ss25/src/install/summary/lib/python3.10/site-packages:/home/pi/ss25/src/install/safety_control/lib/python3.10/site-packages:/home/pi/ss25/src/install/project/lib/python3.10/site-packages:/home/pi/ss25/src/install/my_motor_driver/lib/python3.10/site-packages:/home/pi/ss25/src/install/description/lib/python3.10/site-packages:/home/pi/ss25/src/install/bringup_pkg/lib/python3.10/site-packages:/home/pi/install/summary/lib/python3.10/site-packages:/home/pi/demo_testing_9_april/seav/install/yolov8_ros/lib/python3.10/site-packages:/home/pi/demo_testing_9_april/seav/install/static_tf_publisher/lib/python3.10/site-packages:/home/pi/demo_testing_9_april/seav/install/seav_test_sensors/lib/python3.10/site-packages:/home/pi/demo_testing_9_april/seav/install/my_robot_controller/lib/python3.10/site-packages:/opt/ros/humble/lib/python3.10/site-packages:/opt/ros/humble/local/lib/python3.10/dist-packages'), ('ROS_HOSTNAME', '192.168.137.192'), ('LC_NUMERIC', 'en_US.UTF-8'), ('LC_PAPER', 'en_US.UTF-8'), ('COLCON', '1'), ('CMAKE_PREFIX_PATH', '/home/pi/seav2/install/serial:/home/pi/seav2/install/ros2_control_demo_description:/home/pi/seav2/install/carlikebot_ros2_control:/home/pi/seav2/install/seav2:/home/pi/ss25/install/sllidar_ros2:/home/pi/ss25/src/install/sllidar_ros2:/home/pi/demo_testing_9_april/seav/install/seav_simulation:/home/pi/demo_testing_9_april/seav/install/seav_description:/home/pi/demo_testing_9_april/seav/install/rplidar_ros:/home/pi/demo_testing_9_april/seav/install/my_nav2_pkg:/home/pi/seav2/install/seav2_imu:/home/pi/seav2/install/robot_cam_ros:/home/pi/seav2/install/ball_tracker:/home/pi/ss25/install/wheel_odometry:/home/pi/ss25/install/vup_2k7:/home/pi/ss25/install/summary:/home/pi/ss25/install/safety_control:/home/pi/ss25/install/project:/home/pi/ss25/install/my_slam:/home/pi/ss25/install/my_motor_driver:/home/pi/ss25/install/final:/home/pi/ss25/install/description:/home/pi/ss25/install/bringup_pkg:/home/pi/ss25/src/summary/install/summary:/home/pi/ss25/src/install/wheel_odometry:/home/pi/ss25/src/install/summary:/home/pi/ss25/src/install/safety_control:/home/pi/ss25/src/install/project:/home/pi/ss25/src/install/my_motor_driver:/home/pi/ss25/src/install/description:/home/pi/ss25/src/install/bringup_pkg:/home/pi/install/summary:/home/pi/demo_testing_9_april/seav/install/yolov8_ros:/home/pi/demo_testing_9_april/seav/install/static_tf_publisher:/home/pi/demo_testing_9_april/seav/install/seav_test_sensors:/home/pi/demo_testing_9_april/seav/install/my_robot_controller:/opt/ros/humble')]), 'shell': False}
[21.748511] (-) TimerEvent: {}
[21.773517] (robot_cam_ros) CommandEnded: {'returncode': 0}
[21.848755] (-) TimerEvent: {}
[21.861668] (robot_cam_ros) JobEnded: {'identifier': 'robot_cam_ros', 'rc': 0}
[21.949222] (-) TimerEvent: {}
[22.050700] (-) TimerEvent: {}
[22.153545] (-) TimerEvent: {}
[22.257305] (-) TimerEvent: {}
[22.360707] (-) TimerEvent: {}
[22.464605] (-) TimerEvent: {}
[22.474850] (carlikebot_ros2_control) StdoutLine: {'line': b'[100%] Built target carlikebot_ros2_control\n'}
[22.564903] (-) TimerEvent: {}
[22.588829] (carlikebot_ros2_control) CommandEnded: {'returncode': 0}
[22.621195] (carlikebot_ros2_control) JobProgress: {'identifier': 'carlikebot_ros2_control', 'progress': 'install'}
[22.621697] (carlikebot_ros2_control) Command: {'cmd': ['/usr/bin/cmake', '--install', '/home/pi/seav2/build/carlikebot_ros2_control'], 'cwd': '/home/pi/seav2/build/carlikebot_ros2_control', 'env': OrderedDict([('LESSOPEN', '| /usr/bin/lesspipe %s'), ('USER', 'pi'), ('SSH_CLIENT', '192.168.0.105 41494 22'), ('LC_TIME', 'en_US.UTF-8'), ('XDG_SESSION_TYPE', 'tty'), ('SHLVL', '1'), ('LD_LIBRARY_PATH', '/home/pi/seav2/install/carlikebot_ros2_control/lib:/home/pi/seav2/install/serial/lib:/opt/ros/humble/opt/rviz_ogre_vendor/lib:/opt/ros/humble/lib/aarch64-linux-gnu:/opt/ros/humble/lib'), ('MOTD_SHOWN', 'pam'), ('HOME', '/home/pi'), ('OLDPWD', '/home/pi/seav2'), ('SSH_TTY', '/dev/pts/0'), ('ROS_PYTHON_VERSION', '3'), ('LC_MONETARY', 'en_US.UTF-8'), ('ROS_IP', '192.168.137.192'), ('DBUS_SESSION_BUS_ADDRESS', 'unix:path=/run/user/1000/bus'), ('QT_QPA_PLATFORM_PLUGIN_PATH', '/home/your_username/.local/lib/python3.10/site-packages/cv2/qt/plugins'), ('COLCON_PREFIX_PATH', '/home/pi/seav2/install:/home/pi/ss25/install:/home/pi/ss25/src/description/description/install:/home/pi/ss25/src/summary/install:/home/pi/ss25/src/install:/home/pi/demo_testing_9_april/seav/install:/home/pi/install'), ('ROS_DISTRO', 'humble'), ('LOGNAME', 'pi'), ('_', '/usr/bin/colcon'), ('ROS_VERSION', '2'), ('XDG_SESSION_CLASS', 'user'), ('TERM', 'xterm-256color'), ('XDG_SESSION_ID', '1'), ('ROS_LOCALHOST_ONLY', '0'), ('PATH', '/home/pi/.local/bin:/home/pi/.local/bin:/opt/ros/humble/bin:/usr/local/sbin:/usr/local/bin:/usr/sbin:/usr/bin:/sbin:/bin:/usr/games:/usr/local/games:/snap/bin'), ('LC_ADDRESS', 'en_US.UTF-8'), ('XDG_RUNTIME_DIR', '/run/user/1000'), ('DISPLAY', 'localhost:10.0'), ('LANG', 'en_US.UTF-8'), ('LC_TELEPHONE', 'en_US.UTF-8'), ('LS_COLORS', 'rs=0:di=01;34:ln=01;36:mh=00:pi=40;33:so=01;35:do=01;35:bd=40;33;01:cd=40;33;01:or=40;31;01:mi=00:su=37;41:sg=30;43:ca=30;41:tw=30;42:ow=34;42:st=37;44:ex=01;32:*.tar=01;31:*.tgz=01;31:*.arc=01;31:*.arj=01;31:*.taz=01;31:*.lha=01;31:*.lz4=01;31:*.lzh=01;31:*.lzma=01;31:*.tlz=01;31:*.txz=01;31:*.tzo=01;31:*.t7z=01;31:*.zip=01;31:*.z=01;31:*.dz=01;31:*.gz=01;31:*.lrz=01;31:*.lz=01;31:*.lzo=01;31:*.xz=01;31:*.zst=01;31:*.tzst=01;31:*.bz2=01;31:*.bz=01;31:*.tbz=01;31:*.tbz2=01;31:*.tz=01;31:*.deb=01;31:*.rpm=01;31:*.jar=01;31:*.war=01;31:*.ear=01;31:*.sar=01;31:*.rar=01;31:*.alz=01;31:*.ace=01;31:*.zoo=01;31:*.cpio=01;31:*.7z=01;31:*.rz=01;31:*.cab=01;31:*.wim=01;31:*.swm=01;31:*.dwm=01;31:*.esd=01;31:*.jpg=01;35:*.jpeg=01;35:*.mjpg=01;35:*.mjpeg=01;35:*.gif=01;35:*.bmp=01;35:*.pbm=01;35:*.pgm=01;35:*.ppm=01;35:*.tga=01;35:*.xbm=01;35:*.xpm=01;35:*.tif=01;35:*.tiff=01;35:*.png=01;35:*.svg=01;35:*.svgz=01;35:*.mng=01;35:*.pcx=01;35:*.mov=01;35:*.mpg=01;35:*.mpeg=01;35:*.m2v=01;35:*.mkv=01;35:*.webm=01;35:*.webp=01;35:*.ogm=01;35:*.mp4=01;35:*.m4v=01;35:*.mp4v=01;35:*.vob=01;35:*.qt=01;35:*.nuv=01;35:*.wmv=01;35:*.asf=01;35:*.rm=01;35:*.rmvb=01;35:*.flc=01;35:*.avi=01;35:*.fli=01;35:*.flv=01;35:*.gl=01;35:*.dl=01;35:*.xcf=01;35:*.xwd=01;35:*.yuv=01;35:*.cgm=01;35:*.emf=01;35:*.ogv=01;35:*.ogx=01;35:*.aac=00;36:*.au=00;36:*.flac=00;36:*.m4a=00;36:*.mid=00;36:*.midi=00;36:*.mka=00;36:*.mp3=00;36:*.mpc=00;36:*.ogg=00;36:*.ra=00;36:*.wav=00;36:*.oga=00;36:*.opus=00;36:*.spx=00;36:*.xspf=00;36:'), ('ROS_DOMAIN_ID', '0'), ('AMENT_PREFIX_PATH', '/home/pi/seav2/install/carlikebot_ros2_control:/home/pi/seav2/install/serial:/home/pi/seav2/install/seav2_imu:/home/pi/seav2/install/seav2:/home/pi/seav2/install/ros2_control_demo_description:/home/pi/seav2/install/robot_cam_ros:/home/pi/seav2/install/ball_tracker:/home/pi/ss25/install/wheel_odometry:/home/pi/ss25/install/vup_2k7:/home/pi/ss25/install/summary:/home/pi/ss25/install/sllidar_ros2:/home/pi/ss25/install/safety_control:/home/pi/ss25/install/project:/home/pi/ss25/install/my_slam:/home/pi/ss25/install/my_motor_driver:/home/pi/ss25/install/final:/home/pi/ss25/install/description:/home/pi/ss25/install/bringup_pkg:/home/pi/ss25/src/summary/install/summary:/home/pi/ss25/src/install/wheel_odometry:/home/pi/ss25/src/install/summary:/home/pi/ss25/src/install/sllidar_ros2:/home/pi/ss25/src/install/safety_control:/home/pi/ss25/src/install/project:/home/pi/ss25/src/install/my_motor_driver:/home/pi/ss25/src/install/description:/home/pi/ss25/src/install/bringup_pkg:/home/pi/install/summary:/home/pi/demo_testing_9_april/seav/install/yolov8_ros:/home/pi/demo_testing_9_april/seav/install/static_tf_publisher:/home/pi/demo_testing_9_april/seav/install/seav_test_sensors:/home/pi/demo_testing_9_april/seav/install/seav_simulation:/home/pi/demo_testing_9_april/seav/install/seav_description:/home/pi/demo_testing_9_april/seav/install/rplidar_ros:/home/pi/demo_testing_9_april/seav/install/my_robot_controller:/home/pi/demo_testing_9_april/seav/install/my_nav2_pkg:/opt/ros/humble'), ('SHELL', '/bin/bash'), ('LC_NAME', 'en_US.UTF-8'), ('LESSCLOSE', '/usr/bin/lesspipe %s %s'), ('LC_MEASUREMENT', 'en_US.UTF-8'), ('LC_IDENTIFICATION', 'en_US.UTF-8'), ('PWD', '/home/pi/seav2/build/carlikebot_ros2_control'), ('LC_ALL', 'en_US.UTF-8'), ('SSH_CONNECTION', '192.168.0.105 41494 192.168.0.210 22'), ('XDG_DATA_DIRS', '/usr/local/share:/usr/share:/var/lib/snapd/desktop'), ('PYTHONPATH', '/home/pi/seav2/build/robot_cam_ros:/home/pi/seav2/build/ball_tracker:/home/pi/seav2/build/seav2_imu:/home/pi/seav2/install/seav2_imu/lib/python3.10/site-packages:/home/pi/seav2/install/robot_cam_ros/lib/python3.10/site-packages:/home/pi/seav2/install/ball_tracker/lib/python3.10/site-packages:/home/pi/ss25/install/wheel_odometry/lib/python3.10/site-packages:/home/pi/ss25/install/vup_2k7/lib/python3.10/site-packages:/home/pi/ss25/install/summary/lib/python3.10/site-packages:/home/pi/ss25/install/safety_control/lib/python3.10/site-packages:/home/pi/ss25/install/project/lib/python3.10/site-packages:/home/pi/ss25/install/my_slam/lib/python3.10/site-packages:/home/pi/ss25/install/my_motor_driver/lib/python3.10/site-packages:/home/pi/ss25/install/final/lib/python3.10/site-packages:/home/pi/ss25/install/description/lib/python3.10/site-packages:/home/pi/ss25/install/bringup_pkg/lib/python3.10/site-packages:/home/pi/ss25/src/summary/install/summary/lib/python3.10/site-packages:/home/pi/ss25/src/install/wheel_odometry/lib/python3.10/site-packages:/home/pi/ss25/src/install/summary/lib/python3.10/site-packages:/home/pi/ss25/src/install/safety_control/lib/python3.10/site-packages:/home/pi/ss25/src/install/project/lib/python3.10/site-packages:/home/pi/ss25/src/install/my_motor_driver/lib/python3.10/site-packages:/home/pi/ss25/src/install/description/lib/python3.10/site-packages:/home/pi/ss25/src/install/bringup_pkg/lib/python3.10/site-packages:/home/pi/install/summary/lib/python3.10/site-packages:/home/pi/demo_testing_9_april/seav/install/yolov8_ros/lib/python3.10/site-packages:/home/pi/demo_testing_9_april/seav/install/static_tf_publisher/lib/python3.10/site-packages:/home/pi/demo_testing_9_april/seav/install/seav_test_sensors/lib/python3.10/site-packages:/home/pi/demo_testing_9_april/seav/install/my_robot_controller/lib/python3.10/site-packages:/opt/ros/humble/lib/python3.10/site-packages:/opt/ros/humble/local/lib/python3.10/dist-packages'), ('ROS_HOSTNAME', '192.168.137.192'), ('LC_NUMERIC', 'en_US.UTF-8'), ('LC_PAPER', 'en_US.UTF-8'), ('COLCON', '1'), ('CMAKE_PREFIX_PATH', '/home/pi/seav2/install/serial:/home/pi/seav2/install/ros2_control_demo_description:/home/pi/seav2/install/carlikebot_ros2_control:/home/pi/seav2/install/seav2:/home/pi/ss25/install/sllidar_ros2:/home/pi/ss25/src/install/sllidar_ros2:/home/pi/demo_testing_9_april/seav/install/seav_simulation:/home/pi/demo_testing_9_april/seav/install/seav_description:/home/pi/demo_testing_9_april/seav/install/rplidar_ros:/home/pi/demo_testing_9_april/seav/install/my_nav2_pkg:/home/pi/seav2/install/seav2_imu:/home/pi/seav2/install/robot_cam_ros:/home/pi/seav2/install/ball_tracker:/home/pi/ss25/install/wheel_odometry:/home/pi/ss25/install/vup_2k7:/home/pi/ss25/install/summary:/home/pi/ss25/install/safety_control:/home/pi/ss25/install/project:/home/pi/ss25/install/my_slam:/home/pi/ss25/install/my_motor_driver:/home/pi/ss25/install/final:/home/pi/ss25/install/description:/home/pi/ss25/install/bringup_pkg:/home/pi/ss25/src/summary/install/summary:/home/pi/ss25/src/install/wheel_odometry:/home/pi/ss25/src/install/summary:/home/pi/ss25/src/install/safety_control:/home/pi/ss25/src/install/project:/home/pi/ss25/src/install/my_motor_driver:/home/pi/ss25/src/install/description:/home/pi/ss25/src/install/bringup_pkg:/home/pi/install/summary:/home/pi/demo_testing_9_april/seav/install/yolov8_ros:/home/pi/demo_testing_9_april/seav/install/static_tf_publisher:/home/pi/demo_testing_9_april/seav/install/seav_test_sensors:/home/pi/demo_testing_9_april/seav/install/my_robot_controller:/opt/ros/humble')]), 'shell': False}
[22.665375] (-) TimerEvent: {}
[22.702394] (carlikebot_ros2_control) StdoutLine: {'line': b'-- Install configuration: ""\n'}
[22.709258] (carlikebot_ros2_control) StdoutLine: {'line': b'-- Execute custom install script\n'}
[22.714362] (carlikebot_ros2_control) StdoutLine: {'line': b'-- Up-to-date symlink: /home/pi/seav2/install/carlikebot_ros2_control/share/carlikebot_ros2_control//carlikebot_ros2_control.xml\n'}
[22.722887] (carlikebot_ros2_control) StdoutLine: {'line': b'-- Up-to-date symlink: /home/pi/seav2/install/carlikebot_ros2_control/include/carlikebot_ros2_control/carlikebot_ros2_control/arduino_comms.hpp\n'}
[22.727456] (carlikebot_ros2_control) StdoutLine: {'line': b'-- Up-to-date symlink: /home/pi/seav2/install/carlikebot_ros2_control/include/carlikebot_ros2_control/carlikebot_ros2_control/carlikebot_system.hpp\n'}
[22.733862] (carlikebot_ros2_control) StdoutLine: {'line': b'-- Up-to-date symlink: /home/pi/seav2/install/carlikebot_ros2_control/share/carlikebot_ros2_control/launch/view_robot.launch.py\n'}
[22.739809] (carlikebot_ros2_control) StdoutLine: {'line': b'-- Up-to-date symlink: /home/pi/seav2/install/carlikebot_ros2_control/share/carlikebot_ros2_control/ros2_control/carlikebot.ros2_control.xacro\n'}
[22.745640] (carlikebot_ros2_control) StdoutLine: {'line': b'-- Up-to-date symlink: /home/pi/seav2/install/carlikebot_ros2_control/share/carlikebot_ros2_control/urdf/carlikebot.urdf.xacro\n'}
[22.751780] (carlikebot_ros2_control) StdoutLine: {'line': b'-- Up-to-date symlink: /home/pi/seav2/install/carlikebot_ros2_control/share/carlikebot_ros2_control/launch/carlikebot.launch.py\n'}
[22.757788] (carlikebot_ros2_control) StdoutLine: {'line': b'-- Up-to-date symlink: /home/pi/seav2/install/carlikebot_ros2_control/share/carlikebot_ros2_control/config/carlikebot_controllers.yaml\n'}
[22.762461] (carlikebot_ros2_control) StdoutLine: {'line': b'-- Up-to-date symlink: /home/pi/seav2/install/carlikebot_ros2_control/share/carlikebot_ros2_control/environment/library_path.sh\n'}
[22.765634] (-) TimerEvent: {}
[22.768772] (carlikebot_ros2_control) StdoutLine: {'line': b'-- Up-to-date symlink: /home/pi/seav2/install/carlikebot_ros2_control/share/carlikebot_ros2_control/environment/library_path.dsv\n'}
[22.772566] (carlikebot_ros2_control) StdoutLine: {'line': b'-- Up-to-date symlink: /home/pi/seav2/install/carlikebot_ros2_control/share/ament_index/resource_index/package_run_dependencies/carlikebot_ros2_control\n'}
[22.776141] (carlikebot_ros2_control) StdoutLine: {'line': b'-- Up-to-date symlink: /home/pi/seav2/install/carlikebot_ros2_control/share/ament_index/resource_index/parent_prefix_path/carlikebot_ros2_control\n'}
[22.779845] (carlikebot_ros2_control) StdoutLine: {'line': b'-- Up-to-date symlink: /home/pi/seav2/install/carlikebot_ros2_control/share/carlikebot_ros2_control/environment/ament_prefix_path.sh\n'}
[22.783375] (carlikebot_ros2_control) StdoutLine: {'line': b'-- Up-to-date symlink: /home/pi/seav2/install/carlikebot_ros2_control/share/carlikebot_ros2_control/environment/ament_prefix_path.dsv\n'}
[22.786438] (carlikebot_ros2_control) StdoutLine: {'line': b'-- Up-to-date symlink: /home/pi/seav2/install/carlikebot_ros2_control/share/carlikebot_ros2_control/environment/path.sh\n'}
[22.789258] (carlikebot_ros2_control) StdoutLine: {'line': b'-- Up-to-date symlink: /home/pi/seav2/install/carlikebot_ros2_control/share/carlikebot_ros2_control/environment/path.dsv\n'}
[22.792088] (carlikebot_ros2_control) StdoutLine: {'line': b'-- Up-to-date symlink: /home/pi/seav2/install/carlikebot_ros2_control/share/carlikebot_ros2_control/local_setup.bash\n'}
[22.794849] (carlikebot_ros2_control) StdoutLine: {'line': b'-- Up-to-date symlink: /home/pi/seav2/install/carlikebot_ros2_control/share/carlikebot_ros2_control/local_setup.sh\n'}
[22.797566] (carlikebot_ros2_control) StdoutLine: {'line': b'-- Up-to-date symlink: /home/pi/seav2/install/carlikebot_ros2_control/share/carlikebot_ros2_control/local_setup.zsh\n'}
[22.800276] (carlikebot_ros2_control) StdoutLine: {'line': b'-- Up-to-date symlink: /home/pi/seav2/install/carlikebot_ros2_control/share/carlikebot_ros2_control/local_setup.dsv\n'}
[22.802112] (carlikebot_ros2_control) StdoutLine: {'line': b'-- Symlinking: /home/pi/seav2/install/carlikebot_ros2_control/share/carlikebot_ros2_control/package.dsv\n'}
[22.866366] (-) TimerEvent: {}
[22.905887] (carlikebot_ros2_control) StdoutLine: {'line': b'-- Up-to-date symlink: /home/pi/seav2/install/carlikebot_ros2_control/share/ament_index/resource_index/packages/carlikebot_ros2_control\n'}
[22.914511] (carlikebot_ros2_control) StdoutLine: {'line': b'-- Up-to-date symlink: /home/pi/seav2/install/carlikebot_ros2_control/share/ament_index/resource_index/hardware_interface__pluginlib__plugin/carlikebot_ros2_control\n'}
[22.922723] (carlikebot_ros2_control) StdoutLine: {'line': b'-- Up-to-date symlink: /home/pi/seav2/install/carlikebot_ros2_control/share/carlikebot_ros2_control/cmake/ament_cmake_export_targets-extras.cmake\n'}
[22.931001] (carlikebot_ros2_control) StdoutLine: {'line': b'-- Up-to-date symlink: /home/pi/seav2/install/carlikebot_ros2_control/share/carlikebot_ros2_control/cmake/ament_cmake_export_dependencies-extras.cmake\n'}
[22.939128] (carlikebot_ros2_control) StdoutLine: {'line': b'-- Up-to-date symlink: /home/pi/seav2/install/carlikebot_ros2_control/share/carlikebot_ros2_control/cmake/carlikebot_ros2_controlConfig.cmake\n'}
[22.949621] (carlikebot_ros2_control) StdoutLine: {'line': b'-- Up-to-date symlink: /home/pi/seav2/install/carlikebot_ros2_control/share/carlikebot_ros2_control/cmake/carlikebot_ros2_controlConfig-version.cmake\n'}
[22.957270] (carlikebot_ros2_control) StdoutLine: {'line': b'-- Up-to-date symlink: /home/pi/seav2/install/carlikebot_ros2_control/share/carlikebot_ros2_control/package.xml\n'}
[22.965906] (carlikebot_ros2_control) StdoutLine: {'line': b'-- Up-to-date: /home/pi/seav2/install/carlikebot_ros2_control/lib/libcarlikebot_ros2_control.so\n'}
[22.967304] (-) TimerEvent: {}
[22.978752] (carlikebot_ros2_control) StdoutLine: {'line': b'-- Up-to-date: /home/pi/seav2/install/carlikebot_ros2_control/share/carlikebot_ros2_control/cmake/export_carlikebot_ros2_controlExport.cmake\n'}
[22.985316] (carlikebot_ros2_control) StdoutLine: {'line': b'-- Up-to-date: /home/pi/seav2/install/carlikebot_ros2_control/share/carlikebot_ros2_control/cmake/export_carlikebot_ros2_controlExport-noconfig.cmake\n'}
[23.011390] (carlikebot_ros2_control) CommandEnded: {'returncode': 0}
[23.068044] (-) TimerEvent: {}
[23.170523] (-) TimerEvent: {}
[23.251568] (carlikebot_ros2_control) JobEnded: {'identifier': 'carlikebot_ros2_control', 'rc': 0}
[23.270786] (-) TimerEvent: {}
[23.372890] (-) TimerEvent: {}
[23.475575] (-) TimerEvent: {}
[23.578269] (-) TimerEvent: {}
[23.640726] (v4l2_camera) StderrLine: {'line': b'\x1b[01m\x1b[K/home/pi/seav2/src/ros2_v4l2_camera/src/v4l2_camera.cpp:23:10:\x1b[m\x1b[K \x1b[01;31m\x1b[Kfatal error: \x1b[m\x1b[Kcv_bridge/cv_bridge.hpp: No such file or directory\n'}
[23.642572] (v4l2_camera) StderrLine: {'line': b'   23 | #include \x1b[01;31m\x1b[K<cv_bridge/cv_bridge.hpp>\x1b[m\x1b[K\n'}
[23.643660] (v4l2_camera) StderrLine: {'line': b'      |          \x1b[01;31m\x1b[K^~~~~~~~~~~~~~~~~~~~~~~~~\x1b[m\x1b[K\n'}
[23.644678] (v4l2_camera) StderrLine: {'line': b'compilation terminated.\n'}
[23.667343] (v4l2_camera) StderrLine: {'line': b'gmake[2]: *** [CMakeFiles/v4l2_camera.dir/build.make:90: CMakeFiles/v4l2_camera.dir/src/v4l2_camera.cpp.o] Error 1\n'}
[23.669963] (v4l2_camera) StderrLine: {'line': b'gmake[1]: *** [CMakeFiles/Makefile2:141: CMakeFiles/v4l2_camera.dir/all] Error 2\n'}
[23.672285] (v4l2_camera) StderrLine: {'line': b'gmake: *** [Makefile:146: all] Error 2\n'}
[23.678595] (-) TimerEvent: {}
[23.687260] (v4l2_camera) CommandEnded: {'returncode': 2}
[23.745206] (v4l2_camera) JobEnded: {'identifier': 'v4l2_camera', 'rc': 2}
[23.778821] (-) TimerEvent: {}
[23.880045] (-) TimerEvent: {}
[23.981344] (-) TimerEvent: {}
[24.082616] (-) TimerEvent: {}
[24.183834] (-) TimerEvent: {}
[24.285075] (-) TimerEvent: {}
[24.386279] (-) TimerEvent: {}
[24.487482] (-) TimerEvent: {}
[24.588665] (-) TimerEvent: {}
[24.689909] (-) TimerEvent: {}
[24.791095] (-) TimerEvent: {}
[24.892282] (-) TimerEvent: {}
[24.993508] (-) TimerEvent: {}
[25.094690] (-) TimerEvent: {}
[25.195864] (-) TimerEvent: {}
[25.297155] (-) TimerEvent: {}
[25.398398] (-) TimerEvent: {}
[25.499659] (-) TimerEvent: {}
[25.600869] (-) TimerEvent: {}
[25.702145] (-) TimerEvent: {}
[25.782108] (seav2_imu) StdoutLine: {'line': b'running egg_info\n'}
[25.788967] (seav2_imu) StdoutLine: {'line': b'writing ../../build/seav2_imu/seav2_imu.egg-info/PKG-INFO\n'}
[25.791414] (seav2_imu) StdoutLine: {'line': b'writing dependency_links to ../../build/seav2_imu/seav2_imu.egg-info/dependency_links.txt\n'}
[25.793539] (seav2_imu) StdoutLine: {'line': b'writing entry points to ../../build/seav2_imu/seav2_imu.egg-info/entry_points.txt\n'}
[25.795680] (seav2_imu) StdoutLine: {'line': b'writing requirements to ../../build/seav2_imu/seav2_imu.egg-info/requires.txt\n'}
[25.797277] (seav2_imu) StdoutLine: {'line': b'writing top-level names to ../../build/seav2_imu/seav2_imu.egg-info/top_level.txt\n'}
[25.802368] (-) TimerEvent: {}
[25.817167] (seav2_imu) StdoutLine: {'line': b"reading manifest file '../../build/seav2_imu/seav2_imu.egg-info/SOURCES.txt'\n"}
[25.827286] (seav2_imu) StdoutLine: {'line': b"writing manifest file '../../build/seav2_imu/seav2_imu.egg-info/SOURCES.txt'\n"}
[25.828884] (seav2_imu) StdoutLine: {'line': b'running build\n'}
[25.830335] (seav2_imu) StdoutLine: {'line': b'running build_py\n'}
[25.833333] (seav2_imu) StdoutLine: {'line': b'running install\n'}
[25.836144] (seav2_imu) StdoutLine: {'line': b'running install_lib\n'}
[25.855451] (seav2_imu) StdoutLine: {'line': b'running install_data\n'}
[25.857074] (seav2_imu) StdoutLine: {'line': b'running install_egg_info\n'}
[25.878621] (seav2_imu) StdoutLine: {'line': b"removing '/home/pi/seav2/install/seav2_imu/lib/python3.10/site-packages/seav2_imu-0.0.0-py3.10.egg-info' (and everything under it)\n"}
[25.882966] (seav2_imu) StdoutLine: {'line': b'Copying ../../build/seav2_imu/seav2_imu.egg-info to /home/pi/seav2/install/seav2_imu/lib/python3.10/site-packages/seav2_imu-0.0.0-py3.10.egg-info\n'}
[25.897201] (seav2_imu) StdoutLine: {'line': b'running install_scripts\n'}
[25.902614] (-) TimerEvent: {}
[26.003894] (-) TimerEvent: {}
[26.105894] (-) TimerEvent: {}
[26.146261] (seav2_imu) StdoutLine: {'line': b'Installing mpu6050_node script to /home/pi/seav2/install/seav2_imu/lib/seav2_imu\n'}
[26.150247] (seav2_imu) StdoutLine: {'line': b"writing list of installed files to '/home/pi/seav2/build/seav2_imu/install.log'\n"}
[26.206308] (-) TimerEvent: {}
[26.308073] (-) TimerEvent: {}
[26.350461] (seav2_imu) JobEnded: {'identifier': 'seav2_imu', 'rc': 'SIGINT'}
[26.359080] (-) EventReactorShutdown: {}
