[1.419s] DEBUG:colcon:Command line arguments: ['/usr/bin/colcon', 'build']
[1.420s] DEBUG:colcon:Parsed command line arguments: Namespace(log_base=None, log_level=None, verb_name='build', build_base='build', install_base='install', merge_install=False, symlink_install=False, test_result_base=None, continue_on_error=False, executor='parallel', parallel_workers=4, event_handlers=None, ignore_user_meta=False, metas=['./colcon.meta'], base_paths=['.'], packages_ignore=None, packages_ignore_regex=None, paths=None, packages_up_to=None, packages_up_to_regex=None, packages_above=None, packages_above_and_dependencies=None, packages_above_depth=None, packages_select_by_dep=None, packages_skip_by_dep=None, packages_skip_up_to=None, packages_select_build_failed=False, packages_skip_build_finished=False, packages_select_test_failures=False, packages_skip_test_passed=False, packages_select=None, packages_skip=None, packages_select_regex=None, packages_skip_regex=None, packages_start=None, packages_end=None, allow_overriding=[], cmake_args=None, cmake_target=None, cmake_target_skip_unavailable=False, cmake_clean_cache=False, cmake_clean_first=False, cmake_force_configure=False, ament_cmake_args=None, catkin_cmake_args=None, catkin_skip_building_tests=False, verb_parser=<colcon_defaults.argument_parser.defaults.DefaultArgumentsDecorator object at 0xffff852d9c60>, verb_extension=<colcon_core.verb.build.BuildVerb object at 0xffff8546efb0>, main=<bound method BuildVerb.main of <colcon_core.verb.build.BuildVerb object at 0xffff8546efb0>>)
[4.077s] Level 1:colcon.colcon_core.package_discovery:discover_packages(colcon_meta) check parameters
[4.078s] Level 1:colcon.colcon_core.package_discovery:discover_packages(recursive) check parameters
[4.078s] Level 1:colcon.colcon_core.package_discovery:discover_packages(ignore) check parameters
[4.079s] Level 1:colcon.colcon_core.package_discovery:discover_packages(path) check parameters
[4.079s] Level 1:colcon.colcon_core.package_discovery:discover_packages(colcon_meta) discover
[4.080s] Level 1:colcon.colcon_core.package_discovery:discover_packages(recursive) discover
[4.080s] INFO:colcon.colcon_core.package_discovery:Crawling recursively for packages in '/home/pi/seav2'
[4.081s] Level 1:colcon.colcon_core.package_identification:_identify(.) by extensions ['ignore', 'ignore_ament_install']
[4.082s] Level 1:colcon.colcon_core.package_identification:_identify(.) by extension 'ignore'
[4.083s] Level 1:colcon.colcon_core.package_identification:_identify(.) by extension 'ignore_ament_install'
[4.083s] Level 1:colcon.colcon_core.package_identification:_identify(.) by extensions ['colcon_pkg']
[4.084s] Level 1:colcon.colcon_core.package_identification:_identify(.) by extension 'colcon_pkg'
[4.084s] Level 1:colcon.colcon_core.package_identification:_identify(.) by extensions ['colcon_meta']
[4.085s] Level 1:colcon.colcon_core.package_identification:_identify(.) by extension 'colcon_meta'
[4.085s] Level 1:colcon.colcon_core.package_identification:_identify(.) by extensions ['ros']
[4.085s] Level 1:colcon.colcon_core.package_identification:_identify(.) by extension 'ros'
[4.205s] Level 1:colcon.colcon_core.package_identification:_identify(.) by extensions ['cmake', 'python']
[4.205s] Level 1:colcon.colcon_core.package_identification:_identify(.) by extension 'cmake'
[4.206s] Level 1:colcon.colcon_core.package_identification:_identify(.) by extension 'python'
[4.206s] Level 1:colcon.colcon_core.package_identification:_identify(.) by extensions ['python_setup_py']
[4.207s] Level 1:colcon.colcon_core.package_identification:_identify(.) by extension 'python_setup_py'
[4.208s] Level 1:colcon.colcon_core.package_identification:_identify(build) by extensions ['ignore', 'ignore_ament_install']
[4.209s] Level 1:colcon.colcon_core.package_identification:_identify(build) by extension 'ignore'
[4.210s] Level 1:colcon.colcon_core.package_identification:_identify(build) ignored
[4.212s] Level 1:colcon.colcon_core.package_identification:_identify(install) by extensions ['ignore', 'ignore_ament_install']
[4.213s] Level 1:colcon.colcon_core.package_identification:_identify(install) by extension 'ignore'
[4.213s] Level 1:colcon.colcon_core.package_identification:_identify(install) ignored
[4.215s] Level 1:colcon.colcon_core.package_identification:_identify(log) by extensions ['ignore', 'ignore_ament_install']
[4.216s] Level 1:colcon.colcon_core.package_identification:_identify(log) by extension 'ignore'
[4.217s] Level 1:colcon.colcon_core.package_identification:_identify(log) ignored
[4.218s] Level 1:colcon.colcon_core.package_identification:_identify(src) by extensions ['ignore', 'ignore_ament_install']
[4.219s] Level 1:colcon.colcon_core.package_identification:_identify(src) by extension 'ignore'
[4.219s] Level 1:colcon.colcon_core.package_identification:_identify(src) by extension 'ignore_ament_install'
[4.220s] Level 1:colcon.colcon_core.package_identification:_identify(src) by extensions ['colcon_pkg']
[4.220s] Level 1:colcon.colcon_core.package_identification:_identify(src) by extension 'colcon_pkg'
[4.221s] Level 1:colcon.colcon_core.package_identification:_identify(src) by extensions ['colcon_meta']
[4.221s] Level 1:colcon.colcon_core.package_identification:_identify(src) by extension 'colcon_meta'
[4.222s] Level 1:colcon.colcon_core.package_identification:_identify(src) by extensions ['ros']
[4.222s] Level 1:colcon.colcon_core.package_identification:_identify(src) by extension 'ros'
[4.223s] Level 1:colcon.colcon_core.package_identification:_identify(src) by extensions ['cmake', 'python']
[4.223s] Level 1:colcon.colcon_core.package_identification:_identify(src) by extension 'cmake'
[4.224s] Level 1:colcon.colcon_core.package_identification:_identify(src) by extension 'python'
[4.224s] Level 1:colcon.colcon_core.package_identification:_identify(src) by extensions ['python_setup_py']
[4.225s] Level 1:colcon.colcon_core.package_identification:_identify(src) by extension 'python_setup_py'
[4.226s] Level 1:colcon.colcon_core.package_identification:_identify(src/ball_tracker) by extensions ['ignore', 'ignore_ament_install']
[4.227s] Level 1:colcon.colcon_core.package_identification:_identify(src/ball_tracker) by extension 'ignore'
[4.228s] Level 1:colcon.colcon_core.package_identification:_identify(src/ball_tracker) by extension 'ignore_ament_install'
[4.228s] Level 1:colcon.colcon_core.package_identification:_identify(src/ball_tracker) by extensions ['colcon_pkg']
[4.229s] Level 1:colcon.colcon_core.package_identification:_identify(src/ball_tracker) by extension 'colcon_pkg'
[4.229s] Level 1:colcon.colcon_core.package_identification:_identify(src/ball_tracker) by extensions ['colcon_meta']
[4.230s] Level 1:colcon.colcon_core.package_identification:_identify(src/ball_tracker) by extension 'colcon_meta'
[4.230s] Level 1:colcon.colcon_core.package_identification:_identify(src/ball_tracker) by extensions ['ros']
[4.231s] Level 1:colcon.colcon_core.package_identification:_identify(src/ball_tracker) by extension 'ros'
[4.256s] DEBUG:colcon.colcon_core.package_identification:Package 'src/ball_tracker' with type 'ros.ament_python' and name 'ball_tracker'
[4.258s] Level 1:colcon.colcon_core.package_identification:_identify(src/robot_cam_ros) by extensions ['ignore', 'ignore_ament_install']
[4.259s] Level 1:colcon.colcon_core.package_identification:_identify(src/robot_cam_ros) by extension 'ignore'
[4.260s] Level 1:colcon.colcon_core.package_identification:_identify(src/robot_cam_ros) by extension 'ignore_ament_install'
[4.260s] Level 1:colcon.colcon_core.package_identification:_identify(src/robot_cam_ros) by extensions ['colcon_pkg']
[4.261s] Level 1:colcon.colcon_core.package_identification:_identify(src/robot_cam_ros) by extension 'colcon_pkg'
[4.261s] Level 1:colcon.colcon_core.package_identification:_identify(src/robot_cam_ros) by extensions ['colcon_meta']
[4.261s] Level 1:colcon.colcon_core.package_identification:_identify(src/robot_cam_ros) by extension 'colcon_meta'
[4.262s] Level 1:colcon.colcon_core.package_identification:_identify(src/robot_cam_ros) by extensions ['ros']
[4.262s] Level 1:colcon.colcon_core.package_identification:_identify(src/robot_cam_ros) by extension 'ros'
[4.268s] DEBUG:colcon.colcon_core.package_identification:Package 'src/robot_cam_ros' with type 'ros.ament_python' and name 'robot_cam_ros'
[4.270s] Level 1:colcon.colcon_core.package_identification:_identify(src/ros2_v4l2_camera) by extensions ['ignore', 'ignore_ament_install']
[4.272s] Level 1:colcon.colcon_core.package_identification:_identify(src/ros2_v4l2_camera) by extension 'ignore'
[4.272s] Level 1:colcon.colcon_core.package_identification:_identify(src/ros2_v4l2_camera) by extension 'ignore_ament_install'
[4.273s] Level 1:colcon.colcon_core.package_identification:_identify(src/ros2_v4l2_camera) by extensions ['colcon_pkg']
[4.274s] Level 1:colcon.colcon_core.package_identification:_identify(src/ros2_v4l2_camera) by extension 'colcon_pkg'
[4.274s] Level 1:colcon.colcon_core.package_identification:_identify(src/ros2_v4l2_camera) by extensions ['colcon_meta']
[4.274s] Level 1:colcon.colcon_core.package_identification:_identify(src/ros2_v4l2_camera) by extension 'colcon_meta'
[4.275s] Level 1:colcon.colcon_core.package_identification:_identify(src/ros2_v4l2_camera) by extensions ['ros']
[4.275s] Level 1:colcon.colcon_core.package_identification:_identify(src/ros2_v4l2_camera) by extension 'ros'
[4.285s] DEBUG:colcon.colcon_core.package_identification:Package 'src/ros2_v4l2_camera' with type 'ros.ament_cmake' and name 'v4l2_camera'
[4.286s] Level 1:colcon.colcon_core.package_identification:_identify(src/seav-ii) by extensions ['ignore', 'ignore_ament_install']
[4.287s] Level 1:colcon.colcon_core.package_identification:_identify(src/seav-ii) by extension 'ignore'
[4.288s] Level 1:colcon.colcon_core.package_identification:_identify(src/seav-ii) by extension 'ignore_ament_install'
[4.288s] Level 1:colcon.colcon_core.package_identification:_identify(src/seav-ii) by extensions ['colcon_pkg']
[4.289s] Level 1:colcon.colcon_core.package_identification:_identify(src/seav-ii) by extension 'colcon_pkg'
[4.289s] Level 1:colcon.colcon_core.package_identification:_identify(src/seav-ii) by extensions ['colcon_meta']
[4.290s] Level 1:colcon.colcon_core.package_identification:_identify(src/seav-ii) by extension 'colcon_meta'
[4.290s] Level 1:colcon.colcon_core.package_identification:_identify(src/seav-ii) by extensions ['ros']
[4.291s] Level 1:colcon.colcon_core.package_identification:_identify(src/seav-ii) by extension 'ros'
[4.295s] DEBUG:colcon.colcon_core.package_identification:Failed to parse potential ROS package manifest in'src/seav-ii': Error(s) in package 'src/seav-ii/package.xml':
The manifest contains invalid XML:
junk after document element: line 21, column 0
[4.296s] Level 1:colcon.colcon_core.package_identification:_identify(src/seav-ii) by extensions ['cmake', 'python']
[4.296s] Level 1:colcon.colcon_core.package_identification:_identify(src/seav-ii) by extension 'cmake'
[4.297s] Level 1:colcon.colcon_core.package_identification:_identify(src/seav-ii) by extension 'python'
[4.298s] Level 1:colcon.colcon_core.package_identification:_identify(src/seav-ii) by extensions ['python_setup_py']
[4.298s] Level 1:colcon.colcon_core.package_identification:_identify(src/seav-ii) by extension 'python_setup_py'
[4.300s] Level 1:colcon.colcon_core.package_identification:_identify(src/seav-ii/build) by extensions ['ignore', 'ignore_ament_install']
[4.301s] Level 1:colcon.colcon_core.package_identification:_identify(src/seav-ii/build) by extension 'ignore'
[4.301s] Level 1:colcon.colcon_core.package_identification:_identify(src/seav-ii/build) ignored
[4.302s] Level 1:colcon.colcon_core.package_identification:_identify(src/seav-ii/carlikebot_ros2_control) by extensions ['ignore', 'ignore_ament_install']
[4.303s] Level 1:colcon.colcon_core.package_identification:_identify(src/seav-ii/carlikebot_ros2_control) by extension 'ignore'
[4.304s] Level 1:colcon.colcon_core.package_identification:_identify(src/seav-ii/carlikebot_ros2_control) by extension 'ignore_ament_install'
[4.304s] Level 1:colcon.colcon_core.package_identification:_identify(src/seav-ii/carlikebot_ros2_control) by extensions ['colcon_pkg']
[4.305s] Level 1:colcon.colcon_core.package_identification:_identify(src/seav-ii/carlikebot_ros2_control) by extension 'colcon_pkg'
[4.305s] Level 1:colcon.colcon_core.package_identification:_identify(src/seav-ii/carlikebot_ros2_control) by extensions ['colcon_meta']
[4.306s] Level 1:colcon.colcon_core.package_identification:_identify(src/seav-ii/carlikebot_ros2_control) by extension 'colcon_meta'
[4.307s] Level 1:colcon.colcon_core.package_identification:_identify(src/seav-ii/carlikebot_ros2_control) by extensions ['ros']
[4.307s] Level 1:colcon.colcon_core.package_identification:_identify(src/seav-ii/carlikebot_ros2_control) by extension 'ros'
[4.308s] Level 1:colcon.colcon_core.package_identification:_identify(src/seav-ii/carlikebot_ros2_control) by extensions ['cmake', 'python']
[4.308s] Level 1:colcon.colcon_core.package_identification:_identify(src/seav-ii/carlikebot_ros2_control) by extension 'cmake'
[4.309s] Level 1:colcon.colcon_core.package_identification:_identify(src/seav-ii/carlikebot_ros2_control) by extension 'python'
[4.309s] Level 1:colcon.colcon_core.package_identification:_identify(src/seav-ii/carlikebot_ros2_control) by extensions ['python_setup_py']
[4.310s] Level 1:colcon.colcon_core.package_identification:_identify(src/seav-ii/carlikebot_ros2_control) by extension 'python_setup_py'
[4.311s] Level 1:colcon.colcon_core.package_identification:_identify(src/seav-ii/carlikebot_ros2_control/carlikebot_ros2_control) by extensions ['ignore', 'ignore_ament_install']
[4.312s] Level 1:colcon.colcon_core.package_identification:_identify(src/seav-ii/carlikebot_ros2_control/carlikebot_ros2_control) by extension 'ignore'
[4.313s] Level 1:colcon.colcon_core.package_identification:_identify(src/seav-ii/carlikebot_ros2_control/carlikebot_ros2_control) by extension 'ignore_ament_install'
[4.314s] Level 1:colcon.colcon_core.package_identification:_identify(src/seav-ii/carlikebot_ros2_control/carlikebot_ros2_control) by extensions ['colcon_pkg']
[4.314s] Level 1:colcon.colcon_core.package_identification:_identify(src/seav-ii/carlikebot_ros2_control/carlikebot_ros2_control) by extension 'colcon_pkg'
[4.314s] Level 1:colcon.colcon_core.package_identification:_identify(src/seav-ii/carlikebot_ros2_control/carlikebot_ros2_control) by extensions ['colcon_meta']
[4.315s] Level 1:colcon.colcon_core.package_identification:_identify(src/seav-ii/carlikebot_ros2_control/carlikebot_ros2_control) by extension 'colcon_meta'
[4.316s] Level 1:colcon.colcon_core.package_identification:_identify(src/seav-ii/carlikebot_ros2_control/carlikebot_ros2_control) by extensions ['ros']
[4.316s] Level 1:colcon.colcon_core.package_identification:_identify(src/seav-ii/carlikebot_ros2_control/carlikebot_ros2_control) by extension 'ros'
[4.330s] DEBUG:colcon.colcon_core.package_identification:Package 'src/seav-ii/carlikebot_ros2_control/carlikebot_ros2_control' with type 'ros.ament_cmake' and name 'carlikebot_ros2_control'
[4.331s] Level 1:colcon.colcon_core.package_identification:_identify(src/seav-ii/carlikebot_ros2_control/ros2_control_demo_description) by extensions ['ignore', 'ignore_ament_install']
[4.332s] Level 1:colcon.colcon_core.package_identification:_identify(src/seav-ii/carlikebot_ros2_control/ros2_control_demo_description) by extension 'ignore'
[4.333s] Level 1:colcon.colcon_core.package_identification:_identify(src/seav-ii/carlikebot_ros2_control/ros2_control_demo_description) by extension 'ignore_ament_install'
[4.334s] Level 1:colcon.colcon_core.package_identification:_identify(src/seav-ii/carlikebot_ros2_control/ros2_control_demo_description) by extensions ['colcon_pkg']
[4.334s] Level 1:colcon.colcon_core.package_identification:_identify(src/seav-ii/carlikebot_ros2_control/ros2_control_demo_description) by extension 'colcon_pkg'
[4.334s] Level 1:colcon.colcon_core.package_identification:_identify(src/seav-ii/carlikebot_ros2_control/ros2_control_demo_description) by extensions ['colcon_meta']
[4.335s] Level 1:colcon.colcon_core.package_identification:_identify(src/seav-ii/carlikebot_ros2_control/ros2_control_demo_description) by extension 'colcon_meta'
[4.336s] Level 1:colcon.colcon_core.package_identification:_identify(src/seav-ii/carlikebot_ros2_control/ros2_control_demo_description) by extensions ['ros']
[4.336s] Level 1:colcon.colcon_core.package_identification:_identify(src/seav-ii/carlikebot_ros2_control/ros2_control_demo_description) by extension 'ros'
[4.341s] DEBUG:colcon.colcon_core.package_identification:Package 'src/seav-ii/carlikebot_ros2_control/ros2_control_demo_description' with type 'ros.ament_cmake' and name 'ros2_control_demo_description'
[4.343s] Level 1:colcon.colcon_core.package_identification:_identify(src/seav-ii/install) by extensions ['ignore', 'ignore_ament_install']
[4.345s] Level 1:colcon.colcon_core.package_identification:_identify(src/seav-ii/install) by extension 'ignore'
[4.346s] Level 1:colcon.colcon_core.package_identification:_identify(src/seav-ii/install) ignored
[4.347s] Level 1:colcon.colcon_core.package_identification:_identify(src/seav-ii/log) by extensions ['ignore', 'ignore_ament_install']
[4.348s] Level 1:colcon.colcon_core.package_identification:_identify(src/seav-ii/log) by extension 'ignore'
[4.349s] Level 1:colcon.colcon_core.package_identification:_identify(src/seav-ii/log) ignored
[4.350s] Level 1:colcon.colcon_core.package_identification:_identify(src/seav-ii/ros_arduino_bridge) by extensions ['ignore', 'ignore_ament_install']
[4.351s] Level 1:colcon.colcon_core.package_identification:_identify(src/seav-ii/ros_arduino_bridge) by extension 'ignore'
[4.351s] Level 1:colcon.colcon_core.package_identification:_identify(src/seav-ii/ros_arduino_bridge) ignored
[4.353s] Level 1:colcon.colcon_core.package_identification:_identify(src/seav-ii/seav2) by extensions ['ignore', 'ignore_ament_install']
[4.353s] Level 1:colcon.colcon_core.package_identification:_identify(src/seav-ii/seav2) by extension 'ignore'
[4.354s] Level 1:colcon.colcon_core.package_identification:_identify(src/seav-ii/seav2) by extension 'ignore_ament_install'
[4.355s] Level 1:colcon.colcon_core.package_identification:_identify(src/seav-ii/seav2) by extensions ['colcon_pkg']
[4.355s] Level 1:colcon.colcon_core.package_identification:_identify(src/seav-ii/seav2) by extension 'colcon_pkg'
[4.356s] Level 1:colcon.colcon_core.package_identification:_identify(src/seav-ii/seav2) by extensions ['colcon_meta']
[4.356s] Level 1:colcon.colcon_core.package_identification:_identify(src/seav-ii/seav2) by extension 'colcon_meta'
[4.357s] Level 1:colcon.colcon_core.package_identification:_identify(src/seav-ii/seav2) by extensions ['ros']
[4.357s] Level 1:colcon.colcon_core.package_identification:_identify(src/seav-ii/seav2) by extension 'ros'
[4.362s] DEBUG:colcon.colcon_core.package_identification:Package 'src/seav-ii/seav2' with type 'ros.ament_cmake' and name 'seav2'
[4.363s] Level 1:colcon.colcon_core.package_identification:_identify(src/seav2_imu) by extensions ['ignore', 'ignore_ament_install']
[4.364s] Level 1:colcon.colcon_core.package_identification:_identify(src/seav2_imu) by extension 'ignore'
[4.365s] Level 1:colcon.colcon_core.package_identification:_identify(src/seav2_imu) by extension 'ignore_ament_install'
[4.365s] Level 1:colcon.colcon_core.package_identification:_identify(src/seav2_imu) by extensions ['colcon_pkg']
[4.366s] Level 1:colcon.colcon_core.package_identification:_identify(src/seav2_imu) by extension 'colcon_pkg'
[4.366s] Level 1:colcon.colcon_core.package_identification:_identify(src/seav2_imu) by extensions ['colcon_meta']
[4.367s] Level 1:colcon.colcon_core.package_identification:_identify(src/seav2_imu) by extension 'colcon_meta'
[4.367s] Level 1:colcon.colcon_core.package_identification:_identify(src/seav2_imu) by extensions ['ros']
[4.368s] Level 1:colcon.colcon_core.package_identification:_identify(src/seav2_imu) by extension 'ros'
[4.374s] DEBUG:colcon.colcon_core.package_identification:Package 'src/seav2_imu' with type 'ros.ament_python' and name 'seav2_imu'
[4.376s] Level 1:colcon.colcon_core.package_identification:_identify(src/serial) by extensions ['ignore', 'ignore_ament_install']
[4.377s] Level 1:colcon.colcon_core.package_identification:_identify(src/serial) by extension 'ignore'
[4.378s] Level 1:colcon.colcon_core.package_identification:_identify(src/serial) by extension 'ignore_ament_install'
[4.379s] Level 1:colcon.colcon_core.package_identification:_identify(src/serial) by extensions ['colcon_pkg']
[4.379s] Level 1:colcon.colcon_core.package_identification:_identify(src/serial) by extension 'colcon_pkg'
[4.380s] Level 1:colcon.colcon_core.package_identification:_identify(src/serial) by extensions ['colcon_meta']
[4.380s] Level 1:colcon.colcon_core.package_identification:_identify(src/serial) by extension 'colcon_meta'
[4.381s] Level 1:colcon.colcon_core.package_identification:_identify(src/serial) by extensions ['ros']
[4.381s] Level 1:colcon.colcon_core.package_identification:_identify(src/serial) by extension 'ros'
[4.387s] DEBUG:colcon.colcon_core.package_identification:Package 'src/serial' with type 'ros.ament_cmake' and name 'serial'
[4.387s] Level 1:colcon.colcon_core.package_discovery:discover_packages(recursive) using defaults
[4.388s] Level 1:colcon.colcon_core.package_discovery:discover_packages(ignore) discover
[4.388s] Level 1:colcon.colcon_core.package_discovery:discover_packages(ignore) using defaults
[4.389s] Level 1:colcon.colcon_core.package_discovery:discover_packages(path) discover
[4.389s] Level 1:colcon.colcon_core.package_discovery:discover_packages(path) using defaults
[4.715s] Level 1:colcon.colcon_core.package_discovery:discover_packages(prefix_path) check parameters
[4.716s] Level 1:colcon.colcon_core.package_discovery:discover_packages(prefix_path) discover
[4.765s] DEBUG:colcon.colcon_installed_package_information.package_discovery:Found 8 installed packages in /home/pi/seav2/install
[4.776s] DEBUG:colcon.colcon_installed_package_information.package_discovery:Found 11 installed packages in /home/pi/ss25/install
[4.784s] DEBUG:colcon.colcon_installed_package_information.package_discovery:Found 0 installed packages in /home/pi/ss25/src/description/description/install
[4.789s] DEBUG:colcon.colcon_installed_package_information.package_discovery:Found 1 installed packages in /home/pi/ss25/src/summary/install
[4.799s] DEBUG:colcon.colcon_installed_package_information.package_discovery:Found 8 installed packages in /home/pi/ss25/src/install
[4.816s] DEBUG:colcon.colcon_installed_package_information.package_discovery:Found 8 installed packages in /home/pi/demo_testing_9_april/seav/install
[4.821s] DEBUG:colcon.colcon_installed_package_information.package_discovery:Found 1 installed packages in /home/pi/install
[4.857s] DEBUG:colcon.colcon_installed_package_information.package_discovery:Found 369 installed packages in /opt/ros/humble
[4.882s] Level 1:colcon.colcon_core.package_discovery:discover_packages(prefix_path) using defaults
[5.524s] Level 5:colcon.colcon_core.verb:set package 'ball_tracker' build argument 'cmake_args' from command line to 'None'
[5.524s] Level 5:colcon.colcon_core.verb:set package 'ball_tracker' build argument 'cmake_target' from command line to 'None'
[5.525s] Level 5:colcon.colcon_core.verb:set package 'ball_tracker' build argument 'cmake_target_skip_unavailable' from command line to 'False'
[5.525s] Level 5:colcon.colcon_core.verb:set package 'ball_tracker' build argument 'cmake_clean_cache' from command line to 'False'
[5.525s] Level 5:colcon.colcon_core.verb:set package 'ball_tracker' build argument 'cmake_clean_first' from command line to 'False'
[5.526s] Level 5:colcon.colcon_core.verb:set package 'ball_tracker' build argument 'cmake_force_configure' from command line to 'False'
[5.526s] Level 5:colcon.colcon_core.verb:set package 'ball_tracker' build argument 'ament_cmake_args' from command line to 'None'
[5.526s] Level 5:colcon.colcon_core.verb:set package 'ball_tracker' build argument 'catkin_cmake_args' from command line to 'None'
[5.526s] Level 5:colcon.colcon_core.verb:set package 'ball_tracker' build argument 'catkin_skip_building_tests' from command line to 'False'
[5.527s] DEBUG:colcon.colcon_core.verb:Building package 'ball_tracker' with the following arguments: {'ament_cmake_args': None, 'build_base': '/home/pi/seav2/build/ball_tracker', 'catkin_cmake_args': None, 'catkin_skip_building_tests': False, 'cmake_args': None, 'cmake_clean_cache': False, 'cmake_clean_first': False, 'cmake_force_configure': False, 'cmake_target': None, 'cmake_target_skip_unavailable': False, 'install_base': '/home/pi/seav2/install/ball_tracker', 'merge_install': False, 'path': '/home/pi/seav2/src/ball_tracker', 'symlink_install': False, 'test_result_base': None}
[5.531s] Level 5:colcon.colcon_core.verb:set package 'robot_cam_ros' build argument 'cmake_args' from command line to 'None'
[5.532s] Level 5:colcon.colcon_core.verb:set package 'robot_cam_ros' build argument 'cmake_target' from command line to 'None'
[5.532s] Level 5:colcon.colcon_core.verb:set package 'robot_cam_ros' build argument 'cmake_target_skip_unavailable' from command line to 'False'
[5.532s] Level 5:colcon.colcon_core.verb:set package 'robot_cam_ros' build argument 'cmake_clean_cache' from command line to 'False'
[5.533s] Level 5:colcon.colcon_core.verb:set package 'robot_cam_ros' build argument 'cmake_clean_first' from command line to 'False'
[5.533s] Level 5:colcon.colcon_core.verb:set package 'robot_cam_ros' build argument 'cmake_force_configure' from command line to 'False'
[5.533s] Level 5:colcon.colcon_core.verb:set package 'robot_cam_ros' build argument 'ament_cmake_args' from command line to 'None'
[5.534s] Level 5:colcon.colcon_core.verb:set package 'robot_cam_ros' build argument 'catkin_cmake_args' from command line to 'None'
[5.534s] Level 5:colcon.colcon_core.verb:set package 'robot_cam_ros' build argument 'catkin_skip_building_tests' from command line to 'False'
[5.534s] DEBUG:colcon.colcon_core.verb:Building package 'robot_cam_ros' with the following arguments: {'ament_cmake_args': None, 'build_base': '/home/pi/seav2/build/robot_cam_ros', 'catkin_cmake_args': None, 'catkin_skip_building_tests': False, 'cmake_args': None, 'cmake_clean_cache': False, 'cmake_clean_first': False, 'cmake_force_configure': False, 'cmake_target': None, 'cmake_target_skip_unavailable': False, 'install_base': '/home/pi/seav2/install/robot_cam_ros', 'merge_install': False, 'path': '/home/pi/seav2/src/robot_cam_ros', 'symlink_install': False, 'test_result_base': None}
[5.538s] Level 5:colcon.colcon_core.verb:set package 'ros2_control_demo_description' build argument 'cmake_args' from command line to 'None'
[5.539s] Level 5:colcon.colcon_core.verb:set package 'ros2_control_demo_description' build argument 'cmake_target' from command line to 'None'
[5.539s] Level 5:colcon.colcon_core.verb:set package 'ros2_control_demo_description' build argument 'cmake_target_skip_unavailable' from command line to 'False'
[5.540s] Level 5:colcon.colcon_core.verb:set package 'ros2_control_demo_description' build argument 'cmake_clean_cache' from command line to 'False'
[5.540s] Level 5:colcon.colcon_core.verb:set package 'ros2_control_demo_description' build argument 'cmake_clean_first' from command line to 'False'
[5.540s] Level 5:colcon.colcon_core.verb:set package 'ros2_control_demo_description' build argument 'cmake_force_configure' from command line to 'False'
[5.540s] Level 5:colcon.colcon_core.verb:set package 'ros2_control_demo_description' build argument 'ament_cmake_args' from command line to 'None'
[5.541s] Level 5:colcon.colcon_core.verb:set package 'ros2_control_demo_description' build argument 'catkin_cmake_args' from command line to 'None'
[5.541s] Level 5:colcon.colcon_core.verb:set package 'ros2_control_demo_description' build argument 'catkin_skip_building_tests' from command line to 'False'
[5.542s] DEBUG:colcon.colcon_core.verb:Building package 'ros2_control_demo_description' with the following arguments: {'ament_cmake_args': None, 'build_base': '/home/pi/seav2/build/ros2_control_demo_description', 'catkin_cmake_args': None, 'catkin_skip_building_tests': False, 'cmake_args': None, 'cmake_clean_cache': False, 'cmake_clean_first': False, 'cmake_force_configure': False, 'cmake_target': None, 'cmake_target_skip_unavailable': False, 'install_base': '/home/pi/seav2/install/ros2_control_demo_description', 'merge_install': False, 'path': '/home/pi/seav2/src/seav-ii/carlikebot_ros2_control/ros2_control_demo_description', 'symlink_install': False, 'test_result_base': None}
[5.546s] Level 5:colcon.colcon_core.verb:set package 'seav2' build argument 'cmake_args' from command line to 'None'
[5.546s] Level 5:colcon.colcon_core.verb:set package 'seav2' build argument 'cmake_target' from command line to 'None'
[5.546s] Level 5:colcon.colcon_core.verb:set package 'seav2' build argument 'cmake_target_skip_unavailable' from command line to 'False'
[5.547s] Level 5:colcon.colcon_core.verb:set package 'seav2' build argument 'cmake_clean_cache' from command line to 'False'
[5.547s] Level 5:colcon.colcon_core.verb:set package 'seav2' build argument 'cmake_clean_first' from command line to 'False'
[5.547s] Level 5:colcon.colcon_core.verb:set package 'seav2' build argument 'cmake_force_configure' from command line to 'False'
[5.548s] Level 5:colcon.colcon_core.verb:set package 'seav2' build argument 'ament_cmake_args' from command line to 'None'
[5.548s] Level 5:colcon.colcon_core.verb:set package 'seav2' build argument 'catkin_cmake_args' from command line to 'None'
[5.548s] Level 5:colcon.colcon_core.verb:set package 'seav2' build argument 'catkin_skip_building_tests' from command line to 'False'
[5.549s] DEBUG:colcon.colcon_core.verb:Building package 'seav2' with the following arguments: {'ament_cmake_args': None, 'build_base': '/home/pi/seav2/build/seav2', 'catkin_cmake_args': None, 'catkin_skip_building_tests': False, 'cmake_args': None, 'cmake_clean_cache': False, 'cmake_clean_first': False, 'cmake_force_configure': False, 'cmake_target': None, 'cmake_target_skip_unavailable': False, 'install_base': '/home/pi/seav2/install/seav2', 'merge_install': False, 'path': '/home/pi/seav2/src/seav-ii/seav2', 'symlink_install': False, 'test_result_base': None}
[5.552s] Level 5:colcon.colcon_core.verb:set package 'seav2_imu' build argument 'cmake_args' from command line to 'None'
[5.553s] Level 5:colcon.colcon_core.verb:set package 'seav2_imu' build argument 'cmake_target' from command line to 'None'
[5.553s] Level 5:colcon.colcon_core.verb:set package 'seav2_imu' build argument 'cmake_target_skip_unavailable' from command line to 'False'
[5.554s] Level 5:colcon.colcon_core.verb:set package 'seav2_imu' build argument 'cmake_clean_cache' from command line to 'False'
[5.554s] Level 5:colcon.colcon_core.verb:set package 'seav2_imu' build argument 'cmake_clean_first' from command line to 'False'
[5.554s] Level 5:colcon.colcon_core.verb:set package 'seav2_imu' build argument 'cmake_force_configure' from command line to 'False'
[5.554s] Level 5:colcon.colcon_core.verb:set package 'seav2_imu' build argument 'ament_cmake_args' from command line to 'None'
[5.555s] Level 5:colcon.colcon_core.verb:set package 'seav2_imu' build argument 'catkin_cmake_args' from command line to 'None'
[5.555s] Level 5:colcon.colcon_core.verb:set package 'seav2_imu' build argument 'catkin_skip_building_tests' from command line to 'False'
[5.555s] DEBUG:colcon.colcon_core.verb:Building package 'seav2_imu' with the following arguments: {'ament_cmake_args': None, 'build_base': '/home/pi/seav2/build/seav2_imu', 'catkin_cmake_args': None, 'catkin_skip_building_tests': False, 'cmake_args': None, 'cmake_clean_cache': False, 'cmake_clean_first': False, 'cmake_force_configure': False, 'cmake_target': None, 'cmake_target_skip_unavailable': False, 'install_base': '/home/pi/seav2/install/seav2_imu', 'merge_install': False, 'path': '/home/pi/seav2/src/seav2_imu', 'symlink_install': False, 'test_result_base': None}
[5.559s] Level 5:colcon.colcon_core.verb:set package 'serial' build argument 'cmake_args' from command line to 'None'
[5.560s] Level 5:colcon.colcon_core.verb:set package 'serial' build argument 'cmake_target' from command line to 'None'
[5.560s] Level 5:colcon.colcon_core.verb:set package 'serial' build argument 'cmake_target_skip_unavailable' from command line to 'False'
[5.560s] Level 5:colcon.colcon_core.verb:set package 'serial' build argument 'cmake_clean_cache' from command line to 'False'
[5.561s] Level 5:colcon.colcon_core.verb:set package 'serial' build argument 'cmake_clean_first' from command line to 'False'
[5.561s] Level 5:colcon.colcon_core.verb:set package 'serial' build argument 'cmake_force_configure' from command line to 'False'
[5.561s] Level 5:colcon.colcon_core.verb:set package 'serial' build argument 'ament_cmake_args' from command line to 'None'
[5.562s] Level 5:colcon.colcon_core.verb:set package 'serial' build argument 'catkin_cmake_args' from command line to 'None'
[5.562s] Level 5:colcon.colcon_core.verb:set package 'serial' build argument 'catkin_skip_building_tests' from command line to 'False'
[5.562s] DEBUG:colcon.colcon_core.verb:Building package 'serial' with the following arguments: {'ament_cmake_args': None, 'build_base': '/home/pi/seav2/build/serial', 'catkin_cmake_args': None, 'catkin_skip_building_tests': False, 'cmake_args': None, 'cmake_clean_cache': False, 'cmake_clean_first': False, 'cmake_force_configure': False, 'cmake_target': None, 'cmake_target_skip_unavailable': False, 'install_base': '/home/pi/seav2/install/serial', 'merge_install': False, 'path': '/home/pi/seav2/src/serial', 'symlink_install': False, 'test_result_base': None}
[5.566s] Level 5:colcon.colcon_core.verb:set package 'v4l2_camera' build argument 'cmake_args' from command line to 'None'
[5.567s] Level 5:colcon.colcon_core.verb:set package 'v4l2_camera' build argument 'cmake_target' from command line to 'None'
[5.567s] Level 5:colcon.colcon_core.verb:set package 'v4l2_camera' build argument 'cmake_target_skip_unavailable' from command line to 'False'
[5.567s] Level 5:colcon.colcon_core.verb:set package 'v4l2_camera' build argument 'cmake_clean_cache' from command line to 'False'
[5.568s] Level 5:colcon.colcon_core.verb:set package 'v4l2_camera' build argument 'cmake_clean_first' from command line to 'False'
[5.568s] Level 5:colcon.colcon_core.verb:set package 'v4l2_camera' build argument 'cmake_force_configure' from command line to 'False'
[5.568s] Level 5:colcon.colcon_core.verb:set package 'v4l2_camera' build argument 'ament_cmake_args' from command line to 'None'
[5.569s] Level 5:colcon.colcon_core.verb:set package 'v4l2_camera' build argument 'catkin_cmake_args' from command line to 'None'
[5.569s] Level 5:colcon.colcon_core.verb:set package 'v4l2_camera' build argument 'catkin_skip_building_tests' from command line to 'False'
[5.569s] DEBUG:colcon.colcon_core.verb:Building package 'v4l2_camera' with the following arguments: {'ament_cmake_args': None, 'build_base': '/home/pi/seav2/build/v4l2_camera', 'catkin_cmake_args': None, 'catkin_skip_building_tests': False, 'cmake_args': None, 'cmake_clean_cache': False, 'cmake_clean_first': False, 'cmake_force_configure': False, 'cmake_target': None, 'cmake_target_skip_unavailable': False, 'install_base': '/home/pi/seav2/install/v4l2_camera', 'merge_install': False, 'path': '/home/pi/seav2/src/ros2_v4l2_camera', 'symlink_install': False, 'test_result_base': None}
[5.573s] Level 5:colcon.colcon_core.verb:set package 'carlikebot_ros2_control' build argument 'cmake_args' from command line to 'None'
[5.574s] Level 5:colcon.colcon_core.verb:set package 'carlikebot_ros2_control' build argument 'cmake_target' from command line to 'None'
[5.574s] Level 5:colcon.colcon_core.verb:set package 'carlikebot_ros2_control' build argument 'cmake_target_skip_unavailable' from command line to 'False'
[5.574s] Level 5:colcon.colcon_core.verb:set package 'carlikebot_ros2_control' build argument 'cmake_clean_cache' from command line to 'False'
[5.575s] Level 5:colcon.colcon_core.verb:set package 'carlikebot_ros2_control' build argument 'cmake_clean_first' from command line to 'False'
[5.575s] Level 5:colcon.colcon_core.verb:set package 'carlikebot_ros2_control' build argument 'cmake_force_configure' from command line to 'False'
[5.575s] Level 5:colcon.colcon_core.verb:set package 'carlikebot_ros2_control' build argument 'ament_cmake_args' from command line to 'None'
[5.575s] Level 5:colcon.colcon_core.verb:set package 'carlikebot_ros2_control' build argument 'catkin_cmake_args' from command line to 'None'
[5.576s] Level 5:colcon.colcon_core.verb:set package 'carlikebot_ros2_control' build argument 'catkin_skip_building_tests' from command line to 'False'
[5.576s] DEBUG:colcon.colcon_core.verb:Building package 'carlikebot_ros2_control' with the following arguments: {'ament_cmake_args': None, 'build_base': '/home/pi/seav2/build/carlikebot_ros2_control', 'catkin_cmake_args': None, 'catkin_skip_building_tests': False, 'cmake_args': None, 'cmake_clean_cache': False, 'cmake_clean_first': False, 'cmake_force_configure': False, 'cmake_target': None, 'cmake_target_skip_unavailable': False, 'install_base': '/home/pi/seav2/install/carlikebot_ros2_control', 'merge_install': False, 'path': '/home/pi/seav2/src/seav-ii/carlikebot_ros2_control/carlikebot_ros2_control', 'symlink_install': False, 'test_result_base': None}
[5.577s] INFO:colcon.colcon_core.executor:Executing jobs using 'parallel' executor
[5.585s] DEBUG:colcon.colcon_parallel_executor.executor.parallel:run_until_complete
[5.587s] INFO:colcon.colcon_ros.task.ament_cmake.build:Building ROS package in '/home/pi/seav2/src/seav-ii/carlikebot_ros2_control/ros2_control_demo_description' with build type 'ament_cmake'
[5.588s] INFO:colcon.colcon_cmake.task.cmake.build:Building CMake package in '/home/pi/seav2/src/seav-ii/carlikebot_ros2_control/ros2_control_demo_description'
[5.624s] INFO:colcon.colcon_core.plugin_system:Skipping extension 'colcon_core.shell.bat': Not used on non-Windows systems
[5.627s] INFO:colcon.colcon_core.shell:Skip shell extension 'powershell' for command environment: Not usable outside of PowerShell
[5.627s] DEBUG:colcon.colcon_core.shell:Skip shell extension 'dsv' for command environment
[5.757s] INFO:colcon.colcon_ros.task.ament_cmake.build:Building ROS package in '/home/pi/seav2/src/serial' with build type 'ament_cmake'
[5.759s] INFO:colcon.colcon_cmake.task.cmake.build:Building CMake package in '/home/pi/seav2/src/serial'
[5.763s] INFO:colcon.colcon_core.shell:Skip shell extension 'powershell' for command environment: Not usable outside of PowerShell
[5.763s] DEBUG:colcon.colcon_core.shell:Skip shell extension 'dsv' for command environment
[5.892s] INFO:colcon.colcon_ros.task.ament_python.build:Building ROS package in '/home/pi/seav2/src/ball_tracker' with build type 'ament_python'
[5.893s] Level 1:colcon.colcon_core.shell:create_environment_hook('ball_tracker', 'ament_prefix_path')
[5.896s] INFO:colcon.colcon_core.shell:Creating environment hook '/home/pi/seav2/install/ball_tracker/share/ball_tracker/hook/ament_prefix_path.ps1'
[5.903s] INFO:colcon.colcon_core.shell:Creating environment descriptor '/home/pi/seav2/install/ball_tracker/share/ball_tracker/hook/ament_prefix_path.dsv'
[5.908s] INFO:colcon.colcon_core.shell:Creating environment hook '/home/pi/seav2/install/ball_tracker/share/ball_tracker/hook/ament_prefix_path.sh'
[5.918s] INFO:colcon.colcon_core.shell:Skip shell extension 'powershell' for command environment: Not usable outside of PowerShell
[5.919s] DEBUG:colcon.colcon_core.shell:Skip shell extension 'dsv' for command environment
[6.044s] INFO:colcon.colcon_ros.task.ament_python.build:Building ROS package in '/home/pi/seav2/src/robot_cam_ros' with build type 'ament_python'
[6.046s] Level 1:colcon.colcon_core.shell:create_environment_hook('robot_cam_ros', 'ament_prefix_path')
[6.050s] INFO:colcon.colcon_core.shell:Creating environment hook '/home/pi/seav2/install/robot_cam_ros/share/robot_cam_ros/hook/ament_prefix_path.ps1'
[6.056s] INFO:colcon.colcon_core.shell:Creating environment descriptor '/home/pi/seav2/install/robot_cam_ros/share/robot_cam_ros/hook/ament_prefix_path.dsv'
[6.061s] INFO:colcon.colcon_core.shell:Creating environment hook '/home/pi/seav2/install/robot_cam_ros/share/robot_cam_ros/hook/ament_prefix_path.sh'
[6.068s] INFO:colcon.colcon_core.shell:Skip shell extension 'powershell' for command environment: Not usable outside of PowerShell
[6.069s] DEBUG:colcon.colcon_core.shell:Skip shell extension 'dsv' for command environment
[6.237s] DEBUG:colcon.colcon_core.event_handler.log_command:Invoking command in '/home/pi/seav2/build/ros2_control_demo_description': CMAKE_PREFIX_PATH=${CMAKE_PREFIX_PATH}:/home/pi/seav2/install/seav2_imu:/home/pi/seav2/install/robot_cam_ros:/home/pi/seav2/install/ball_tracker:/home/pi/ss25/install/wheel_odometry:/home/pi/ss25/install/vup_2k7:/home/pi/ss25/install/summary:/home/pi/ss25/install/safety_control:/home/pi/ss25/install/project:/home/pi/ss25/install/my_slam:/home/pi/ss25/install/my_motor_driver:/home/pi/ss25/install/final:/home/pi/ss25/install/description:/home/pi/ss25/install/bringup_pkg:/home/pi/ss25/src/summary/install/summary:/home/pi/ss25/src/install/wheel_odometry:/home/pi/ss25/src/install/summary:/home/pi/ss25/src/install/safety_control:/home/pi/ss25/src/install/project:/home/pi/ss25/src/install/my_motor_driver:/home/pi/ss25/src/install/description:/home/pi/ss25/src/install/bringup_pkg:/home/pi/install/summary:/home/pi/demo_testing_9_april/seav/install/yolov8_ros:/home/pi/demo_testing_9_april/seav/install/static_tf_publisher:/home/pi/demo_testing_9_april/seav/install/seav_test_sensors:/home/pi/demo_testing_9_april/seav/install/my_robot_controller:/opt/ros/humble /usr/bin/cmake --build /home/pi/seav2/build/ros2_control_demo_description -- -j4 -l4
[6.320s] DEBUG:colcon.colcon_core.event_handler.log_command:Invoking command in '/home/pi/seav2/build/serial': CMAKE_PREFIX_PATH=${CMAKE_PREFIX_PATH}:/home/pi/seav2/install/seav2_imu:/home/pi/seav2/install/robot_cam_ros:/home/pi/seav2/install/ball_tracker:/home/pi/ss25/install/wheel_odometry:/home/pi/ss25/install/vup_2k7:/home/pi/ss25/install/summary:/home/pi/ss25/install/safety_control:/home/pi/ss25/install/project:/home/pi/ss25/install/my_slam:/home/pi/ss25/install/my_motor_driver:/home/pi/ss25/install/final:/home/pi/ss25/install/description:/home/pi/ss25/install/bringup_pkg:/home/pi/ss25/src/summary/install/summary:/home/pi/ss25/src/install/wheel_odometry:/home/pi/ss25/src/install/summary:/home/pi/ss25/src/install/safety_control:/home/pi/ss25/src/install/project:/home/pi/ss25/src/install/my_motor_driver:/home/pi/ss25/src/install/description:/home/pi/ss25/src/install/bringup_pkg:/home/pi/install/summary:/home/pi/demo_testing_9_april/seav/install/yolov8_ros:/home/pi/demo_testing_9_april/seav/install/static_tf_publisher:/home/pi/demo_testing_9_april/seav/install/seav_test_sensors:/home/pi/demo_testing_9_april/seav/install/my_robot_controller:/opt/ros/humble /usr/bin/cmake --build /home/pi/seav2/build/serial -- -j4 -l4
[10.398s] INFO:colcon.colcon_core.task.python.build:Building Python package in '/home/pi/seav2/src/ball_tracker'
[10.401s] INFO:colcon.colcon_core.shell:Skip shell extension 'powershell' for command environment: Not usable outside of PowerShell
[10.402s] DEBUG:colcon.colcon_core.shell:Skip shell extension 'dsv' for command environment
[10.576s] DEBUG:colcon.colcon_core.event_handler.log_command:Invoked command in '/home/pi/seav2/build/ros2_control_demo_description' returned '0': CMAKE_PREFIX_PATH=${CMAKE_PREFIX_PATH}:/home/pi/seav2/install/seav2_imu:/home/pi/seav2/install/robot_cam_ros:/home/pi/seav2/install/ball_tracker:/home/pi/ss25/install/wheel_odometry:/home/pi/ss25/install/vup_2k7:/home/pi/ss25/install/summary:/home/pi/ss25/install/safety_control:/home/pi/ss25/install/project:/home/pi/ss25/install/my_slam:/home/pi/ss25/install/my_motor_driver:/home/pi/ss25/install/final:/home/pi/ss25/install/description:/home/pi/ss25/install/bringup_pkg:/home/pi/ss25/src/summary/install/summary:/home/pi/ss25/src/install/wheel_odometry:/home/pi/ss25/src/install/summary:/home/pi/ss25/src/install/safety_control:/home/pi/ss25/src/install/project:/home/pi/ss25/src/install/my_motor_driver:/home/pi/ss25/src/install/description:/home/pi/ss25/src/install/bringup_pkg:/home/pi/install/summary:/home/pi/demo_testing_9_april/seav/install/yolov8_ros:/home/pi/demo_testing_9_april/seav/install/static_tf_publisher:/home/pi/demo_testing_9_april/seav/install/seav_test_sensors:/home/pi/demo_testing_9_april/seav/install/my_robot_controller:/opt/ros/humble /usr/bin/cmake --build /home/pi/seav2/build/ros2_control_demo_description -- -j4 -l4
[10.672s] DEBUG:colcon.colcon_core.event_handler.log_command:Invoking command in '/home/pi/seav2/build/ros2_control_demo_description': CMAKE_PREFIX_PATH=${CMAKE_PREFIX_PATH}:/home/pi/seav2/install/seav2_imu:/home/pi/seav2/install/robot_cam_ros:/home/pi/seav2/install/ball_tracker:/home/pi/ss25/install/wheel_odometry:/home/pi/ss25/install/vup_2k7:/home/pi/ss25/install/summary:/home/pi/ss25/install/safety_control:/home/pi/ss25/install/project:/home/pi/ss25/install/my_slam:/home/pi/ss25/install/my_motor_driver:/home/pi/ss25/install/final:/home/pi/ss25/install/description:/home/pi/ss25/install/bringup_pkg:/home/pi/ss25/src/summary/install/summary:/home/pi/ss25/src/install/wheel_odometry:/home/pi/ss25/src/install/summary:/home/pi/ss25/src/install/safety_control:/home/pi/ss25/src/install/project:/home/pi/ss25/src/install/my_motor_driver:/home/pi/ss25/src/install/description:/home/pi/ss25/src/install/bringup_pkg:/home/pi/install/summary:/home/pi/demo_testing_9_april/seav/install/yolov8_ros:/home/pi/demo_testing_9_april/seav/install/static_tf_publisher:/home/pi/demo_testing_9_april/seav/install/seav_test_sensors:/home/pi/demo_testing_9_april/seav/install/my_robot_controller:/opt/ros/humble /usr/bin/cmake --install /home/pi/seav2/build/ros2_control_demo_description
[14.670s] INFO:colcon.colcon_core.task.python.build:Building Python package in '/home/pi/seav2/src/robot_cam_ros'
[14.673s] INFO:colcon.colcon_core.shell:Skip shell extension 'powershell' for command environment: Not usable outside of PowerShell
[14.673s] DEBUG:colcon.colcon_core.shell:Skip shell extension 'dsv' for command environment
[14.814s] DEBUG:colcon.colcon_core.event_handler.log_command:Invoked command in '/home/pi/seav2/build/serial' returned '0': CMAKE_PREFIX_PATH=${CMAKE_PREFIX_PATH}:/home/pi/seav2/install/seav2_imu:/home/pi/seav2/install/robot_cam_ros:/home/pi/seav2/install/ball_tracker:/home/pi/ss25/install/wheel_odometry:/home/pi/ss25/install/vup_2k7:/home/pi/ss25/install/summary:/home/pi/ss25/install/safety_control:/home/pi/ss25/install/project:/home/pi/ss25/install/my_slam:/home/pi/ss25/install/my_motor_driver:/home/pi/ss25/install/final:/home/pi/ss25/install/description:/home/pi/ss25/install/bringup_pkg:/home/pi/ss25/src/summary/install/summary:/home/pi/ss25/src/install/wheel_odometry:/home/pi/ss25/src/install/summary:/home/pi/ss25/src/install/safety_control:/home/pi/ss25/src/install/project:/home/pi/ss25/src/install/my_motor_driver:/home/pi/ss25/src/install/description:/home/pi/ss25/src/install/bringup_pkg:/home/pi/install/summary:/home/pi/demo_testing_9_april/seav/install/yolov8_ros:/home/pi/demo_testing_9_april/seav/install/static_tf_publisher:/home/pi/demo_testing_9_april/seav/install/seav_test_sensors:/home/pi/demo_testing_9_april/seav/install/my_robot_controller:/opt/ros/humble /usr/bin/cmake --build /home/pi/seav2/build/serial -- -j4 -l4
[14.916s] Level 1:colcon.colcon_core.environment:create_environment_scripts_only(ros2_control_demo_description)
[14.958s] DEBUG:colcon.colcon_core.event_handler.log_command:Invoking command in '/home/pi/seav2/build/serial': CMAKE_PREFIX_PATH=${CMAKE_PREFIX_PATH}:/home/pi/seav2/install/seav2_imu:/home/pi/seav2/install/robot_cam_ros:/home/pi/seav2/install/ball_tracker:/home/pi/ss25/install/wheel_odometry:/home/pi/ss25/install/vup_2k7:/home/pi/ss25/install/summary:/home/pi/ss25/install/safety_control:/home/pi/ss25/install/project:/home/pi/ss25/install/my_slam:/home/pi/ss25/install/my_motor_driver:/home/pi/ss25/install/final:/home/pi/ss25/install/description:/home/pi/ss25/install/bringup_pkg:/home/pi/ss25/src/summary/install/summary:/home/pi/ss25/src/install/wheel_odometry:/home/pi/ss25/src/install/summary:/home/pi/ss25/src/install/safety_control:/home/pi/ss25/src/install/project:/home/pi/ss25/src/install/my_motor_driver:/home/pi/ss25/src/install/description:/home/pi/ss25/src/install/bringup_pkg:/home/pi/install/summary:/home/pi/demo_testing_9_april/seav/install/yolov8_ros:/home/pi/demo_testing_9_april/seav/install/static_tf_publisher:/home/pi/demo_testing_9_april/seav/install/seav_test_sensors:/home/pi/demo_testing_9_april/seav/install/my_robot_controller:/opt/ros/humble /usr/bin/cmake --install /home/pi/seav2/build/serial
[14.964s] DEBUG:colcon.colcon_core.event_handler.log_command:Invoked command in '/home/pi/seav2/build/ros2_control_demo_description' returned '0': CMAKE_PREFIX_PATH=${CMAKE_PREFIX_PATH}:/home/pi/seav2/install/seav2_imu:/home/pi/seav2/install/robot_cam_ros:/home/pi/seav2/install/ball_tracker:/home/pi/ss25/install/wheel_odometry:/home/pi/ss25/install/vup_2k7:/home/pi/ss25/install/summary:/home/pi/ss25/install/safety_control:/home/pi/ss25/install/project:/home/pi/ss25/install/my_slam:/home/pi/ss25/install/my_motor_driver:/home/pi/ss25/install/final:/home/pi/ss25/install/description:/home/pi/ss25/install/bringup_pkg:/home/pi/ss25/src/summary/install/summary:/home/pi/ss25/src/install/wheel_odometry:/home/pi/ss25/src/install/summary:/home/pi/ss25/src/install/safety_control:/home/pi/ss25/src/install/project:/home/pi/ss25/src/install/my_motor_driver:/home/pi/ss25/src/install/description:/home/pi/ss25/src/install/bringup_pkg:/home/pi/install/summary:/home/pi/demo_testing_9_april/seav/install/yolov8_ros:/home/pi/demo_testing_9_april/seav/install/static_tf_publisher:/home/pi/demo_testing_9_april/seav/install/seav_test_sensors:/home/pi/demo_testing_9_april/seav/install/my_robot_controller:/opt/ros/humble /usr/bin/cmake --install /home/pi/seav2/build/ros2_control_demo_description
[14.985s] Level 1:colcon.colcon_core.environment:checking '/home/pi/seav2/install/ros2_control_demo_description' for CMake module files
[15.012s] Level 1:colcon.colcon_core.environment:checking '/home/pi/seav2/install/ros2_control_demo_description' for CMake config files
[15.021s] Level 1:colcon.colcon_core.shell:create_environment_hook('ros2_control_demo_description', 'cmake_prefix_path')
[15.023s] INFO:colcon.colcon_core.shell:Creating environment hook '/home/pi/seav2/install/ros2_control_demo_description/share/ros2_control_demo_description/hook/cmake_prefix_path.ps1'
[15.029s] INFO:colcon.colcon_core.shell:Creating environment descriptor '/home/pi/seav2/install/ros2_control_demo_description/share/ros2_control_demo_description/hook/cmake_prefix_path.dsv'
[15.033s] INFO:colcon.colcon_core.shell:Creating environment hook '/home/pi/seav2/install/ros2_control_demo_description/share/ros2_control_demo_description/hook/cmake_prefix_path.sh'
[15.041s] Level 1:colcon.colcon_core.environment:checking '/home/pi/seav2/install/ros2_control_demo_description/bin'
[15.042s] Level 1:colcon.colcon_core.environment:checking '/home/pi/seav2/install/ros2_control_demo_description/lib/pkgconfig/ros2_control_demo_description.pc'
[15.045s] Level 1:colcon.colcon_core.environment:checking '/home/pi/seav2/install/ros2_control_demo_description/lib/python3.10/site-packages'
[15.047s] Level 1:colcon.colcon_core.environment:checking '/home/pi/seav2/install/ros2_control_demo_description/bin'
[15.051s] INFO:colcon.colcon_core.shell:Creating package script '/home/pi/seav2/install/ros2_control_demo_description/share/ros2_control_demo_description/package.ps1'
[15.060s] INFO:colcon.colcon_core.shell:Creating package descriptor '/home/pi/seav2/install/ros2_control_demo_description/share/ros2_control_demo_description/package.dsv'
[15.069s] INFO:colcon.colcon_core.shell:Creating package script '/home/pi/seav2/install/ros2_control_demo_description/share/ros2_control_demo_description/package.sh'
[15.081s] INFO:colcon.colcon_core.shell:Creating package script '/home/pi/seav2/install/ros2_control_demo_description/share/ros2_control_demo_description/package.bash'
[15.091s] INFO:colcon.colcon_core.shell:Creating package script '/home/pi/seav2/install/ros2_control_demo_description/share/ros2_control_demo_description/package.zsh'
[15.100s] Level 1:colcon.colcon_core.environment:create_file_with_runtime_dependencies(/home/pi/seav2/install/ros2_control_demo_description/share/colcon-core/packages/ros2_control_demo_description)
[15.111s] Level 1:colcon.colcon_core.environment:create_environment_scripts_only(ros2_control_demo_description)
[15.132s] Level 1:colcon.colcon_core.environment:checking '/home/pi/seav2/install/ros2_control_demo_description' for CMake module files
[15.143s] Level 1:colcon.colcon_core.environment:checking '/home/pi/seav2/install/ros2_control_demo_description' for CMake config files
[15.152s] Level 1:colcon.colcon_core.shell:create_environment_hook('ros2_control_demo_description', 'cmake_prefix_path')
[15.155s] INFO:colcon.colcon_core.shell:Creating environment hook '/home/pi/seav2/install/ros2_control_demo_description/share/ros2_control_demo_description/hook/cmake_prefix_path.ps1'
[15.161s] INFO:colcon.colcon_core.shell:Creating environment descriptor '/home/pi/seav2/install/ros2_control_demo_description/share/ros2_control_demo_description/hook/cmake_prefix_path.dsv'
[15.166s] INFO:colcon.colcon_core.shell:Creating environment hook '/home/pi/seav2/install/ros2_control_demo_description/share/ros2_control_demo_description/hook/cmake_prefix_path.sh'
[15.177s] Level 1:colcon.colcon_core.environment:checking '/home/pi/seav2/install/ros2_control_demo_description/bin'
[15.178s] Level 1:colcon.colcon_core.environment:checking '/home/pi/seav2/install/ros2_control_demo_description/lib/pkgconfig/ros2_control_demo_description.pc'
[15.181s] Level 1:colcon.colcon_core.environment:checking '/home/pi/seav2/install/ros2_control_demo_description/lib/python3.10/site-packages'
[15.183s] Level 1:colcon.colcon_core.environment:checking '/home/pi/seav2/install/ros2_control_demo_description/bin'
[15.186s] INFO:colcon.colcon_core.shell:Creating package script '/home/pi/seav2/install/ros2_control_demo_description/share/ros2_control_demo_description/package.ps1'
[15.192s] INFO:colcon.colcon_core.shell:Creating package descriptor '/home/pi/seav2/install/ros2_control_demo_description/share/ros2_control_demo_description/package.dsv'
[15.198s] INFO:colcon.colcon_core.shell:Creating package script '/home/pi/seav2/install/ros2_control_demo_description/share/ros2_control_demo_description/package.sh'
[15.204s] INFO:colcon.colcon_core.shell:Creating package script '/home/pi/seav2/install/ros2_control_demo_description/share/ros2_control_demo_description/package.bash'
[15.209s] INFO:colcon.colcon_core.shell:Creating package script '/home/pi/seav2/install/ros2_control_demo_description/share/ros2_control_demo_description/package.zsh'
[15.215s] Level 1:colcon.colcon_core.environment:create_file_with_runtime_dependencies(/home/pi/seav2/install/ros2_control_demo_description/share/colcon-core/packages/ros2_control_demo_description)
[15.224s] INFO:colcon.colcon_ros.task.ament_cmake.build:Building ROS package in '/home/pi/seav2/src/seav-ii/seav2' with build type 'ament_cmake'
[15.225s] INFO:colcon.colcon_cmake.task.cmake.build:Building CMake package in '/home/pi/seav2/src/seav-ii/seav2'
[15.227s] INFO:colcon.colcon_core.shell:Skip shell extension 'powershell' for command environment: Not usable outside of PowerShell
[15.229s] DEBUG:colcon.colcon_core.shell:Skip shell extension 'dsv' for command environment
[15.406s] Level 1:colcon.colcon_core.environment:create_environment_scripts_only(serial)
[15.410s] DEBUG:colcon.colcon_core.event_handler.log_command:Invoked command in '/home/pi/seav2/build/serial' returned '0': CMAKE_PREFIX_PATH=${CMAKE_PREFIX_PATH}:/home/pi/seav2/install/seav2_imu:/home/pi/seav2/install/robot_cam_ros:/home/pi/seav2/install/ball_tracker:/home/pi/ss25/install/wheel_odometry:/home/pi/ss25/install/vup_2k7:/home/pi/ss25/install/summary:/home/pi/ss25/install/safety_control:/home/pi/ss25/install/project:/home/pi/ss25/install/my_slam:/home/pi/ss25/install/my_motor_driver:/home/pi/ss25/install/final:/home/pi/ss25/install/description:/home/pi/ss25/install/bringup_pkg:/home/pi/ss25/src/summary/install/summary:/home/pi/ss25/src/install/wheel_odometry:/home/pi/ss25/src/install/summary:/home/pi/ss25/src/install/safety_control:/home/pi/ss25/src/install/project:/home/pi/ss25/src/install/my_motor_driver:/home/pi/ss25/src/install/description:/home/pi/ss25/src/install/bringup_pkg:/home/pi/install/summary:/home/pi/demo_testing_9_april/seav/install/yolov8_ros:/home/pi/demo_testing_9_april/seav/install/static_tf_publisher:/home/pi/demo_testing_9_april/seav/install/seav_test_sensors:/home/pi/demo_testing_9_april/seav/install/my_robot_controller:/opt/ros/humble /usr/bin/cmake --install /home/pi/seav2/build/serial
[15.413s] Level 1:colcon.colcon_core.environment:checking '/home/pi/seav2/install/serial' for CMake module files
[15.423s] Level 1:colcon.colcon_core.environment:checking '/home/pi/seav2/install/serial' for CMake config files
[15.428s] Level 1:colcon.colcon_core.shell:create_environment_hook('serial', 'cmake_prefix_path')
[15.431s] INFO:colcon.colcon_core.shell:Creating environment hook '/home/pi/seav2/install/serial/share/serial/hook/cmake_prefix_path.ps1'
[15.437s] INFO:colcon.colcon_core.shell:Creating environment descriptor '/home/pi/seav2/install/serial/share/serial/hook/cmake_prefix_path.dsv'
[15.442s] INFO:colcon.colcon_core.shell:Creating environment hook '/home/pi/seav2/install/serial/share/serial/hook/cmake_prefix_path.sh'
[15.449s] Level 1:colcon.colcon_core.environment:checking '/home/pi/seav2/install/serial/lib'
[15.452s] Level 1:colcon.colcon_core.environment:checking '/home/pi/seav2/install/serial/bin'
[15.453s] Level 1:colcon.colcon_core.environment:checking '/home/pi/seav2/install/serial/lib/pkgconfig/serial.pc'
[15.455s] Level 1:colcon.colcon_core.environment:checking '/home/pi/seav2/install/serial/lib/python3.10/site-packages'
[15.458s] Level 1:colcon.colcon_core.environment:checking '/home/pi/seav2/install/serial/bin'
[15.462s] INFO:colcon.colcon_core.shell:Creating package script '/home/pi/seav2/install/serial/share/serial/package.ps1'
[15.467s] INFO:colcon.colcon_core.shell:Creating package descriptor '/home/pi/seav2/install/serial/share/serial/package.dsv'
[15.472s] INFO:colcon.colcon_core.shell:Creating package script '/home/pi/seav2/install/serial/share/serial/package.sh'
[15.477s] INFO:colcon.colcon_core.shell:Creating package script '/home/pi/seav2/install/serial/share/serial/package.bash'
[15.484s] INFO:colcon.colcon_core.shell:Creating package script '/home/pi/seav2/install/serial/share/serial/package.zsh'
[15.489s] Level 1:colcon.colcon_core.environment:create_file_with_runtime_dependencies(/home/pi/seav2/install/serial/share/colcon-core/packages/serial)
[15.496s] Level 1:colcon.colcon_core.environment:create_environment_scripts_only(serial)
[15.498s] Level 1:colcon.colcon_core.environment:checking '/home/pi/seav2/install/serial' for CMake module files
[15.506s] Level 1:colcon.colcon_core.environment:checking '/home/pi/seav2/install/serial' for CMake config files
[15.511s] Level 1:colcon.colcon_core.shell:create_environment_hook('serial', 'cmake_prefix_path')
[15.514s] INFO:colcon.colcon_core.shell:Creating environment hook '/home/pi/seav2/install/serial/share/serial/hook/cmake_prefix_path.ps1'
[15.519s] INFO:colcon.colcon_core.shell:Creating environment descriptor '/home/pi/seav2/install/serial/share/serial/hook/cmake_prefix_path.dsv'
[15.524s] INFO:colcon.colcon_core.shell:Creating environment hook '/home/pi/seav2/install/serial/share/serial/hook/cmake_prefix_path.sh'
[15.530s] Level 1:colcon.colcon_core.environment:checking '/home/pi/seav2/install/serial/lib'
[15.532s] Level 1:colcon.colcon_core.environment:checking '/home/pi/seav2/install/serial/bin'
[15.533s] Level 1:colcon.colcon_core.environment:checking '/home/pi/seav2/install/serial/lib/pkgconfig/serial.pc'
[15.535s] Level 1:colcon.colcon_core.environment:checking '/home/pi/seav2/install/serial/lib/python3.10/site-packages'
[15.538s] Level 1:colcon.colcon_core.environment:checking '/home/pi/seav2/install/serial/bin'
[15.541s] INFO:colcon.colcon_core.shell:Creating package script '/home/pi/seav2/install/serial/share/serial/package.ps1'
[15.547s] INFO:colcon.colcon_core.shell:Creating package descriptor '/home/pi/seav2/install/serial/share/serial/package.dsv'
[15.553s] INFO:colcon.colcon_core.shell:Creating package script '/home/pi/seav2/install/serial/share/serial/package.sh'
[15.559s] INFO:colcon.colcon_core.shell:Creating package script '/home/pi/seav2/install/serial/share/serial/package.bash'
[15.564s] INFO:colcon.colcon_core.shell:Creating package script '/home/pi/seav2/install/serial/share/serial/package.zsh'
[15.570s] Level 1:colcon.colcon_core.environment:create_file_with_runtime_dependencies(/home/pi/seav2/install/serial/share/colcon-core/packages/serial)
[15.578s] INFO:colcon.colcon_ros.task.ament_python.build:Building ROS package in '/home/pi/seav2/src/seav2_imu' with build type 'ament_python'
[15.586s] Level 1:colcon.colcon_core.shell:create_environment_hook('seav2_imu', 'ament_prefix_path')
[15.588s] INFO:colcon.colcon_core.shell:Creating environment hook '/home/pi/seav2/install/seav2_imu/share/seav2_imu/hook/ament_prefix_path.ps1'
[15.595s] INFO:colcon.colcon_core.shell:Creating environment descriptor '/home/pi/seav2/install/seav2_imu/share/seav2_imu/hook/ament_prefix_path.dsv'
[15.600s] INFO:colcon.colcon_core.shell:Creating environment hook '/home/pi/seav2/install/seav2_imu/share/seav2_imu/hook/ament_prefix_path.sh'
[15.607s] INFO:colcon.colcon_core.shell:Skip shell extension 'powershell' for command environment: Not usable outside of PowerShell
[15.608s] DEBUG:colcon.colcon_core.shell:Skip shell extension 'dsv' for command environment
[15.854s] DEBUG:colcon.colcon_core.event_handler.log_command:Invoking command in '/home/pi/seav2/build/seav2': CMAKE_PREFIX_PATH=${CMAKE_PREFIX_PATH}:/home/pi/seav2/install/seav2_imu:/home/pi/seav2/install/robot_cam_ros:/home/pi/seav2/install/ball_tracker:/home/pi/ss25/install/wheel_odometry:/home/pi/ss25/install/vup_2k7:/home/pi/ss25/install/summary:/home/pi/ss25/install/safety_control:/home/pi/ss25/install/project:/home/pi/ss25/install/my_slam:/home/pi/ss25/install/my_motor_driver:/home/pi/ss25/install/final:/home/pi/ss25/install/description:/home/pi/ss25/install/bringup_pkg:/home/pi/ss25/src/summary/install/summary:/home/pi/ss25/src/install/wheel_odometry:/home/pi/ss25/src/install/summary:/home/pi/ss25/src/install/safety_control:/home/pi/ss25/src/install/project:/home/pi/ss25/src/install/my_motor_driver:/home/pi/ss25/src/install/description:/home/pi/ss25/src/install/bringup_pkg:/home/pi/install/summary:/home/pi/demo_testing_9_april/seav/install/yolov8_ros:/home/pi/demo_testing_9_april/seav/install/static_tf_publisher:/home/pi/demo_testing_9_april/seav/install/seav_test_sensors:/home/pi/demo_testing_9_april/seav/install/my_robot_controller:/opt/ros/humble /usr/bin/cmake --build /home/pi/seav2/build/seav2 -- -j4 -l4
[20.673s] INFO:colcon.colcon_core.task.python.build:Building Python package in '/home/pi/seav2/src/seav2_imu'
[20.676s] INFO:colcon.colcon_core.shell:Skip shell extension 'powershell' for command environment: Not usable outside of PowerShell
[20.677s] DEBUG:colcon.colcon_core.shell:Skip shell extension 'dsv' for command environment
[20.835s] DEBUG:colcon.colcon_core.event_handler.log_command:Invoked command in '/home/pi/seav2/build/seav2' returned '0': CMAKE_PREFIX_PATH=${CMAKE_PREFIX_PATH}:/home/pi/seav2/install/seav2_imu:/home/pi/seav2/install/robot_cam_ros:/home/pi/seav2/install/ball_tracker:/home/pi/ss25/install/wheel_odometry:/home/pi/ss25/install/vup_2k7:/home/pi/ss25/install/summary:/home/pi/ss25/install/safety_control:/home/pi/ss25/install/project:/home/pi/ss25/install/my_slam:/home/pi/ss25/install/my_motor_driver:/home/pi/ss25/install/final:/home/pi/ss25/install/description:/home/pi/ss25/install/bringup_pkg:/home/pi/ss25/src/summary/install/summary:/home/pi/ss25/src/install/wheel_odometry:/home/pi/ss25/src/install/summary:/home/pi/ss25/src/install/safety_control:/home/pi/ss25/src/install/project:/home/pi/ss25/src/install/my_motor_driver:/home/pi/ss25/src/install/description:/home/pi/ss25/src/install/bringup_pkg:/home/pi/install/summary:/home/pi/demo_testing_9_april/seav/install/yolov8_ros:/home/pi/demo_testing_9_april/seav/install/static_tf_publisher:/home/pi/demo_testing_9_april/seav/install/seav_test_sensors:/home/pi/demo_testing_9_april/seav/install/my_robot_controller:/opt/ros/humble /usr/bin/cmake --build /home/pi/seav2/build/seav2 -- -j4 -l4
[20.877s] DEBUG:colcon.colcon_core.event_handler.log_command:Invoking command in '/home/pi/seav2/build/seav2': CMAKE_PREFIX_PATH=${CMAKE_PREFIX_PATH}:/home/pi/seav2/install/seav2_imu:/home/pi/seav2/install/robot_cam_ros:/home/pi/seav2/install/ball_tracker:/home/pi/ss25/install/wheel_odometry:/home/pi/ss25/install/vup_2k7:/home/pi/ss25/install/summary:/home/pi/ss25/install/safety_control:/home/pi/ss25/install/project:/home/pi/ss25/install/my_slam:/home/pi/ss25/install/my_motor_driver:/home/pi/ss25/install/final:/home/pi/ss25/install/description:/home/pi/ss25/install/bringup_pkg:/home/pi/ss25/src/summary/install/summary:/home/pi/ss25/src/install/wheel_odometry:/home/pi/ss25/src/install/summary:/home/pi/ss25/src/install/safety_control:/home/pi/ss25/src/install/project:/home/pi/ss25/src/install/my_motor_driver:/home/pi/ss25/src/install/description:/home/pi/ss25/src/install/bringup_pkg:/home/pi/install/summary:/home/pi/demo_testing_9_april/seav/install/yolov8_ros:/home/pi/demo_testing_9_april/seav/install/static_tf_publisher:/home/pi/demo_testing_9_april/seav/install/seav_test_sensors:/home/pi/demo_testing_9_april/seav/install/my_robot_controller:/opt/ros/humble /usr/bin/cmake --install /home/pi/seav2/build/seav2
[20.905s] DEBUG:colcon.colcon_core.event_handler.log_command:Invoking command in '/home/pi/seav2/src/ball_tracker': PYTHONPATH=/home/pi/seav2/build/ball_tracker/prefix_override:/usr/lib/python3/dist-packages/colcon_core/task/python/colcon_distutils_commands:/home/pi/seav2/install/ball_tracker/lib/python3.10/site-packages:${PYTHONPATH} /usr/bin/python3 -W ignore:setup.py install is deprecated -W ignore:easy_install command is deprecated setup.py egg_info --egg-base ../../build/ball_tracker build --build-base /home/pi/seav2/build/ball_tracker/build install --record /home/pi/seav2/build/ball_tracker/install.log --install-scripts $base/lib/ball_tracker --single-version-externally-managed install_data
[21.206s] DEBUG:colcon.colcon_core.event_handler.log_command:Invoking command in '/home/pi/seav2/src/robot_cam_ros': PYTHONPATH=/home/pi/seav2/build/robot_cam_ros/prefix_override:/usr/lib/python3/dist-packages/colcon_core/task/python/colcon_distutils_commands:/home/pi/seav2/install/robot_cam_ros/lib/python3.10/site-packages:${PYTHONPATH} /usr/bin/python3 -W ignore:setup.py install is deprecated -W ignore:easy_install command is deprecated setup.py egg_info --egg-base ../../build/robot_cam_ros build --build-base /home/pi/seav2/build/robot_cam_ros/build install --record /home/pi/seav2/build/robot_cam_ros/install.log --single-version-externally-managed install_data
[21.539s] Level 1:colcon.colcon_core.environment:create_environment_scripts_only(seav2)
[21.542s] Level 1:colcon.colcon_core.environment:checking '/home/pi/seav2/install/seav2' for CMake module files
[21.552s] DEBUG:colcon.colcon_core.event_handler.log_command:Invoked command in '/home/pi/seav2/build/seav2' returned '0': CMAKE_PREFIX_PATH=${CMAKE_PREFIX_PATH}:/home/pi/seav2/install/seav2_imu:/home/pi/seav2/install/robot_cam_ros:/home/pi/seav2/install/ball_tracker:/home/pi/ss25/install/wheel_odometry:/home/pi/ss25/install/vup_2k7:/home/pi/ss25/install/summary:/home/pi/ss25/install/safety_control:/home/pi/ss25/install/project:/home/pi/ss25/install/my_slam:/home/pi/ss25/install/my_motor_driver:/home/pi/ss25/install/final:/home/pi/ss25/install/description:/home/pi/ss25/install/bringup_pkg:/home/pi/ss25/src/summary/install/summary:/home/pi/ss25/src/install/wheel_odometry:/home/pi/ss25/src/install/summary:/home/pi/ss25/src/install/safety_control:/home/pi/ss25/src/install/project:/home/pi/ss25/src/install/my_motor_driver:/home/pi/ss25/src/install/description:/home/pi/ss25/src/install/bringup_pkg:/home/pi/install/summary:/home/pi/demo_testing_9_april/seav/install/yolov8_ros:/home/pi/demo_testing_9_april/seav/install/static_tf_publisher:/home/pi/demo_testing_9_april/seav/install/seav_test_sensors:/home/pi/demo_testing_9_april/seav/install/my_robot_controller:/opt/ros/humble /usr/bin/cmake --install /home/pi/seav2/build/seav2
[21.560s] Level 1:colcon.colcon_core.environment:checking '/home/pi/seav2/install/seav2' for CMake config files
[21.579s] Level 1:colcon.colcon_core.shell:create_environment_hook('seav2', 'cmake_prefix_path')
[21.588s] INFO:colcon.colcon_core.shell:Creating environment hook '/home/pi/seav2/install/seav2/share/seav2/hook/cmake_prefix_path.ps1'
[21.600s] INFO:colcon.colcon_core.shell:Creating environment descriptor '/home/pi/seav2/install/seav2/share/seav2/hook/cmake_prefix_path.dsv'
[21.623s] INFO:colcon.colcon_core.shell:Creating environment hook '/home/pi/seav2/install/seav2/share/seav2/hook/cmake_prefix_path.sh'
[21.642s] Level 1:colcon.colcon_core.environment:checking '/home/pi/seav2/install/seav2/bin'
[21.644s] Level 1:colcon.colcon_core.environment:checking '/home/pi/seav2/install/seav2/lib/pkgconfig/seav2.pc'
[21.647s] Level 1:colcon.colcon_core.environment:checking '/home/pi/seav2/install/seav2/lib/python3.10/site-packages'
[21.651s] Level 1:colcon.colcon_core.environment:checking '/home/pi/seav2/install/seav2/bin'
[21.661s] INFO:colcon.colcon_core.shell:Creating package script '/home/pi/seav2/install/seav2/share/seav2/package.ps1'
[21.689s] INFO:colcon.colcon_core.shell:Creating package descriptor '/home/pi/seav2/install/seav2/share/seav2/package.dsv'
[21.730s] INFO:colcon.colcon_core.shell:Creating package script '/home/pi/seav2/install/seav2/share/seav2/package.sh'
[21.762s] INFO:colcon.colcon_core.shell:Creating package script '/home/pi/seav2/install/seav2/share/seav2/package.bash'
[21.782s] INFO:colcon.colcon_core.shell:Creating package script '/home/pi/seav2/install/seav2/share/seav2/package.zsh'
[21.791s] Level 1:colcon.colcon_core.environment:create_file_with_runtime_dependencies(/home/pi/seav2/install/seav2/share/colcon-core/packages/seav2)
[21.801s] Level 1:colcon.colcon_core.environment:create_environment_scripts_only(seav2)
[21.805s] Level 1:colcon.colcon_core.environment:checking '/home/pi/seav2/install/seav2' for CMake module files
[21.825s] Level 1:colcon.colcon_core.environment:checking '/home/pi/seav2/install/seav2' for CMake config files
[21.833s] Level 1:colcon.colcon_core.shell:create_environment_hook('seav2', 'cmake_prefix_path')
[21.844s] INFO:colcon.colcon_core.shell:Creating environment hook '/home/pi/seav2/install/seav2/share/seav2/hook/cmake_prefix_path.ps1'
[21.855s] INFO:colcon.colcon_core.shell:Creating environment descriptor '/home/pi/seav2/install/seav2/share/seav2/hook/cmake_prefix_path.dsv'
[21.862s] INFO:colcon.colcon_core.shell:Creating environment hook '/home/pi/seav2/install/seav2/share/seav2/hook/cmake_prefix_path.sh'
[21.871s] Level 1:colcon.colcon_core.environment:checking '/home/pi/seav2/install/seav2/bin'
[21.873s] Level 1:colcon.colcon_core.environment:checking '/home/pi/seav2/install/seav2/lib/pkgconfig/seav2.pc'
[21.876s] Level 1:colcon.colcon_core.environment:checking '/home/pi/seav2/install/seav2/lib/python3.10/site-packages'
[21.880s] Level 1:colcon.colcon_core.environment:checking '/home/pi/seav2/install/seav2/bin'
[21.884s] INFO:colcon.colcon_core.shell:Creating package script '/home/pi/seav2/install/seav2/share/seav2/package.ps1'
[21.893s] INFO:colcon.colcon_core.shell:Creating package descriptor '/home/pi/seav2/install/seav2/share/seav2/package.dsv'
[21.901s] INFO:colcon.colcon_core.shell:Creating package script '/home/pi/seav2/install/seav2/share/seav2/package.sh'
[21.909s] INFO:colcon.colcon_core.shell:Creating package script '/home/pi/seav2/install/seav2/share/seav2/package.bash'
[21.922s] INFO:colcon.colcon_core.shell:Creating package script '/home/pi/seav2/install/seav2/share/seav2/package.zsh'
[21.930s] Level 1:colcon.colcon_core.environment:create_file_with_runtime_dependencies(/home/pi/seav2/install/seav2/share/colcon-core/packages/seav2)
[21.942s] INFO:colcon.colcon_ros.task.ament_cmake.build:Building ROS package in '/home/pi/seav2/src/ros2_v4l2_camera' with build type 'ament_cmake'
[21.946s] INFO:colcon.colcon_cmake.task.cmake.build:Building CMake package in '/home/pi/seav2/src/ros2_v4l2_camera'
[21.950s] INFO:colcon.colcon_core.shell:Skip shell extension 'powershell' for command environment: Not usable outside of PowerShell
[21.951s] DEBUG:colcon.colcon_core.shell:Skip shell extension 'dsv' for command environment
[22.168s] DEBUG:colcon.colcon_core.event_handler.log_command:Invoking command in '/home/pi/seav2/build/v4l2_camera': CMAKE_PREFIX_PATH=${CMAKE_PREFIX_PATH}:/home/pi/seav2/install/seav2_imu:/home/pi/seav2/install/robot_cam_ros:/home/pi/seav2/install/ball_tracker:/home/pi/ss25/install/wheel_odometry:/home/pi/ss25/install/vup_2k7:/home/pi/ss25/install/summary:/home/pi/ss25/install/safety_control:/home/pi/ss25/install/project:/home/pi/ss25/install/my_slam:/home/pi/ss25/install/my_motor_driver:/home/pi/ss25/install/final:/home/pi/ss25/install/description:/home/pi/ss25/install/bringup_pkg:/home/pi/ss25/src/summary/install/summary:/home/pi/ss25/src/install/wheel_odometry:/home/pi/ss25/src/install/summary:/home/pi/ss25/src/install/safety_control:/home/pi/ss25/src/install/project:/home/pi/ss25/src/install/my_motor_driver:/home/pi/ss25/src/install/description:/home/pi/ss25/src/install/bringup_pkg:/home/pi/install/summary:/home/pi/demo_testing_9_april/seav/install/yolov8_ros:/home/pi/demo_testing_9_april/seav/install/static_tf_publisher:/home/pi/demo_testing_9_april/seav/install/seav_test_sensors:/home/pi/demo_testing_9_april/seav/install/my_robot_controller:/opt/ros/humble /usr/bin/cmake --build /home/pi/seav2/build/v4l2_camera -- -j4 -l4
[26.770s] Level 1:colcon.colcon_core.environment:checking '/home/pi/seav2/install/ball_tracker' for CMake module files
[26.784s] Level 1:colcon.colcon_core.environment:checking '/home/pi/seav2/install/ball_tracker' for CMake config files
[26.773s] DEBUG:colcon.colcon_core.event_handler.log_command:Invoked command in '/home/pi/seav2/src/ball_tracker' returned '0': PYTHONPATH=/home/pi/seav2/build/ball_tracker/prefix_override:/usr/lib/python3/dist-packages/colcon_core/task/python/colcon_distutils_commands:/home/pi/seav2/install/ball_tracker/lib/python3.10/site-packages:${PYTHONPATH} /usr/bin/python3 -W ignore:setup.py install is deprecated -W ignore:easy_install command is deprecated setup.py egg_info --egg-base ../../build/ball_tracker build --build-base /home/pi/seav2/build/ball_tracker/build install --record /home/pi/seav2/build/ball_tracker/install.log --install-scripts $base/lib/ball_tracker --single-version-externally-managed install_data
[26.797s] Level 1:colcon.colcon_core.environment:checking '/home/pi/seav2/install/ball_tracker/lib'
[26.799s] Level 1:colcon.colcon_core.environment:checking '/home/pi/seav2/install/ball_tracker/bin'
[26.801s] Level 1:colcon.colcon_core.environment:checking '/home/pi/seav2/install/ball_tracker/lib/pkgconfig/ball_tracker.pc'
[26.804s] Level 1:colcon.colcon_core.environment:checking '/home/pi/seav2/install/ball_tracker/lib/python3.10/site-packages'
[26.806s] Level 1:colcon.colcon_core.shell:create_environment_hook('ball_tracker', 'pythonpath')
[26.811s] INFO:colcon.colcon_core.shell:Creating environment hook '/home/pi/seav2/install/ball_tracker/share/ball_tracker/hook/pythonpath.ps1'
[26.819s] INFO:colcon.colcon_core.shell:Creating environment descriptor '/home/pi/seav2/install/ball_tracker/share/ball_tracker/hook/pythonpath.dsv'
[26.829s] INFO:colcon.colcon_core.shell:Creating environment hook '/home/pi/seav2/install/ball_tracker/share/ball_tracker/hook/pythonpath.sh'
[26.839s] Level 1:colcon.colcon_core.environment:checking '/home/pi/seav2/install/ball_tracker/bin'
[26.841s] Level 1:colcon.colcon_core.environment:create_environment_scripts_only(ball_tracker)
[26.845s] INFO:colcon.colcon_core.shell:Creating package script '/home/pi/seav2/install/ball_tracker/share/ball_tracker/package.ps1'
[26.858s] INFO:colcon.colcon_core.shell:Creating package descriptor '/home/pi/seav2/install/ball_tracker/share/ball_tracker/package.dsv'
[26.876s] INFO:colcon.colcon_core.shell:Creating package script '/home/pi/seav2/install/ball_tracker/share/ball_tracker/package.sh'
[26.888s] INFO:colcon.colcon_core.shell:Creating package script '/home/pi/seav2/install/ball_tracker/share/ball_tracker/package.bash'
[26.898s] INFO:colcon.colcon_core.shell:Creating package script '/home/pi/seav2/install/ball_tracker/share/ball_tracker/package.zsh'
[26.908s] Level 1:colcon.colcon_core.environment:create_file_with_runtime_dependencies(/home/pi/seav2/install/ball_tracker/share/colcon-core/packages/ball_tracker)
[26.928s] INFO:colcon.colcon_ros.task.ament_cmake.build:Building ROS package in '/home/pi/seav2/src/seav-ii/carlikebot_ros2_control/carlikebot_ros2_control' with build type 'ament_cmake'
[26.933s] INFO:colcon.colcon_cmake.task.cmake.build:Building CMake package in '/home/pi/seav2/src/seav-ii/carlikebot_ros2_control/carlikebot_ros2_control'
[26.937s] INFO:colcon.colcon_core.shell:Skip shell extension 'powershell' for command environment: Not usable outside of PowerShell
[26.939s] DEBUG:colcon.colcon_core.shell:Skip shell extension 'dsv' for command environment
[27.216s] DEBUG:colcon.colcon_core.event_handler.log_command:Invoking command in '/home/pi/seav2/src/seav2_imu': PYTHONPATH=/home/pi/seav2/build/seav2_imu/prefix_override:/usr/lib/python3/dist-packages/colcon_core/task/python/colcon_distutils_commands:/home/pi/seav2/install/seav2_imu/lib/python3.10/site-packages:${PYTHONPATH} /usr/bin/python3 -W ignore:setup.py install is deprecated -W ignore:easy_install command is deprecated setup.py egg_info --egg-base ../../build/seav2_imu build --build-base /home/pi/seav2/build/seav2_imu/build install --record /home/pi/seav2/build/seav2_imu/install.log --single-version-externally-managed install_data
[27.273s] DEBUG:colcon.colcon_core.event_handler.log_command:Invoking command in '/home/pi/seav2/build/carlikebot_ros2_control': CMAKE_PREFIX_PATH=/home/pi/seav2/install/serial:/home/pi/seav2/install/ros2_control_demo_description:/home/pi/seav2/install/carlikebot_ros2_control:/home/pi/seav2/install/seav2:/home/pi/ss25/install/sllidar_ros2:/home/pi/ss25/src/install/sllidar_ros2:/home/pi/demo_testing_9_april/seav/install/seav_simulation:/home/pi/demo_testing_9_april/seav/install/seav_description:/home/pi/demo_testing_9_april/seav/install/rplidar_ros:/home/pi/demo_testing_9_april/seav/install/my_nav2_pkg:/home/pi/seav2/install/seav2_imu:/home/pi/seav2/install/robot_cam_ros:/home/pi/seav2/install/ball_tracker:/home/pi/ss25/install/wheel_odometry:/home/pi/ss25/install/vup_2k7:/home/pi/ss25/install/summary:/home/pi/ss25/install/safety_control:/home/pi/ss25/install/project:/home/pi/ss25/install/my_slam:/home/pi/ss25/install/my_motor_driver:/home/pi/ss25/install/final:/home/pi/ss25/install/description:/home/pi/ss25/install/bringup_pkg:/home/pi/ss25/src/summary/install/summary:/home/pi/ss25/src/install/wheel_odometry:/home/pi/ss25/src/install/summary:/home/pi/ss25/src/install/safety_control:/home/pi/ss25/src/install/project:/home/pi/ss25/src/install/my_motor_driver:/home/pi/ss25/src/install/description:/home/pi/ss25/src/install/bringup_pkg:/home/pi/install/summary:/home/pi/demo_testing_9_april/seav/install/yolov8_ros:/home/pi/demo_testing_9_april/seav/install/static_tf_publisher:/home/pi/demo_testing_9_april/seav/install/seav_test_sensors:/home/pi/demo_testing_9_april/seav/install/my_robot_controller:/opt/ros/humble /usr/bin/cmake --build /home/pi/seav2/build/carlikebot_ros2_control -- -j4 -l4
[27.359s] Level 1:colcon.colcon_core.environment:checking '/home/pi/seav2/install/robot_cam_ros' for CMake module files
[27.365s] DEBUG:colcon.colcon_core.event_handler.log_command:Invoked command in '/home/pi/seav2/src/robot_cam_ros' returned '0': PYTHONPATH=/home/pi/seav2/build/robot_cam_ros/prefix_override:/usr/lib/python3/dist-packages/colcon_core/task/python/colcon_distutils_commands:/home/pi/seav2/install/robot_cam_ros/lib/python3.10/site-packages:${PYTHONPATH} /usr/bin/python3 -W ignore:setup.py install is deprecated -W ignore:easy_install command is deprecated setup.py egg_info --egg-base ../../build/robot_cam_ros build --build-base /home/pi/seav2/build/robot_cam_ros/build install --record /home/pi/seav2/build/robot_cam_ros/install.log --single-version-externally-managed install_data
[27.370s] Level 1:colcon.colcon_core.environment:checking '/home/pi/seav2/install/robot_cam_ros' for CMake config files
[27.380s] Level 1:colcon.colcon_core.environment:checking '/home/pi/seav2/install/robot_cam_ros/lib'
[27.381s] Level 1:colcon.colcon_core.environment:checking '/home/pi/seav2/install/robot_cam_ros/bin'
[27.382s] Level 1:colcon.colcon_core.environment:checking '/home/pi/seav2/install/robot_cam_ros/lib/pkgconfig/robot_cam_ros.pc'
[27.385s] Level 1:colcon.colcon_core.environment:checking '/home/pi/seav2/install/robot_cam_ros/lib/python3.10/site-packages'
[27.386s] Level 1:colcon.colcon_core.shell:create_environment_hook('robot_cam_ros', 'pythonpath')
[27.388s] INFO:colcon.colcon_core.shell:Creating environment hook '/home/pi/seav2/install/robot_cam_ros/share/robot_cam_ros/hook/pythonpath.ps1'
[27.394s] INFO:colcon.colcon_core.shell:Creating environment descriptor '/home/pi/seav2/install/robot_cam_ros/share/robot_cam_ros/hook/pythonpath.dsv'
[27.398s] INFO:colcon.colcon_core.shell:Creating environment hook '/home/pi/seav2/install/robot_cam_ros/share/robot_cam_ros/hook/pythonpath.sh'
[27.405s] Level 1:colcon.colcon_core.environment:checking '/home/pi/seav2/install/robot_cam_ros/bin'
[27.408s] Level 1:colcon.colcon_core.environment:create_environment_scripts_only(robot_cam_ros)
[27.418s] INFO:colcon.colcon_core.shell:Creating package script '/home/pi/seav2/install/robot_cam_ros/share/robot_cam_ros/package.ps1'
[27.424s] INFO:colcon.colcon_core.shell:Creating package descriptor '/home/pi/seav2/install/robot_cam_ros/share/robot_cam_ros/package.dsv'
[27.430s] INFO:colcon.colcon_core.shell:Creating package script '/home/pi/seav2/install/robot_cam_ros/share/robot_cam_ros/package.sh'
[27.436s] INFO:colcon.colcon_core.shell:Creating package script '/home/pi/seav2/install/robot_cam_ros/share/robot_cam_ros/package.bash'
[27.442s] INFO:colcon.colcon_core.shell:Creating package script '/home/pi/seav2/install/robot_cam_ros/share/robot_cam_ros/package.zsh'
[27.447s] Level 1:colcon.colcon_core.environment:create_file_with_runtime_dependencies(/home/pi/seav2/install/robot_cam_ros/share/colcon-core/packages/robot_cam_ros)
[28.180s] DEBUG:colcon.colcon_core.event_handler.log_command:Invoked command in '/home/pi/seav2/build/carlikebot_ros2_control' returned '0': CMAKE_PREFIX_PATH=/home/pi/seav2/install/serial:/home/pi/seav2/install/ros2_control_demo_description:/home/pi/seav2/install/carlikebot_ros2_control:/home/pi/seav2/install/seav2:/home/pi/ss25/install/sllidar_ros2:/home/pi/ss25/src/install/sllidar_ros2:/home/pi/demo_testing_9_april/seav/install/seav_simulation:/home/pi/demo_testing_9_april/seav/install/seav_description:/home/pi/demo_testing_9_april/seav/install/rplidar_ros:/home/pi/demo_testing_9_april/seav/install/my_nav2_pkg:/home/pi/seav2/install/seav2_imu:/home/pi/seav2/install/robot_cam_ros:/home/pi/seav2/install/ball_tracker:/home/pi/ss25/install/wheel_odometry:/home/pi/ss25/install/vup_2k7:/home/pi/ss25/install/summary:/home/pi/ss25/install/safety_control:/home/pi/ss25/install/project:/home/pi/ss25/install/my_slam:/home/pi/ss25/install/my_motor_driver:/home/pi/ss25/install/final:/home/pi/ss25/install/description:/home/pi/ss25/install/bringup_pkg:/home/pi/ss25/src/summary/install/summary:/home/pi/ss25/src/install/wheel_odometry:/home/pi/ss25/src/install/summary:/home/pi/ss25/src/install/safety_control:/home/pi/ss25/src/install/project:/home/pi/ss25/src/install/my_motor_driver:/home/pi/ss25/src/install/description:/home/pi/ss25/src/install/bringup_pkg:/home/pi/install/summary:/home/pi/demo_testing_9_april/seav/install/yolov8_ros:/home/pi/demo_testing_9_april/seav/install/static_tf_publisher:/home/pi/demo_testing_9_april/seav/install/seav_test_sensors:/home/pi/demo_testing_9_april/seav/install/my_robot_controller:/opt/ros/humble /usr/bin/cmake --build /home/pi/seav2/build/carlikebot_ros2_control -- -j4 -l4
[28.214s] DEBUG:colcon.colcon_core.event_handler.log_command:Invoking command in '/home/pi/seav2/build/carlikebot_ros2_control': CMAKE_PREFIX_PATH=/home/pi/seav2/install/serial:/home/pi/seav2/install/ros2_control_demo_description:/home/pi/seav2/install/carlikebot_ros2_control:/home/pi/seav2/install/seav2:/home/pi/ss25/install/sllidar_ros2:/home/pi/ss25/src/install/sllidar_ros2:/home/pi/demo_testing_9_april/seav/install/seav_simulation:/home/pi/demo_testing_9_april/seav/install/seav_description:/home/pi/demo_testing_9_april/seav/install/rplidar_ros:/home/pi/demo_testing_9_april/seav/install/my_nav2_pkg:/home/pi/seav2/install/seav2_imu:/home/pi/seav2/install/robot_cam_ros:/home/pi/seav2/install/ball_tracker:/home/pi/ss25/install/wheel_odometry:/home/pi/ss25/install/vup_2k7:/home/pi/ss25/install/summary:/home/pi/ss25/install/safety_control:/home/pi/ss25/install/project:/home/pi/ss25/install/my_slam:/home/pi/ss25/install/my_motor_driver:/home/pi/ss25/install/final:/home/pi/ss25/install/description:/home/pi/ss25/install/bringup_pkg:/home/pi/ss25/src/summary/install/summary:/home/pi/ss25/src/install/wheel_odometry:/home/pi/ss25/src/install/summary:/home/pi/ss25/src/install/safety_control:/home/pi/ss25/src/install/project:/home/pi/ss25/src/install/my_motor_driver:/home/pi/ss25/src/install/description:/home/pi/ss25/src/install/bringup_pkg:/home/pi/install/summary:/home/pi/demo_testing_9_april/seav/install/yolov8_ros:/home/pi/demo_testing_9_april/seav/install/static_tf_publisher:/home/pi/demo_testing_9_april/seav/install/seav_test_sensors:/home/pi/demo_testing_9_april/seav/install/my_robot_controller:/opt/ros/humble /usr/bin/cmake --install /home/pi/seav2/build/carlikebot_ros2_control
[28.594s] Level 1:colcon.colcon_core.environment:create_environment_scripts_only(carlikebot_ros2_control)
[28.597s] Level 1:colcon.colcon_core.environment:checking '/home/pi/seav2/install/carlikebot_ros2_control' for CMake module files
[28.602s] DEBUG:colcon.colcon_core.event_handler.log_command:Invoked command in '/home/pi/seav2/build/carlikebot_ros2_control' returned '0': CMAKE_PREFIX_PATH=/home/pi/seav2/install/serial:/home/pi/seav2/install/ros2_control_demo_description:/home/pi/seav2/install/carlikebot_ros2_control:/home/pi/seav2/install/seav2:/home/pi/ss25/install/sllidar_ros2:/home/pi/ss25/src/install/sllidar_ros2:/home/pi/demo_testing_9_april/seav/install/seav_simulation:/home/pi/demo_testing_9_april/seav/install/seav_description:/home/pi/demo_testing_9_april/seav/install/rplidar_ros:/home/pi/demo_testing_9_april/seav/install/my_nav2_pkg:/home/pi/seav2/install/seav2_imu:/home/pi/seav2/install/robot_cam_ros:/home/pi/seav2/install/ball_tracker:/home/pi/ss25/install/wheel_odometry:/home/pi/ss25/install/vup_2k7:/home/pi/ss25/install/summary:/home/pi/ss25/install/safety_control:/home/pi/ss25/install/project:/home/pi/ss25/install/my_slam:/home/pi/ss25/install/my_motor_driver:/home/pi/ss25/install/final:/home/pi/ss25/install/description:/home/pi/ss25/install/bringup_pkg:/home/pi/ss25/src/summary/install/summary:/home/pi/ss25/src/install/wheel_odometry:/home/pi/ss25/src/install/summary:/home/pi/ss25/src/install/safety_control:/home/pi/ss25/src/install/project:/home/pi/ss25/src/install/my_motor_driver:/home/pi/ss25/src/install/description:/home/pi/ss25/src/install/bringup_pkg:/home/pi/install/summary:/home/pi/demo_testing_9_april/seav/install/yolov8_ros:/home/pi/demo_testing_9_april/seav/install/static_tf_publisher:/home/pi/demo_testing_9_april/seav/install/seav_test_sensors:/home/pi/demo_testing_9_april/seav/install/my_robot_controller:/opt/ros/humble /usr/bin/cmake --install /home/pi/seav2/build/carlikebot_ros2_control
[28.614s] Level 1:colcon.colcon_core.environment:checking '/home/pi/seav2/install/carlikebot_ros2_control' for CMake config files
[28.620s] Level 1:colcon.colcon_core.shell:create_environment_hook('carlikebot_ros2_control', 'cmake_prefix_path')
[28.624s] INFO:colcon.colcon_core.shell:Creating environment hook '/home/pi/seav2/install/carlikebot_ros2_control/share/carlikebot_ros2_control/hook/cmake_prefix_path.ps1'
[28.633s] INFO:colcon.colcon_core.shell:Creating environment descriptor '/home/pi/seav2/install/carlikebot_ros2_control/share/carlikebot_ros2_control/hook/cmake_prefix_path.dsv'
[28.642s] INFO:colcon.colcon_core.shell:Creating environment hook '/home/pi/seav2/install/carlikebot_ros2_control/share/carlikebot_ros2_control/hook/cmake_prefix_path.sh'
[28.653s] Level 1:colcon.colcon_core.environment:checking '/home/pi/seav2/install/carlikebot_ros2_control/lib'
[28.655s] Level 1:colcon.colcon_core.shell:create_environment_hook('carlikebot_ros2_control', 'ld_library_path_lib')
[28.661s] INFO:colcon.colcon_core.shell:Creating environment hook '/home/pi/seav2/install/carlikebot_ros2_control/share/carlikebot_ros2_control/hook/ld_library_path_lib.ps1'
[28.669s] INFO:colcon.colcon_core.shell:Creating environment descriptor '/home/pi/seav2/install/carlikebot_ros2_control/share/carlikebot_ros2_control/hook/ld_library_path_lib.dsv'
[28.678s] INFO:colcon.colcon_core.shell:Creating environment hook '/home/pi/seav2/install/carlikebot_ros2_control/share/carlikebot_ros2_control/hook/ld_library_path_lib.sh'
[28.687s] Level 1:colcon.colcon_core.environment:checking '/home/pi/seav2/install/carlikebot_ros2_control/bin'
[28.688s] Level 1:colcon.colcon_core.environment:checking '/home/pi/seav2/install/carlikebot_ros2_control/lib/pkgconfig/carlikebot_ros2_control.pc'
[28.691s] Level 1:colcon.colcon_core.environment:checking '/home/pi/seav2/install/carlikebot_ros2_control/lib/python3.10/site-packages'
[28.693s] Level 1:colcon.colcon_core.environment:checking '/home/pi/seav2/install/carlikebot_ros2_control/bin'
[28.697s] INFO:colcon.colcon_core.shell:Creating package script '/home/pi/seav2/install/carlikebot_ros2_control/share/carlikebot_ros2_control/package.ps1'
[28.703s] INFO:colcon.colcon_core.shell:Creating package descriptor '/home/pi/seav2/install/carlikebot_ros2_control/share/carlikebot_ros2_control/package.dsv'
[28.708s] INFO:colcon.colcon_core.shell:Creating package script '/home/pi/seav2/install/carlikebot_ros2_control/share/carlikebot_ros2_control/package.sh'
[28.714s] INFO:colcon.colcon_core.shell:Creating package script '/home/pi/seav2/install/carlikebot_ros2_control/share/carlikebot_ros2_control/package.bash'
[28.719s] INFO:colcon.colcon_core.shell:Creating package script '/home/pi/seav2/install/carlikebot_ros2_control/share/carlikebot_ros2_control/package.zsh'
[28.724s] Level 1:colcon.colcon_core.environment:create_file_with_runtime_dependencies(/home/pi/seav2/install/carlikebot_ros2_control/share/colcon-core/packages/carlikebot_ros2_control)
[28.731s] Level 1:colcon.colcon_core.environment:create_environment_scripts_only(carlikebot_ros2_control)
[28.733s] Level 1:colcon.colcon_core.environment:checking '/home/pi/seav2/install/carlikebot_ros2_control' for CMake module files
[28.743s] Level 1:colcon.colcon_core.environment:checking '/home/pi/seav2/install/carlikebot_ros2_control' for CMake config files
[28.748s] Level 1:colcon.colcon_core.shell:create_environment_hook('carlikebot_ros2_control', 'cmake_prefix_path')
[28.750s] INFO:colcon.colcon_core.shell:Creating environment hook '/home/pi/seav2/install/carlikebot_ros2_control/share/carlikebot_ros2_control/hook/cmake_prefix_path.ps1'
[28.756s] INFO:colcon.colcon_core.shell:Creating environment descriptor '/home/pi/seav2/install/carlikebot_ros2_control/share/carlikebot_ros2_control/hook/cmake_prefix_path.dsv'
[28.761s] INFO:colcon.colcon_core.shell:Creating environment hook '/home/pi/seav2/install/carlikebot_ros2_control/share/carlikebot_ros2_control/hook/cmake_prefix_path.sh'
[28.769s] Level 1:colcon.colcon_core.environment:checking '/home/pi/seav2/install/carlikebot_ros2_control/lib'
[28.770s] Level 1:colcon.colcon_core.shell:create_environment_hook('carlikebot_ros2_control', 'ld_library_path_lib')
[28.773s] INFO:colcon.colcon_core.shell:Creating environment hook '/home/pi/seav2/install/carlikebot_ros2_control/share/carlikebot_ros2_control/hook/ld_library_path_lib.ps1'
[28.778s] INFO:colcon.colcon_core.shell:Creating environment descriptor '/home/pi/seav2/install/carlikebot_ros2_control/share/carlikebot_ros2_control/hook/ld_library_path_lib.dsv'
[28.783s] INFO:colcon.colcon_core.shell:Creating environment hook '/home/pi/seav2/install/carlikebot_ros2_control/share/carlikebot_ros2_control/hook/ld_library_path_lib.sh'
[28.792s] Level 1:colcon.colcon_core.environment:checking '/home/pi/seav2/install/carlikebot_ros2_control/bin'
[28.794s] Level 1:colcon.colcon_core.environment:checking '/home/pi/seav2/install/carlikebot_ros2_control/lib/pkgconfig/carlikebot_ros2_control.pc'
[28.797s] Level 1:colcon.colcon_core.environment:checking '/home/pi/seav2/install/carlikebot_ros2_control/lib/python3.10/site-packages'
[28.799s] Level 1:colcon.colcon_core.environment:checking '/home/pi/seav2/install/carlikebot_ros2_control/bin'
[28.803s] INFO:colcon.colcon_core.shell:Creating package script '/home/pi/seav2/install/carlikebot_ros2_control/share/carlikebot_ros2_control/package.ps1'
[28.810s] INFO:colcon.colcon_core.shell:Creating package descriptor '/home/pi/seav2/install/carlikebot_ros2_control/share/carlikebot_ros2_control/package.dsv'
[28.818s] INFO:colcon.colcon_core.shell:Creating package script '/home/pi/seav2/install/carlikebot_ros2_control/share/carlikebot_ros2_control/package.sh'
[28.824s] INFO:colcon.colcon_core.shell:Creating package script '/home/pi/seav2/install/carlikebot_ros2_control/share/carlikebot_ros2_control/package.bash'
[28.831s] INFO:colcon.colcon_core.shell:Creating package script '/home/pi/seav2/install/carlikebot_ros2_control/share/carlikebot_ros2_control/package.zsh'
[28.836s] Level 1:colcon.colcon_core.environment:create_file_with_runtime_dependencies(/home/pi/seav2/install/carlikebot_ros2_control/share/colcon-core/packages/carlikebot_ros2_control)
[29.278s] DEBUG:colcon.colcon_core.event_handler.log_command:Invoked command in '/home/pi/seav2/build/v4l2_camera' returned '2': CMAKE_PREFIX_PATH=${CMAKE_PREFIX_PATH}:/home/pi/seav2/install/seav2_imu:/home/pi/seav2/install/robot_cam_ros:/home/pi/seav2/install/ball_tracker:/home/pi/ss25/install/wheel_odometry:/home/pi/ss25/install/vup_2k7:/home/pi/ss25/install/summary:/home/pi/ss25/install/safety_control:/home/pi/ss25/install/project:/home/pi/ss25/install/my_slam:/home/pi/ss25/install/my_motor_driver:/home/pi/ss25/install/final:/home/pi/ss25/install/description:/home/pi/ss25/install/bringup_pkg:/home/pi/ss25/src/summary/install/summary:/home/pi/ss25/src/install/wheel_odometry:/home/pi/ss25/src/install/summary:/home/pi/ss25/src/install/safety_control:/home/pi/ss25/src/install/project:/home/pi/ss25/src/install/my_motor_driver:/home/pi/ss25/src/install/description:/home/pi/ss25/src/install/bringup_pkg:/home/pi/install/summary:/home/pi/demo_testing_9_april/seav/install/yolov8_ros:/home/pi/demo_testing_9_april/seav/install/static_tf_publisher:/home/pi/demo_testing_9_april/seav/install/seav_test_sensors:/home/pi/demo_testing_9_april/seav/install/my_robot_controller:/opt/ros/humble /usr/bin/cmake --build /home/pi/seav2/build/v4l2_camera -- -j4 -l4
[29.282s] Level 1:colcon.colcon_core.environment:create_environment_scripts_only(v4l2_camera)
[29.285s] Level 1:colcon.colcon_core.environment:checking '/home/pi/seav2/install/v4l2_camera' for CMake module files
[29.291s] Level 1:colcon.colcon_core.environment:checking '/home/pi/seav2/install/v4l2_camera' for CMake config files
[29.295s] Level 1:colcon.colcon_core.environment:checking '/home/pi/seav2/install/v4l2_camera/bin'
[29.296s] Level 1:colcon.colcon_core.environment:checking '/home/pi/seav2/install/v4l2_camera/lib/pkgconfig/v4l2_camera.pc'
[29.299s] Level 1:colcon.colcon_core.environment:checking '/home/pi/seav2/install/v4l2_camera/lib/python3.10/site-packages'
[29.301s] Level 1:colcon.colcon_core.environment:checking '/home/pi/seav2/install/v4l2_camera/bin'
[29.304s] INFO:colcon.colcon_core.shell:Creating package script '/home/pi/seav2/install/v4l2_camera/share/v4l2_camera/package.ps1'
[29.310s] INFO:colcon.colcon_core.shell:Creating package descriptor '/home/pi/seav2/install/v4l2_camera/share/v4l2_camera/package.dsv'
[29.315s] INFO:colcon.colcon_core.shell:Creating package script '/home/pi/seav2/install/v4l2_camera/share/v4l2_camera/package.sh'
[29.320s] INFO:colcon.colcon_core.shell:Creating package script '/home/pi/seav2/install/v4l2_camera/share/v4l2_camera/package.bash'
[29.325s] INFO:colcon.colcon_core.shell:Creating package script '/home/pi/seav2/install/v4l2_camera/share/v4l2_camera/package.zsh'
[29.330s] Level 1:colcon.colcon_core.environment:create_file_with_runtime_dependencies(/home/pi/seav2/install/v4l2_camera/share/colcon-core/packages/v4l2_camera)
[31.940s] DEBUG:colcon.colcon_parallel_executor.executor.parallel:closing loop
[31.942s] DEBUG:colcon.colcon_parallel_executor.executor.parallel:loop closed
[31.943s] DEBUG:colcon.colcon_parallel_executor.executor.parallel:run_until_complete finished with '2'
[31.944s] DEBUG:colcon.colcon_core.event_reactor:joining thread
[32.010s] INFO:colcon.colcon_core.plugin_system:Skipping extension 'colcon_notification.desktop_notification.notify_send': Could not find 'notify-send'
[32.011s] INFO:colcon.colcon_core.plugin_system:Skipping extension 'colcon_notification.desktop_notification.terminal_notifier': Not used on non-Darwin systems
[32.012s] INFO:colcon.colcon_core.plugin_system:Skipping extension 'colcon_notification.desktop_notification.win32': Not used on non-Windows systems
[32.012s] INFO:colcon.colcon_notification.desktop_notification:Sending desktop notification using 'notify2'
[32.020s] DEBUG:colcon.colcon_notification.desktop_notification.notify2:Failed to initialize notify2: org.freedesktop.DBus.Error.ServiceUnknown: The name org.freedesktop.Notifications was not provided by any .service files
[32.021s] DEBUG:colcon.colcon_core.event_reactor:joined thread
[32.023s] INFO:colcon.colcon_core.shell:Creating prefix script '/home/pi/seav2/install/local_setup.ps1'
[32.033s] INFO:colcon.colcon_core.shell:Creating prefix util module '/home/pi/seav2/install/_local_setup_util_ps1.py'
[32.048s] INFO:colcon.colcon_core.shell:Creating prefix chain script '/home/pi/seav2/install/setup.ps1'
[32.089s] INFO:colcon.colcon_core.shell:Creating prefix script '/home/pi/seav2/install/local_setup.sh'
[32.095s] INFO:colcon.colcon_core.shell:Creating prefix util module '/home/pi/seav2/install/_local_setup_util_sh.py'
[32.102s] INFO:colcon.colcon_core.shell:Creating prefix chain script '/home/pi/seav2/install/setup.sh'
[32.142s] INFO:colcon.colcon_core.shell:Creating prefix script '/home/pi/seav2/install/local_setup.bash'
[32.147s] INFO:colcon.colcon_core.shell:Creating prefix chain script '/home/pi/seav2/install/setup.bash'
[32.186s] INFO:colcon.colcon_core.shell:Creating prefix script '/home/pi/seav2/install/local_setup.zsh'
[32.192s] INFO:colcon.colcon_core.shell:Creating prefix chain script '/home/pi/seav2/install/setup.zsh'
