[0.000000] (-) TimerEvent: {}
[0.002765] (ball_tracker) JobQueued: {'identifier': 'ball_tracker', 'dependencies': OrderedDict()}
[0.003316] (robot_cam_ros) JobQueued: {'identifier': 'robot_cam_ros', 'dependencies': OrderedDict()}
[0.004052] (ros2_control_demo_description) JobQueued: {'identifier': 'ros2_control_demo_description', 'dependencies': OrderedDict()}
[0.004511] (seav2) JobQueued: {'identifier': 'seav2', 'dependencies': OrderedDict()}
[0.004778] (seav2_imu) JobQueued: {'identifier': 'seav2_imu', 'dependencies': OrderedDict()}
[0.005106] (serial) JobQueued: {'identifier': 'serial', 'dependencies': OrderedDict()}
[0.005391] (v4l2_camera) JobQueued: {'identifier': 'v4l2_camera', 'dependencies': OrderedDict()}
[0.005732] (carlikebot_ros2_control) JobQueued: {'identifier': 'carlikebot_ros2_control', 'dependencies': OrderedDict([('ros2_control_demo_description', '/home/pi/seav2/install/ros2_control_demo_description'), ('serial', '/home/pi/seav2/install/serial')])}
[0.006207] (ros2_control_demo_description) JobStarted: {'identifier': 'ros2_control_demo_description'}
[0.094670] (-) TimerEvent: {}
[0.167698] (serial) JobStarted: {'identifier': 'serial'}
[0.194950] (-) TimerEvent: {}
[0.298747] (-) TimerEvent: {}
[0.301471] (ball_tracker) JobStarted: {'identifier': 'ball_tracker'}
[0.399064] (-) TimerEvent: {}
[0.456890] (robot_cam_ros) JobStarted: {'identifier': 'robot_cam_ros'}
[0.499356] (-) TimerEvent: {}
[0.607824] (-) TimerEvent: {}
[0.629455] (ros2_control_demo_description) JobProgress: {'identifier': 'ros2_control_demo_description', 'progress': 'cmake'}
[0.636107] (ros2_control_demo_description) JobProgress: {'identifier': 'ros2_control_demo_description', 'progress': 'build'}
[0.642420] (ros2_control_demo_description) Command: {'cmd': ['/usr/bin/cmake', '--build', '/home/pi/seav2/build/ros2_control_demo_description', '--', '-j4', '-l4'], 'cwd': '/home/pi/seav2/build/ros2_control_demo_description', 'env': OrderedDict([('LESSOPEN', '| /usr/bin/lesspipe %s'), ('USER', 'pi'), ('SSH_CLIENT', '192.168.0.105 43836 22'), ('LC_TIME', 'en_US.UTF-8'), ('XDG_SESSION_TYPE', 'tty'), ('SHLVL', '1'), ('LD_LIBRARY_PATH', '/home/pi/seav2/install/carlikebot_ros2_control/lib:/home/pi/seav2/install/serial/lib:/opt/ros/humble/opt/rviz_ogre_vendor/lib:/opt/ros/humble/lib/aarch64-linux-gnu:/opt/ros/humble/lib'), ('MOTD_SHOWN', 'pam'), ('HOME', '/home/pi'), ('OLDPWD', '/home/pi'), ('SSH_TTY', '/dev/pts/0'), ('ROS_PYTHON_VERSION', '3'), ('LC_MONETARY', 'en_US.UTF-8'), ('ROS_IP', '192.168.137.192'), ('DBUS_SESSION_BUS_ADDRESS', 'unix:path=/run/user/1000/bus'), ('QT_QPA_PLATFORM_PLUGIN_PATH', '/home/your_username/.local/lib/python3.10/site-packages/cv2/qt/plugins'), ('COLCON_PREFIX_PATH', '/home/pi/seav2/install:/home/pi/ss25/install:/home/pi/ss25/src/description/description/install:/home/pi/ss25/src/summary/install:/home/pi/ss25/src/install:/home/pi/demo_testing_9_april/seav/install:/home/pi/install'), ('ROS_DISTRO', 'humble'), ('LOGNAME', 'pi'), ('_', '/usr/bin/colcon'), ('ROS_VERSION', '2'), ('XDG_SESSION_CLASS', 'user'), ('TERM', 'xterm-256color'), ('XDG_SESSION_ID', '5'), ('ROS_LOCALHOST_ONLY', '0'), ('PATH', '/home/pi/.local/bin:/home/pi/.local/bin:/opt/ros/humble/bin:/usr/local/sbin:/usr/local/bin:/usr/sbin:/usr/bin:/sbin:/bin:/usr/games:/usr/local/games:/snap/bin'), ('LC_ADDRESS', 'en_US.UTF-8'), ('XDG_RUNTIME_DIR', '/run/user/1000'), ('DISPLAY', 'localhost:10.0'), ('LANG', 'en_US.UTF-8'), ('LC_TELEPHONE', 'en_US.UTF-8'), ('LS_COLORS', 'rs=0:di=01;34:ln=01;36:mh=00:pi=40;33:so=01;35:do=01;35:bd=40;33;01:cd=40;33;01:or=40;31;01:mi=00:su=37;41:sg=30;43:ca=30;41:tw=30;42:ow=34;42:st=37;44:ex=01;32:*.tar=01;31:*.tgz=01;31:*.arc=01;31:*.arj=01;31:*.taz=01;31:*.lha=01;31:*.lz4=01;31:*.lzh=01;31:*.lzma=01;31:*.tlz=01;31:*.txz=01;31:*.tzo=01;31:*.t7z=01;31:*.zip=01;31:*.z=01;31:*.dz=01;31:*.gz=01;31:*.lrz=01;31:*.lz=01;31:*.lzo=01;31:*.xz=01;31:*.zst=01;31:*.tzst=01;31:*.bz2=01;31:*.bz=01;31:*.tbz=01;31:*.tbz2=01;31:*.tz=01;31:*.deb=01;31:*.rpm=01;31:*.jar=01;31:*.war=01;31:*.ear=01;31:*.sar=01;31:*.rar=01;31:*.alz=01;31:*.ace=01;31:*.zoo=01;31:*.cpio=01;31:*.7z=01;31:*.rz=01;31:*.cab=01;31:*.wim=01;31:*.swm=01;31:*.dwm=01;31:*.esd=01;31:*.jpg=01;35:*.jpeg=01;35:*.mjpg=01;35:*.mjpeg=01;35:*.gif=01;35:*.bmp=01;35:*.pbm=01;35:*.pgm=01;35:*.ppm=01;35:*.tga=01;35:*.xbm=01;35:*.xpm=01;35:*.tif=01;35:*.tiff=01;35:*.png=01;35:*.svg=01;35:*.svgz=01;35:*.mng=01;35:*.pcx=01;35:*.mov=01;35:*.mpg=01;35:*.mpeg=01;35:*.m2v=01;35:*.mkv=01;35:*.webm=01;35:*.webp=01;35:*.ogm=01;35:*.mp4=01;35:*.m4v=01;35:*.mp4v=01;35:*.vob=01;35:*.qt=01;35:*.nuv=01;35:*.wmv=01;35:*.asf=01;35:*.rm=01;35:*.rmvb=01;35:*.flc=01;35:*.avi=01;35:*.fli=01;35:*.flv=01;35:*.gl=01;35:*.dl=01;35:*.xcf=01;35:*.xwd=01;35:*.yuv=01;35:*.cgm=01;35:*.emf=01;35:*.ogv=01;35:*.ogx=01;35:*.aac=00;36:*.au=00;36:*.flac=00;36:*.m4a=00;36:*.mid=00;36:*.midi=00;36:*.mka=00;36:*.mp3=00;36:*.mpc=00;36:*.ogg=00;36:*.ra=00;36:*.wav=00;36:*.oga=00;36:*.opus=00;36:*.spx=00;36:*.xspf=00;36:'), ('ROS_DOMAIN_ID', '0'), ('AMENT_PREFIX_PATH', '/home/pi/seav2/install/carlikebot_ros2_control:/home/pi/seav2/install/serial:/home/pi/seav2/install/seav2_imu:/home/pi/seav2/install/seav2:/home/pi/seav2/install/ros2_control_demo_description:/home/pi/seav2/install/robot_cam_ros:/home/pi/seav2/install/ball_tracker:/home/pi/ss25/install/wheel_odometry:/home/pi/ss25/install/vup_2k7:/home/pi/ss25/install/summary:/home/pi/ss25/install/sllidar_ros2:/home/pi/ss25/install/safety_control:/home/pi/ss25/install/project:/home/pi/ss25/install/my_slam:/home/pi/ss25/install/my_motor_driver:/home/pi/ss25/install/final:/home/pi/ss25/install/description:/home/pi/ss25/install/bringup_pkg:/home/pi/ss25/src/summary/install/summary:/home/pi/ss25/src/install/wheel_odometry:/home/pi/ss25/src/install/summary:/home/pi/ss25/src/install/sllidar_ros2:/home/pi/ss25/src/install/safety_control:/home/pi/ss25/src/install/project:/home/pi/ss25/src/install/my_motor_driver:/home/pi/ss25/src/install/description:/home/pi/ss25/src/install/bringup_pkg:/home/pi/install/summary:/home/pi/demo_testing_9_april/seav/install/yolov8_ros:/home/pi/demo_testing_9_april/seav/install/static_tf_publisher:/home/pi/demo_testing_9_april/seav/install/seav_test_sensors:/home/pi/demo_testing_9_april/seav/install/seav_simulation:/home/pi/demo_testing_9_april/seav/install/seav_description:/home/pi/demo_testing_9_april/seav/install/rplidar_ros:/home/pi/demo_testing_9_april/seav/install/my_robot_controller:/home/pi/demo_testing_9_april/seav/install/my_nav2_pkg:/opt/ros/humble'), ('SHELL', '/bin/bash'), ('LC_NAME', 'en_US.UTF-8'), ('LESSCLOSE', '/usr/bin/lesspipe %s %s'), ('LC_MEASUREMENT', 'en_US.UTF-8'), ('LC_IDENTIFICATION', 'en_US.UTF-8'), ('PWD', '/home/pi/seav2/build/ros2_control_demo_description'), ('LC_ALL', 'en_US.UTF-8'), ('SSH_CONNECTION', '192.168.0.105 43836 192.168.0.210 22'), ('XDG_DATA_DIRS', '/usr/local/share:/usr/share:/var/lib/snapd/desktop'), ('PYTHONPATH', '/home/pi/seav2/install/seav2_imu/lib/python3.10/site-packages:/home/pi/seav2/install/robot_cam_ros/lib/python3.10/site-packages:/home/pi/seav2/install/ball_tracker/lib/python3.10/site-packages:/home/pi/ss25/install/wheel_odometry/lib/python3.10/site-packages:/home/pi/ss25/install/vup_2k7/lib/python3.10/site-packages:/home/pi/ss25/install/summary/lib/python3.10/site-packages:/home/pi/ss25/install/safety_control/lib/python3.10/site-packages:/home/pi/ss25/install/project/lib/python3.10/site-packages:/home/pi/ss25/install/my_slam/lib/python3.10/site-packages:/home/pi/ss25/install/my_motor_driver/lib/python3.10/site-packages:/home/pi/ss25/install/final/lib/python3.10/site-packages:/home/pi/ss25/install/description/lib/python3.10/site-packages:/home/pi/ss25/install/bringup_pkg/lib/python3.10/site-packages:/home/pi/ss25/src/summary/install/summary/lib/python3.10/site-packages:/home/pi/ss25/src/install/wheel_odometry/lib/python3.10/site-packages:/home/pi/ss25/src/install/summary/lib/python3.10/site-packages:/home/pi/ss25/src/install/safety_control/lib/python3.10/site-packages:/home/pi/ss25/src/install/project/lib/python3.10/site-packages:/home/pi/ss25/src/install/my_motor_driver/lib/python3.10/site-packages:/home/pi/ss25/src/install/description/lib/python3.10/site-packages:/home/pi/ss25/src/install/bringup_pkg/lib/python3.10/site-packages:/home/pi/install/summary/lib/python3.10/site-packages:/home/pi/demo_testing_9_april/seav/install/yolov8_ros/lib/python3.10/site-packages:/home/pi/demo_testing_9_april/seav/install/static_tf_publisher/lib/python3.10/site-packages:/home/pi/demo_testing_9_april/seav/install/seav_test_sensors/lib/python3.10/site-packages:/home/pi/demo_testing_9_april/seav/install/my_robot_controller/lib/python3.10/site-packages:/opt/ros/humble/lib/python3.10/site-packages:/opt/ros/humble/local/lib/python3.10/dist-packages'), ('ROS_HOSTNAME', '192.168.137.192'), ('LC_NUMERIC', 'en_US.UTF-8'), ('LC_PAPER', 'en_US.UTF-8'), ('COLCON', '1'), ('CMAKE_PREFIX_PATH', '/home/pi/seav2/install/serial:/home/pi/seav2/install/seav2:/home/pi/seav2/install/ros2_control_demo_description:/home/pi/ss25/install/sllidar_ros2:/home/pi/ss25/src/install/sllidar_ros2:/home/pi/demo_testing_9_april/seav/install/seav_simulation:/home/pi/demo_testing_9_april/seav/install/seav_description:/home/pi/demo_testing_9_april/seav/install/rplidar_ros:/home/pi/demo_testing_9_april/seav/install/my_nav2_pkg:/home/pi/seav2/install/carlikebot_ros2_control:/home/pi/seav2/install/seav2_imu:/home/pi/seav2/install/robot_cam_ros:/home/pi/seav2/install/ball_tracker:/home/pi/ss25/install/wheel_odometry:/home/pi/ss25/install/vup_2k7:/home/pi/ss25/install/summary:/home/pi/ss25/install/safety_control:/home/pi/ss25/install/project:/home/pi/ss25/install/my_slam:/home/pi/ss25/install/my_motor_driver:/home/pi/ss25/install/final:/home/pi/ss25/install/description:/home/pi/ss25/install/bringup_pkg:/home/pi/ss25/src/summary/install/summary:/home/pi/ss25/src/install/wheel_odometry:/home/pi/ss25/src/install/summary:/home/pi/ss25/src/install/safety_control:/home/pi/ss25/src/install/project:/home/pi/ss25/src/install/my_motor_driver:/home/pi/ss25/src/install/description:/home/pi/ss25/src/install/bringup_pkg:/home/pi/install/summary:/home/pi/demo_testing_9_april/seav/install/yolov8_ros:/home/pi/demo_testing_9_april/seav/install/static_tf_publisher:/home/pi/demo_testing_9_april/seav/install/seav_test_sensors:/home/pi/demo_testing_9_april/seav/install/my_robot_controller:/opt/ros/humble')]), 'shell': False}
[0.686439] (serial) JobProgress: {'identifier': 'serial', 'progress': 'cmake'}
[0.692406] (serial) JobProgress: {'identifier': 'serial', 'progress': 'build'}
[0.694640] (serial) Command: {'cmd': ['/usr/bin/cmake', '--build', '/home/pi/seav2/build/serial', '--', '-j4', '-l4'], 'cwd': '/home/pi/seav2/build/serial', 'env': OrderedDict([('LESSOPEN', '| /usr/bin/lesspipe %s'), ('USER', 'pi'), ('SSH_CLIENT', '192.168.0.105 43836 22'), ('LC_TIME', 'en_US.UTF-8'), ('XDG_SESSION_TYPE', 'tty'), ('SHLVL', '1'), ('LD_LIBRARY_PATH', '/home/pi/seav2/install/carlikebot_ros2_control/lib:/home/pi/seav2/install/serial/lib:/opt/ros/humble/opt/rviz_ogre_vendor/lib:/opt/ros/humble/lib/aarch64-linux-gnu:/opt/ros/humble/lib'), ('MOTD_SHOWN', 'pam'), ('HOME', '/home/pi'), ('OLDPWD', '/home/pi'), ('SSH_TTY', '/dev/pts/0'), ('ROS_PYTHON_VERSION', '3'), ('LC_MONETARY', 'en_US.UTF-8'), ('ROS_IP', '192.168.137.192'), ('DBUS_SESSION_BUS_ADDRESS', 'unix:path=/run/user/1000/bus'), ('QT_QPA_PLATFORM_PLUGIN_PATH', '/home/your_username/.local/lib/python3.10/site-packages/cv2/qt/plugins'), ('COLCON_PREFIX_PATH', '/home/pi/seav2/install:/home/pi/ss25/install:/home/pi/ss25/src/description/description/install:/home/pi/ss25/src/summary/install:/home/pi/ss25/src/install:/home/pi/demo_testing_9_april/seav/install:/home/pi/install'), ('ROS_DISTRO', 'humble'), ('LOGNAME', 'pi'), ('_', '/usr/bin/colcon'), ('ROS_VERSION', '2'), ('XDG_SESSION_CLASS', 'user'), ('TERM', 'xterm-256color'), ('XDG_SESSION_ID', '5'), ('ROS_LOCALHOST_ONLY', '0'), ('PATH', '/home/pi/.local/bin:/home/pi/.local/bin:/opt/ros/humble/bin:/usr/local/sbin:/usr/local/bin:/usr/sbin:/usr/bin:/sbin:/bin:/usr/games:/usr/local/games:/snap/bin'), ('LC_ADDRESS', 'en_US.UTF-8'), ('XDG_RUNTIME_DIR', '/run/user/1000'), ('DISPLAY', 'localhost:10.0'), ('LANG', 'en_US.UTF-8'), ('LC_TELEPHONE', 'en_US.UTF-8'), ('LS_COLORS', 'rs=0:di=01;34:ln=01;36:mh=00:pi=40;33:so=01;35:do=01;35:bd=40;33;01:cd=40;33;01:or=40;31;01:mi=00:su=37;41:sg=30;43:ca=30;41:tw=30;42:ow=34;42:st=37;44:ex=01;32:*.tar=01;31:*.tgz=01;31:*.arc=01;31:*.arj=01;31:*.taz=01;31:*.lha=01;31:*.lz4=01;31:*.lzh=01;31:*.lzma=01;31:*.tlz=01;31:*.txz=01;31:*.tzo=01;31:*.t7z=01;31:*.zip=01;31:*.z=01;31:*.dz=01;31:*.gz=01;31:*.lrz=01;31:*.lz=01;31:*.lzo=01;31:*.xz=01;31:*.zst=01;31:*.tzst=01;31:*.bz2=01;31:*.bz=01;31:*.tbz=01;31:*.tbz2=01;31:*.tz=01;31:*.deb=01;31:*.rpm=01;31:*.jar=01;31:*.war=01;31:*.ear=01;31:*.sar=01;31:*.rar=01;31:*.alz=01;31:*.ace=01;31:*.zoo=01;31:*.cpio=01;31:*.7z=01;31:*.rz=01;31:*.cab=01;31:*.wim=01;31:*.swm=01;31:*.dwm=01;31:*.esd=01;31:*.jpg=01;35:*.jpeg=01;35:*.mjpg=01;35:*.mjpeg=01;35:*.gif=01;35:*.bmp=01;35:*.pbm=01;35:*.pgm=01;35:*.ppm=01;35:*.tga=01;35:*.xbm=01;35:*.xpm=01;35:*.tif=01;35:*.tiff=01;35:*.png=01;35:*.svg=01;35:*.svgz=01;35:*.mng=01;35:*.pcx=01;35:*.mov=01;35:*.mpg=01;35:*.mpeg=01;35:*.m2v=01;35:*.mkv=01;35:*.webm=01;35:*.webp=01;35:*.ogm=01;35:*.mp4=01;35:*.m4v=01;35:*.mp4v=01;35:*.vob=01;35:*.qt=01;35:*.nuv=01;35:*.wmv=01;35:*.asf=01;35:*.rm=01;35:*.rmvb=01;35:*.flc=01;35:*.avi=01;35:*.fli=01;35:*.flv=01;35:*.gl=01;35:*.dl=01;35:*.xcf=01;35:*.xwd=01;35:*.yuv=01;35:*.cgm=01;35:*.emf=01;35:*.ogv=01;35:*.ogx=01;35:*.aac=00;36:*.au=00;36:*.flac=00;36:*.m4a=00;36:*.mid=00;36:*.midi=00;36:*.mka=00;36:*.mp3=00;36:*.mpc=00;36:*.ogg=00;36:*.ra=00;36:*.wav=00;36:*.oga=00;36:*.opus=00;36:*.spx=00;36:*.xspf=00;36:'), ('ROS_DOMAIN_ID', '0'), ('AMENT_PREFIX_PATH', '/home/pi/seav2/install/carlikebot_ros2_control:/home/pi/seav2/install/serial:/home/pi/seav2/install/seav2_imu:/home/pi/seav2/install/seav2:/home/pi/seav2/install/ros2_control_demo_description:/home/pi/seav2/install/robot_cam_ros:/home/pi/seav2/install/ball_tracker:/home/pi/ss25/install/wheel_odometry:/home/pi/ss25/install/vup_2k7:/home/pi/ss25/install/summary:/home/pi/ss25/install/sllidar_ros2:/home/pi/ss25/install/safety_control:/home/pi/ss25/install/project:/home/pi/ss25/install/my_slam:/home/pi/ss25/install/my_motor_driver:/home/pi/ss25/install/final:/home/pi/ss25/install/description:/home/pi/ss25/install/bringup_pkg:/home/pi/ss25/src/summary/install/summary:/home/pi/ss25/src/install/wheel_odometry:/home/pi/ss25/src/install/summary:/home/pi/ss25/src/install/sllidar_ros2:/home/pi/ss25/src/install/safety_control:/home/pi/ss25/src/install/project:/home/pi/ss25/src/install/my_motor_driver:/home/pi/ss25/src/install/description:/home/pi/ss25/src/install/bringup_pkg:/home/pi/install/summary:/home/pi/demo_testing_9_april/seav/install/yolov8_ros:/home/pi/demo_testing_9_april/seav/install/static_tf_publisher:/home/pi/demo_testing_9_april/seav/install/seav_test_sensors:/home/pi/demo_testing_9_april/seav/install/seav_simulation:/home/pi/demo_testing_9_april/seav/install/seav_description:/home/pi/demo_testing_9_april/seav/install/rplidar_ros:/home/pi/demo_testing_9_april/seav/install/my_robot_controller:/home/pi/demo_testing_9_april/seav/install/my_nav2_pkg:/opt/ros/humble'), ('SHELL', '/bin/bash'), ('LC_NAME', 'en_US.UTF-8'), ('LESSCLOSE', '/usr/bin/lesspipe %s %s'), ('LC_MEASUREMENT', 'en_US.UTF-8'), ('LC_IDENTIFICATION', 'en_US.UTF-8'), ('PWD', '/home/pi/seav2/build/serial'), ('LC_ALL', 'en_US.UTF-8'), ('SSH_CONNECTION', '192.168.0.105 43836 192.168.0.210 22'), ('XDG_DATA_DIRS', '/usr/local/share:/usr/share:/var/lib/snapd/desktop'), ('PYTHONPATH', '/home/pi/seav2/install/seav2_imu/lib/python3.10/site-packages:/home/pi/seav2/install/robot_cam_ros/lib/python3.10/site-packages:/home/pi/seav2/install/ball_tracker/lib/python3.10/site-packages:/home/pi/ss25/install/wheel_odometry/lib/python3.10/site-packages:/home/pi/ss25/install/vup_2k7/lib/python3.10/site-packages:/home/pi/ss25/install/summary/lib/python3.10/site-packages:/home/pi/ss25/install/safety_control/lib/python3.10/site-packages:/home/pi/ss25/install/project/lib/python3.10/site-packages:/home/pi/ss25/install/my_slam/lib/python3.10/site-packages:/home/pi/ss25/install/my_motor_driver/lib/python3.10/site-packages:/home/pi/ss25/install/final/lib/python3.10/site-packages:/home/pi/ss25/install/description/lib/python3.10/site-packages:/home/pi/ss25/install/bringup_pkg/lib/python3.10/site-packages:/home/pi/ss25/src/summary/install/summary/lib/python3.10/site-packages:/home/pi/ss25/src/install/wheel_odometry/lib/python3.10/site-packages:/home/pi/ss25/src/install/summary/lib/python3.10/site-packages:/home/pi/ss25/src/install/safety_control/lib/python3.10/site-packages:/home/pi/ss25/src/install/project/lib/python3.10/site-packages:/home/pi/ss25/src/install/my_motor_driver/lib/python3.10/site-packages:/home/pi/ss25/src/install/description/lib/python3.10/site-packages:/home/pi/ss25/src/install/bringup_pkg/lib/python3.10/site-packages:/home/pi/install/summary/lib/python3.10/site-packages:/home/pi/demo_testing_9_april/seav/install/yolov8_ros/lib/python3.10/site-packages:/home/pi/demo_testing_9_april/seav/install/static_tf_publisher/lib/python3.10/site-packages:/home/pi/demo_testing_9_april/seav/install/seav_test_sensors/lib/python3.10/site-packages:/home/pi/demo_testing_9_april/seav/install/my_robot_controller/lib/python3.10/site-packages:/opt/ros/humble/lib/python3.10/site-packages:/opt/ros/humble/local/lib/python3.10/dist-packages'), ('ROS_HOSTNAME', '192.168.137.192'), ('LC_NUMERIC', 'en_US.UTF-8'), ('LC_PAPER', 'en_US.UTF-8'), ('COLCON', '1'), ('CMAKE_PREFIX_PATH', '/home/pi/seav2/install/serial:/home/pi/seav2/install/seav2:/home/pi/seav2/install/ros2_control_demo_description:/home/pi/ss25/install/sllidar_ros2:/home/pi/ss25/src/install/sllidar_ros2:/home/pi/demo_testing_9_april/seav/install/seav_simulation:/home/pi/demo_testing_9_april/seav/install/seav_description:/home/pi/demo_testing_9_april/seav/install/rplidar_ros:/home/pi/demo_testing_9_april/seav/install/my_nav2_pkg:/home/pi/seav2/install/carlikebot_ros2_control:/home/pi/seav2/install/seav2_imu:/home/pi/seav2/install/robot_cam_ros:/home/pi/seav2/install/ball_tracker:/home/pi/ss25/install/wheel_odometry:/home/pi/ss25/install/vup_2k7:/home/pi/ss25/install/summary:/home/pi/ss25/install/safety_control:/home/pi/ss25/install/project:/home/pi/ss25/install/my_slam:/home/pi/ss25/install/my_motor_driver:/home/pi/ss25/install/final:/home/pi/ss25/install/description:/home/pi/ss25/install/bringup_pkg:/home/pi/ss25/src/summary/install/summary:/home/pi/ss25/src/install/wheel_odometry:/home/pi/ss25/src/install/summary:/home/pi/ss25/src/install/safety_control:/home/pi/ss25/src/install/project:/home/pi/ss25/src/install/my_motor_driver:/home/pi/ss25/src/install/description:/home/pi/ss25/src/install/bringup_pkg:/home/pi/install/summary:/home/pi/demo_testing_9_april/seav/install/yolov8_ros:/home/pi/demo_testing_9_april/seav/install/static_tf_publisher:/home/pi/demo_testing_9_april/seav/install/seav_test_sensors:/home/pi/demo_testing_9_april/seav/install/my_robot_controller:/opt/ros/humble')]), 'shell': False}
[0.730252] (-) TimerEvent: {}
[0.831749] (-) TimerEvent: {}
[0.933554] (-) TimerEvent: {}
[1.035079] (-) TimerEvent: {}
[1.137865] (-) TimerEvent: {}
[1.239429] (-) TimerEvent: {}
[1.341065] (-) TimerEvent: {}
[1.442740] (-) TimerEvent: {}
[1.544324] (-) TimerEvent: {}
[1.645877] (-) TimerEvent: {}
[1.747525] (-) TimerEvent: {}
[1.849195] (-) TimerEvent: {}
[1.950728] (-) TimerEvent: {}
[2.052168] (-) TimerEvent: {}
[2.153743] (-) TimerEvent: {}
[2.255130] (-) TimerEvent: {}
[2.356537] (-) TimerEvent: {}
[2.457935] (-) TimerEvent: {}
[2.559329] (-) TimerEvent: {}
[2.660701] (-) TimerEvent: {}
[2.762115] (-) TimerEvent: {}
[2.863469] (-) TimerEvent: {}
[2.965114] (-) TimerEvent: {}
[3.066508] (-) TimerEvent: {}
[3.167888] (-) TimerEvent: {}
[3.269369] (-) TimerEvent: {}
[3.370774] (-) TimerEvent: {}
[3.472107] (-) TimerEvent: {}
[3.573694] (-) TimerEvent: {}
[3.675056] (-) TimerEvent: {}
[3.776398] (-) TimerEvent: {}
[3.877836] (-) TimerEvent: {}
[3.979202] (-) TimerEvent: {}
[4.080585] (-) TimerEvent: {}
[4.182150] (-) TimerEvent: {}
[4.283578] (-) TimerEvent: {}
[4.384943] (-) TimerEvent: {}
[4.486321] (-) TimerEvent: {}
[4.587650] (-) TimerEvent: {}
[4.689127] (-) TimerEvent: {}
[4.791187] (-) TimerEvent: {}
[4.892920] (-) TimerEvent: {}
[4.962990] (serial) StdoutLine: {'line': b'[ 28%] Built target serial\n'}
[4.964674] (serial) StdoutLine: {'line': b'[ 42%] Built target gtest_main\n'}
[4.965988] (serial) StdoutLine: {'line': b'[ 57%] Built target gtest\n'}
[4.967157] (serial) StdoutLine: {'line': b'[ 71%] Built target serial_example\n'}
[4.968031] (serial) StdoutLine: {'line': b'[ 85%] Built target serial-test-timer\n'}
[4.968891] (serial) StdoutLine: {'line': b'[100%] Built target serial-test\n'}
[4.980136] (ros2_control_demo_description) CommandEnded: {'returncode': 0}
[4.985429] (ros2_control_demo_description) JobProgress: {'identifier': 'ros2_control_demo_description', 'progress': 'install'}
[4.993585] (-) TimerEvent: {}
[5.072608] (ros2_control_demo_description) Command: {'cmd': ['/usr/bin/cmake', '--install', '/home/pi/seav2/build/ros2_control_demo_description'], 'cwd': '/home/pi/seav2/build/ros2_control_demo_description', 'env': OrderedDict([('LESSOPEN', '| /usr/bin/lesspipe %s'), ('USER', 'pi'), ('SSH_CLIENT', '192.168.0.105 43836 22'), ('LC_TIME', 'en_US.UTF-8'), ('XDG_SESSION_TYPE', 'tty'), ('SHLVL', '1'), ('LD_LIBRARY_PATH', '/home/pi/seav2/install/carlikebot_ros2_control/lib:/home/pi/seav2/install/serial/lib:/opt/ros/humble/opt/rviz_ogre_vendor/lib:/opt/ros/humble/lib/aarch64-linux-gnu:/opt/ros/humble/lib'), ('MOTD_SHOWN', 'pam'), ('HOME', '/home/pi'), ('OLDPWD', '/home/pi'), ('SSH_TTY', '/dev/pts/0'), ('ROS_PYTHON_VERSION', '3'), ('LC_MONETARY', 'en_US.UTF-8'), ('ROS_IP', '192.168.137.192'), ('DBUS_SESSION_BUS_ADDRESS', 'unix:path=/run/user/1000/bus'), ('QT_QPA_PLATFORM_PLUGIN_PATH', '/home/your_username/.local/lib/python3.10/site-packages/cv2/qt/plugins'), ('COLCON_PREFIX_PATH', '/home/pi/seav2/install:/home/pi/ss25/install:/home/pi/ss25/src/description/description/install:/home/pi/ss25/src/summary/install:/home/pi/ss25/src/install:/home/pi/demo_testing_9_april/seav/install:/home/pi/install'), ('ROS_DISTRO', 'humble'), ('LOGNAME', 'pi'), ('_', '/usr/bin/colcon'), ('ROS_VERSION', '2'), ('XDG_SESSION_CLASS', 'user'), ('TERM', 'xterm-256color'), ('XDG_SESSION_ID', '5'), ('ROS_LOCALHOST_ONLY', '0'), ('PATH', '/home/pi/.local/bin:/home/pi/.local/bin:/opt/ros/humble/bin:/usr/local/sbin:/usr/local/bin:/usr/sbin:/usr/bin:/sbin:/bin:/usr/games:/usr/local/games:/snap/bin'), ('LC_ADDRESS', 'en_US.UTF-8'), ('XDG_RUNTIME_DIR', '/run/user/1000'), ('DISPLAY', 'localhost:10.0'), ('LANG', 'en_US.UTF-8'), ('LC_TELEPHONE', 'en_US.UTF-8'), ('LS_COLORS', 'rs=0:di=01;34:ln=01;36:mh=00:pi=40;33:so=01;35:do=01;35:bd=40;33;01:cd=40;33;01:or=40;31;01:mi=00:su=37;41:sg=30;43:ca=30;41:tw=30;42:ow=34;42:st=37;44:ex=01;32:*.tar=01;31:*.tgz=01;31:*.arc=01;31:*.arj=01;31:*.taz=01;31:*.lha=01;31:*.lz4=01;31:*.lzh=01;31:*.lzma=01;31:*.tlz=01;31:*.txz=01;31:*.tzo=01;31:*.t7z=01;31:*.zip=01;31:*.z=01;31:*.dz=01;31:*.gz=01;31:*.lrz=01;31:*.lz=01;31:*.lzo=01;31:*.xz=01;31:*.zst=01;31:*.tzst=01;31:*.bz2=01;31:*.bz=01;31:*.tbz=01;31:*.tbz2=01;31:*.tz=01;31:*.deb=01;31:*.rpm=01;31:*.jar=01;31:*.war=01;31:*.ear=01;31:*.sar=01;31:*.rar=01;31:*.alz=01;31:*.ace=01;31:*.zoo=01;31:*.cpio=01;31:*.7z=01;31:*.rz=01;31:*.cab=01;31:*.wim=01;31:*.swm=01;31:*.dwm=01;31:*.esd=01;31:*.jpg=01;35:*.jpeg=01;35:*.mjpg=01;35:*.mjpeg=01;35:*.gif=01;35:*.bmp=01;35:*.pbm=01;35:*.pgm=01;35:*.ppm=01;35:*.tga=01;35:*.xbm=01;35:*.xpm=01;35:*.tif=01;35:*.tiff=01;35:*.png=01;35:*.svg=01;35:*.svgz=01;35:*.mng=01;35:*.pcx=01;35:*.mov=01;35:*.mpg=01;35:*.mpeg=01;35:*.m2v=01;35:*.mkv=01;35:*.webm=01;35:*.webp=01;35:*.ogm=01;35:*.mp4=01;35:*.m4v=01;35:*.mp4v=01;35:*.vob=01;35:*.qt=01;35:*.nuv=01;35:*.wmv=01;35:*.asf=01;35:*.rm=01;35:*.rmvb=01;35:*.flc=01;35:*.avi=01;35:*.fli=01;35:*.flv=01;35:*.gl=01;35:*.dl=01;35:*.xcf=01;35:*.xwd=01;35:*.yuv=01;35:*.cgm=01;35:*.emf=01;35:*.ogv=01;35:*.ogx=01;35:*.aac=00;36:*.au=00;36:*.flac=00;36:*.m4a=00;36:*.mid=00;36:*.midi=00;36:*.mka=00;36:*.mp3=00;36:*.mpc=00;36:*.ogg=00;36:*.ra=00;36:*.wav=00;36:*.oga=00;36:*.opus=00;36:*.spx=00;36:*.xspf=00;36:'), ('ROS_DOMAIN_ID', '0'), ('AMENT_PREFIX_PATH', '/home/pi/seav2/install/carlikebot_ros2_control:/home/pi/seav2/install/serial:/home/pi/seav2/install/seav2_imu:/home/pi/seav2/install/seav2:/home/pi/seav2/install/ros2_control_demo_description:/home/pi/seav2/install/robot_cam_ros:/home/pi/seav2/install/ball_tracker:/home/pi/ss25/install/wheel_odometry:/home/pi/ss25/install/vup_2k7:/home/pi/ss25/install/summary:/home/pi/ss25/install/sllidar_ros2:/home/pi/ss25/install/safety_control:/home/pi/ss25/install/project:/home/pi/ss25/install/my_slam:/home/pi/ss25/install/my_motor_driver:/home/pi/ss25/install/final:/home/pi/ss25/install/description:/home/pi/ss25/install/bringup_pkg:/home/pi/ss25/src/summary/install/summary:/home/pi/ss25/src/install/wheel_odometry:/home/pi/ss25/src/install/summary:/home/pi/ss25/src/install/sllidar_ros2:/home/pi/ss25/src/install/safety_control:/home/pi/ss25/src/install/project:/home/pi/ss25/src/install/my_motor_driver:/home/pi/ss25/src/install/description:/home/pi/ss25/src/install/bringup_pkg:/home/pi/install/summary:/home/pi/demo_testing_9_april/seav/install/yolov8_ros:/home/pi/demo_testing_9_april/seav/install/static_tf_publisher:/home/pi/demo_testing_9_april/seav/install/seav_test_sensors:/home/pi/demo_testing_9_april/seav/install/seav_simulation:/home/pi/demo_testing_9_april/seav/install/seav_description:/home/pi/demo_testing_9_april/seav/install/rplidar_ros:/home/pi/demo_testing_9_april/seav/install/my_robot_controller:/home/pi/demo_testing_9_april/seav/install/my_nav2_pkg:/opt/ros/humble'), ('SHELL', '/bin/bash'), ('LC_NAME', 'en_US.UTF-8'), ('LESSCLOSE', '/usr/bin/lesspipe %s %s'), ('LC_MEASUREMENT', 'en_US.UTF-8'), ('LC_IDENTIFICATION', 'en_US.UTF-8'), ('PWD', '/home/pi/seav2/build/ros2_control_demo_description'), ('LC_ALL', 'en_US.UTF-8'), ('SSH_CONNECTION', '192.168.0.105 43836 192.168.0.210 22'), ('XDG_DATA_DIRS', '/usr/local/share:/usr/share:/var/lib/snapd/desktop'), ('PYTHONPATH', '/home/pi/seav2/install/seav2_imu/lib/python3.10/site-packages:/home/pi/seav2/install/robot_cam_ros/lib/python3.10/site-packages:/home/pi/seav2/install/ball_tracker/lib/python3.10/site-packages:/home/pi/ss25/install/wheel_odometry/lib/python3.10/site-packages:/home/pi/ss25/install/vup_2k7/lib/python3.10/site-packages:/home/pi/ss25/install/summary/lib/python3.10/site-packages:/home/pi/ss25/install/safety_control/lib/python3.10/site-packages:/home/pi/ss25/install/project/lib/python3.10/site-packages:/home/pi/ss25/install/my_slam/lib/python3.10/site-packages:/home/pi/ss25/install/my_motor_driver/lib/python3.10/site-packages:/home/pi/ss25/install/final/lib/python3.10/site-packages:/home/pi/ss25/install/description/lib/python3.10/site-packages:/home/pi/ss25/install/bringup_pkg/lib/python3.10/site-packages:/home/pi/ss25/src/summary/install/summary/lib/python3.10/site-packages:/home/pi/ss25/src/install/wheel_odometry/lib/python3.10/site-packages:/home/pi/ss25/src/install/summary/lib/python3.10/site-packages:/home/pi/ss25/src/install/safety_control/lib/python3.10/site-packages:/home/pi/ss25/src/install/project/lib/python3.10/site-packages:/home/pi/ss25/src/install/my_motor_driver/lib/python3.10/site-packages:/home/pi/ss25/src/install/description/lib/python3.10/site-packages:/home/pi/ss25/src/install/bringup_pkg/lib/python3.10/site-packages:/home/pi/install/summary/lib/python3.10/site-packages:/home/pi/demo_testing_9_april/seav/install/yolov8_ros/lib/python3.10/site-packages:/home/pi/demo_testing_9_april/seav/install/static_tf_publisher/lib/python3.10/site-packages:/home/pi/demo_testing_9_april/seav/install/seav_test_sensors/lib/python3.10/site-packages:/home/pi/demo_testing_9_april/seav/install/my_robot_controller/lib/python3.10/site-packages:/opt/ros/humble/lib/python3.10/site-packages:/opt/ros/humble/local/lib/python3.10/dist-packages'), ('ROS_HOSTNAME', '192.168.137.192'), ('LC_NUMERIC', 'en_US.UTF-8'), ('LC_PAPER', 'en_US.UTF-8'), ('COLCON', '1'), ('CMAKE_PREFIX_PATH', '/home/pi/seav2/install/serial:/home/pi/seav2/install/seav2:/home/pi/seav2/install/ros2_control_demo_description:/home/pi/ss25/install/sllidar_ros2:/home/pi/ss25/src/install/sllidar_ros2:/home/pi/demo_testing_9_april/seav/install/seav_simulation:/home/pi/demo_testing_9_april/seav/install/seav_description:/home/pi/demo_testing_9_april/seav/install/rplidar_ros:/home/pi/demo_testing_9_april/seav/install/my_nav2_pkg:/home/pi/seav2/install/carlikebot_ros2_control:/home/pi/seav2/install/seav2_imu:/home/pi/seav2/install/robot_cam_ros:/home/pi/seav2/install/ball_tracker:/home/pi/ss25/install/wheel_odometry:/home/pi/ss25/install/vup_2k7:/home/pi/ss25/install/summary:/home/pi/ss25/install/safety_control:/home/pi/ss25/install/project:/home/pi/ss25/install/my_slam:/home/pi/ss25/install/my_motor_driver:/home/pi/ss25/install/final:/home/pi/ss25/install/description:/home/pi/ss25/install/bringup_pkg:/home/pi/ss25/src/summary/install/summary:/home/pi/ss25/src/install/wheel_odometry:/home/pi/ss25/src/install/summary:/home/pi/ss25/src/install/safety_control:/home/pi/ss25/src/install/project:/home/pi/ss25/src/install/my_motor_driver:/home/pi/ss25/src/install/description:/home/pi/ss25/src/install/bringup_pkg:/home/pi/install/summary:/home/pi/demo_testing_9_april/seav/install/yolov8_ros:/home/pi/demo_testing_9_april/seav/install/static_tf_publisher:/home/pi/demo_testing_9_april/seav/install/seav_test_sensors:/home/pi/demo_testing_9_april/seav/install/my_robot_controller:/opt/ros/humble')]), 'shell': False}
[5.094051] (-) TimerEvent: {}
[5.195550] (-) TimerEvent: {}
[5.297347] (-) TimerEvent: {}
[5.398953] (-) TimerEvent: {}
[5.500432] (-) TimerEvent: {}
[5.601879] (-) TimerEvent: {}
[5.703270] (-) TimerEvent: {}
[5.804669] (-) TimerEvent: {}
[5.906140] (-) TimerEvent: {}
[6.007534] (-) TimerEvent: {}
[6.108914] (-) TimerEvent: {}
[6.210331] (-) TimerEvent: {}
[6.311808] (-) TimerEvent: {}
[6.413274] (-) TimerEvent: {}
[6.514651] (-) TimerEvent: {}
[6.616017] (-) TimerEvent: {}
[6.717464] (-) TimerEvent: {}
[6.818829] (-) TimerEvent: {}
[6.920194] (-) TimerEvent: {}
[7.021596] (-) TimerEvent: {}
[7.122989] (-) TimerEvent: {}
[7.224375] (-) TimerEvent: {}
[7.325830] (-) TimerEvent: {}
[7.427184] (-) TimerEvent: {}
[7.528537] (-) TimerEvent: {}
[7.630145] (-) TimerEvent: {}
[7.731489] (-) TimerEvent: {}
[7.832882] (-) TimerEvent: {}
[7.934332] (-) TimerEvent: {}
[8.035695] (-) TimerEvent: {}
[8.137197] (-) TimerEvent: {}
[8.238706] (-) TimerEvent: {}
[8.340071] (-) TimerEvent: {}
[8.441485] (-) TimerEvent: {}
[8.542868] (-) TimerEvent: {}
[8.644240] (-) TimerEvent: {}
[8.745931] (-) TimerEvent: {}
[8.847436] (-) TimerEvent: {}
[8.949348] (-) TimerEvent: {}
[9.051926] (-) TimerEvent: {}
[9.135127] (serial) CommandEnded: {'returncode': 0}
[9.140935] (ros2_control_demo_description) StdoutLine: {'line': b'-- Install configuration: ""\n'}
[9.143255] (ros2_control_demo_description) StdoutLine: {'line': b'-- Execute custom install script\n'}
[9.144423] (ros2_control_demo_description) StdoutLine: {'line': b'-- Up-to-date symlink: /home/pi/seav2/install/ros2_control_demo_description/share/ros2_control_demo_description/rrbot/urdf/rrbot.materials.xacro\n'}
[9.146898] (ros2_control_demo_description) StdoutLine: {'line': b'-- Up-to-date symlink: /home/pi/seav2/install/ros2_control_demo_description/share/ros2_control_demo_description/rrbot/urdf/rrbot_description.urdf.xacro\n'}
[9.148082] (ros2_control_demo_description) StdoutLine: {'line': b'-- Up-to-date symlink: /home/pi/seav2/install/ros2_control_demo_description/share/ros2_control_demo_description/rrbot/rviz/rrbot.rviz\n'}
[9.167333] (-) TimerEvent: {}
[9.170904] (ros2_control_demo_description) StdoutLine: {'line': b'-- Up-to-date symlink: /home/pi/seav2/install/ros2_control_demo_description/share/ros2_control_demo_description/diffbot/urdf/diffbot.materials.xacro\n'}
[9.176120] (ros2_control_demo_description) StdoutLine: {'line': b'-- Up-to-date symlink: /home/pi/seav2/install/ros2_control_demo_description/share/ros2_control_demo_description/diffbot/urdf/diffbot_description.urdf.xacro\n'}
[9.178517] (ros2_control_demo_description) StdoutLine: {'line': b'-- Up-to-date symlink: /home/pi/seav2/install/ros2_control_demo_description/share/ros2_control_demo_description/diffbot/rviz/diffbot.rviz\n'}
[9.181590] (ros2_control_demo_description) StdoutLine: {'line': b'-- Up-to-date symlink: /home/pi/seav2/install/ros2_control_demo_description/share/ros2_control_demo_description/diffbot/rviz/diffbot_view.rviz\n'}
[9.183020] (ros2_control_demo_description) StdoutLine: {'line': b'-- Up-to-date symlink: /home/pi/seav2/install/ros2_control_demo_description/share/ros2_control_demo_description/carlikebot/urdf/carlikebot.materials.xacro\n'}
[9.184002] (ros2_control_demo_description) StdoutLine: {'line': b'-- Up-to-date symlink: /home/pi/seav2/install/ros2_control_demo_description/share/ros2_control_demo_description/carlikebot/urdf/carlikebot_description.urdf.xacro\n'}
[9.185633] (ros2_control_demo_description) StdoutLine: {'line': b'-- Up-to-date symlink: /home/pi/seav2/install/ros2_control_demo_description/share/ros2_control_demo_description/carlikebot/rviz/carlikebot.rviz\n'}
[9.191086] (ros2_control_demo_description) StdoutLine: {'line': b'-- Up-to-date symlink: /home/pi/seav2/install/ros2_control_demo_description/share/ros2_control_demo_description/carlikebot/rviz/carlikebot_view.rviz\n'}
[9.193819] (ros2_control_demo_description) StdoutLine: {'line': b'-- Up-to-date symlink: /home/pi/seav2/install/ros2_control_demo_description/share/ros2_control_demo_description/r3bot/urdf/threedofbot_description.urdf.xacro\n'}
[9.197793] (ros2_control_demo_description) StdoutLine: {'line': b'-- Up-to-date symlink: /home/pi/seav2/install/ros2_control_demo_description/share/ros2_control_demo_description/r6bot/meshes/collision/link_0.stl\n'}
[9.199961] (ros2_control_demo_description) StdoutLine: {'line': b'-- Up-to-date symlink: /home/pi/seav2/install/ros2_control_demo_description/share/ros2_control_demo_description/r6bot/meshes/collision/link_1.stl\n'}
[9.211548] (ros2_control_demo_description) StdoutLine: {'line': b'-- Up-to-date symlink: /home/pi/seav2/install/ros2_control_demo_description/share/ros2_control_demo_description/r6bot/meshes/collision/link_2.stl\n'}
[9.217161] (ros2_control_demo_description) StdoutLine: {'line': b'-- Up-to-date symlink: /home/pi/seav2/install/ros2_control_demo_description/share/ros2_control_demo_description/r6bot/meshes/collision/link_3.stl\n'}
[9.224386] (ros2_control_demo_description) StdoutLine: {'line': b'-- Up-to-date symlink: /home/pi/seav2/install/ros2_control_demo_description/share/ros2_control_demo_description/r6bot/meshes/collision/link_4.stl\n'}
[9.226332] (ros2_control_demo_description) StdoutLine: {'line': b'-- Up-to-date symlink: /home/pi/seav2/install/ros2_control_demo_description/share/ros2_control_demo_description/r6bot/meshes/collision/link_5.stl\n'}
[9.228737] (ros2_control_demo_description) StdoutLine: {'line': b'-- Up-to-date symlink: /home/pi/seav2/install/ros2_control_demo_description/share/ros2_control_demo_description/r6bot/meshes/collision/link_6.stl\n'}
[9.230260] (ros2_control_demo_description) StdoutLine: {'line': b'-- Up-to-date symlink: /home/pi/seav2/install/ros2_control_demo_description/share/ros2_control_demo_description/r6bot/meshes/visual/link_0.dae\n'}
[9.231594] (ros2_control_demo_description) StdoutLine: {'line': b'-- Up-to-date symlink: /home/pi/seav2/install/ros2_control_demo_description/share/ros2_control_demo_description/r6bot/meshes/visual/link_1.dae\n'}
[9.242211] (ros2_control_demo_description) StdoutLine: {'line': b'-- Up-to-date symlink: /home/pi/seav2/install/ros2_control_demo_description/share/ros2_control_demo_description/r6bot/meshes/visual/link_2.dae\n'}
[9.244385] (ros2_control_demo_description) StdoutLine: {'line': b'-- Up-to-date symlink: /home/pi/seav2/install/ros2_control_demo_description/share/ros2_control_demo_description/r6bot/meshes/visual/link_3.dae\n'}
[9.246987] (ros2_control_demo_description) StdoutLine: {'line': b'-- Up-to-date symlink: /home/pi/seav2/install/ros2_control_demo_description/share/ros2_control_demo_description/r6bot/meshes/visual/link_4.dae\n'}
[9.249087] (ros2_control_demo_description) StdoutLine: {'line': b'-- Up-to-date symlink: /home/pi/seav2/install/ros2_control_demo_description/share/ros2_control_demo_description/r6bot/meshes/visual/link_5.dae\n'}
[9.257639] (ros2_control_demo_description) StdoutLine: {'line': b'-- Up-to-date symlink: /home/pi/seav2/install/ros2_control_demo_description/share/ros2_control_demo_description/r6bot/meshes/visual/link_6.dae\n'}
[9.259375] (ros2_control_demo_description) StdoutLine: {'line': b'-- Up-to-date symlink: /home/pi/seav2/install/ros2_control_demo_description/share/ros2_control_demo_description/r6bot/srdf/r6bot.srdf\n'}
[9.263007] (ros2_control_demo_description) StdoutLine: {'line': b'-- Up-to-date symlink: /home/pi/seav2/install/ros2_control_demo_description/share/ros2_control_demo_description/r6bot/urdf/inc/create_link.xacro\n'}
[9.266046] (ros2_control_demo_description) StdoutLine: {'line': b'-- Up-to-date symlink: /home/pi/seav2/install/ros2_control_demo_description/share/ros2_control_demo_description/r6bot/urdf/r6bot_description.urdf.xacro\n'}
[9.267334] (ros2_control_demo_description) StdoutLine: {'line': b'-- Up-to-date symlink: /home/pi/seav2/install/ros2_control_demo_description/share/ros2_control_demo_description/r6bot/rviz/view_robot.rviz\n'}
[9.269622] (-) TimerEvent: {}
[9.277523] (ros2_control_demo_description) StdoutLine: {'line': b'-- Up-to-date symlink: /home/pi/seav2/install/ros2_control_demo_description/share/ament_index/resource_index/package_run_dependencies/ros2_control_demo_description\n'}
[9.279914] (ros2_control_demo_description) StdoutLine: {'line': b'-- Up-to-date symlink: /home/pi/seav2/install/ros2_control_demo_description/share/ament_index/resource_index/parent_prefix_path/ros2_control_demo_description\n'}
[9.281435] (ros2_control_demo_description) StdoutLine: {'line': b'-- Up-to-date symlink: /home/pi/seav2/install/ros2_control_demo_description/share/ros2_control_demo_description/environment/ament_prefix_path.sh\n'}
[9.284464] (ros2_control_demo_description) StdoutLine: {'line': b'-- Up-to-date symlink: /home/pi/seav2/install/ros2_control_demo_description/share/ros2_control_demo_description/environment/ament_prefix_path.dsv\n'}
[9.285626] (ros2_control_demo_description) StdoutLine: {'line': b'-- Up-to-date symlink: /home/pi/seav2/install/ros2_control_demo_description/share/ros2_control_demo_description/environment/path.sh\n'}
[9.287139] (ros2_control_demo_description) StdoutLine: {'line': b'-- Up-to-date symlink: /home/pi/seav2/install/ros2_control_demo_description/share/ros2_control_demo_description/environment/path.dsv\n'}
[9.288157] (ros2_control_demo_description) StdoutLine: {'line': b'-- Up-to-date symlink: /home/pi/seav2/install/ros2_control_demo_description/share/ros2_control_demo_description/local_setup.bash\n'}
[9.295105] (ros2_control_demo_description) StdoutLine: {'line': b'-- Up-to-date symlink: /home/pi/seav2/install/ros2_control_demo_description/share/ros2_control_demo_description/local_setup.sh\n'}
[9.297465] (ros2_control_demo_description) StdoutLine: {'line': b'-- Up-to-date symlink: /home/pi/seav2/install/ros2_control_demo_description/share/ros2_control_demo_description/local_setup.zsh\n'}
[9.299306] (ros2_control_demo_description) StdoutLine: {'line': b'-- Up-to-date symlink: /home/pi/seav2/install/ros2_control_demo_description/share/ros2_control_demo_description/local_setup.dsv\n'}
[9.301184] (ros2_control_demo_description) StdoutLine: {'line': b'-- Symlinking: /home/pi/seav2/install/ros2_control_demo_description/share/ros2_control_demo_description/package.dsv\n'}
[9.303842] (ros2_control_demo_description) StdoutLine: {'line': b'-- Up-to-date symlink: /home/pi/seav2/install/ros2_control_demo_description/share/ament_index/resource_index/packages/ros2_control_demo_description\n'}
[9.305845] (ros2_control_demo_description) StdoutLine: {'line': b'-- Up-to-date symlink: /home/pi/seav2/install/ros2_control_demo_description/share/ros2_control_demo_description/cmake/ros2_control_demo_descriptionConfig.cmake\n'}
[9.308019] (ros2_control_demo_description) StdoutLine: {'line': b'-- Up-to-date symlink: /home/pi/seav2/install/ros2_control_demo_description/share/ros2_control_demo_description/cmake/ros2_control_demo_descriptionConfig-version.cmake\n'}
[9.311015] (ros2_control_demo_description) StdoutLine: {'line': b'-- Up-to-date symlink: /home/pi/seav2/install/ros2_control_demo_description/share/ros2_control_demo_description/package.xml\n'}
[9.313222] (serial) JobProgress: {'identifier': 'serial', 'progress': 'install'}
[9.313632] (serial) Command: {'cmd': ['/usr/bin/cmake', '--install', '/home/pi/seav2/build/serial'], 'cwd': '/home/pi/seav2/build/serial', 'env': OrderedDict([('LESSOPEN', '| /usr/bin/lesspipe %s'), ('USER', 'pi'), ('SSH_CLIENT', '192.168.0.105 43836 22'), ('LC_TIME', 'en_US.UTF-8'), ('XDG_SESSION_TYPE', 'tty'), ('SHLVL', '1'), ('LD_LIBRARY_PATH', '/home/pi/seav2/install/carlikebot_ros2_control/lib:/home/pi/seav2/install/serial/lib:/opt/ros/humble/opt/rviz_ogre_vendor/lib:/opt/ros/humble/lib/aarch64-linux-gnu:/opt/ros/humble/lib'), ('MOTD_SHOWN', 'pam'), ('HOME', '/home/pi'), ('OLDPWD', '/home/pi'), ('SSH_TTY', '/dev/pts/0'), ('ROS_PYTHON_VERSION', '3'), ('LC_MONETARY', 'en_US.UTF-8'), ('ROS_IP', '192.168.137.192'), ('DBUS_SESSION_BUS_ADDRESS', 'unix:path=/run/user/1000/bus'), ('QT_QPA_PLATFORM_PLUGIN_PATH', '/home/your_username/.local/lib/python3.10/site-packages/cv2/qt/plugins'), ('COLCON_PREFIX_PATH', '/home/pi/seav2/install:/home/pi/ss25/install:/home/pi/ss25/src/description/description/install:/home/pi/ss25/src/summary/install:/home/pi/ss25/src/install:/home/pi/demo_testing_9_april/seav/install:/home/pi/install'), ('ROS_DISTRO', 'humble'), ('LOGNAME', 'pi'), ('_', '/usr/bin/colcon'), ('ROS_VERSION', '2'), ('XDG_SESSION_CLASS', 'user'), ('TERM', 'xterm-256color'), ('XDG_SESSION_ID', '5'), ('ROS_LOCALHOST_ONLY', '0'), ('PATH', '/home/pi/.local/bin:/home/pi/.local/bin:/opt/ros/humble/bin:/usr/local/sbin:/usr/local/bin:/usr/sbin:/usr/bin:/sbin:/bin:/usr/games:/usr/local/games:/snap/bin'), ('LC_ADDRESS', 'en_US.UTF-8'), ('XDG_RUNTIME_DIR', '/run/user/1000'), ('DISPLAY', 'localhost:10.0'), ('LANG', 'en_US.UTF-8'), ('LC_TELEPHONE', 'en_US.UTF-8'), ('LS_COLORS', 'rs=0:di=01;34:ln=01;36:mh=00:pi=40;33:so=01;35:do=01;35:bd=40;33;01:cd=40;33;01:or=40;31;01:mi=00:su=37;41:sg=30;43:ca=30;41:tw=30;42:ow=34;42:st=37;44:ex=01;32:*.tar=01;31:*.tgz=01;31:*.arc=01;31:*.arj=01;31:*.taz=01;31:*.lha=01;31:*.lz4=01;31:*.lzh=01;31:*.lzma=01;31:*.tlz=01;31:*.txz=01;31:*.tzo=01;31:*.t7z=01;31:*.zip=01;31:*.z=01;31:*.dz=01;31:*.gz=01;31:*.lrz=01;31:*.lz=01;31:*.lzo=01;31:*.xz=01;31:*.zst=01;31:*.tzst=01;31:*.bz2=01;31:*.bz=01;31:*.tbz=01;31:*.tbz2=01;31:*.tz=01;31:*.deb=01;31:*.rpm=01;31:*.jar=01;31:*.war=01;31:*.ear=01;31:*.sar=01;31:*.rar=01;31:*.alz=01;31:*.ace=01;31:*.zoo=01;31:*.cpio=01;31:*.7z=01;31:*.rz=01;31:*.cab=01;31:*.wim=01;31:*.swm=01;31:*.dwm=01;31:*.esd=01;31:*.jpg=01;35:*.jpeg=01;35:*.mjpg=01;35:*.mjpeg=01;35:*.gif=01;35:*.bmp=01;35:*.pbm=01;35:*.pgm=01;35:*.ppm=01;35:*.tga=01;35:*.xbm=01;35:*.xpm=01;35:*.tif=01;35:*.tiff=01;35:*.png=01;35:*.svg=01;35:*.svgz=01;35:*.mng=01;35:*.pcx=01;35:*.mov=01;35:*.mpg=01;35:*.mpeg=01;35:*.m2v=01;35:*.mkv=01;35:*.webm=01;35:*.webp=01;35:*.ogm=01;35:*.mp4=01;35:*.m4v=01;35:*.mp4v=01;35:*.vob=01;35:*.qt=01;35:*.nuv=01;35:*.wmv=01;35:*.asf=01;35:*.rm=01;35:*.rmvb=01;35:*.flc=01;35:*.avi=01;35:*.fli=01;35:*.flv=01;35:*.gl=01;35:*.dl=01;35:*.xcf=01;35:*.xwd=01;35:*.yuv=01;35:*.cgm=01;35:*.emf=01;35:*.ogv=01;35:*.ogx=01;35:*.aac=00;36:*.au=00;36:*.flac=00;36:*.m4a=00;36:*.mid=00;36:*.midi=00;36:*.mka=00;36:*.mp3=00;36:*.mpc=00;36:*.ogg=00;36:*.ra=00;36:*.wav=00;36:*.oga=00;36:*.opus=00;36:*.spx=00;36:*.xspf=00;36:'), ('ROS_DOMAIN_ID', '0'), ('AMENT_PREFIX_PATH', '/home/pi/seav2/install/carlikebot_ros2_control:/home/pi/seav2/install/serial:/home/pi/seav2/install/seav2_imu:/home/pi/seav2/install/seav2:/home/pi/seav2/install/ros2_control_demo_description:/home/pi/seav2/install/robot_cam_ros:/home/pi/seav2/install/ball_tracker:/home/pi/ss25/install/wheel_odometry:/home/pi/ss25/install/vup_2k7:/home/pi/ss25/install/summary:/home/pi/ss25/install/sllidar_ros2:/home/pi/ss25/install/safety_control:/home/pi/ss25/install/project:/home/pi/ss25/install/my_slam:/home/pi/ss25/install/my_motor_driver:/home/pi/ss25/install/final:/home/pi/ss25/install/description:/home/pi/ss25/install/bringup_pkg:/home/pi/ss25/src/summary/install/summary:/home/pi/ss25/src/install/wheel_odometry:/home/pi/ss25/src/install/summary:/home/pi/ss25/src/install/sllidar_ros2:/home/pi/ss25/src/install/safety_control:/home/pi/ss25/src/install/project:/home/pi/ss25/src/install/my_motor_driver:/home/pi/ss25/src/install/description:/home/pi/ss25/src/install/bringup_pkg:/home/pi/install/summary:/home/pi/demo_testing_9_april/seav/install/yolov8_ros:/home/pi/demo_testing_9_april/seav/install/static_tf_publisher:/home/pi/demo_testing_9_april/seav/install/seav_test_sensors:/home/pi/demo_testing_9_april/seav/install/seav_simulation:/home/pi/demo_testing_9_april/seav/install/seav_description:/home/pi/demo_testing_9_april/seav/install/rplidar_ros:/home/pi/demo_testing_9_april/seav/install/my_robot_controller:/home/pi/demo_testing_9_april/seav/install/my_nav2_pkg:/opt/ros/humble'), ('SHELL', '/bin/bash'), ('LC_NAME', 'en_US.UTF-8'), ('LESSCLOSE', '/usr/bin/lesspipe %s %s'), ('LC_MEASUREMENT', 'en_US.UTF-8'), ('LC_IDENTIFICATION', 'en_US.UTF-8'), ('PWD', '/home/pi/seav2/build/serial'), ('LC_ALL', 'en_US.UTF-8'), ('SSH_CONNECTION', '192.168.0.105 43836 192.168.0.210 22'), ('XDG_DATA_DIRS', '/usr/local/share:/usr/share:/var/lib/snapd/desktop'), ('PYTHONPATH', '/home/pi/seav2/install/seav2_imu/lib/python3.10/site-packages:/home/pi/seav2/install/robot_cam_ros/lib/python3.10/site-packages:/home/pi/seav2/install/ball_tracker/lib/python3.10/site-packages:/home/pi/ss25/install/wheel_odometry/lib/python3.10/site-packages:/home/pi/ss25/install/vup_2k7/lib/python3.10/site-packages:/home/pi/ss25/install/summary/lib/python3.10/site-packages:/home/pi/ss25/install/safety_control/lib/python3.10/site-packages:/home/pi/ss25/install/project/lib/python3.10/site-packages:/home/pi/ss25/install/my_slam/lib/python3.10/site-packages:/home/pi/ss25/install/my_motor_driver/lib/python3.10/site-packages:/home/pi/ss25/install/final/lib/python3.10/site-packages:/home/pi/ss25/install/description/lib/python3.10/site-packages:/home/pi/ss25/install/bringup_pkg/lib/python3.10/site-packages:/home/pi/ss25/src/summary/install/summary/lib/python3.10/site-packages:/home/pi/ss25/src/install/wheel_odometry/lib/python3.10/site-packages:/home/pi/ss25/src/install/summary/lib/python3.10/site-packages:/home/pi/ss25/src/install/safety_control/lib/python3.10/site-packages:/home/pi/ss25/src/install/project/lib/python3.10/site-packages:/home/pi/ss25/src/install/my_motor_driver/lib/python3.10/site-packages:/home/pi/ss25/src/install/description/lib/python3.10/site-packages:/home/pi/ss25/src/install/bringup_pkg/lib/python3.10/site-packages:/home/pi/install/summary/lib/python3.10/site-packages:/home/pi/demo_testing_9_april/seav/install/yolov8_ros/lib/python3.10/site-packages:/home/pi/demo_testing_9_april/seav/install/static_tf_publisher/lib/python3.10/site-packages:/home/pi/demo_testing_9_april/seav/install/seav_test_sensors/lib/python3.10/site-packages:/home/pi/demo_testing_9_april/seav/install/my_robot_controller/lib/python3.10/site-packages:/opt/ros/humble/lib/python3.10/site-packages:/opt/ros/humble/local/lib/python3.10/dist-packages'), ('ROS_HOSTNAME', '192.168.137.192'), ('LC_NUMERIC', 'en_US.UTF-8'), ('LC_PAPER', 'en_US.UTF-8'), ('COLCON', '1'), ('CMAKE_PREFIX_PATH', '/home/pi/seav2/install/serial:/home/pi/seav2/install/seav2:/home/pi/seav2/install/ros2_control_demo_description:/home/pi/ss25/install/sllidar_ros2:/home/pi/ss25/src/install/sllidar_ros2:/home/pi/demo_testing_9_april/seav/install/seav_simulation:/home/pi/demo_testing_9_april/seav/install/seav_description:/home/pi/demo_testing_9_april/seav/install/rplidar_ros:/home/pi/demo_testing_9_april/seav/install/my_nav2_pkg:/home/pi/seav2/install/carlikebot_ros2_control:/home/pi/seav2/install/seav2_imu:/home/pi/seav2/install/robot_cam_ros:/home/pi/seav2/install/ball_tracker:/home/pi/ss25/install/wheel_odometry:/home/pi/ss25/install/vup_2k7:/home/pi/ss25/install/summary:/home/pi/ss25/install/safety_control:/home/pi/ss25/install/project:/home/pi/ss25/install/my_slam:/home/pi/ss25/install/my_motor_driver:/home/pi/ss25/install/final:/home/pi/ss25/install/description:/home/pi/ss25/install/bringup_pkg:/home/pi/ss25/src/summary/install/summary:/home/pi/ss25/src/install/wheel_odometry:/home/pi/ss25/src/install/summary:/home/pi/ss25/src/install/safety_control:/home/pi/ss25/src/install/project:/home/pi/ss25/src/install/my_motor_driver:/home/pi/ss25/src/install/description:/home/pi/ss25/src/install/bringup_pkg:/home/pi/install/summary:/home/pi/demo_testing_9_april/seav/install/yolov8_ros:/home/pi/demo_testing_9_april/seav/install/static_tf_publisher:/home/pi/demo_testing_9_april/seav/install/seav_test_sensors:/home/pi/demo_testing_9_april/seav/install/my_robot_controller:/opt/ros/humble')]), 'shell': False}
[9.327995] (ros2_control_demo_description) CommandEnded: {'returncode': 0}
[9.335510] (serial) StdoutLine: {'line': b'-- Install configuration: ""\n'}
[9.340576] (serial) StdoutLine: {'line': b'-- Execute custom install script\n'}
[9.341988] (serial) StdoutLine: {'line': b'-- Up-to-date symlink: /home/pi/seav2/install/serial/lib/libserial.a\n'}
[9.343103] (serial) StdoutLine: {'line': b'-- Up-to-date symlink: /home/pi/seav2/install/serial/include/serial/serial.h\n'}
[9.344071] (serial) StdoutLine: {'line': b'-- Up-to-date symlink: /home/pi/seav2/install/serial/include/serial/v8stdint.h\n'}
[9.345068] (serial) StdoutLine: {'line': b'-- Up-to-date symlink: /home/pi/seav2/install/serial/share/serial/environment/library_path.sh\n'}
[9.346132] (serial) StdoutLine: {'line': b'-- Up-to-date symlink: /home/pi/seav2/install/serial/share/serial/environment/library_path.dsv\n'}
[9.347159] (serial) StdoutLine: {'line': b'-- Up-to-date symlink: /home/pi/seav2/install/serial/share/ament_index/resource_index/package_run_dependencies/serial\n'}
[9.348201] (serial) StdoutLine: {'line': b'-- Up-to-date symlink: /home/pi/seav2/install/serial/share/ament_index/resource_index/parent_prefix_path/serial\n'}
[9.349250] (serial) StdoutLine: {'line': b'-- Up-to-date symlink: /home/pi/seav2/install/serial/share/serial/environment/ament_prefix_path.sh\n'}
[9.350692] (serial) StdoutLine: {'line': b'-- Up-to-date symlink: /home/pi/seav2/install/serial/share/serial/environment/ament_prefix_path.dsv\n'}
[9.352136] (serial) StdoutLine: {'line': b'-- Up-to-date symlink: /home/pi/seav2/install/serial/share/serial/environment/path.sh\n'}
[9.353758] (serial) StdoutLine: {'line': b'-- Up-to-date symlink: /home/pi/seav2/install/serial/share/serial/environment/path.dsv\n'}
[9.355123] (serial) StdoutLine: {'line': b'-- Up-to-date symlink: /home/pi/seav2/install/serial/share/serial/local_setup.bash\n'}
[9.356511] (serial) StdoutLine: {'line': b'-- Up-to-date symlink: /home/pi/seav2/install/serial/share/serial/local_setup.sh\n'}
[9.358168] (serial) StdoutLine: {'line': b'-- Up-to-date symlink: /home/pi/seav2/install/serial/share/serial/local_setup.zsh\n'}
[9.359737] (serial) StdoutLine: {'line': b'-- Up-to-date symlink: /home/pi/seav2/install/serial/share/serial/local_setup.dsv\n'}
[9.361470] (serial) StdoutLine: {'line': b'-- Symlinking: /home/pi/seav2/install/serial/share/serial/package.dsv\n'}
[9.371348] (-) TimerEvent: {}
[9.420625] (serial) StdoutLine: {'line': b'-- Up-to-date symlink: /home/pi/seav2/install/serial/share/ament_index/resource_index/packages/serial\n'}
[9.422729] (serial) StdoutLine: {'line': b'-- Up-to-date symlink: /home/pi/seav2/install/serial/share/serial/cmake/ament_cmake_export_include_directories-extras.cmake\n'}
[9.427794] (serial) StdoutLine: {'line': b'-- Up-to-date symlink: /home/pi/seav2/install/serial/share/serial/cmake/ament_cmake_export_libraries-extras.cmake\n'}
[9.429718] (serial) StdoutLine: {'line': b'-- Up-to-date symlink: /home/pi/seav2/install/serial/share/serial/cmake/serialConfig.cmake\n'}
[9.431342] (serial) StdoutLine: {'line': b'-- Up-to-date symlink: /home/pi/seav2/install/serial/share/serial/cmake/serialConfig-version.cmake\n'}
[9.433569] (serial) StdoutLine: {'line': b'-- Up-to-date symlink: /home/pi/seav2/install/serial/share/serial/package.xml\n'}
[9.473184] (-) TimerEvent: {}
[9.554051] (ros2_control_demo_description) JobEnded: {'identifier': 'ros2_control_demo_description', 'rc': 0}
[9.577488] (-) TimerEvent: {}
[9.581332] (seav2) JobStarted: {'identifier': 'seav2'}
[9.678070] (-) TimerEvent: {}
[9.760680] (serial) CommandEnded: {'returncode': 0}
[9.778585] (-) TimerEvent: {}
[9.881473] (-) TimerEvent: {}
[9.989150] (-) TimerEvent: {}
[10.058926] (serial) JobEnded: {'identifier': 'serial', 'rc': 0}
[10.069770] (seav2_imu) JobStarted: {'identifier': 'seav2_imu'}
[10.090197] (-) TimerEvent: {}
[10.193951] (-) TimerEvent: {}
[10.300518] (-) TimerEvent: {}
[10.316853] (seav2) JobProgress: {'identifier': 'seav2', 'progress': 'cmake'}
[10.325256] (seav2) JobProgress: {'identifier': 'seav2', 'progress': 'build'}
[10.328832] (seav2) Command: {'cmd': ['/usr/bin/cmake', '--build', '/home/pi/seav2/build/seav2', '--', '-j4', '-l4'], 'cwd': '/home/pi/seav2/build/seav2', 'env': OrderedDict([('LESSOPEN', '| /usr/bin/lesspipe %s'), ('USER', 'pi'), ('SSH_CLIENT', '192.168.0.105 43836 22'), ('LC_TIME', 'en_US.UTF-8'), ('XDG_SESSION_TYPE', 'tty'), ('SHLVL', '1'), ('LD_LIBRARY_PATH', '/home/pi/seav2/install/carlikebot_ros2_control/lib:/home/pi/seav2/install/serial/lib:/opt/ros/humble/opt/rviz_ogre_vendor/lib:/opt/ros/humble/lib/aarch64-linux-gnu:/opt/ros/humble/lib'), ('MOTD_SHOWN', 'pam'), ('HOME', '/home/pi'), ('OLDPWD', '/home/pi'), ('SSH_TTY', '/dev/pts/0'), ('ROS_PYTHON_VERSION', '3'), ('LC_MONETARY', 'en_US.UTF-8'), ('ROS_IP', '192.168.137.192'), ('DBUS_SESSION_BUS_ADDRESS', 'unix:path=/run/user/1000/bus'), ('QT_QPA_PLATFORM_PLUGIN_PATH', '/home/your_username/.local/lib/python3.10/site-packages/cv2/qt/plugins'), ('COLCON_PREFIX_PATH', '/home/pi/seav2/install:/home/pi/ss25/install:/home/pi/ss25/src/description/description/install:/home/pi/ss25/src/summary/install:/home/pi/ss25/src/install:/home/pi/demo_testing_9_april/seav/install:/home/pi/install'), ('ROS_DISTRO', 'humble'), ('LOGNAME', 'pi'), ('_', '/usr/bin/colcon'), ('ROS_VERSION', '2'), ('XDG_SESSION_CLASS', 'user'), ('TERM', 'xterm-256color'), ('XDG_SESSION_ID', '5'), ('ROS_LOCALHOST_ONLY', '0'), ('PATH', '/home/pi/.local/bin:/home/pi/.local/bin:/opt/ros/humble/bin:/usr/local/sbin:/usr/local/bin:/usr/sbin:/usr/bin:/sbin:/bin:/usr/games:/usr/local/games:/snap/bin'), ('LC_ADDRESS', 'en_US.UTF-8'), ('XDG_RUNTIME_DIR', '/run/user/1000'), ('DISPLAY', 'localhost:10.0'), ('LANG', 'en_US.UTF-8'), ('LC_TELEPHONE', 'en_US.UTF-8'), ('LS_COLORS', 'rs=0:di=01;34:ln=01;36:mh=00:pi=40;33:so=01;35:do=01;35:bd=40;33;01:cd=40;33;01:or=40;31;01:mi=00:su=37;41:sg=30;43:ca=30;41:tw=30;42:ow=34;42:st=37;44:ex=01;32:*.tar=01;31:*.tgz=01;31:*.arc=01;31:*.arj=01;31:*.taz=01;31:*.lha=01;31:*.lz4=01;31:*.lzh=01;31:*.lzma=01;31:*.tlz=01;31:*.txz=01;31:*.tzo=01;31:*.t7z=01;31:*.zip=01;31:*.z=01;31:*.dz=01;31:*.gz=01;31:*.lrz=01;31:*.lz=01;31:*.lzo=01;31:*.xz=01;31:*.zst=01;31:*.tzst=01;31:*.bz2=01;31:*.bz=01;31:*.tbz=01;31:*.tbz2=01;31:*.tz=01;31:*.deb=01;31:*.rpm=01;31:*.jar=01;31:*.war=01;31:*.ear=01;31:*.sar=01;31:*.rar=01;31:*.alz=01;31:*.ace=01;31:*.zoo=01;31:*.cpio=01;31:*.7z=01;31:*.rz=01;31:*.cab=01;31:*.wim=01;31:*.swm=01;31:*.dwm=01;31:*.esd=01;31:*.jpg=01;35:*.jpeg=01;35:*.mjpg=01;35:*.mjpeg=01;35:*.gif=01;35:*.bmp=01;35:*.pbm=01;35:*.pgm=01;35:*.ppm=01;35:*.tga=01;35:*.xbm=01;35:*.xpm=01;35:*.tif=01;35:*.tiff=01;35:*.png=01;35:*.svg=01;35:*.svgz=01;35:*.mng=01;35:*.pcx=01;35:*.mov=01;35:*.mpg=01;35:*.mpeg=01;35:*.m2v=01;35:*.mkv=01;35:*.webm=01;35:*.webp=01;35:*.ogm=01;35:*.mp4=01;35:*.m4v=01;35:*.mp4v=01;35:*.vob=01;35:*.qt=01;35:*.nuv=01;35:*.wmv=01;35:*.asf=01;35:*.rm=01;35:*.rmvb=01;35:*.flc=01;35:*.avi=01;35:*.fli=01;35:*.flv=01;35:*.gl=01;35:*.dl=01;35:*.xcf=01;35:*.xwd=01;35:*.yuv=01;35:*.cgm=01;35:*.emf=01;35:*.ogv=01;35:*.ogx=01;35:*.aac=00;36:*.au=00;36:*.flac=00;36:*.m4a=00;36:*.mid=00;36:*.midi=00;36:*.mka=00;36:*.mp3=00;36:*.mpc=00;36:*.ogg=00;36:*.ra=00;36:*.wav=00;36:*.oga=00;36:*.opus=00;36:*.spx=00;36:*.xspf=00;36:'), ('ROS_DOMAIN_ID', '0'), ('AMENT_PREFIX_PATH', '/home/pi/seav2/install/carlikebot_ros2_control:/home/pi/seav2/install/serial:/home/pi/seav2/install/seav2_imu:/home/pi/seav2/install/seav2:/home/pi/seav2/install/ros2_control_demo_description:/home/pi/seav2/install/robot_cam_ros:/home/pi/seav2/install/ball_tracker:/home/pi/ss25/install/wheel_odometry:/home/pi/ss25/install/vup_2k7:/home/pi/ss25/install/summary:/home/pi/ss25/install/sllidar_ros2:/home/pi/ss25/install/safety_control:/home/pi/ss25/install/project:/home/pi/ss25/install/my_slam:/home/pi/ss25/install/my_motor_driver:/home/pi/ss25/install/final:/home/pi/ss25/install/description:/home/pi/ss25/install/bringup_pkg:/home/pi/ss25/src/summary/install/summary:/home/pi/ss25/src/install/wheel_odometry:/home/pi/ss25/src/install/summary:/home/pi/ss25/src/install/sllidar_ros2:/home/pi/ss25/src/install/safety_control:/home/pi/ss25/src/install/project:/home/pi/ss25/src/install/my_motor_driver:/home/pi/ss25/src/install/description:/home/pi/ss25/src/install/bringup_pkg:/home/pi/install/summary:/home/pi/demo_testing_9_april/seav/install/yolov8_ros:/home/pi/demo_testing_9_april/seav/install/static_tf_publisher:/home/pi/demo_testing_9_april/seav/install/seav_test_sensors:/home/pi/demo_testing_9_april/seav/install/seav_simulation:/home/pi/demo_testing_9_april/seav/install/seav_description:/home/pi/demo_testing_9_april/seav/install/rplidar_ros:/home/pi/demo_testing_9_april/seav/install/my_robot_controller:/home/pi/demo_testing_9_april/seav/install/my_nav2_pkg:/opt/ros/humble'), ('SHELL', '/bin/bash'), ('LC_NAME', 'en_US.UTF-8'), ('LESSCLOSE', '/usr/bin/lesspipe %s %s'), ('LC_MEASUREMENT', 'en_US.UTF-8'), ('LC_IDENTIFICATION', 'en_US.UTF-8'), ('PWD', '/home/pi/seav2/build/seav2'), ('LC_ALL', 'en_US.UTF-8'), ('SSH_CONNECTION', '192.168.0.105 43836 192.168.0.210 22'), ('XDG_DATA_DIRS', '/usr/local/share:/usr/share:/var/lib/snapd/desktop'), ('PYTHONPATH', '/home/pi/seav2/install/seav2_imu/lib/python3.10/site-packages:/home/pi/seav2/install/robot_cam_ros/lib/python3.10/site-packages:/home/pi/seav2/install/ball_tracker/lib/python3.10/site-packages:/home/pi/ss25/install/wheel_odometry/lib/python3.10/site-packages:/home/pi/ss25/install/vup_2k7/lib/python3.10/site-packages:/home/pi/ss25/install/summary/lib/python3.10/site-packages:/home/pi/ss25/install/safety_control/lib/python3.10/site-packages:/home/pi/ss25/install/project/lib/python3.10/site-packages:/home/pi/ss25/install/my_slam/lib/python3.10/site-packages:/home/pi/ss25/install/my_motor_driver/lib/python3.10/site-packages:/home/pi/ss25/install/final/lib/python3.10/site-packages:/home/pi/ss25/install/description/lib/python3.10/site-packages:/home/pi/ss25/install/bringup_pkg/lib/python3.10/site-packages:/home/pi/ss25/src/summary/install/summary/lib/python3.10/site-packages:/home/pi/ss25/src/install/wheel_odometry/lib/python3.10/site-packages:/home/pi/ss25/src/install/summary/lib/python3.10/site-packages:/home/pi/ss25/src/install/safety_control/lib/python3.10/site-packages:/home/pi/ss25/src/install/project/lib/python3.10/site-packages:/home/pi/ss25/src/install/my_motor_driver/lib/python3.10/site-packages:/home/pi/ss25/src/install/description/lib/python3.10/site-packages:/home/pi/ss25/src/install/bringup_pkg/lib/python3.10/site-packages:/home/pi/install/summary/lib/python3.10/site-packages:/home/pi/demo_testing_9_april/seav/install/yolov8_ros/lib/python3.10/site-packages:/home/pi/demo_testing_9_april/seav/install/static_tf_publisher/lib/python3.10/site-packages:/home/pi/demo_testing_9_april/seav/install/seav_test_sensors/lib/python3.10/site-packages:/home/pi/demo_testing_9_april/seav/install/my_robot_controller/lib/python3.10/site-packages:/opt/ros/humble/lib/python3.10/site-packages:/opt/ros/humble/local/lib/python3.10/dist-packages'), ('ROS_HOSTNAME', '192.168.137.192'), ('LC_NUMERIC', 'en_US.UTF-8'), ('LC_PAPER', 'en_US.UTF-8'), ('COLCON', '1'), ('CMAKE_PREFIX_PATH', '/home/pi/seav2/install/serial:/home/pi/seav2/install/seav2:/home/pi/seav2/install/ros2_control_demo_description:/home/pi/ss25/install/sllidar_ros2:/home/pi/ss25/src/install/sllidar_ros2:/home/pi/demo_testing_9_april/seav/install/seav_simulation:/home/pi/demo_testing_9_april/seav/install/seav_description:/home/pi/demo_testing_9_april/seav/install/rplidar_ros:/home/pi/demo_testing_9_april/seav/install/my_nav2_pkg:/home/pi/seav2/install/carlikebot_ros2_control:/home/pi/seav2/install/seav2_imu:/home/pi/seav2/install/robot_cam_ros:/home/pi/seav2/install/ball_tracker:/home/pi/ss25/install/wheel_odometry:/home/pi/ss25/install/vup_2k7:/home/pi/ss25/install/summary:/home/pi/ss25/install/safety_control:/home/pi/ss25/install/project:/home/pi/ss25/install/my_slam:/home/pi/ss25/install/my_motor_driver:/home/pi/ss25/install/final:/home/pi/ss25/install/description:/home/pi/ss25/install/bringup_pkg:/home/pi/ss25/src/summary/install/summary:/home/pi/ss25/src/install/wheel_odometry:/home/pi/ss25/src/install/summary:/home/pi/ss25/src/install/safety_control:/home/pi/ss25/src/install/project:/home/pi/ss25/src/install/my_motor_driver:/home/pi/ss25/src/install/description:/home/pi/ss25/src/install/bringup_pkg:/home/pi/install/summary:/home/pi/demo_testing_9_april/seav/install/yolov8_ros:/home/pi/demo_testing_9_april/seav/install/static_tf_publisher:/home/pi/demo_testing_9_april/seav/install/seav_test_sensors:/home/pi/demo_testing_9_april/seav/install/my_robot_controller:/opt/ros/humble')]), 'shell': False}
[10.400953] (-) TimerEvent: {}
[10.502681] (-) TimerEvent: {}
[10.604392] (-) TimerEvent: {}
[10.707021] (-) TimerEvent: {}
[10.809759] (-) TimerEvent: {}
[10.912763] (-) TimerEvent: {}
[11.015421] (-) TimerEvent: {}
[11.118541] (-) TimerEvent: {}
[11.221483] (-) TimerEvent: {}
[11.325156] (-) TimerEvent: {}
[11.428605] (-) TimerEvent: {}
[11.532456] (-) TimerEvent: {}
[11.636348] (-) TimerEvent: {}
[11.740099] (-) TimerEvent: {}
[11.843953] (-) TimerEvent: {}
[11.947676] (-) TimerEvent: {}
[12.051473] (-) TimerEvent: {}
[12.155040] (-) TimerEvent: {}
[12.258688] (-) TimerEvent: {}
[12.362169] (-) TimerEvent: {}
[12.465865] (-) TimerEvent: {}
[12.569603] (-) TimerEvent: {}
[12.673158] (-) TimerEvent: {}
[12.776825] (-) TimerEvent: {}
[12.880608] (-) TimerEvent: {}
[12.984630] (-) TimerEvent: {}
[13.088427] (-) TimerEvent: {}
[13.192195] (-) TimerEvent: {}
[13.295729] (-) TimerEvent: {}
[13.399343] (-) TimerEvent: {}
[13.502960] (-) TimerEvent: {}
[13.606606] (-) TimerEvent: {}
[13.710365] (-) TimerEvent: {}
[13.812613] (-) TimerEvent: {}
[13.914907] (-) TimerEvent: {}
[14.017930] (-) TimerEvent: {}
[14.121618] (-) TimerEvent: {}
[14.226044] (-) TimerEvent: {}
[14.329941] (-) TimerEvent: {}
[14.433378] (-) TimerEvent: {}
[14.536939] (-) TimerEvent: {}
[14.640772] (-) TimerEvent: {}
[14.745314] (-) TimerEvent: {}
[14.849315] (-) TimerEvent: {}
[14.954403] (-) TimerEvent: {}
[15.059664] (-) TimerEvent: {}
[15.166136] (-) TimerEvent: {}
[15.268162] (-) TimerEvent: {}
[15.342095] (ball_tracker) Command: {'cmd': ['/usr/bin/python3', '-W', 'ignore:setup.py install is deprecated', '-W', 'ignore:easy_install command is deprecated', 'setup.py', 'egg_info', '--egg-base', '../../build/ball_tracker', 'build', '--build-base', '/home/pi/seav2/build/ball_tracker/build', 'install', '--record', '/home/pi/seav2/build/ball_tracker/install.log', '--install-scripts', '$base/lib/ball_tracker', '--single-version-externally-managed', 'install_data'], 'cwd': '/home/pi/seav2/src/ball_tracker', 'env': {'LESSOPEN': '| /usr/bin/lesspipe %s', 'USER': 'pi', 'SSH_CLIENT': '192.168.0.105 43836 22', 'LC_TIME': 'en_US.UTF-8', 'XDG_SESSION_TYPE': 'tty', 'SHLVL': '1', 'LD_LIBRARY_PATH': '/home/pi/seav2/install/carlikebot_ros2_control/lib:/home/pi/seav2/install/serial/lib:/opt/ros/humble/opt/rviz_ogre_vendor/lib:/opt/ros/humble/lib/aarch64-linux-gnu:/opt/ros/humble/lib', 'MOTD_SHOWN': 'pam', 'HOME': '/home/pi', 'OLDPWD': '/home/pi', 'SSH_TTY': '/dev/pts/0', 'ROS_PYTHON_VERSION': '3', 'LC_MONETARY': 'en_US.UTF-8', 'ROS_IP': '192.168.137.192', 'DBUS_SESSION_BUS_ADDRESS': 'unix:path=/run/user/1000/bus', 'QT_QPA_PLATFORM_PLUGIN_PATH': '/home/your_username/.local/lib/python3.10/site-packages/cv2/qt/plugins', 'COLCON_PREFIX_PATH': '/home/pi/seav2/install:/home/pi/ss25/install:/home/pi/ss25/src/description/description/install:/home/pi/ss25/src/summary/install:/home/pi/ss25/src/install:/home/pi/demo_testing_9_april/seav/install:/home/pi/install', 'ROS_DISTRO': 'humble', 'LOGNAME': 'pi', '_': '/usr/bin/colcon', 'ROS_VERSION': '2', 'XDG_SESSION_CLASS': 'user', 'TERM': 'xterm-256color', 'XDG_SESSION_ID': '5', 'ROS_LOCALHOST_ONLY': '0', 'PATH': '/home/pi/.local/bin:/home/pi/.local/bin:/opt/ros/humble/bin:/usr/local/sbin:/usr/local/bin:/usr/sbin:/usr/bin:/sbin:/bin:/usr/games:/usr/local/games:/snap/bin', 'LC_ADDRESS': 'en_US.UTF-8', 'XDG_RUNTIME_DIR': '/run/user/1000', 'DISPLAY': 'localhost:10.0', 'LANG': 'en_US.UTF-8', 'LC_TELEPHONE': 'en_US.UTF-8', 'LS_COLORS': 'rs=0:di=01;34:ln=01;36:mh=00:pi=40;33:so=01;35:do=01;35:bd=40;33;01:cd=40;33;01:or=40;31;01:mi=00:su=37;41:sg=30;43:ca=30;41:tw=30;42:ow=34;42:st=37;44:ex=01;32:*.tar=01;31:*.tgz=01;31:*.arc=01;31:*.arj=01;31:*.taz=01;31:*.lha=01;31:*.lz4=01;31:*.lzh=01;31:*.lzma=01;31:*.tlz=01;31:*.txz=01;31:*.tzo=01;31:*.t7z=01;31:*.zip=01;31:*.z=01;31:*.dz=01;31:*.gz=01;31:*.lrz=01;31:*.lz=01;31:*.lzo=01;31:*.xz=01;31:*.zst=01;31:*.tzst=01;31:*.bz2=01;31:*.bz=01;31:*.tbz=01;31:*.tbz2=01;31:*.tz=01;31:*.deb=01;31:*.rpm=01;31:*.jar=01;31:*.war=01;31:*.ear=01;31:*.sar=01;31:*.rar=01;31:*.alz=01;31:*.ace=01;31:*.zoo=01;31:*.cpio=01;31:*.7z=01;31:*.rz=01;31:*.cab=01;31:*.wim=01;31:*.swm=01;31:*.dwm=01;31:*.esd=01;31:*.jpg=01;35:*.jpeg=01;35:*.mjpg=01;35:*.mjpeg=01;35:*.gif=01;35:*.bmp=01;35:*.pbm=01;35:*.pgm=01;35:*.ppm=01;35:*.tga=01;35:*.xbm=01;35:*.xpm=01;35:*.tif=01;35:*.tiff=01;35:*.png=01;35:*.svg=01;35:*.svgz=01;35:*.mng=01;35:*.pcx=01;35:*.mov=01;35:*.mpg=01;35:*.mpeg=01;35:*.m2v=01;35:*.mkv=01;35:*.webm=01;35:*.webp=01;35:*.ogm=01;35:*.mp4=01;35:*.m4v=01;35:*.mp4v=01;35:*.vob=01;35:*.qt=01;35:*.nuv=01;35:*.wmv=01;35:*.asf=01;35:*.rm=01;35:*.rmvb=01;35:*.flc=01;35:*.avi=01;35:*.fli=01;35:*.flv=01;35:*.gl=01;35:*.dl=01;35:*.xcf=01;35:*.xwd=01;35:*.yuv=01;35:*.cgm=01;35:*.emf=01;35:*.ogv=01;35:*.ogx=01;35:*.aac=00;36:*.au=00;36:*.flac=00;36:*.m4a=00;36:*.mid=00;36:*.midi=00;36:*.mka=00;36:*.mp3=00;36:*.mpc=00;36:*.ogg=00;36:*.ra=00;36:*.wav=00;36:*.oga=00;36:*.opus=00;36:*.spx=00;36:*.xspf=00;36:', 'ROS_DOMAIN_ID': '0', 'AMENT_PREFIX_PATH': '/home/pi/seav2/install/carlikebot_ros2_control:/home/pi/seav2/install/serial:/home/pi/seav2/install/seav2_imu:/home/pi/seav2/install/seav2:/home/pi/seav2/install/ros2_control_demo_description:/home/pi/seav2/install/robot_cam_ros:/home/pi/seav2/install/ball_tracker:/home/pi/ss25/install/wheel_odometry:/home/pi/ss25/install/vup_2k7:/home/pi/ss25/install/summary:/home/pi/ss25/install/sllidar_ros2:/home/pi/ss25/install/safety_control:/home/pi/ss25/install/project:/home/pi/ss25/install/my_slam:/home/pi/ss25/install/my_motor_driver:/home/pi/ss25/install/final:/home/pi/ss25/install/description:/home/pi/ss25/install/bringup_pkg:/home/pi/ss25/src/summary/install/summary:/home/pi/ss25/src/install/wheel_odometry:/home/pi/ss25/src/install/summary:/home/pi/ss25/src/install/sllidar_ros2:/home/pi/ss25/src/install/safety_control:/home/pi/ss25/src/install/project:/home/pi/ss25/src/install/my_motor_driver:/home/pi/ss25/src/install/description:/home/pi/ss25/src/install/bringup_pkg:/home/pi/install/summary:/home/pi/demo_testing_9_april/seav/install/yolov8_ros:/home/pi/demo_testing_9_april/seav/install/static_tf_publisher:/home/pi/demo_testing_9_april/seav/install/seav_test_sensors:/home/pi/demo_testing_9_april/seav/install/seav_simulation:/home/pi/demo_testing_9_april/seav/install/seav_description:/home/pi/demo_testing_9_april/seav/install/rplidar_ros:/home/pi/demo_testing_9_april/seav/install/my_robot_controller:/home/pi/demo_testing_9_april/seav/install/my_nav2_pkg:/opt/ros/humble', 'SHELL': '/bin/bash', 'LC_NAME': 'en_US.UTF-8', 'LESSCLOSE': '/usr/bin/lesspipe %s %s', 'LC_MEASUREMENT': 'en_US.UTF-8', 'LC_IDENTIFICATION': 'en_US.UTF-8', 'PWD': '/home/pi/seav2/build/ball_tracker', 'LC_ALL': 'en_US.UTF-8', 'SSH_CONNECTION': '192.168.0.105 43836 192.168.0.210 22', 'XDG_DATA_DIRS': '/usr/local/share:/usr/share:/var/lib/snapd/desktop', 'PYTHONPATH': '/home/pi/seav2/build/ball_tracker/prefix_override:/usr/lib/python3/dist-packages/colcon_core/task/python/colcon_distutils_commands:/home/pi/seav2/install/ball_tracker/lib/python3.10/site-packages:/home/pi/seav2/install/seav2_imu/lib/python3.10/site-packages:/home/pi/seav2/install/robot_cam_ros/lib/python3.10/site-packages:/home/pi/seav2/install/ball_tracker/lib/python3.10/site-packages:/home/pi/ss25/install/wheel_odometry/lib/python3.10/site-packages:/home/pi/ss25/install/vup_2k7/lib/python3.10/site-packages:/home/pi/ss25/install/summary/lib/python3.10/site-packages:/home/pi/ss25/install/safety_control/lib/python3.10/site-packages:/home/pi/ss25/install/project/lib/python3.10/site-packages:/home/pi/ss25/install/my_slam/lib/python3.10/site-packages:/home/pi/ss25/install/my_motor_driver/lib/python3.10/site-packages:/home/pi/ss25/install/final/lib/python3.10/site-packages:/home/pi/ss25/install/description/lib/python3.10/site-packages:/home/pi/ss25/install/bringup_pkg/lib/python3.10/site-packages:/home/pi/ss25/src/summary/install/summary/lib/python3.10/site-packages:/home/pi/ss25/src/install/wheel_odometry/lib/python3.10/site-packages:/home/pi/ss25/src/install/summary/lib/python3.10/site-packages:/home/pi/ss25/src/install/safety_control/lib/python3.10/site-packages:/home/pi/ss25/src/install/project/lib/python3.10/site-packages:/home/pi/ss25/src/install/my_motor_driver/lib/python3.10/site-packages:/home/pi/ss25/src/install/description/lib/python3.10/site-packages:/home/pi/ss25/src/install/bringup_pkg/lib/python3.10/site-packages:/home/pi/install/summary/lib/python3.10/site-packages:/home/pi/demo_testing_9_april/seav/install/yolov8_ros/lib/python3.10/site-packages:/home/pi/demo_testing_9_april/seav/install/static_tf_publisher/lib/python3.10/site-packages:/home/pi/demo_testing_9_april/seav/install/seav_test_sensors/lib/python3.10/site-packages:/home/pi/demo_testing_9_april/seav/install/my_robot_controller/lib/python3.10/site-packages:/opt/ros/humble/lib/python3.10/site-packages:/opt/ros/humble/local/lib/python3.10/dist-packages', 'ROS_HOSTNAME': '192.168.137.192', 'LC_NUMERIC': 'en_US.UTF-8', 'LC_PAPER': 'en_US.UTF-8', 'COLCON': '1', 'CMAKE_PREFIX_PATH': '/home/pi/seav2/install/serial:/home/pi/seav2/install/seav2:/home/pi/seav2/install/ros2_control_demo_description:/home/pi/ss25/install/sllidar_ros2:/home/pi/ss25/src/install/sllidar_ros2:/home/pi/demo_testing_9_april/seav/install/seav_simulation:/home/pi/demo_testing_9_april/seav/install/seav_description:/home/pi/demo_testing_9_april/seav/install/rplidar_ros:/home/pi/demo_testing_9_april/seav/install/my_nav2_pkg'}, 'shell': False}
[15.364792] (robot_cam_ros) Command: {'cmd': ['/usr/bin/python3', '-W', 'ignore:setup.py install is deprecated', '-W', 'ignore:easy_install command is deprecated', 'setup.py', 'egg_info', '--egg-base', '../../build/robot_cam_ros', 'build', '--build-base', '/home/pi/seav2/build/robot_cam_ros/build', 'install', '--record', '/home/pi/seav2/build/robot_cam_ros/install.log', '--single-version-externally-managed', 'install_data'], 'cwd': '/home/pi/seav2/src/robot_cam_ros', 'env': {'LESSOPEN': '| /usr/bin/lesspipe %s', 'USER': 'pi', 'SSH_CLIENT': '192.168.0.105 43836 22', 'LC_TIME': 'en_US.UTF-8', 'XDG_SESSION_TYPE': 'tty', 'SHLVL': '1', 'LD_LIBRARY_PATH': '/home/pi/seav2/install/carlikebot_ros2_control/lib:/home/pi/seav2/install/serial/lib:/opt/ros/humble/opt/rviz_ogre_vendor/lib:/opt/ros/humble/lib/aarch64-linux-gnu:/opt/ros/humble/lib', 'MOTD_SHOWN': 'pam', 'HOME': '/home/pi', 'OLDPWD': '/home/pi', 'SSH_TTY': '/dev/pts/0', 'ROS_PYTHON_VERSION': '3', 'LC_MONETARY': 'en_US.UTF-8', 'ROS_IP': '192.168.137.192', 'DBUS_SESSION_BUS_ADDRESS': 'unix:path=/run/user/1000/bus', 'QT_QPA_PLATFORM_PLUGIN_PATH': '/home/your_username/.local/lib/python3.10/site-packages/cv2/qt/plugins', 'COLCON_PREFIX_PATH': '/home/pi/seav2/install:/home/pi/ss25/install:/home/pi/ss25/src/description/description/install:/home/pi/ss25/src/summary/install:/home/pi/ss25/src/install:/home/pi/demo_testing_9_april/seav/install:/home/pi/install', 'ROS_DISTRO': 'humble', 'LOGNAME': 'pi', '_': '/usr/bin/colcon', 'ROS_VERSION': '2', 'XDG_SESSION_CLASS': 'user', 'TERM': 'xterm-256color', 'XDG_SESSION_ID': '5', 'ROS_LOCALHOST_ONLY': '0', 'PATH': '/home/pi/.local/bin:/home/pi/.local/bin:/opt/ros/humble/bin:/usr/local/sbin:/usr/local/bin:/usr/sbin:/usr/bin:/sbin:/bin:/usr/games:/usr/local/games:/snap/bin', 'LC_ADDRESS': 'en_US.UTF-8', 'XDG_RUNTIME_DIR': '/run/user/1000', 'DISPLAY': 'localhost:10.0', 'LANG': 'en_US.UTF-8', 'LC_TELEPHONE': 'en_US.UTF-8', 'LS_COLORS': 'rs=0:di=01;34:ln=01;36:mh=00:pi=40;33:so=01;35:do=01;35:bd=40;33;01:cd=40;33;01:or=40;31;01:mi=00:su=37;41:sg=30;43:ca=30;41:tw=30;42:ow=34;42:st=37;44:ex=01;32:*.tar=01;31:*.tgz=01;31:*.arc=01;31:*.arj=01;31:*.taz=01;31:*.lha=01;31:*.lz4=01;31:*.lzh=01;31:*.lzma=01;31:*.tlz=01;31:*.txz=01;31:*.tzo=01;31:*.t7z=01;31:*.zip=01;31:*.z=01;31:*.dz=01;31:*.gz=01;31:*.lrz=01;31:*.lz=01;31:*.lzo=01;31:*.xz=01;31:*.zst=01;31:*.tzst=01;31:*.bz2=01;31:*.bz=01;31:*.tbz=01;31:*.tbz2=01;31:*.tz=01;31:*.deb=01;31:*.rpm=01;31:*.jar=01;31:*.war=01;31:*.ear=01;31:*.sar=01;31:*.rar=01;31:*.alz=01;31:*.ace=01;31:*.zoo=01;31:*.cpio=01;31:*.7z=01;31:*.rz=01;31:*.cab=01;31:*.wim=01;31:*.swm=01;31:*.dwm=01;31:*.esd=01;31:*.jpg=01;35:*.jpeg=01;35:*.mjpg=01;35:*.mjpeg=01;35:*.gif=01;35:*.bmp=01;35:*.pbm=01;35:*.pgm=01;35:*.ppm=01;35:*.tga=01;35:*.xbm=01;35:*.xpm=01;35:*.tif=01;35:*.tiff=01;35:*.png=01;35:*.svg=01;35:*.svgz=01;35:*.mng=01;35:*.pcx=01;35:*.mov=01;35:*.mpg=01;35:*.mpeg=01;35:*.m2v=01;35:*.mkv=01;35:*.webm=01;35:*.webp=01;35:*.ogm=01;35:*.mp4=01;35:*.m4v=01;35:*.mp4v=01;35:*.vob=01;35:*.qt=01;35:*.nuv=01;35:*.wmv=01;35:*.asf=01;35:*.rm=01;35:*.rmvb=01;35:*.flc=01;35:*.avi=01;35:*.fli=01;35:*.flv=01;35:*.gl=01;35:*.dl=01;35:*.xcf=01;35:*.xwd=01;35:*.yuv=01;35:*.cgm=01;35:*.emf=01;35:*.ogv=01;35:*.ogx=01;35:*.aac=00;36:*.au=00;36:*.flac=00;36:*.m4a=00;36:*.mid=00;36:*.midi=00;36:*.mka=00;36:*.mp3=00;36:*.mpc=00;36:*.ogg=00;36:*.ra=00;36:*.wav=00;36:*.oga=00;36:*.opus=00;36:*.spx=00;36:*.xspf=00;36:', 'ROS_DOMAIN_ID': '0', 'AMENT_PREFIX_PATH': '/home/pi/seav2/install/carlikebot_ros2_control:/home/pi/seav2/install/serial:/home/pi/seav2/install/seav2_imu:/home/pi/seav2/install/seav2:/home/pi/seav2/install/ros2_control_demo_description:/home/pi/seav2/install/robot_cam_ros:/home/pi/seav2/install/ball_tracker:/home/pi/ss25/install/wheel_odometry:/home/pi/ss25/install/vup_2k7:/home/pi/ss25/install/summary:/home/pi/ss25/install/sllidar_ros2:/home/pi/ss25/install/safety_control:/home/pi/ss25/install/project:/home/pi/ss25/install/my_slam:/home/pi/ss25/install/my_motor_driver:/home/pi/ss25/install/final:/home/pi/ss25/install/description:/home/pi/ss25/install/bringup_pkg:/home/pi/ss25/src/summary/install/summary:/home/pi/ss25/src/install/wheel_odometry:/home/pi/ss25/src/install/summary:/home/pi/ss25/src/install/sllidar_ros2:/home/pi/ss25/src/install/safety_control:/home/pi/ss25/src/install/project:/home/pi/ss25/src/install/my_motor_driver:/home/pi/ss25/src/install/description:/home/pi/ss25/src/install/bringup_pkg:/home/pi/install/summary:/home/pi/demo_testing_9_april/seav/install/yolov8_ros:/home/pi/demo_testing_9_april/seav/install/static_tf_publisher:/home/pi/demo_testing_9_april/seav/install/seav_test_sensors:/home/pi/demo_testing_9_april/seav/install/seav_simulation:/home/pi/demo_testing_9_april/seav/install/seav_description:/home/pi/demo_testing_9_april/seav/install/rplidar_ros:/home/pi/demo_testing_9_april/seav/install/my_robot_controller:/home/pi/demo_testing_9_april/seav/install/my_nav2_pkg:/opt/ros/humble', 'SHELL': '/bin/bash', 'LC_NAME': 'en_US.UTF-8', 'LESSCLOSE': '/usr/bin/lesspipe %s %s', 'LC_MEASUREMENT': 'en_US.UTF-8', 'LC_IDENTIFICATION': 'en_US.UTF-8', 'PWD': '/home/pi/seav2/build/robot_cam_ros', 'LC_ALL': 'en_US.UTF-8', 'SSH_CONNECTION': '192.168.0.105 43836 192.168.0.210 22', 'XDG_DATA_DIRS': '/usr/local/share:/usr/share:/var/lib/snapd/desktop', 'PYTHONPATH': '/home/pi/seav2/build/robot_cam_ros/prefix_override:/usr/lib/python3/dist-packages/colcon_core/task/python/colcon_distutils_commands:/home/pi/seav2/install/robot_cam_ros/lib/python3.10/site-packages:/home/pi/seav2/install/seav2_imu/lib/python3.10/site-packages:/home/pi/seav2/install/robot_cam_ros/lib/python3.10/site-packages:/home/pi/seav2/install/ball_tracker/lib/python3.10/site-packages:/home/pi/ss25/install/wheel_odometry/lib/python3.10/site-packages:/home/pi/ss25/install/vup_2k7/lib/python3.10/site-packages:/home/pi/ss25/install/summary/lib/python3.10/site-packages:/home/pi/ss25/install/safety_control/lib/python3.10/site-packages:/home/pi/ss25/install/project/lib/python3.10/site-packages:/home/pi/ss25/install/my_slam/lib/python3.10/site-packages:/home/pi/ss25/install/my_motor_driver/lib/python3.10/site-packages:/home/pi/ss25/install/final/lib/python3.10/site-packages:/home/pi/ss25/install/description/lib/python3.10/site-packages:/home/pi/ss25/install/bringup_pkg/lib/python3.10/site-packages:/home/pi/ss25/src/summary/install/summary/lib/python3.10/site-packages:/home/pi/ss25/src/install/wheel_odometry/lib/python3.10/site-packages:/home/pi/ss25/src/install/summary/lib/python3.10/site-packages:/home/pi/ss25/src/install/safety_control/lib/python3.10/site-packages:/home/pi/ss25/src/install/project/lib/python3.10/site-packages:/home/pi/ss25/src/install/my_motor_driver/lib/python3.10/site-packages:/home/pi/ss25/src/install/description/lib/python3.10/site-packages:/home/pi/ss25/src/install/bringup_pkg/lib/python3.10/site-packages:/home/pi/install/summary/lib/python3.10/site-packages:/home/pi/demo_testing_9_april/seav/install/yolov8_ros/lib/python3.10/site-packages:/home/pi/demo_testing_9_april/seav/install/static_tf_publisher/lib/python3.10/site-packages:/home/pi/demo_testing_9_april/seav/install/seav_test_sensors/lib/python3.10/site-packages:/home/pi/demo_testing_9_april/seav/install/my_robot_controller/lib/python3.10/site-packages:/opt/ros/humble/lib/python3.10/site-packages:/opt/ros/humble/local/lib/python3.10/dist-packages', 'ROS_HOSTNAME': '192.168.137.192', 'LC_NUMERIC': 'en_US.UTF-8', 'LC_PAPER': 'en_US.UTF-8', 'COLCON': '1', 'CMAKE_PREFIX_PATH': '/home/pi/seav2/install/serial:/home/pi/seav2/install/seav2:/home/pi/seav2/install/ros2_control_demo_description:/home/pi/ss25/install/sllidar_ros2:/home/pi/ss25/src/install/sllidar_ros2:/home/pi/demo_testing_9_april/seav/install/seav_simulation:/home/pi/demo_testing_9_april/seav/install/seav_description:/home/pi/demo_testing_9_april/seav/install/rplidar_ros:/home/pi/demo_testing_9_april/seav/install/my_nav2_pkg'}, 'shell': False}
[15.399872] (-) TimerEvent: {}
[15.401323] (seav2) CommandEnded: {'returncode': 0}
[15.407002] (seav2) JobProgress: {'identifier': 'seav2', 'progress': 'install'}
[15.408938] (seav2) Command: {'cmd': ['/usr/bin/cmake', '--install', '/home/pi/seav2/build/seav2'], 'cwd': '/home/pi/seav2/build/seav2', 'env': OrderedDict([('LESSOPEN', '| /usr/bin/lesspipe %s'), ('USER', 'pi'), ('SSH_CLIENT', '192.168.0.105 43836 22'), ('LC_TIME', 'en_US.UTF-8'), ('XDG_SESSION_TYPE', 'tty'), ('SHLVL', '1'), ('LD_LIBRARY_PATH', '/home/pi/seav2/install/carlikebot_ros2_control/lib:/home/pi/seav2/install/serial/lib:/opt/ros/humble/opt/rviz_ogre_vendor/lib:/opt/ros/humble/lib/aarch64-linux-gnu:/opt/ros/humble/lib'), ('MOTD_SHOWN', 'pam'), ('HOME', '/home/pi'), ('OLDPWD', '/home/pi'), ('SSH_TTY', '/dev/pts/0'), ('ROS_PYTHON_VERSION', '3'), ('LC_MONETARY', 'en_US.UTF-8'), ('ROS_IP', '192.168.137.192'), ('DBUS_SESSION_BUS_ADDRESS', 'unix:path=/run/user/1000/bus'), ('QT_QPA_PLATFORM_PLUGIN_PATH', '/home/your_username/.local/lib/python3.10/site-packages/cv2/qt/plugins'), ('COLCON_PREFIX_PATH', '/home/pi/seav2/install:/home/pi/ss25/install:/home/pi/ss25/src/description/description/install:/home/pi/ss25/src/summary/install:/home/pi/ss25/src/install:/home/pi/demo_testing_9_april/seav/install:/home/pi/install'), ('ROS_DISTRO', 'humble'), ('LOGNAME', 'pi'), ('_', '/usr/bin/colcon'), ('ROS_VERSION', '2'), ('XDG_SESSION_CLASS', 'user'), ('TERM', 'xterm-256color'), ('XDG_SESSION_ID', '5'), ('ROS_LOCALHOST_ONLY', '0'), ('PATH', '/home/pi/.local/bin:/home/pi/.local/bin:/opt/ros/humble/bin:/usr/local/sbin:/usr/local/bin:/usr/sbin:/usr/bin:/sbin:/bin:/usr/games:/usr/local/games:/snap/bin'), ('LC_ADDRESS', 'en_US.UTF-8'), ('XDG_RUNTIME_DIR', '/run/user/1000'), ('DISPLAY', 'localhost:10.0'), ('LANG', 'en_US.UTF-8'), ('LC_TELEPHONE', 'en_US.UTF-8'), ('LS_COLORS', 'rs=0:di=01;34:ln=01;36:mh=00:pi=40;33:so=01;35:do=01;35:bd=40;33;01:cd=40;33;01:or=40;31;01:mi=00:su=37;41:sg=30;43:ca=30;41:tw=30;42:ow=34;42:st=37;44:ex=01;32:*.tar=01;31:*.tgz=01;31:*.arc=01;31:*.arj=01;31:*.taz=01;31:*.lha=01;31:*.lz4=01;31:*.lzh=01;31:*.lzma=01;31:*.tlz=01;31:*.txz=01;31:*.tzo=01;31:*.t7z=01;31:*.zip=01;31:*.z=01;31:*.dz=01;31:*.gz=01;31:*.lrz=01;31:*.lz=01;31:*.lzo=01;31:*.xz=01;31:*.zst=01;31:*.tzst=01;31:*.bz2=01;31:*.bz=01;31:*.tbz=01;31:*.tbz2=01;31:*.tz=01;31:*.deb=01;31:*.rpm=01;31:*.jar=01;31:*.war=01;31:*.ear=01;31:*.sar=01;31:*.rar=01;31:*.alz=01;31:*.ace=01;31:*.zoo=01;31:*.cpio=01;31:*.7z=01;31:*.rz=01;31:*.cab=01;31:*.wim=01;31:*.swm=01;31:*.dwm=01;31:*.esd=01;31:*.jpg=01;35:*.jpeg=01;35:*.mjpg=01;35:*.mjpeg=01;35:*.gif=01;35:*.bmp=01;35:*.pbm=01;35:*.pgm=01;35:*.ppm=01;35:*.tga=01;35:*.xbm=01;35:*.xpm=01;35:*.tif=01;35:*.tiff=01;35:*.png=01;35:*.svg=01;35:*.svgz=01;35:*.mng=01;35:*.pcx=01;35:*.mov=01;35:*.mpg=01;35:*.mpeg=01;35:*.m2v=01;35:*.mkv=01;35:*.webm=01;35:*.webp=01;35:*.ogm=01;35:*.mp4=01;35:*.m4v=01;35:*.mp4v=01;35:*.vob=01;35:*.qt=01;35:*.nuv=01;35:*.wmv=01;35:*.asf=01;35:*.rm=01;35:*.rmvb=01;35:*.flc=01;35:*.avi=01;35:*.fli=01;35:*.flv=01;35:*.gl=01;35:*.dl=01;35:*.xcf=01;35:*.xwd=01;35:*.yuv=01;35:*.cgm=01;35:*.emf=01;35:*.ogv=01;35:*.ogx=01;35:*.aac=00;36:*.au=00;36:*.flac=00;36:*.m4a=00;36:*.mid=00;36:*.midi=00;36:*.mka=00;36:*.mp3=00;36:*.mpc=00;36:*.ogg=00;36:*.ra=00;36:*.wav=00;36:*.oga=00;36:*.opus=00;36:*.spx=00;36:*.xspf=00;36:'), ('ROS_DOMAIN_ID', '0'), ('AMENT_PREFIX_PATH', '/home/pi/seav2/install/carlikebot_ros2_control:/home/pi/seav2/install/serial:/home/pi/seav2/install/seav2_imu:/home/pi/seav2/install/seav2:/home/pi/seav2/install/ros2_control_demo_description:/home/pi/seav2/install/robot_cam_ros:/home/pi/seav2/install/ball_tracker:/home/pi/ss25/install/wheel_odometry:/home/pi/ss25/install/vup_2k7:/home/pi/ss25/install/summary:/home/pi/ss25/install/sllidar_ros2:/home/pi/ss25/install/safety_control:/home/pi/ss25/install/project:/home/pi/ss25/install/my_slam:/home/pi/ss25/install/my_motor_driver:/home/pi/ss25/install/final:/home/pi/ss25/install/description:/home/pi/ss25/install/bringup_pkg:/home/pi/ss25/src/summary/install/summary:/home/pi/ss25/src/install/wheel_odometry:/home/pi/ss25/src/install/summary:/home/pi/ss25/src/install/sllidar_ros2:/home/pi/ss25/src/install/safety_control:/home/pi/ss25/src/install/project:/home/pi/ss25/src/install/my_motor_driver:/home/pi/ss25/src/install/description:/home/pi/ss25/src/install/bringup_pkg:/home/pi/install/summary:/home/pi/demo_testing_9_april/seav/install/yolov8_ros:/home/pi/demo_testing_9_april/seav/install/static_tf_publisher:/home/pi/demo_testing_9_april/seav/install/seav_test_sensors:/home/pi/demo_testing_9_april/seav/install/seav_simulation:/home/pi/demo_testing_9_april/seav/install/seav_description:/home/pi/demo_testing_9_april/seav/install/rplidar_ros:/home/pi/demo_testing_9_april/seav/install/my_robot_controller:/home/pi/demo_testing_9_april/seav/install/my_nav2_pkg:/opt/ros/humble'), ('SHELL', '/bin/bash'), ('LC_NAME', 'en_US.UTF-8'), ('LESSCLOSE', '/usr/bin/lesspipe %s %s'), ('LC_MEASUREMENT', 'en_US.UTF-8'), ('LC_IDENTIFICATION', 'en_US.UTF-8'), ('PWD', '/home/pi/seav2/build/seav2'), ('LC_ALL', 'en_US.UTF-8'), ('SSH_CONNECTION', '192.168.0.105 43836 192.168.0.210 22'), ('XDG_DATA_DIRS', '/usr/local/share:/usr/share:/var/lib/snapd/desktop'), ('PYTHONPATH', '/home/pi/seav2/install/seav2_imu/lib/python3.10/site-packages:/home/pi/seav2/install/robot_cam_ros/lib/python3.10/site-packages:/home/pi/seav2/install/ball_tracker/lib/python3.10/site-packages:/home/pi/ss25/install/wheel_odometry/lib/python3.10/site-packages:/home/pi/ss25/install/vup_2k7/lib/python3.10/site-packages:/home/pi/ss25/install/summary/lib/python3.10/site-packages:/home/pi/ss25/install/safety_control/lib/python3.10/site-packages:/home/pi/ss25/install/project/lib/python3.10/site-packages:/home/pi/ss25/install/my_slam/lib/python3.10/site-packages:/home/pi/ss25/install/my_motor_driver/lib/python3.10/site-packages:/home/pi/ss25/install/final/lib/python3.10/site-packages:/home/pi/ss25/install/description/lib/python3.10/site-packages:/home/pi/ss25/install/bringup_pkg/lib/python3.10/site-packages:/home/pi/ss25/src/summary/install/summary/lib/python3.10/site-packages:/home/pi/ss25/src/install/wheel_odometry/lib/python3.10/site-packages:/home/pi/ss25/src/install/summary/lib/python3.10/site-packages:/home/pi/ss25/src/install/safety_control/lib/python3.10/site-packages:/home/pi/ss25/src/install/project/lib/python3.10/site-packages:/home/pi/ss25/src/install/my_motor_driver/lib/python3.10/site-packages:/home/pi/ss25/src/install/description/lib/python3.10/site-packages:/home/pi/ss25/src/install/bringup_pkg/lib/python3.10/site-packages:/home/pi/install/summary/lib/python3.10/site-packages:/home/pi/demo_testing_9_april/seav/install/yolov8_ros/lib/python3.10/site-packages:/home/pi/demo_testing_9_april/seav/install/static_tf_publisher/lib/python3.10/site-packages:/home/pi/demo_testing_9_april/seav/install/seav_test_sensors/lib/python3.10/site-packages:/home/pi/demo_testing_9_april/seav/install/my_robot_controller/lib/python3.10/site-packages:/opt/ros/humble/lib/python3.10/site-packages:/opt/ros/humble/local/lib/python3.10/dist-packages'), ('ROS_HOSTNAME', '192.168.137.192'), ('LC_NUMERIC', 'en_US.UTF-8'), ('LC_PAPER', 'en_US.UTF-8'), ('COLCON', '1'), ('CMAKE_PREFIX_PATH', '/home/pi/seav2/install/serial:/home/pi/seav2/install/seav2:/home/pi/seav2/install/ros2_control_demo_description:/home/pi/ss25/install/sllidar_ros2:/home/pi/ss25/src/install/sllidar_ros2:/home/pi/demo_testing_9_april/seav/install/seav_simulation:/home/pi/demo_testing_9_april/seav/install/seav_description:/home/pi/demo_testing_9_april/seav/install/rplidar_ros:/home/pi/demo_testing_9_april/seav/install/my_nav2_pkg:/home/pi/seav2/install/carlikebot_ros2_control:/home/pi/seav2/install/seav2_imu:/home/pi/seav2/install/robot_cam_ros:/home/pi/seav2/install/ball_tracker:/home/pi/ss25/install/wheel_odometry:/home/pi/ss25/install/vup_2k7:/home/pi/ss25/install/summary:/home/pi/ss25/install/safety_control:/home/pi/ss25/install/project:/home/pi/ss25/install/my_slam:/home/pi/ss25/install/my_motor_driver:/home/pi/ss25/install/final:/home/pi/ss25/install/description:/home/pi/ss25/install/bringup_pkg:/home/pi/ss25/src/summary/install/summary:/home/pi/ss25/src/install/wheel_odometry:/home/pi/ss25/src/install/summary:/home/pi/ss25/src/install/safety_control:/home/pi/ss25/src/install/project:/home/pi/ss25/src/install/my_motor_driver:/home/pi/ss25/src/install/description:/home/pi/ss25/src/install/bringup_pkg:/home/pi/install/summary:/home/pi/demo_testing_9_april/seav/install/yolov8_ros:/home/pi/demo_testing_9_april/seav/install/static_tf_publisher:/home/pi/demo_testing_9_april/seav/install/seav_test_sensors:/home/pi/demo_testing_9_april/seav/install/my_robot_controller:/opt/ros/humble')]), 'shell': False}
[15.500235] (-) TimerEvent: {}
[15.516760] (seav2) StdoutLine: {'line': b'-- Install configuration: ""\n'}
[15.521580] (seav2) StdoutLine: {'line': b'-- Execute custom install script\n'}
[15.528607] (seav2) StdoutLine: {'line': b'-- Up-to-date symlink: /home/pi/seav2/install/seav2/share/seav2/config/drive_car.rviz\n'}
[15.530571] (seav2) StdoutLine: {'line': b'-- Up-to-date symlink: /home/pi/seav2/install/seav2/share/seav2/config/ekf_odom.yaml\n'}
[15.532767] (seav2) StdoutLine: {'line': b'-- Up-to-date symlink: /home/pi/seav2/install/seav2/share/seav2/config/gaz_ros2_ctl_use_sim.yaml\n'}
[15.534865] (seav2) StdoutLine: {'line': b'-- Up-to-date symlink: /home/pi/seav2/install/seav2/share/seav2/config/gazebo_params.yaml\n'}
[15.536882] (seav2) StdoutLine: {'line': b'-- Up-to-date symlink: /home/pi/seav2/install/seav2/share/seav2/config/imu_filter_madgwick.yaml\n'}
[15.539189] (seav2) StdoutLine: {'line': b'-- Up-to-date symlink: /home/pi/seav2/install/seav2/share/seav2/config/joystick.yaml\n'}
[15.541321] (seav2) StdoutLine: {'line': b'-- Up-to-date symlink: /home/pi/seav2/install/seav2/share/seav2/config/main.rviz\n'}
[15.543479] (seav2) StdoutLine: {'line': b'-- Up-to-date symlink: /home/pi/seav2/install/seav2/share/seav2/config/mapper_params_online_async.yaml\n'}
[15.547664] (seav2) StdoutLine: {'line': b'-- Up-to-date symlink: /home/pi/seav2/install/seav2/share/seav2/config/my_controllers.yaml\n'}
[15.549168] (seav2) StdoutLine: {'line': b'-- Up-to-date symlink: /home/pi/seav2/install/seav2/share/seav2/config/nav2_params.yaml\n'}
[15.556515] (seav2) StdoutLine: {'line': b'-- Up-to-date symlink: /home/pi/seav2/install/seav2/share/seav2/config/twist_mux.yaml\n'}
[15.558248] (seav2) StdoutLine: {'line': b'-- Up-to-date symlink: /home/pi/seav2/install/seav2/share/seav2/config/view_car.rviz\n'}
[15.560207] (seav2) StdoutLine: {'line': b'-- Up-to-date symlink: /home/pi/seav2/install/seav2/share/seav2/description/camera.xacro\n'}
[15.564352] (seav2) StdoutLine: {'line': b'-- Up-to-date symlink: /home/pi/seav2/install/seav2/share/seav2/description/depth_camera.xacro\n'}
[15.565669] (seav2) StdoutLine: {'line': b'-- Up-to-date symlink: /home/pi/seav2/install/seav2/share/seav2/description/gazebo_control.xacro\n'}
[15.566954] (seav2) StdoutLine: {'line': b'-- Up-to-date symlink: /home/pi/seav2/install/seav2/share/seav2/description/inertial_macros.xacro\n'}
[15.575944] (seav2) StdoutLine: {'line': b'-- Up-to-date symlink: /home/pi/seav2/install/seav2/share/seav2/description/lidar.xacro\n'}
[15.578218] (seav2) StdoutLine: {'line': b'-- Up-to-date symlink: /home/pi/seav2/install/seav2/share/seav2/description/robot.urdf.xacro\n'}
[15.580531] (seav2) StdoutLine: {'line': b'-- Up-to-date symlink: /home/pi/seav2/install/seav2/share/seav2/description/robot_core.xacro\n'}
[15.582749] (seav2) StdoutLine: {'line': b'-- Up-to-date symlink: /home/pi/seav2/install/seav2/share/seav2/description/ros2_control.xacro\n'}
[15.598658] (seav2) StdoutLine: {'line': b'-- Symlinking: /home/pi/seav2/install/seav2/share/seav2/launch/__pycache__/launch_robot.launch.cpython-310.pyc\n'}
[15.600325] (-) TimerEvent: {}
[15.704144] (-) TimerEvent: {}
[15.758027] (seav2) StdoutLine: {'line': b'-- Up-to-date symlink: /home/pi/seav2/install/seav2/share/seav2/launch/ekf.launch.py\n'}
[15.761270] (seav2) StdoutLine: {'line': b'-- Up-to-date symlink: /home/pi/seav2/install/seav2/share/seav2/launch/imu_tf.launch.py\n'}
[15.767307] (seav2) StdoutLine: {'line': b'-- Up-to-date symlink: /home/pi/seav2/install/seav2/share/seav2/launch/joystick.launch.py\n'}
[15.772328] (seav2) StdoutLine: {'line': b'-- Up-to-date symlink: /home/pi/seav2/install/seav2/share/seav2/launch/launch_robot.launch.py\n'}
[15.780146] (seav2) StdoutLine: {'line': b'-- Up-to-date symlink: /home/pi/seav2/install/seav2/share/seav2/launch/launch_sim.launch.py\n'}
[15.787850] (seav2) StdoutLine: {'line': b'-- Up-to-date symlink: /home/pi/seav2/install/seav2/share/seav2/launch/localization_launch.py\n'}
[15.794997] (seav2) StdoutLine: {'line': b'-- Up-to-date symlink: /home/pi/seav2/install/seav2/share/seav2/launch/navigation_launch.py\n'}
[15.802693] (seav2) StdoutLine: {'line': b'-- Up-to-date symlink: /home/pi/seav2/install/seav2/share/seav2/launch/online_async_launch.py\n'}
[15.806116] (-) TimerEvent: {}
[15.811905] (seav2) StdoutLine: {'line': b'-- Up-to-date symlink: /home/pi/seav2/install/seav2/share/seav2/launch/rplidar.launch.py\n'}
[15.818863] (seav2) StdoutLine: {'line': b'-- Up-to-date symlink: /home/pi/seav2/install/seav2/share/seav2/launch/rsp.launch.py\n'}
[15.827864] (seav2) StdoutLine: {'line': b'-- Up-to-date symlink: /home/pi/seav2/install/seav2/share/seav2/worlds/empty.world\n'}
[15.832323] (seav2) StdoutLine: {'line': b'-- Up-to-date symlink: /home/pi/seav2/install/seav2/share/seav2/worlds/obstacles.world\n'}
[15.838403] (seav2) StdoutLine: {'line': b'-- Up-to-date symlink: /home/pi/seav2/install/seav2/share/ament_index/resource_index/package_run_dependencies/seav2\n'}
[15.844369] (seav2) StdoutLine: {'line': b'-- Up-to-date symlink: /home/pi/seav2/install/seav2/share/ament_index/resource_index/parent_prefix_path/seav2\n'}
[15.849834] (seav2) StdoutLine: {'line': b'-- Up-to-date symlink: /home/pi/seav2/install/seav2/share/seav2/environment/ament_prefix_path.sh\n'}
[15.855177] (seav2) StdoutLine: {'line': b'-- Up-to-date symlink: /home/pi/seav2/install/seav2/share/seav2/environment/ament_prefix_path.dsv\n'}
[15.860416] (seav2) StdoutLine: {'line': b'-- Up-to-date symlink: /home/pi/seav2/install/seav2/share/seav2/environment/path.sh\n'}
[15.865899] (seav2) StdoutLine: {'line': b'-- Up-to-date symlink: /home/pi/seav2/install/seav2/share/seav2/environment/path.dsv\n'}
[15.870404] (seav2) StdoutLine: {'line': b'-- Up-to-date symlink: /home/pi/seav2/install/seav2/share/seav2/local_setup.bash\n'}
[15.874877] (seav2) StdoutLine: {'line': b'-- Up-to-date symlink: /home/pi/seav2/install/seav2/share/seav2/local_setup.sh\n'}
[15.879889] (seav2) StdoutLine: {'line': b'-- Up-to-date symlink: /home/pi/seav2/install/seav2/share/seav2/local_setup.zsh\n'}
[15.884748] (seav2) StdoutLine: {'line': b'-- Up-to-date symlink: /home/pi/seav2/install/seav2/share/seav2/local_setup.dsv\n'}
[15.888768] (seav2) StdoutLine: {'line': b'-- Symlinking: /home/pi/seav2/install/seav2/share/seav2/package.dsv\n'}
[15.906385] (-) TimerEvent: {}
[15.994428] (seav2) StdoutLine: {'line': b'-- Up-to-date symlink: /home/pi/seav2/install/seav2/share/ament_index/resource_index/packages/seav2\n'}
[16.000162] (seav2) StdoutLine: {'line': b'-- Up-to-date symlink: /home/pi/seav2/install/seav2/share/seav2/cmake/seav2Config.cmake\n'}
[16.004796] (seav2) StdoutLine: {'line': b'-- Up-to-date symlink: /home/pi/seav2/install/seav2/share/seav2/cmake/seav2Config-version.cmake\n'}
[16.006625] (-) TimerEvent: {}
[16.015097] (seav2) StdoutLine: {'line': b'-- Up-to-date symlink: /home/pi/seav2/install/seav2/share/seav2/package.xml\n'}
[16.037339] (seav2) CommandEnded: {'returncode': 0}
[16.107209] (-) TimerEvent: {}
[16.210909] (-) TimerEvent: {}
[16.315305] (-) TimerEvent: {}
[16.325865] (seav2) JobEnded: {'identifier': 'seav2', 'rc': 0}
[16.333741] (v4l2_camera) JobStarted: {'identifier': 'v4l2_camera'}
[16.415939] (-) TimerEvent: {}
[16.518295] (-) TimerEvent: {}
[16.587324] (v4l2_camera) JobProgress: {'identifier': 'v4l2_camera', 'progress': 'cmake'}
[16.614488] (v4l2_camera) JobProgress: {'identifier': 'v4l2_camera', 'progress': 'build'}
[16.619066] (v4l2_camera) Command: {'cmd': ['/usr/bin/cmake', '--build', '/home/pi/seav2/build/v4l2_camera', '--', '-j4', '-l4'], 'cwd': '/home/pi/seav2/build/v4l2_camera', 'env': OrderedDict([('LESSOPEN', '| /usr/bin/lesspipe %s'), ('USER', 'pi'), ('SSH_CLIENT', '192.168.0.105 43836 22'), ('LC_TIME', 'en_US.UTF-8'), ('XDG_SESSION_TYPE', 'tty'), ('SHLVL', '1'), ('LD_LIBRARY_PATH', '/home/pi/seav2/install/carlikebot_ros2_control/lib:/home/pi/seav2/install/serial/lib:/opt/ros/humble/opt/rviz_ogre_vendor/lib:/opt/ros/humble/lib/aarch64-linux-gnu:/opt/ros/humble/lib'), ('MOTD_SHOWN', 'pam'), ('HOME', '/home/pi'), ('OLDPWD', '/home/pi'), ('SSH_TTY', '/dev/pts/0'), ('ROS_PYTHON_VERSION', '3'), ('LC_MONETARY', 'en_US.UTF-8'), ('ROS_IP', '192.168.137.192'), ('DBUS_SESSION_BUS_ADDRESS', 'unix:path=/run/user/1000/bus'), ('QT_QPA_PLATFORM_PLUGIN_PATH', '/home/your_username/.local/lib/python3.10/site-packages/cv2/qt/plugins'), ('COLCON_PREFIX_PATH', '/home/pi/seav2/install:/home/pi/ss25/install:/home/pi/ss25/src/description/description/install:/home/pi/ss25/src/summary/install:/home/pi/ss25/src/install:/home/pi/demo_testing_9_april/seav/install:/home/pi/install'), ('ROS_DISTRO', 'humble'), ('LOGNAME', 'pi'), ('_', '/usr/bin/colcon'), ('ROS_VERSION', '2'), ('XDG_SESSION_CLASS', 'user'), ('TERM', 'xterm-256color'), ('XDG_SESSION_ID', '5'), ('ROS_LOCALHOST_ONLY', '0'), ('PATH', '/home/pi/.local/bin:/home/pi/.local/bin:/opt/ros/humble/bin:/usr/local/sbin:/usr/local/bin:/usr/sbin:/usr/bin:/sbin:/bin:/usr/games:/usr/local/games:/snap/bin'), ('LC_ADDRESS', 'en_US.UTF-8'), ('XDG_RUNTIME_DIR', '/run/user/1000'), ('DISPLAY', 'localhost:10.0'), ('LANG', 'en_US.UTF-8'), ('LC_TELEPHONE', 'en_US.UTF-8'), ('LS_COLORS', 'rs=0:di=01;34:ln=01;36:mh=00:pi=40;33:so=01;35:do=01;35:bd=40;33;01:cd=40;33;01:or=40;31;01:mi=00:su=37;41:sg=30;43:ca=30;41:tw=30;42:ow=34;42:st=37;44:ex=01;32:*.tar=01;31:*.tgz=01;31:*.arc=01;31:*.arj=01;31:*.taz=01;31:*.lha=01;31:*.lz4=01;31:*.lzh=01;31:*.lzma=01;31:*.tlz=01;31:*.txz=01;31:*.tzo=01;31:*.t7z=01;31:*.zip=01;31:*.z=01;31:*.dz=01;31:*.gz=01;31:*.lrz=01;31:*.lz=01;31:*.lzo=01;31:*.xz=01;31:*.zst=01;31:*.tzst=01;31:*.bz2=01;31:*.bz=01;31:*.tbz=01;31:*.tbz2=01;31:*.tz=01;31:*.deb=01;31:*.rpm=01;31:*.jar=01;31:*.war=01;31:*.ear=01;31:*.sar=01;31:*.rar=01;31:*.alz=01;31:*.ace=01;31:*.zoo=01;31:*.cpio=01;31:*.7z=01;31:*.rz=01;31:*.cab=01;31:*.wim=01;31:*.swm=01;31:*.dwm=01;31:*.esd=01;31:*.jpg=01;35:*.jpeg=01;35:*.mjpg=01;35:*.mjpeg=01;35:*.gif=01;35:*.bmp=01;35:*.pbm=01;35:*.pgm=01;35:*.ppm=01;35:*.tga=01;35:*.xbm=01;35:*.xpm=01;35:*.tif=01;35:*.tiff=01;35:*.png=01;35:*.svg=01;35:*.svgz=01;35:*.mng=01;35:*.pcx=01;35:*.mov=01;35:*.mpg=01;35:*.mpeg=01;35:*.m2v=01;35:*.mkv=01;35:*.webm=01;35:*.webp=01;35:*.ogm=01;35:*.mp4=01;35:*.m4v=01;35:*.mp4v=01;35:*.vob=01;35:*.qt=01;35:*.nuv=01;35:*.wmv=01;35:*.asf=01;35:*.rm=01;35:*.rmvb=01;35:*.flc=01;35:*.avi=01;35:*.fli=01;35:*.flv=01;35:*.gl=01;35:*.dl=01;35:*.xcf=01;35:*.xwd=01;35:*.yuv=01;35:*.cgm=01;35:*.emf=01;35:*.ogv=01;35:*.ogx=01;35:*.aac=00;36:*.au=00;36:*.flac=00;36:*.m4a=00;36:*.mid=00;36:*.midi=00;36:*.mka=00;36:*.mp3=00;36:*.mpc=00;36:*.ogg=00;36:*.ra=00;36:*.wav=00;36:*.oga=00;36:*.opus=00;36:*.spx=00;36:*.xspf=00;36:'), ('ROS_DOMAIN_ID', '0'), ('AMENT_PREFIX_PATH', '/home/pi/seav2/install/carlikebot_ros2_control:/home/pi/seav2/install/serial:/home/pi/seav2/install/seav2_imu:/home/pi/seav2/install/seav2:/home/pi/seav2/install/ros2_control_demo_description:/home/pi/seav2/install/robot_cam_ros:/home/pi/seav2/install/ball_tracker:/home/pi/ss25/install/wheel_odometry:/home/pi/ss25/install/vup_2k7:/home/pi/ss25/install/summary:/home/pi/ss25/install/sllidar_ros2:/home/pi/ss25/install/safety_control:/home/pi/ss25/install/project:/home/pi/ss25/install/my_slam:/home/pi/ss25/install/my_motor_driver:/home/pi/ss25/install/final:/home/pi/ss25/install/description:/home/pi/ss25/install/bringup_pkg:/home/pi/ss25/src/summary/install/summary:/home/pi/ss25/src/install/wheel_odometry:/home/pi/ss25/src/install/summary:/home/pi/ss25/src/install/sllidar_ros2:/home/pi/ss25/src/install/safety_control:/home/pi/ss25/src/install/project:/home/pi/ss25/src/install/my_motor_driver:/home/pi/ss25/src/install/description:/home/pi/ss25/src/install/bringup_pkg:/home/pi/install/summary:/home/pi/demo_testing_9_april/seav/install/yolov8_ros:/home/pi/demo_testing_9_april/seav/install/static_tf_publisher:/home/pi/demo_testing_9_april/seav/install/seav_test_sensors:/home/pi/demo_testing_9_april/seav/install/seav_simulation:/home/pi/demo_testing_9_april/seav/install/seav_description:/home/pi/demo_testing_9_april/seav/install/rplidar_ros:/home/pi/demo_testing_9_april/seav/install/my_robot_controller:/home/pi/demo_testing_9_april/seav/install/my_nav2_pkg:/opt/ros/humble'), ('SHELL', '/bin/bash'), ('LC_NAME', 'en_US.UTF-8'), ('LESSCLOSE', '/usr/bin/lesspipe %s %s'), ('LC_MEASUREMENT', 'en_US.UTF-8'), ('LC_IDENTIFICATION', 'en_US.UTF-8'), ('PWD', '/home/pi/seav2/build/v4l2_camera'), ('LC_ALL', 'en_US.UTF-8'), ('SSH_CONNECTION', '192.168.0.105 43836 192.168.0.210 22'), ('XDG_DATA_DIRS', '/usr/local/share:/usr/share:/var/lib/snapd/desktop'), ('PYTHONPATH', '/home/pi/seav2/install/seav2_imu/lib/python3.10/site-packages:/home/pi/seav2/install/robot_cam_ros/lib/python3.10/site-packages:/home/pi/seav2/install/ball_tracker/lib/python3.10/site-packages:/home/pi/ss25/install/wheel_odometry/lib/python3.10/site-packages:/home/pi/ss25/install/vup_2k7/lib/python3.10/site-packages:/home/pi/ss25/install/summary/lib/python3.10/site-packages:/home/pi/ss25/install/safety_control/lib/python3.10/site-packages:/home/pi/ss25/install/project/lib/python3.10/site-packages:/home/pi/ss25/install/my_slam/lib/python3.10/site-packages:/home/pi/ss25/install/my_motor_driver/lib/python3.10/site-packages:/home/pi/ss25/install/final/lib/python3.10/site-packages:/home/pi/ss25/install/description/lib/python3.10/site-packages:/home/pi/ss25/install/bringup_pkg/lib/python3.10/site-packages:/home/pi/ss25/src/summary/install/summary/lib/python3.10/site-packages:/home/pi/ss25/src/install/wheel_odometry/lib/python3.10/site-packages:/home/pi/ss25/src/install/summary/lib/python3.10/site-packages:/home/pi/ss25/src/install/safety_control/lib/python3.10/site-packages:/home/pi/ss25/src/install/project/lib/python3.10/site-packages:/home/pi/ss25/src/install/my_motor_driver/lib/python3.10/site-packages:/home/pi/ss25/src/install/description/lib/python3.10/site-packages:/home/pi/ss25/src/install/bringup_pkg/lib/python3.10/site-packages:/home/pi/install/summary/lib/python3.10/site-packages:/home/pi/demo_testing_9_april/seav/install/yolov8_ros/lib/python3.10/site-packages:/home/pi/demo_testing_9_april/seav/install/static_tf_publisher/lib/python3.10/site-packages:/home/pi/demo_testing_9_april/seav/install/seav_test_sensors/lib/python3.10/site-packages:/home/pi/demo_testing_9_april/seav/install/my_robot_controller/lib/python3.10/site-packages:/opt/ros/humble/lib/python3.10/site-packages:/opt/ros/humble/local/lib/python3.10/dist-packages'), ('ROS_HOSTNAME', '192.168.137.192'), ('LC_NUMERIC', 'en_US.UTF-8'), ('LC_PAPER', 'en_US.UTF-8'), ('COLCON', '1'), ('CMAKE_PREFIX_PATH', '/home/pi/seav2/install/serial:/home/pi/seav2/install/seav2:/home/pi/seav2/install/ros2_control_demo_description:/home/pi/ss25/install/sllidar_ros2:/home/pi/ss25/src/install/sllidar_ros2:/home/pi/demo_testing_9_april/seav/install/seav_simulation:/home/pi/demo_testing_9_april/seav/install/seav_description:/home/pi/demo_testing_9_april/seav/install/rplidar_ros:/home/pi/demo_testing_9_april/seav/install/my_nav2_pkg:/home/pi/seav2/install/carlikebot_ros2_control:/home/pi/seav2/install/seav2_imu:/home/pi/seav2/install/robot_cam_ros:/home/pi/seav2/install/ball_tracker:/home/pi/ss25/install/wheel_odometry:/home/pi/ss25/install/vup_2k7:/home/pi/ss25/install/summary:/home/pi/ss25/install/safety_control:/home/pi/ss25/install/project:/home/pi/ss25/install/my_slam:/home/pi/ss25/install/my_motor_driver:/home/pi/ss25/install/final:/home/pi/ss25/install/description:/home/pi/ss25/install/bringup_pkg:/home/pi/ss25/src/summary/install/summary:/home/pi/ss25/src/install/wheel_odometry:/home/pi/ss25/src/install/summary:/home/pi/ss25/src/install/safety_control:/home/pi/ss25/src/install/project:/home/pi/ss25/src/install/my_motor_driver:/home/pi/ss25/src/install/description:/home/pi/ss25/src/install/bringup_pkg:/home/pi/install/summary:/home/pi/demo_testing_9_april/seav/install/yolov8_ros:/home/pi/demo_testing_9_april/seav/install/static_tf_publisher:/home/pi/demo_testing_9_april/seav/install/seav_test_sensors:/home/pi/demo_testing_9_april/seav/install/my_robot_controller:/opt/ros/humble')]), 'shell': False}
[16.631322] (-) TimerEvent: {}
[16.748638] (-) TimerEvent: {}
[16.852007] (-) TimerEvent: {}
[16.955925] (-) TimerEvent: {}
[17.058500] (-) TimerEvent: {}
[17.161151] (-) TimerEvent: {}
[17.264845] (-) TimerEvent: {}
[17.368545] (-) TimerEvent: {}
[17.472142] (-) TimerEvent: {}
[17.490592] (v4l2_camera) StdoutLine: {'line': b'[ 12%] \x1b[32mBuilding CXX object CMakeFiles/v4l2_camera.dir/src/v4l2_camera.cpp.o\x1b[0m\n'}
[17.572418] (-) TimerEvent: {}
[17.675963] (-) TimerEvent: {}
[17.779552] (-) TimerEvent: {}
[17.882952] (-) TimerEvent: {}
[17.986551] (-) TimerEvent: {}
[18.090203] (-) TimerEvent: {}
[18.193778] (-) TimerEvent: {}
[18.297293] (-) TimerEvent: {}
[18.400676] (-) TimerEvent: {}
[18.504201] (-) TimerEvent: {}
[18.606998] (-) TimerEvent: {}
[18.710092] (-) TimerEvent: {}
[18.811672] (-) TimerEvent: {}
[18.913312] (-) TimerEvent: {}
[19.014981] (-) TimerEvent: {}
[19.116713] (-) TimerEvent: {}
[19.218527] (-) TimerEvent: {}
[19.320247] (-) TimerEvent: {}
[19.422180] (-) TimerEvent: {}
[19.523965] (-) TimerEvent: {}
[19.625697] (-) TimerEvent: {}
[19.727377] (-) TimerEvent: {}
[19.829085] (-) TimerEvent: {}
[19.930744] (-) TimerEvent: {}
[19.968626] (ball_tracker) StderrLine: {'line': b"/usr/lib/python3/dist-packages/setuptools/dist.py:723: UserWarning: Usage of dash-separated 'script-dir' will not be supported in future versions. Please use the underscore name 'script_dir' instead\n"}
[19.971615] (ball_tracker) StderrLine: {'line': b'  warnings.warn(\n'}
[20.031078] (-) TimerEvent: {}
[20.050781] (robot_cam_ros) StdoutLine: {'line': b'running egg_info\n'}
[20.060635] (robot_cam_ros) StdoutLine: {'line': b'writing ../../build/robot_cam_ros/robot_cam_ros.egg-info/PKG-INFO\n'}
[20.063904] (robot_cam_ros) StdoutLine: {'line': b'writing dependency_links to ../../build/robot_cam_ros/robot_cam_ros.egg-info/dependency_links.txt\n'}
[20.066726] (robot_cam_ros) StdoutLine: {'line': b'writing entry points to ../../build/robot_cam_ros/robot_cam_ros.egg-info/entry_points.txt\n'}
[20.069669] (robot_cam_ros) StdoutLine: {'line': b'writing requirements to ../../build/robot_cam_ros/robot_cam_ros.egg-info/requires.txt\n'}
[20.072150] (robot_cam_ros) StdoutLine: {'line': b'writing top-level names to ../../build/robot_cam_ros/robot_cam_ros.egg-info/top_level.txt\n'}
[20.097208] (robot_cam_ros) StdoutLine: {'line': b"reading manifest file '../../build/robot_cam_ros/robot_cam_ros.egg-info/SOURCES.txt'\n"}
[20.099890] (ball_tracker) StdoutLine: {'line': b'running egg_info\n'}
[20.110043] (robot_cam_ros) StdoutLine: {'line': b"writing manifest file '../../build/robot_cam_ros/robot_cam_ros.egg-info/SOURCES.txt'\n"}
[20.112655] (robot_cam_ros) StdoutLine: {'line': b'running build\n'}
[20.113827] (robot_cam_ros) StdoutLine: {'line': b'running build_py\n'}
[20.115440] (robot_cam_ros) StdoutLine: {'line': b'running install\n'}
[20.119096] (robot_cam_ros) StdoutLine: {'line': b'running install_lib\n'}
[20.131405] (-) TimerEvent: {}
[20.134381] (ball_tracker) StdoutLine: {'line': b'writing ../../build/ball_tracker/ball_tracker.egg-info/PKG-INFO\n'}
[20.139735] (ball_tracker) StdoutLine: {'line': b'writing dependency_links to ../../build/ball_tracker/ball_tracker.egg-info/dependency_links.txt\n'}
[20.141186] (robot_cam_ros) StdoutLine: {'line': b'running install_data\n'}
[20.143100] (robot_cam_ros) StdoutLine: {'line': b'running install_egg_info\n'}
[20.147669] (ball_tracker) StdoutLine: {'line': b'writing entry points to ../../build/ball_tracker/ball_tracker.egg-info/entry_points.txt\n'}
[20.157632] (ball_tracker) StdoutLine: {'line': b'writing requirements to ../../build/ball_tracker/ball_tracker.egg-info/requires.txt\n'}
[20.161593] (ball_tracker) StdoutLine: {'line': b'writing top-level names to ../../build/ball_tracker/ball_tracker.egg-info/top_level.txt\n'}
[20.164040] (robot_cam_ros) StdoutLine: {'line': b"removing '/home/pi/seav2/install/robot_cam_ros/lib/python3.10/site-packages/robot_cam_ros-0.1.0-py3.10.egg-info' (and everything under it)\n"}
[20.169460] (robot_cam_ros) StdoutLine: {'line': b'Copying ../../build/robot_cam_ros/robot_cam_ros.egg-info to /home/pi/seav2/install/robot_cam_ros/lib/python3.10/site-packages/robot_cam_ros-0.1.0-py3.10.egg-info\n'}
[20.188161] (robot_cam_ros) StdoutLine: {'line': b'running install_scripts\n'}
[20.189965] (ball_tracker) StdoutLine: {'line': b"reading manifest file '../../build/ball_tracker/ball_tracker.egg-info/SOURCES.txt'\n"}
[20.201235] (ball_tracker) StdoutLine: {'line': b"writing manifest file '../../build/ball_tracker/ball_tracker.egg-info/SOURCES.txt'\n"}
[20.203040] (ball_tracker) StdoutLine: {'line': b'running build\n'}
[20.204188] (ball_tracker) StdoutLine: {'line': b'running build_py\n'}
[20.210609] (ball_tracker) StdoutLine: {'line': b'running install\n'}
[20.213815] (ball_tracker) StdoutLine: {'line': b'running install_lib\n'}
[20.231719] (-) TimerEvent: {}
[20.236915] (ball_tracker) StdoutLine: {'line': b'running install_data\n'}
[20.241134] (ball_tracker) StdoutLine: {'line': b'running install_egg_info\n'}
[20.266566] (ball_tracker) StdoutLine: {'line': b"removing '/home/pi/seav2/install/ball_tracker/lib/python3.10/site-packages/ball_tracker-0.0.0-py3.10.egg-info' (and everything under it)\n"}
[20.271903] (ball_tracker) StdoutLine: {'line': b'Copying ../../build/ball_tracker/ball_tracker.egg-info to /home/pi/seav2/install/ball_tracker/lib/python3.10/site-packages/ball_tracker-0.0.0-py3.10.egg-info\n'}
[20.290338] (ball_tracker) StdoutLine: {'line': b'running install_scripts\n'}
[20.332057] (-) TimerEvent: {}
[20.446623] (-) TimerEvent: {}
[20.463844] (robot_cam_ros) StdoutLine: {'line': b'Installing follow_cam script to /home/pi/seav2/install/robot_cam_ros/lib/robot_cam_ros\n'}
[20.469306] (robot_cam_ros) StdoutLine: {'line': b"writing list of installed files to '/home/pi/seav2/build/robot_cam_ros/install.log'\n"}
[20.547052] (-) TimerEvent: {}
[20.625637] (ball_tracker) StdoutLine: {'line': b'Installing detect_ball script to /home/pi/seav2/install/ball_tracker/lib/ball_tracker\n'}
[20.631538] (ball_tracker) StdoutLine: {'line': b'Installing detect_ball_3d script to /home/pi/seav2/install/ball_tracker/lib/ball_tracker\n'}
[20.635531] (ball_tracker) StdoutLine: {'line': b'Installing follow_ball script to /home/pi/seav2/install/ball_tracker/lib/ball_tracker\n'}
[20.642112] (ball_tracker) StdoutLine: {'line': b"writing list of installed files to '/home/pi/seav2/build/ball_tracker/install.log'\n"}
[20.648925] (-) TimerEvent: {}
[20.722078] (robot_cam_ros) CommandEnded: {'returncode': 0}
[20.749761] (-) TimerEvent: {}
[20.833584] (robot_cam_ros) JobEnded: {'identifier': 'robot_cam_ros', 'rc': 0}
[20.840477] (carlikebot_ros2_control) JobStarted: {'identifier': 'carlikebot_ros2_control'}
[20.850066] (-) TimerEvent: {}
[20.951856] (-) TimerEvent: {}
[21.012468] (ball_tracker) CommandEnded: {'returncode': 0}
[21.054319] (-) TimerEvent: {}
[21.110538] (ball_tracker) JobEnded: {'identifier': 'ball_tracker', 'rc': 0}
[21.122894] (carlikebot_ros2_control) JobProgress: {'identifier': 'carlikebot_ros2_control', 'progress': 'cmake'}
[21.131315] (carlikebot_ros2_control) JobProgress: {'identifier': 'carlikebot_ros2_control', 'progress': 'build'}
[21.134422] (carlikebot_ros2_control) Command: {'cmd': ['/usr/bin/cmake', '--build', '/home/pi/seav2/build/carlikebot_ros2_control', '--', '-j4', '-l4'], 'cwd': '/home/pi/seav2/build/carlikebot_ros2_control', 'env': OrderedDict([('LESSOPEN', '| /usr/bin/lesspipe %s'), ('USER', 'pi'), ('SSH_CLIENT', '192.168.0.105 43836 22'), ('LC_TIME', 'en_US.UTF-8'), ('XDG_SESSION_TYPE', 'tty'), ('SHLVL', '1'), ('LD_LIBRARY_PATH', '/home/pi/seav2/install/carlikebot_ros2_control/lib:/home/pi/seav2/install/serial/lib:/opt/ros/humble/opt/rviz_ogre_vendor/lib:/opt/ros/humble/lib/aarch64-linux-gnu:/opt/ros/humble/lib'), ('MOTD_SHOWN', 'pam'), ('HOME', '/home/pi'), ('OLDPWD', '/home/pi'), ('SSH_TTY', '/dev/pts/0'), ('ROS_PYTHON_VERSION', '3'), ('LC_MONETARY', 'en_US.UTF-8'), ('ROS_IP', '192.168.137.192'), ('DBUS_SESSION_BUS_ADDRESS', 'unix:path=/run/user/1000/bus'), ('QT_QPA_PLATFORM_PLUGIN_PATH', '/home/your_username/.local/lib/python3.10/site-packages/cv2/qt/plugins'), ('COLCON_PREFIX_PATH', '/home/pi/seav2/install:/home/pi/ss25/install:/home/pi/ss25/src/description/description/install:/home/pi/ss25/src/summary/install:/home/pi/ss25/src/install:/home/pi/demo_testing_9_april/seav/install:/home/pi/install'), ('ROS_DISTRO', 'humble'), ('LOGNAME', 'pi'), ('_', '/usr/bin/colcon'), ('ROS_VERSION', '2'), ('XDG_SESSION_CLASS', 'user'), ('TERM', 'xterm-256color'), ('XDG_SESSION_ID', '5'), ('ROS_LOCALHOST_ONLY', '0'), ('PATH', '/home/pi/.local/bin:/home/pi/.local/bin:/opt/ros/humble/bin:/usr/local/sbin:/usr/local/bin:/usr/sbin:/usr/bin:/sbin:/bin:/usr/games:/usr/local/games:/snap/bin'), ('LC_ADDRESS', 'en_US.UTF-8'), ('XDG_RUNTIME_DIR', '/run/user/1000'), ('DISPLAY', 'localhost:10.0'), ('LANG', 'en_US.UTF-8'), ('LC_TELEPHONE', 'en_US.UTF-8'), ('LS_COLORS', 'rs=0:di=01;34:ln=01;36:mh=00:pi=40;33:so=01;35:do=01;35:bd=40;33;01:cd=40;33;01:or=40;31;01:mi=00:su=37;41:sg=30;43:ca=30;41:tw=30;42:ow=34;42:st=37;44:ex=01;32:*.tar=01;31:*.tgz=01;31:*.arc=01;31:*.arj=01;31:*.taz=01;31:*.lha=01;31:*.lz4=01;31:*.lzh=01;31:*.lzma=01;31:*.tlz=01;31:*.txz=01;31:*.tzo=01;31:*.t7z=01;31:*.zip=01;31:*.z=01;31:*.dz=01;31:*.gz=01;31:*.lrz=01;31:*.lz=01;31:*.lzo=01;31:*.xz=01;31:*.zst=01;31:*.tzst=01;31:*.bz2=01;31:*.bz=01;31:*.tbz=01;31:*.tbz2=01;31:*.tz=01;31:*.deb=01;31:*.rpm=01;31:*.jar=01;31:*.war=01;31:*.ear=01;31:*.sar=01;31:*.rar=01;31:*.alz=01;31:*.ace=01;31:*.zoo=01;31:*.cpio=01;31:*.7z=01;31:*.rz=01;31:*.cab=01;31:*.wim=01;31:*.swm=01;31:*.dwm=01;31:*.esd=01;31:*.jpg=01;35:*.jpeg=01;35:*.mjpg=01;35:*.mjpeg=01;35:*.gif=01;35:*.bmp=01;35:*.pbm=01;35:*.pgm=01;35:*.ppm=01;35:*.tga=01;35:*.xbm=01;35:*.xpm=01;35:*.tif=01;35:*.tiff=01;35:*.png=01;35:*.svg=01;35:*.svgz=01;35:*.mng=01;35:*.pcx=01;35:*.mov=01;35:*.mpg=01;35:*.mpeg=01;35:*.m2v=01;35:*.mkv=01;35:*.webm=01;35:*.webp=01;35:*.ogm=01;35:*.mp4=01;35:*.m4v=01;35:*.mp4v=01;35:*.vob=01;35:*.qt=01;35:*.nuv=01;35:*.wmv=01;35:*.asf=01;35:*.rm=01;35:*.rmvb=01;35:*.flc=01;35:*.avi=01;35:*.fli=01;35:*.flv=01;35:*.gl=01;35:*.dl=01;35:*.xcf=01;35:*.xwd=01;35:*.yuv=01;35:*.cgm=01;35:*.emf=01;35:*.ogv=01;35:*.ogx=01;35:*.aac=00;36:*.au=00;36:*.flac=00;36:*.m4a=00;36:*.mid=00;36:*.midi=00;36:*.mka=00;36:*.mp3=00;36:*.mpc=00;36:*.ogg=00;36:*.ra=00;36:*.wav=00;36:*.oga=00;36:*.opus=00;36:*.spx=00;36:*.xspf=00;36:'), ('ROS_DOMAIN_ID', '0'), ('AMENT_PREFIX_PATH', '/home/pi/seav2/install/carlikebot_ros2_control:/home/pi/seav2/install/serial:/home/pi/seav2/install/seav2_imu:/home/pi/seav2/install/seav2:/home/pi/seav2/install/ros2_control_demo_description:/home/pi/seav2/install/robot_cam_ros:/home/pi/seav2/install/ball_tracker:/home/pi/ss25/install/wheel_odometry:/home/pi/ss25/install/vup_2k7:/home/pi/ss25/install/summary:/home/pi/ss25/install/sllidar_ros2:/home/pi/ss25/install/safety_control:/home/pi/ss25/install/project:/home/pi/ss25/install/my_slam:/home/pi/ss25/install/my_motor_driver:/home/pi/ss25/install/final:/home/pi/ss25/install/description:/home/pi/ss25/install/bringup_pkg:/home/pi/ss25/src/summary/install/summary:/home/pi/ss25/src/install/wheel_odometry:/home/pi/ss25/src/install/summary:/home/pi/ss25/src/install/sllidar_ros2:/home/pi/ss25/src/install/safety_control:/home/pi/ss25/src/install/project:/home/pi/ss25/src/install/my_motor_driver:/home/pi/ss25/src/install/description:/home/pi/ss25/src/install/bringup_pkg:/home/pi/install/summary:/home/pi/demo_testing_9_april/seav/install/yolov8_ros:/home/pi/demo_testing_9_april/seav/install/static_tf_publisher:/home/pi/demo_testing_9_april/seav/install/seav_test_sensors:/home/pi/demo_testing_9_april/seav/install/seav_simulation:/home/pi/demo_testing_9_april/seav/install/seav_description:/home/pi/demo_testing_9_april/seav/install/rplidar_ros:/home/pi/demo_testing_9_april/seav/install/my_robot_controller:/home/pi/demo_testing_9_april/seav/install/my_nav2_pkg:/opt/ros/humble'), ('SHELL', '/bin/bash'), ('LC_NAME', 'en_US.UTF-8'), ('LESSCLOSE', '/usr/bin/lesspipe %s %s'), ('LC_MEASUREMENT', 'en_US.UTF-8'), ('LC_IDENTIFICATION', 'en_US.UTF-8'), ('PWD', '/home/pi/seav2/build/carlikebot_ros2_control'), ('LC_ALL', 'en_US.UTF-8'), ('SSH_CONNECTION', '192.168.0.105 43836 192.168.0.210 22'), ('XDG_DATA_DIRS', '/usr/local/share:/usr/share:/var/lib/snapd/desktop'), ('PYTHONPATH', '/home/pi/seav2/install/seav2_imu/lib/python3.10/site-packages:/home/pi/seav2/install/robot_cam_ros/lib/python3.10/site-packages:/home/pi/seav2/install/ball_tracker/lib/python3.10/site-packages:/home/pi/ss25/install/wheel_odometry/lib/python3.10/site-packages:/home/pi/ss25/install/vup_2k7/lib/python3.10/site-packages:/home/pi/ss25/install/summary/lib/python3.10/site-packages:/home/pi/ss25/install/safety_control/lib/python3.10/site-packages:/home/pi/ss25/install/project/lib/python3.10/site-packages:/home/pi/ss25/install/my_slam/lib/python3.10/site-packages:/home/pi/ss25/install/my_motor_driver/lib/python3.10/site-packages:/home/pi/ss25/install/final/lib/python3.10/site-packages:/home/pi/ss25/install/description/lib/python3.10/site-packages:/home/pi/ss25/install/bringup_pkg/lib/python3.10/site-packages:/home/pi/ss25/src/summary/install/summary/lib/python3.10/site-packages:/home/pi/ss25/src/install/wheel_odometry/lib/python3.10/site-packages:/home/pi/ss25/src/install/summary/lib/python3.10/site-packages:/home/pi/ss25/src/install/safety_control/lib/python3.10/site-packages:/home/pi/ss25/src/install/project/lib/python3.10/site-packages:/home/pi/ss25/src/install/my_motor_driver/lib/python3.10/site-packages:/home/pi/ss25/src/install/description/lib/python3.10/site-packages:/home/pi/ss25/src/install/bringup_pkg/lib/python3.10/site-packages:/home/pi/install/summary/lib/python3.10/site-packages:/home/pi/demo_testing_9_april/seav/install/yolov8_ros/lib/python3.10/site-packages:/home/pi/demo_testing_9_april/seav/install/static_tf_publisher/lib/python3.10/site-packages:/home/pi/demo_testing_9_april/seav/install/seav_test_sensors/lib/python3.10/site-packages:/home/pi/demo_testing_9_april/seav/install/my_robot_controller/lib/python3.10/site-packages:/opt/ros/humble/lib/python3.10/site-packages:/opt/ros/humble/local/lib/python3.10/dist-packages'), ('ROS_HOSTNAME', '192.168.137.192'), ('LC_NUMERIC', 'en_US.UTF-8'), ('LC_PAPER', 'en_US.UTF-8'), ('COLCON', '1'), ('CMAKE_PREFIX_PATH', '/home/pi/seav2/install/serial:/home/pi/seav2/install/ros2_control_demo_description:/home/pi/seav2/install/seav2:/home/pi/ss25/install/sllidar_ros2:/home/pi/ss25/src/install/sllidar_ros2:/home/pi/demo_testing_9_april/seav/install/seav_simulation:/home/pi/demo_testing_9_april/seav/install/seav_description:/home/pi/demo_testing_9_april/seav/install/rplidar_ros:/home/pi/demo_testing_9_april/seav/install/my_nav2_pkg:/home/pi/seav2/install/carlikebot_ros2_control:/home/pi/seav2/install/seav2_imu:/home/pi/seav2/install/robot_cam_ros:/home/pi/seav2/install/ball_tracker:/home/pi/ss25/install/wheel_odometry:/home/pi/ss25/install/vup_2k7:/home/pi/ss25/install/summary:/home/pi/ss25/install/safety_control:/home/pi/ss25/install/project:/home/pi/ss25/install/my_slam:/home/pi/ss25/install/my_motor_driver:/home/pi/ss25/install/final:/home/pi/ss25/install/description:/home/pi/ss25/install/bringup_pkg:/home/pi/ss25/src/summary/install/summary:/home/pi/ss25/src/install/wheel_odometry:/home/pi/ss25/src/install/summary:/home/pi/ss25/src/install/safety_control:/home/pi/ss25/src/install/project:/home/pi/ss25/src/install/my_motor_driver:/home/pi/ss25/src/install/description:/home/pi/ss25/src/install/bringup_pkg:/home/pi/install/summary:/home/pi/demo_testing_9_april/seav/install/yolov8_ros:/home/pi/demo_testing_9_april/seav/install/static_tf_publisher:/home/pi/demo_testing_9_april/seav/install/seav_test_sensors:/home/pi/demo_testing_9_april/seav/install/my_robot_controller:/opt/ros/humble')]), 'shell': False}
[21.160230] (-) TimerEvent: {}
[21.266121] (-) TimerEvent: {}
[21.370963] (-) TimerEvent: {}
[21.475515] (-) TimerEvent: {}
[21.558827] (seav2_imu) Command: {'cmd': ['/usr/bin/python3', '-W', 'ignore:setup.py install is deprecated', '-W', 'ignore:easy_install command is deprecated', 'setup.py', 'egg_info', '--egg-base', '../../build/seav2_imu', 'build', '--build-base', '/home/pi/seav2/build/seav2_imu/build', 'install', '--record', '/home/pi/seav2/build/seav2_imu/install.log', '--single-version-externally-managed', 'install_data'], 'cwd': '/home/pi/seav2/src/seav2_imu', 'env': {'LESSOPEN': '| /usr/bin/lesspipe %s', 'USER': 'pi', 'SSH_CLIENT': '192.168.0.105 43836 22', 'LC_TIME': 'en_US.UTF-8', 'XDG_SESSION_TYPE': 'tty', 'SHLVL': '1', 'LD_LIBRARY_PATH': '/home/pi/seav2/install/carlikebot_ros2_control/lib:/home/pi/seav2/install/serial/lib:/opt/ros/humble/opt/rviz_ogre_vendor/lib:/opt/ros/humble/lib/aarch64-linux-gnu:/opt/ros/humble/lib', 'MOTD_SHOWN': 'pam', 'HOME': '/home/pi', 'OLDPWD': '/home/pi', 'SSH_TTY': '/dev/pts/0', 'ROS_PYTHON_VERSION': '3', 'LC_MONETARY': 'en_US.UTF-8', 'ROS_IP': '192.168.137.192', 'DBUS_SESSION_BUS_ADDRESS': 'unix:path=/run/user/1000/bus', 'QT_QPA_PLATFORM_PLUGIN_PATH': '/home/your_username/.local/lib/python3.10/site-packages/cv2/qt/plugins', 'COLCON_PREFIX_PATH': '/home/pi/seav2/install:/home/pi/ss25/install:/home/pi/ss25/src/description/description/install:/home/pi/ss25/src/summary/install:/home/pi/ss25/src/install:/home/pi/demo_testing_9_april/seav/install:/home/pi/install', 'ROS_DISTRO': 'humble', 'LOGNAME': 'pi', '_': '/usr/bin/colcon', 'ROS_VERSION': '2', 'XDG_SESSION_CLASS': 'user', 'TERM': 'xterm-256color', 'XDG_SESSION_ID': '5', 'ROS_LOCALHOST_ONLY': '0', 'PATH': '/home/pi/.local/bin:/home/pi/.local/bin:/opt/ros/humble/bin:/usr/local/sbin:/usr/local/bin:/usr/sbin:/usr/bin:/sbin:/bin:/usr/games:/usr/local/games:/snap/bin', 'LC_ADDRESS': 'en_US.UTF-8', 'XDG_RUNTIME_DIR': '/run/user/1000', 'DISPLAY': 'localhost:10.0', 'LANG': 'en_US.UTF-8', 'LC_TELEPHONE': 'en_US.UTF-8', 'LS_COLORS': 'rs=0:di=01;34:ln=01;36:mh=00:pi=40;33:so=01;35:do=01;35:bd=40;33;01:cd=40;33;01:or=40;31;01:mi=00:su=37;41:sg=30;43:ca=30;41:tw=30;42:ow=34;42:st=37;44:ex=01;32:*.tar=01;31:*.tgz=01;31:*.arc=01;31:*.arj=01;31:*.taz=01;31:*.lha=01;31:*.lz4=01;31:*.lzh=01;31:*.lzma=01;31:*.tlz=01;31:*.txz=01;31:*.tzo=01;31:*.t7z=01;31:*.zip=01;31:*.z=01;31:*.dz=01;31:*.gz=01;31:*.lrz=01;31:*.lz=01;31:*.lzo=01;31:*.xz=01;31:*.zst=01;31:*.tzst=01;31:*.bz2=01;31:*.bz=01;31:*.tbz=01;31:*.tbz2=01;31:*.tz=01;31:*.deb=01;31:*.rpm=01;31:*.jar=01;31:*.war=01;31:*.ear=01;31:*.sar=01;31:*.rar=01;31:*.alz=01;31:*.ace=01;31:*.zoo=01;31:*.cpio=01;31:*.7z=01;31:*.rz=01;31:*.cab=01;31:*.wim=01;31:*.swm=01;31:*.dwm=01;31:*.esd=01;31:*.jpg=01;35:*.jpeg=01;35:*.mjpg=01;35:*.mjpeg=01;35:*.gif=01;35:*.bmp=01;35:*.pbm=01;35:*.pgm=01;35:*.ppm=01;35:*.tga=01;35:*.xbm=01;35:*.xpm=01;35:*.tif=01;35:*.tiff=01;35:*.png=01;35:*.svg=01;35:*.svgz=01;35:*.mng=01;35:*.pcx=01;35:*.mov=01;35:*.mpg=01;35:*.mpeg=01;35:*.m2v=01;35:*.mkv=01;35:*.webm=01;35:*.webp=01;35:*.ogm=01;35:*.mp4=01;35:*.m4v=01;35:*.mp4v=01;35:*.vob=01;35:*.qt=01;35:*.nuv=01;35:*.wmv=01;35:*.asf=01;35:*.rm=01;35:*.rmvb=01;35:*.flc=01;35:*.avi=01;35:*.fli=01;35:*.flv=01;35:*.gl=01;35:*.dl=01;35:*.xcf=01;35:*.xwd=01;35:*.yuv=01;35:*.cgm=01;35:*.emf=01;35:*.ogv=01;35:*.ogx=01;35:*.aac=00;36:*.au=00;36:*.flac=00;36:*.m4a=00;36:*.mid=00;36:*.midi=00;36:*.mka=00;36:*.mp3=00;36:*.mpc=00;36:*.ogg=00;36:*.ra=00;36:*.wav=00;36:*.oga=00;36:*.opus=00;36:*.spx=00;36:*.xspf=00;36:', 'ROS_DOMAIN_ID': '0', 'AMENT_PREFIX_PATH': '/home/pi/seav2/install/carlikebot_ros2_control:/home/pi/seav2/install/serial:/home/pi/seav2/install/seav2_imu:/home/pi/seav2/install/seav2:/home/pi/seav2/install/ros2_control_demo_description:/home/pi/seav2/install/robot_cam_ros:/home/pi/seav2/install/ball_tracker:/home/pi/ss25/install/wheel_odometry:/home/pi/ss25/install/vup_2k7:/home/pi/ss25/install/summary:/home/pi/ss25/install/sllidar_ros2:/home/pi/ss25/install/safety_control:/home/pi/ss25/install/project:/home/pi/ss25/install/my_slam:/home/pi/ss25/install/my_motor_driver:/home/pi/ss25/install/final:/home/pi/ss25/install/description:/home/pi/ss25/install/bringup_pkg:/home/pi/ss25/src/summary/install/summary:/home/pi/ss25/src/install/wheel_odometry:/home/pi/ss25/src/install/summary:/home/pi/ss25/src/install/sllidar_ros2:/home/pi/ss25/src/install/safety_control:/home/pi/ss25/src/install/project:/home/pi/ss25/src/install/my_motor_driver:/home/pi/ss25/src/install/description:/home/pi/ss25/src/install/bringup_pkg:/home/pi/install/summary:/home/pi/demo_testing_9_april/seav/install/yolov8_ros:/home/pi/demo_testing_9_april/seav/install/static_tf_publisher:/home/pi/demo_testing_9_april/seav/install/seav_test_sensors:/home/pi/demo_testing_9_april/seav/install/seav_simulation:/home/pi/demo_testing_9_april/seav/install/seav_description:/home/pi/demo_testing_9_april/seav/install/rplidar_ros:/home/pi/demo_testing_9_april/seav/install/my_robot_controller:/home/pi/demo_testing_9_april/seav/install/my_nav2_pkg:/opt/ros/humble', 'SHELL': '/bin/bash', 'LC_NAME': 'en_US.UTF-8', 'LESSCLOSE': '/usr/bin/lesspipe %s %s', 'LC_MEASUREMENT': 'en_US.UTF-8', 'LC_IDENTIFICATION': 'en_US.UTF-8', 'PWD': '/home/pi/seav2/build/seav2_imu', 'LC_ALL': 'en_US.UTF-8', 'SSH_CONNECTION': '192.168.0.105 43836 192.168.0.210 22', 'XDG_DATA_DIRS': '/usr/local/share:/usr/share:/var/lib/snapd/desktop', 'PYTHONPATH': '/home/pi/seav2/build/seav2_imu/prefix_override:/usr/lib/python3/dist-packages/colcon_core/task/python/colcon_distutils_commands:/home/pi/seav2/install/seav2_imu/lib/python3.10/site-packages:/home/pi/seav2/install/seav2_imu/lib/python3.10/site-packages:/home/pi/seav2/install/robot_cam_ros/lib/python3.10/site-packages:/home/pi/seav2/install/ball_tracker/lib/python3.10/site-packages:/home/pi/ss25/install/wheel_odometry/lib/python3.10/site-packages:/home/pi/ss25/install/vup_2k7/lib/python3.10/site-packages:/home/pi/ss25/install/summary/lib/python3.10/site-packages:/home/pi/ss25/install/safety_control/lib/python3.10/site-packages:/home/pi/ss25/install/project/lib/python3.10/site-packages:/home/pi/ss25/install/my_slam/lib/python3.10/site-packages:/home/pi/ss25/install/my_motor_driver/lib/python3.10/site-packages:/home/pi/ss25/install/final/lib/python3.10/site-packages:/home/pi/ss25/install/description/lib/python3.10/site-packages:/home/pi/ss25/install/bringup_pkg/lib/python3.10/site-packages:/home/pi/ss25/src/summary/install/summary/lib/python3.10/site-packages:/home/pi/ss25/src/install/wheel_odometry/lib/python3.10/site-packages:/home/pi/ss25/src/install/summary/lib/python3.10/site-packages:/home/pi/ss25/src/install/safety_control/lib/python3.10/site-packages:/home/pi/ss25/src/install/project/lib/python3.10/site-packages:/home/pi/ss25/src/install/my_motor_driver/lib/python3.10/site-packages:/home/pi/ss25/src/install/description/lib/python3.10/site-packages:/home/pi/ss25/src/install/bringup_pkg/lib/python3.10/site-packages:/home/pi/install/summary/lib/python3.10/site-packages:/home/pi/demo_testing_9_april/seav/install/yolov8_ros/lib/python3.10/site-packages:/home/pi/demo_testing_9_april/seav/install/static_tf_publisher/lib/python3.10/site-packages:/home/pi/demo_testing_9_april/seav/install/seav_test_sensors/lib/python3.10/site-packages:/home/pi/demo_testing_9_april/seav/install/my_robot_controller/lib/python3.10/site-packages:/opt/ros/humble/lib/python3.10/site-packages:/opt/ros/humble/local/lib/python3.10/dist-packages', 'ROS_HOSTNAME': '192.168.137.192', 'LC_NUMERIC': 'en_US.UTF-8', 'LC_PAPER': 'en_US.UTF-8', 'COLCON': '1', 'CMAKE_PREFIX_PATH': '/home/pi/seav2/install/serial:/home/pi/seav2/install/seav2:/home/pi/seav2/install/ros2_control_demo_description:/home/pi/ss25/install/sllidar_ros2:/home/pi/ss25/src/install/sllidar_ros2:/home/pi/demo_testing_9_april/seav/install/seav_simulation:/home/pi/demo_testing_9_april/seav/install/seav_description:/home/pi/demo_testing_9_april/seav/install/rplidar_ros:/home/pi/demo_testing_9_april/seav/install/my_nav2_pkg'}, 'shell': False}
[21.585359] (-) TimerEvent: {}
[21.689585] (-) TimerEvent: {}
[21.792892] (-) TimerEvent: {}
[21.896800] (-) TimerEvent: {}
[21.969206] (carlikebot_ros2_control) StdoutLine: {'line': b'[100%] Built target carlikebot_ros2_control\n'}
[21.997174] (-) TimerEvent: {}
[22.091749] (carlikebot_ros2_control) CommandEnded: {'returncode': 0}
[22.097378] (carlikebot_ros2_control) JobProgress: {'identifier': 'carlikebot_ros2_control', 'progress': 'install'}
[22.097808] (-) TimerEvent: {}
[22.101801] (carlikebot_ros2_control) Command: {'cmd': ['/usr/bin/cmake', '--install', '/home/pi/seav2/build/carlikebot_ros2_control'], 'cwd': '/home/pi/seav2/build/carlikebot_ros2_control', 'env': OrderedDict([('LESSOPEN', '| /usr/bin/lesspipe %s'), ('USER', 'pi'), ('SSH_CLIENT', '192.168.0.105 43836 22'), ('LC_TIME', 'en_US.UTF-8'), ('XDG_SESSION_TYPE', 'tty'), ('SHLVL', '1'), ('LD_LIBRARY_PATH', '/home/pi/seav2/install/carlikebot_ros2_control/lib:/home/pi/seav2/install/serial/lib:/opt/ros/humble/opt/rviz_ogre_vendor/lib:/opt/ros/humble/lib/aarch64-linux-gnu:/opt/ros/humble/lib'), ('MOTD_SHOWN', 'pam'), ('HOME', '/home/pi'), ('OLDPWD', '/home/pi'), ('SSH_TTY', '/dev/pts/0'), ('ROS_PYTHON_VERSION', '3'), ('LC_MONETARY', 'en_US.UTF-8'), ('ROS_IP', '192.168.137.192'), ('DBUS_SESSION_BUS_ADDRESS', 'unix:path=/run/user/1000/bus'), ('QT_QPA_PLATFORM_PLUGIN_PATH', '/home/your_username/.local/lib/python3.10/site-packages/cv2/qt/plugins'), ('COLCON_PREFIX_PATH', '/home/pi/seav2/install:/home/pi/ss25/install:/home/pi/ss25/src/description/description/install:/home/pi/ss25/src/summary/install:/home/pi/ss25/src/install:/home/pi/demo_testing_9_april/seav/install:/home/pi/install'), ('ROS_DISTRO', 'humble'), ('LOGNAME', 'pi'), ('_', '/usr/bin/colcon'), ('ROS_VERSION', '2'), ('XDG_SESSION_CLASS', 'user'), ('TERM', 'xterm-256color'), ('XDG_SESSION_ID', '5'), ('ROS_LOCALHOST_ONLY', '0'), ('PATH', '/home/pi/.local/bin:/home/pi/.local/bin:/opt/ros/humble/bin:/usr/local/sbin:/usr/local/bin:/usr/sbin:/usr/bin:/sbin:/bin:/usr/games:/usr/local/games:/snap/bin'), ('LC_ADDRESS', 'en_US.UTF-8'), ('XDG_RUNTIME_DIR', '/run/user/1000'), ('DISPLAY', 'localhost:10.0'), ('LANG', 'en_US.UTF-8'), ('LC_TELEPHONE', 'en_US.UTF-8'), ('LS_COLORS', 'rs=0:di=01;34:ln=01;36:mh=00:pi=40;33:so=01;35:do=01;35:bd=40;33;01:cd=40;33;01:or=40;31;01:mi=00:su=37;41:sg=30;43:ca=30;41:tw=30;42:ow=34;42:st=37;44:ex=01;32:*.tar=01;31:*.tgz=01;31:*.arc=01;31:*.arj=01;31:*.taz=01;31:*.lha=01;31:*.lz4=01;31:*.lzh=01;31:*.lzma=01;31:*.tlz=01;31:*.txz=01;31:*.tzo=01;31:*.t7z=01;31:*.zip=01;31:*.z=01;31:*.dz=01;31:*.gz=01;31:*.lrz=01;31:*.lz=01;31:*.lzo=01;31:*.xz=01;31:*.zst=01;31:*.tzst=01;31:*.bz2=01;31:*.bz=01;31:*.tbz=01;31:*.tbz2=01;31:*.tz=01;31:*.deb=01;31:*.rpm=01;31:*.jar=01;31:*.war=01;31:*.ear=01;31:*.sar=01;31:*.rar=01;31:*.alz=01;31:*.ace=01;31:*.zoo=01;31:*.cpio=01;31:*.7z=01;31:*.rz=01;31:*.cab=01;31:*.wim=01;31:*.swm=01;31:*.dwm=01;31:*.esd=01;31:*.jpg=01;35:*.jpeg=01;35:*.mjpg=01;35:*.mjpeg=01;35:*.gif=01;35:*.bmp=01;35:*.pbm=01;35:*.pgm=01;35:*.ppm=01;35:*.tga=01;35:*.xbm=01;35:*.xpm=01;35:*.tif=01;35:*.tiff=01;35:*.png=01;35:*.svg=01;35:*.svgz=01;35:*.mng=01;35:*.pcx=01;35:*.mov=01;35:*.mpg=01;35:*.mpeg=01;35:*.m2v=01;35:*.mkv=01;35:*.webm=01;35:*.webp=01;35:*.ogm=01;35:*.mp4=01;35:*.m4v=01;35:*.mp4v=01;35:*.vob=01;35:*.qt=01;35:*.nuv=01;35:*.wmv=01;35:*.asf=01;35:*.rm=01;35:*.rmvb=01;35:*.flc=01;35:*.avi=01;35:*.fli=01;35:*.flv=01;35:*.gl=01;35:*.dl=01;35:*.xcf=01;35:*.xwd=01;35:*.yuv=01;35:*.cgm=01;35:*.emf=01;35:*.ogv=01;35:*.ogx=01;35:*.aac=00;36:*.au=00;36:*.flac=00;36:*.m4a=00;36:*.mid=00;36:*.midi=00;36:*.mka=00;36:*.mp3=00;36:*.mpc=00;36:*.ogg=00;36:*.ra=00;36:*.wav=00;36:*.oga=00;36:*.opus=00;36:*.spx=00;36:*.xspf=00;36:'), ('ROS_DOMAIN_ID', '0'), ('AMENT_PREFIX_PATH', '/home/pi/seav2/install/carlikebot_ros2_control:/home/pi/seav2/install/serial:/home/pi/seav2/install/seav2_imu:/home/pi/seav2/install/seav2:/home/pi/seav2/install/ros2_control_demo_description:/home/pi/seav2/install/robot_cam_ros:/home/pi/seav2/install/ball_tracker:/home/pi/ss25/install/wheel_odometry:/home/pi/ss25/install/vup_2k7:/home/pi/ss25/install/summary:/home/pi/ss25/install/sllidar_ros2:/home/pi/ss25/install/safety_control:/home/pi/ss25/install/project:/home/pi/ss25/install/my_slam:/home/pi/ss25/install/my_motor_driver:/home/pi/ss25/install/final:/home/pi/ss25/install/description:/home/pi/ss25/install/bringup_pkg:/home/pi/ss25/src/summary/install/summary:/home/pi/ss25/src/install/wheel_odometry:/home/pi/ss25/src/install/summary:/home/pi/ss25/src/install/sllidar_ros2:/home/pi/ss25/src/install/safety_control:/home/pi/ss25/src/install/project:/home/pi/ss25/src/install/my_motor_driver:/home/pi/ss25/src/install/description:/home/pi/ss25/src/install/bringup_pkg:/home/pi/install/summary:/home/pi/demo_testing_9_april/seav/install/yolov8_ros:/home/pi/demo_testing_9_april/seav/install/static_tf_publisher:/home/pi/demo_testing_9_april/seav/install/seav_test_sensors:/home/pi/demo_testing_9_april/seav/install/seav_simulation:/home/pi/demo_testing_9_april/seav/install/seav_description:/home/pi/demo_testing_9_april/seav/install/rplidar_ros:/home/pi/demo_testing_9_april/seav/install/my_robot_controller:/home/pi/demo_testing_9_april/seav/install/my_nav2_pkg:/opt/ros/humble'), ('SHELL', '/bin/bash'), ('LC_NAME', 'en_US.UTF-8'), ('LESSCLOSE', '/usr/bin/lesspipe %s %s'), ('LC_MEASUREMENT', 'en_US.UTF-8'), ('LC_IDENTIFICATION', 'en_US.UTF-8'), ('PWD', '/home/pi/seav2/build/carlikebot_ros2_control'), ('LC_ALL', 'en_US.UTF-8'), ('SSH_CONNECTION', '192.168.0.105 43836 192.168.0.210 22'), ('XDG_DATA_DIRS', '/usr/local/share:/usr/share:/var/lib/snapd/desktop'), ('PYTHONPATH', '/home/pi/seav2/install/seav2_imu/lib/python3.10/site-packages:/home/pi/seav2/install/robot_cam_ros/lib/python3.10/site-packages:/home/pi/seav2/install/ball_tracker/lib/python3.10/site-packages:/home/pi/ss25/install/wheel_odometry/lib/python3.10/site-packages:/home/pi/ss25/install/vup_2k7/lib/python3.10/site-packages:/home/pi/ss25/install/summary/lib/python3.10/site-packages:/home/pi/ss25/install/safety_control/lib/python3.10/site-packages:/home/pi/ss25/install/project/lib/python3.10/site-packages:/home/pi/ss25/install/my_slam/lib/python3.10/site-packages:/home/pi/ss25/install/my_motor_driver/lib/python3.10/site-packages:/home/pi/ss25/install/final/lib/python3.10/site-packages:/home/pi/ss25/install/description/lib/python3.10/site-packages:/home/pi/ss25/install/bringup_pkg/lib/python3.10/site-packages:/home/pi/ss25/src/summary/install/summary/lib/python3.10/site-packages:/home/pi/ss25/src/install/wheel_odometry/lib/python3.10/site-packages:/home/pi/ss25/src/install/summary/lib/python3.10/site-packages:/home/pi/ss25/src/install/safety_control/lib/python3.10/site-packages:/home/pi/ss25/src/install/project/lib/python3.10/site-packages:/home/pi/ss25/src/install/my_motor_driver/lib/python3.10/site-packages:/home/pi/ss25/src/install/description/lib/python3.10/site-packages:/home/pi/ss25/src/install/bringup_pkg/lib/python3.10/site-packages:/home/pi/install/summary/lib/python3.10/site-packages:/home/pi/demo_testing_9_april/seav/install/yolov8_ros/lib/python3.10/site-packages:/home/pi/demo_testing_9_april/seav/install/static_tf_publisher/lib/python3.10/site-packages:/home/pi/demo_testing_9_april/seav/install/seav_test_sensors/lib/python3.10/site-packages:/home/pi/demo_testing_9_april/seav/install/my_robot_controller/lib/python3.10/site-packages:/opt/ros/humble/lib/python3.10/site-packages:/opt/ros/humble/local/lib/python3.10/dist-packages'), ('ROS_HOSTNAME', '192.168.137.192'), ('LC_NUMERIC', 'en_US.UTF-8'), ('LC_PAPER', 'en_US.UTF-8'), ('COLCON', '1'), ('CMAKE_PREFIX_PATH', '/home/pi/seav2/install/serial:/home/pi/seav2/install/ros2_control_demo_description:/home/pi/seav2/install/seav2:/home/pi/ss25/install/sllidar_ros2:/home/pi/ss25/src/install/sllidar_ros2:/home/pi/demo_testing_9_april/seav/install/seav_simulation:/home/pi/demo_testing_9_april/seav/install/seav_description:/home/pi/demo_testing_9_april/seav/install/rplidar_ros:/home/pi/demo_testing_9_april/seav/install/my_nav2_pkg:/home/pi/seav2/install/carlikebot_ros2_control:/home/pi/seav2/install/seav2_imu:/home/pi/seav2/install/robot_cam_ros:/home/pi/seav2/install/ball_tracker:/home/pi/ss25/install/wheel_odometry:/home/pi/ss25/install/vup_2k7:/home/pi/ss25/install/summary:/home/pi/ss25/install/safety_control:/home/pi/ss25/install/project:/home/pi/ss25/install/my_slam:/home/pi/ss25/install/my_motor_driver:/home/pi/ss25/install/final:/home/pi/ss25/install/description:/home/pi/ss25/install/bringup_pkg:/home/pi/ss25/src/summary/install/summary:/home/pi/ss25/src/install/wheel_odometry:/home/pi/ss25/src/install/summary:/home/pi/ss25/src/install/safety_control:/home/pi/ss25/src/install/project:/home/pi/ss25/src/install/my_motor_driver:/home/pi/ss25/src/install/description:/home/pi/ss25/src/install/bringup_pkg:/home/pi/install/summary:/home/pi/demo_testing_9_april/seav/install/yolov8_ros:/home/pi/demo_testing_9_april/seav/install/static_tf_publisher:/home/pi/demo_testing_9_april/seav/install/seav_test_sensors:/home/pi/demo_testing_9_april/seav/install/my_robot_controller:/opt/ros/humble')]), 'shell': False}
[22.198147] (-) TimerEvent: {}
[22.201867] (carlikebot_ros2_control) StdoutLine: {'line': b'-- Install configuration: ""\n'}
[22.206985] (carlikebot_ros2_control) StdoutLine: {'line': b'-- Execute custom install script\n'}
[22.210310] (carlikebot_ros2_control) StdoutLine: {'line': b'-- Up-to-date symlink: /home/pi/seav2/install/carlikebot_ros2_control/share/carlikebot_ros2_control//carlikebot_ros2_control.xml\n'}
[22.216144] (carlikebot_ros2_control) StdoutLine: {'line': b'-- Up-to-date symlink: /home/pi/seav2/install/carlikebot_ros2_control/include/carlikebot_ros2_control/carlikebot_ros2_control/arduino_comms.hpp\n'}
[22.219055] (carlikebot_ros2_control) StdoutLine: {'line': b'-- Up-to-date symlink: /home/pi/seav2/install/carlikebot_ros2_control/include/carlikebot_ros2_control/carlikebot_ros2_control/carlikebot_system.hpp\n'}
[22.223949] (carlikebot_ros2_control) StdoutLine: {'line': b'-- Up-to-date symlink: /home/pi/seav2/install/carlikebot_ros2_control/share/carlikebot_ros2_control/launch/view_robot.launch.py\n'}
[22.228224] (carlikebot_ros2_control) StdoutLine: {'line': b'-- Up-to-date symlink: /home/pi/seav2/install/carlikebot_ros2_control/share/carlikebot_ros2_control/ros2_control/carlikebot.ros2_control.xacro\n'}
[22.232350] (carlikebot_ros2_control) StdoutLine: {'line': b'-- Up-to-date symlink: /home/pi/seav2/install/carlikebot_ros2_control/share/carlikebot_ros2_control/urdf/carlikebot.urdf.xacro\n'}
[22.237210] (carlikebot_ros2_control) StdoutLine: {'line': b'-- Up-to-date symlink: /home/pi/seav2/install/carlikebot_ros2_control/share/carlikebot_ros2_control/launch/carlikebot.launch.py\n'}
[22.242500] (carlikebot_ros2_control) StdoutLine: {'line': b'-- Up-to-date symlink: /home/pi/seav2/install/carlikebot_ros2_control/share/carlikebot_ros2_control/config/carlikebot_controllers.yaml\n'}
[22.246123] (carlikebot_ros2_control) StdoutLine: {'line': b'-- Up-to-date symlink: /home/pi/seav2/install/carlikebot_ros2_control/share/carlikebot_ros2_control/environment/library_path.sh\n'}
[22.248149] (carlikebot_ros2_control) StdoutLine: {'line': b'-- Up-to-date symlink: /home/pi/seav2/install/carlikebot_ros2_control/share/carlikebot_ros2_control/environment/library_path.dsv\n'}
[22.251755] (carlikebot_ros2_control) StdoutLine: {'line': b'-- Up-to-date symlink: /home/pi/seav2/install/carlikebot_ros2_control/share/ament_index/resource_index/package_run_dependencies/carlikebot_ros2_control\n'}
[22.255220] (carlikebot_ros2_control) StdoutLine: {'line': b'-- Up-to-date symlink: /home/pi/seav2/install/carlikebot_ros2_control/share/ament_index/resource_index/parent_prefix_path/carlikebot_ros2_control\n'}
[22.261821] (carlikebot_ros2_control) StdoutLine: {'line': b'-- Up-to-date symlink: /home/pi/seav2/install/carlikebot_ros2_control/share/carlikebot_ros2_control/environment/ament_prefix_path.sh\n'}
[22.263481] (carlikebot_ros2_control) StdoutLine: {'line': b'-- Up-to-date symlink: /home/pi/seav2/install/carlikebot_ros2_control/share/carlikebot_ros2_control/environment/ament_prefix_path.dsv\n'}
[22.265984] (carlikebot_ros2_control) StdoutLine: {'line': b'-- Up-to-date symlink: /home/pi/seav2/install/carlikebot_ros2_control/share/carlikebot_ros2_control/environment/path.sh\n'}
[22.271258] (carlikebot_ros2_control) StdoutLine: {'line': b'-- Up-to-date symlink: /home/pi/seav2/install/carlikebot_ros2_control/share/carlikebot_ros2_control/environment/path.dsv\n'}
[22.272470] (carlikebot_ros2_control) StdoutLine: {'line': b'-- Up-to-date symlink: /home/pi/seav2/install/carlikebot_ros2_control/share/carlikebot_ros2_control/local_setup.bash\n'}
[22.276800] (carlikebot_ros2_control) StdoutLine: {'line': b'-- Up-to-date symlink: /home/pi/seav2/install/carlikebot_ros2_control/share/carlikebot_ros2_control/local_setup.sh\n'}
[22.278050] (carlikebot_ros2_control) StdoutLine: {'line': b'-- Up-to-date symlink: /home/pi/seav2/install/carlikebot_ros2_control/share/carlikebot_ros2_control/local_setup.zsh\n'}
[22.282423] (carlikebot_ros2_control) StdoutLine: {'line': b'-- Up-to-date symlink: /home/pi/seav2/install/carlikebot_ros2_control/share/carlikebot_ros2_control/local_setup.dsv\n'}
[22.283506] (carlikebot_ros2_control) StdoutLine: {'line': b'-- Up-to-date symlink: /home/pi/seav2/install/carlikebot_ros2_control/share/carlikebot_ros2_control/package.dsv\n'}
[22.288647] (carlikebot_ros2_control) StdoutLine: {'line': b'-- Up-to-date symlink: /home/pi/seav2/install/carlikebot_ros2_control/share/ament_index/resource_index/packages/carlikebot_ros2_control\n'}
[22.290084] (carlikebot_ros2_control) StdoutLine: {'line': b'-- Up-to-date symlink: /home/pi/seav2/install/carlikebot_ros2_control/share/ament_index/resource_index/hardware_interface__pluginlib__plugin/carlikebot_ros2_control\n'}
[22.294377] (carlikebot_ros2_control) StdoutLine: {'line': b'-- Up-to-date symlink: /home/pi/seav2/install/carlikebot_ros2_control/share/carlikebot_ros2_control/cmake/ament_cmake_export_targets-extras.cmake\n'}
[22.295712] (carlikebot_ros2_control) StdoutLine: {'line': b'-- Up-to-date symlink: /home/pi/seav2/install/carlikebot_ros2_control/share/carlikebot_ros2_control/cmake/ament_cmake_export_dependencies-extras.cmake\n'}
[22.299441] (-) TimerEvent: {}
[22.302698] (carlikebot_ros2_control) StdoutLine: {'line': b'-- Up-to-date symlink: /home/pi/seav2/install/carlikebot_ros2_control/share/carlikebot_ros2_control/cmake/carlikebot_ros2_controlConfig.cmake\n'}
[22.304481] (carlikebot_ros2_control) StdoutLine: {'line': b'-- Up-to-date symlink: /home/pi/seav2/install/carlikebot_ros2_control/share/carlikebot_ros2_control/cmake/carlikebot_ros2_controlConfig-version.cmake\n'}
[22.305610] (carlikebot_ros2_control) StdoutLine: {'line': b'-- Up-to-date symlink: /home/pi/seav2/install/carlikebot_ros2_control/share/carlikebot_ros2_control/package.xml\n'}
[22.314716] (carlikebot_ros2_control) StdoutLine: {'line': b'-- Up-to-date: /home/pi/seav2/install/carlikebot_ros2_control/lib/libcarlikebot_ros2_control.so\n'}
[22.316399] (carlikebot_ros2_control) StdoutLine: {'line': b'-- Up-to-date: /home/pi/seav2/install/carlikebot_ros2_control/share/carlikebot_ros2_control/cmake/export_carlikebot_ros2_controlExport.cmake\n'}
[22.317769] (carlikebot_ros2_control) StdoutLine: {'line': b'-- Up-to-date: /home/pi/seav2/install/carlikebot_ros2_control/share/carlikebot_ros2_control/cmake/export_carlikebot_ros2_controlExport-noconfig.cmake\n'}
[22.337493] (carlikebot_ros2_control) CommandEnded: {'returncode': 0}
[22.399760] (-) TimerEvent: {}
[22.510017] (-) TimerEvent: {}
[22.551715] (carlikebot_ros2_control) JobEnded: {'identifier': 'carlikebot_ros2_control', 'rc': 0}
[22.610367] (-) TimerEvent: {}
[22.711717] (-) TimerEvent: {}
[22.813116] (-) TimerEvent: {}
[22.914764] (-) TimerEvent: {}
[23.016216] (-) TimerEvent: {}
[23.117793] (-) TimerEvent: {}
[23.219272] (-) TimerEvent: {}
[23.320731] (-) TimerEvent: {}
[23.422434] (-) TimerEvent: {}
[23.523868] (-) TimerEvent: {}
[23.625481] (-) TimerEvent: {}
[23.719520] (v4l2_camera) StderrLine: {'line': b'\x1b[01m\x1b[K/home/pi/seav2/src/ros2_v4l2_camera/src/v4l2_camera.cpp:23:10:\x1b[m\x1b[K \x1b[01;31m\x1b[Kfatal error: \x1b[m\x1b[Kcv_bridge/cv_bridge.hpp: No such file or directory\n'}
[23.721609] (v4l2_camera) StderrLine: {'line': b'   23 | #include \x1b[01;31m\x1b[K<cv_bridge/cv_bridge.hpp>\x1b[m\x1b[K\n'}
[23.722855] (v4l2_camera) StderrLine: {'line': b'      |          \x1b[01;31m\x1b[K^~~~~~~~~~~~~~~~~~~~~~~~~\x1b[m\x1b[K\n'}
[23.723935] (v4l2_camera) StderrLine: {'line': b'compilation terminated.\n'}
[23.726151] (-) TimerEvent: {}
[23.743745] (v4l2_camera) StderrLine: {'line': b'gmake[2]: *** [CMakeFiles/v4l2_camera.dir/build.make:90: CMakeFiles/v4l2_camera.dir/src/v4l2_camera.cpp.o] Error 1\n'}
[23.746438] (v4l2_camera) StderrLine: {'line': b'gmake[1]: *** [CMakeFiles/Makefile2:141: CMakeFiles/v4l2_camera.dir/all] Error 2\n'}
[23.748668] (v4l2_camera) StderrLine: {'line': b'gmake: *** [Makefile:146: all] Error 2\n'}
[23.763868] (v4l2_camera) CommandEnded: {'returncode': 2}
[23.823805] (v4l2_camera) JobEnded: {'identifier': 'v4l2_camera', 'rc': 2}
[23.827903] (-) TimerEvent: {}
[23.929160] (-) TimerEvent: {}
[24.030522] (-) TimerEvent: {}
[24.131722] (-) TimerEvent: {}
[24.232909] (-) TimerEvent: {}
[24.334158] (-) TimerEvent: {}
[24.435368] (-) TimerEvent: {}
[24.536578] (-) TimerEvent: {}
[24.637855] (-) TimerEvent: {}
[24.739769] (-) TimerEvent: {}
[24.841129] (-) TimerEvent: {}
[24.942555] (-) TimerEvent: {}
[25.043881] (-) TimerEvent: {}
[25.145150] (-) TimerEvent: {}
[25.246461] (-) TimerEvent: {}
[25.347673] (-) TimerEvent: {}
[25.448944] (-) TimerEvent: {}
[25.550206] (-) TimerEvent: {}
[25.590100] (seav2_imu) StdoutLine: {'line': b'running egg_info\n'}
[25.597338] (seav2_imu) StdoutLine: {'line': b'writing ../../build/seav2_imu/seav2_imu.egg-info/PKG-INFO\n'}
[25.599667] (seav2_imu) StdoutLine: {'line': b'writing dependency_links to ../../build/seav2_imu/seav2_imu.egg-info/dependency_links.txt\n'}
[25.601583] (seav2_imu) StdoutLine: {'line': b'writing entry points to ../../build/seav2_imu/seav2_imu.egg-info/entry_points.txt\n'}
[25.603948] (seav2_imu) StdoutLine: {'line': b'writing requirements to ../../build/seav2_imu/seav2_imu.egg-info/requires.txt\n'}
[25.605680] (seav2_imu) StdoutLine: {'line': b'writing top-level names to ../../build/seav2_imu/seav2_imu.egg-info/top_level.txt\n'}
[25.625650] (seav2_imu) StdoutLine: {'line': b"reading manifest file '../../build/seav2_imu/seav2_imu.egg-info/SOURCES.txt'\n"}
[25.635105] (seav2_imu) StdoutLine: {'line': b"writing manifest file '../../build/seav2_imu/seav2_imu.egg-info/SOURCES.txt'\n"}
[25.636788] (seav2_imu) StdoutLine: {'line': b'running build\n'}
[25.638207] (seav2_imu) StdoutLine: {'line': b'running build_py\n'}
[25.641291] (seav2_imu) StdoutLine: {'line': b'running install\n'}
[25.644117] (seav2_imu) StdoutLine: {'line': b'running install_lib\n'}
[25.650465] (-) TimerEvent: {}
[25.661397] (seav2_imu) StdoutLine: {'line': b'running install_data\n'}
[25.662989] (seav2_imu) StdoutLine: {'line': b'running install_egg_info\n'}
[25.684167] (seav2_imu) StdoutLine: {'line': b"removing '/home/pi/seav2/install/seav2_imu/lib/python3.10/site-packages/seav2_imu-0.0.0-py3.10.egg-info' (and everything under it)\n"}
[25.688786] (seav2_imu) StdoutLine: {'line': b'Copying ../../build/seav2_imu/seav2_imu.egg-info to /home/pi/seav2/install/seav2_imu/lib/python3.10/site-packages/seav2_imu-0.0.0-py3.10.egg-info\n'}
[25.704234] (seav2_imu) StdoutLine: {'line': b'running install_scripts\n'}
[25.750721] (-) TimerEvent: {}
[25.852141] (-) TimerEvent: {}
[25.946794] (seav2_imu) StdoutLine: {'line': b'Installing mpu6050_node script to /home/pi/seav2/install/seav2_imu/lib/seav2_imu\n'}
[25.950752] (seav2_imu) StdoutLine: {'line': b"writing list of installed files to '/home/pi/seav2/build/seav2_imu/install.log'\n"}
[25.952440] (-) TimerEvent: {}
[26.054430] (-) TimerEvent: {}
[26.155549] (seav2_imu) JobEnded: {'identifier': 'seav2_imu', 'rc': 'SIGINT'}
[26.164326] (-) TimerEvent: {}
[26.165250] (-) EventReactorShutdown: {}
