[0.000000] (-) TimerEvent: {}
[0.002221] (ball_tracker) JobQueued: {'identifier': 'ball_tracker', 'dependencies': OrderedDict()}
[0.003701] (robot_cam_ros) JobQueued: {'identifier': 'robot_cam_ros', 'dependencies': OrderedDict()}
[0.005324] (ros2_control_demo_description) JobQueued: {'identifier': 'ros2_control_demo_description', 'dependencies': OrderedDict()}
[0.006241] (seav2) JobQueued: {'identifier': 'seav2', 'dependencies': OrderedDict()}
[0.006735] (seav2_imu) JobQueued: {'identifier': 'seav2_imu', 'dependencies': OrderedDict()}
[0.007090] (serial) JobQueued: {'identifier': 'serial', 'dependencies': OrderedDict()}
[0.007415] (v4l2_camera) JobQueued: {'identifier': 'v4l2_camera', 'dependencies': OrderedDict()}
[0.007922] (carlikebot_ros2_control) JobQueued: {'identifier': 'carlikebot_ros2_control', 'dependencies': OrderedDict([('ros2_control_demo_description', '/home/pi/seav2/install/ros2_control_demo_description'), ('serial', '/home/pi/seav2/install/serial')])}
[0.008303] (ros2_control_demo_description) JobStarted: {'identifier': 'ros2_control_demo_description'}
[0.094999] (-) TimerEvent: {}
[0.179282] (serial) JobStarted: {'identifier': 'serial'}
[0.195328] (-) TimerEvent: {}
[0.298161] (-) TimerEvent: {}
[0.327935] (ball_tracker) JobStarted: {'identifier': 'ball_tracker'}
[0.399016] (-) TimerEvent: {}
[0.490239] (robot_cam_ros) JobStarted: {'identifier': 'robot_cam_ros'}
[0.500198] (-) TimerEvent: {}
[0.602202] (-) TimerEvent: {}
[0.669127] (ros2_control_demo_description) JobProgress: {'identifier': 'ros2_control_demo_description', 'progress': 'cmake'}
[0.677112] (ros2_control_demo_description) Command: {'cmd': ['/usr/bin/cmake', '/home/pi/seav2/src/seav-ii/carlikebot_ros2_control/ros2_control_demo_description', '-DCMAKE_INSTALL_PREFIX=/home/pi/seav2/install/ros2_control_demo_description'], 'cwd': '/home/pi/seav2/build/ros2_control_demo_description', 'env': OrderedDict([('LESSOPEN', '| /usr/bin/lesspipe %s'), ('USER', 'pi'), ('SSH_CLIENT', '192.168.0.105 55666 22'), ('LC_TIME', 'en_US.UTF-8'), ('XDG_SESSION_TYPE', 'tty'), ('SHLVL', '1'), ('LD_LIBRARY_PATH', '/home/pi/seav2/install/carlikebot_ros2_control/lib:/home/pi/seav2/install/serial/lib:/opt/ros/humble/opt/rviz_ogre_vendor/lib:/opt/ros/humble/lib/aarch64-linux-gnu:/opt/ros/humble/lib'), ('MOTD_SHOWN', 'pam'), ('HOME', '/home/pi'), ('OLDPWD', '/home/pi/seav2/src'), ('SSH_TTY', '/dev/pts/0'), ('ROS_PYTHON_VERSION', '3'), ('LC_MONETARY', 'en_US.UTF-8'), ('ROS_IP', '192.168.137.192'), ('DBUS_SESSION_BUS_ADDRESS', 'unix:path=/run/user/1000/bus'), ('QT_QPA_PLATFORM_PLUGIN_PATH', '/home/your_username/.local/lib/python3.10/site-packages/cv2/qt/plugins'), ('COLCON_PREFIX_PATH', '/home/pi/seav2/install:/home/pi/ss25/install:/home/pi/ss25/src/description/description/install:/home/pi/ss25/src/summary/install:/home/pi/ss25/src/install:/home/pi/demo_testing_9_april/seav/install:/home/pi/install'), ('ROS_DISTRO', 'humble'), ('LOGNAME', 'pi'), ('_', '/usr/bin/colcon'), ('ROS_VERSION', '2'), ('XDG_SESSION_CLASS', 'user'), ('TERM', 'xterm-256color'), ('XDG_SESSION_ID', '1'), ('ROS_LOCALHOST_ONLY', '0'), ('PATH', '/home/pi/.local/bin:/home/pi/.local/bin:/opt/ros/humble/bin:/usr/local/sbin:/usr/local/bin:/usr/sbin:/usr/bin:/sbin:/bin:/usr/games:/usr/local/games:/snap/bin'), ('LC_ADDRESS', 'en_US.UTF-8'), ('XDG_RUNTIME_DIR', '/run/user/1000'), ('DISPLAY', 'localhost:10.0'), ('LANG', 'en_US.UTF-8'), ('LC_TELEPHONE', 'en_US.UTF-8'), ('LS_COLORS', 'rs=0:di=01;34:ln=01;36:mh=00:pi=40;33:so=01;35:do=01;35:bd=40;33;01:cd=40;33;01:or=40;31;01:mi=00:su=37;41:sg=30;43:ca=30;41:tw=30;42:ow=34;42:st=37;44:ex=01;32:*.tar=01;31:*.tgz=01;31:*.arc=01;31:*.arj=01;31:*.taz=01;31:*.lha=01;31:*.lz4=01;31:*.lzh=01;31:*.lzma=01;31:*.tlz=01;31:*.txz=01;31:*.tzo=01;31:*.t7z=01;31:*.zip=01;31:*.z=01;31:*.dz=01;31:*.gz=01;31:*.lrz=01;31:*.lz=01;31:*.lzo=01;31:*.xz=01;31:*.zst=01;31:*.tzst=01;31:*.bz2=01;31:*.bz=01;31:*.tbz=01;31:*.tbz2=01;31:*.tz=01;31:*.deb=01;31:*.rpm=01;31:*.jar=01;31:*.war=01;31:*.ear=01;31:*.sar=01;31:*.rar=01;31:*.alz=01;31:*.ace=01;31:*.zoo=01;31:*.cpio=01;31:*.7z=01;31:*.rz=01;31:*.cab=01;31:*.wim=01;31:*.swm=01;31:*.dwm=01;31:*.esd=01;31:*.jpg=01;35:*.jpeg=01;35:*.mjpg=01;35:*.mjpeg=01;35:*.gif=01;35:*.bmp=01;35:*.pbm=01;35:*.pgm=01;35:*.ppm=01;35:*.tga=01;35:*.xbm=01;35:*.xpm=01;35:*.tif=01;35:*.tiff=01;35:*.png=01;35:*.svg=01;35:*.svgz=01;35:*.mng=01;35:*.pcx=01;35:*.mov=01;35:*.mpg=01;35:*.mpeg=01;35:*.m2v=01;35:*.mkv=01;35:*.webm=01;35:*.webp=01;35:*.ogm=01;35:*.mp4=01;35:*.m4v=01;35:*.mp4v=01;35:*.vob=01;35:*.qt=01;35:*.nuv=01;35:*.wmv=01;35:*.asf=01;35:*.rm=01;35:*.rmvb=01;35:*.flc=01;35:*.avi=01;35:*.fli=01;35:*.flv=01;35:*.gl=01;35:*.dl=01;35:*.xcf=01;35:*.xwd=01;35:*.yuv=01;35:*.cgm=01;35:*.emf=01;35:*.ogv=01;35:*.ogx=01;35:*.aac=00;36:*.au=00;36:*.flac=00;36:*.m4a=00;36:*.mid=00;36:*.midi=00;36:*.mka=00;36:*.mp3=00;36:*.mpc=00;36:*.ogg=00;36:*.ra=00;36:*.wav=00;36:*.oga=00;36:*.opus=00;36:*.spx=00;36:*.xspf=00;36:'), ('ROS_DOMAIN_ID', '0'), ('AMENT_PREFIX_PATH', '/home/pi/seav2/install/carlikebot_ros2_control:/home/pi/seav2/install/serial:/home/pi/seav2/install/seav2_imu:/home/pi/seav2/install/seav2:/home/pi/seav2/install/ros2_control_demo_description:/home/pi/seav2/install/robot_cam_ros:/home/pi/seav2/install/ball_tracker:/home/pi/ss25/install/wheel_odometry:/home/pi/ss25/install/vup_2k7:/home/pi/ss25/install/summary:/home/pi/ss25/install/sllidar_ros2:/home/pi/ss25/install/safety_control:/home/pi/ss25/install/project:/home/pi/ss25/install/my_slam:/home/pi/ss25/install/my_motor_driver:/home/pi/ss25/install/final:/home/pi/ss25/install/description:/home/pi/ss25/install/bringup_pkg:/home/pi/ss25/src/summary/install/summary:/home/pi/ss25/src/install/wheel_odometry:/home/pi/ss25/src/install/summary:/home/pi/ss25/src/install/sllidar_ros2:/home/pi/ss25/src/install/safety_control:/home/pi/ss25/src/install/project:/home/pi/ss25/src/install/my_motor_driver:/home/pi/ss25/src/install/description:/home/pi/ss25/src/install/bringup_pkg:/home/pi/install/summary:/home/pi/demo_testing_9_april/seav/install/yolov8_ros:/home/pi/demo_testing_9_april/seav/install/static_tf_publisher:/home/pi/demo_testing_9_april/seav/install/seav_test_sensors:/home/pi/demo_testing_9_april/seav/install/seav_simulation:/home/pi/demo_testing_9_april/seav/install/seav_description:/home/pi/demo_testing_9_april/seav/install/rplidar_ros:/home/pi/demo_testing_9_april/seav/install/my_robot_controller:/home/pi/demo_testing_9_april/seav/install/my_nav2_pkg:/opt/ros/humble'), ('SHELL', '/bin/bash'), ('LC_NAME', 'en_US.UTF-8'), ('LESSCLOSE', '/usr/bin/lesspipe %s %s'), ('LC_MEASUREMENT', 'en_US.UTF-8'), ('LC_IDENTIFICATION', 'en_US.UTF-8'), ('PWD', '/home/pi/seav2/build/ros2_control_demo_description'), ('LC_ALL', 'en_US.UTF-8'), ('SSH_CONNECTION', '192.168.0.105 55666 192.168.0.210 22'), ('XDG_DATA_DIRS', '/usr/local/share:/usr/share:/var/lib/snapd/desktop'), ('PYTHONPATH', '/home/pi/seav2/build/seav2_imu:/home/pi/seav2/install/seav2_imu/lib/python3.10/site-packages:/home/pi/seav2/build/robot_cam_ros:/home/pi/seav2/install/robot_cam_ros/lib/python3.10/site-packages:/home/pi/seav2/build/ball_tracker:/home/pi/seav2/install/ball_tracker/lib/python3.10/site-packages:/home/pi/ss25/install/wheel_odometry/lib/python3.10/site-packages:/home/pi/ss25/install/vup_2k7/lib/python3.10/site-packages:/home/pi/ss25/install/summary/lib/python3.10/site-packages:/home/pi/ss25/install/safety_control/lib/python3.10/site-packages:/home/pi/ss25/install/project/lib/python3.10/site-packages:/home/pi/ss25/install/my_slam/lib/python3.10/site-packages:/home/pi/ss25/install/my_motor_driver/lib/python3.10/site-packages:/home/pi/ss25/install/final/lib/python3.10/site-packages:/home/pi/ss25/install/description/lib/python3.10/site-packages:/home/pi/ss25/install/bringup_pkg/lib/python3.10/site-packages:/home/pi/ss25/src/summary/install/summary/lib/python3.10/site-packages:/home/pi/ss25/src/install/wheel_odometry/lib/python3.10/site-packages:/home/pi/ss25/src/install/summary/lib/python3.10/site-packages:/home/pi/ss25/src/install/safety_control/lib/python3.10/site-packages:/home/pi/ss25/src/install/project/lib/python3.10/site-packages:/home/pi/ss25/src/install/my_motor_driver/lib/python3.10/site-packages:/home/pi/ss25/src/install/description/lib/python3.10/site-packages:/home/pi/ss25/src/install/bringup_pkg/lib/python3.10/site-packages:/home/pi/install/summary/lib/python3.10/site-packages:/home/pi/demo_testing_9_april/seav/install/yolov8_ros/lib/python3.10/site-packages:/home/pi/demo_testing_9_april/seav/install/static_tf_publisher/lib/python3.10/site-packages:/home/pi/demo_testing_9_april/seav/install/seav_test_sensors/lib/python3.10/site-packages:/home/pi/demo_testing_9_april/seav/install/my_robot_controller/lib/python3.10/site-packages:/opt/ros/humble/lib/python3.10/site-packages:/opt/ros/humble/local/lib/python3.10/dist-packages'), ('ROS_HOSTNAME', '192.168.137.192'), ('LC_NUMERIC', 'en_US.UTF-8'), ('LC_PAPER', 'en_US.UTF-8'), ('COLCON', '1'), ('CMAKE_PREFIX_PATH', '/home/pi/seav2/install/carlikebot_ros2_control:/home/pi/seav2/install/serial:/home/pi/seav2/install/seav2:/home/pi/seav2/install/ros2_control_demo_description:/home/pi/ss25/install/sllidar_ros2:/home/pi/ss25/src/install/sllidar_ros2:/home/pi/demo_testing_9_april/seav/install/seav_simulation:/home/pi/demo_testing_9_april/seav/install/seav_description:/home/pi/demo_testing_9_april/seav/install/rplidar_ros:/home/pi/demo_testing_9_april/seav/install/my_nav2_pkg:/home/pi/seav2/install/seav2_imu:/home/pi/seav2/install/robot_cam_ros:/home/pi/seav2/install/ball_tracker:/home/pi/ss25/install/wheel_odometry:/home/pi/ss25/install/vup_2k7:/home/pi/ss25/install/summary:/home/pi/ss25/install/safety_control:/home/pi/ss25/install/project:/home/pi/ss25/install/my_slam:/home/pi/ss25/install/my_motor_driver:/home/pi/ss25/install/final:/home/pi/ss25/install/description:/home/pi/ss25/install/bringup_pkg:/home/pi/ss25/src/summary/install/summary:/home/pi/ss25/src/install/wheel_odometry:/home/pi/ss25/src/install/summary:/home/pi/ss25/src/install/safety_control:/home/pi/ss25/src/install/project:/home/pi/ss25/src/install/my_motor_driver:/home/pi/ss25/src/install/description:/home/pi/ss25/src/install/bringup_pkg:/home/pi/install/summary:/home/pi/demo_testing_9_april/seav/install/yolov8_ros:/home/pi/demo_testing_9_april/seav/install/static_tf_publisher:/home/pi/demo_testing_9_april/seav/install/seav_test_sensors:/home/pi/demo_testing_9_april/seav/install/my_robot_controller:/opt/ros/humble')]), 'shell': False}
[0.709075] (-) TimerEvent: {}
[0.725701] (serial) JobProgress: {'identifier': 'serial', 'progress': 'cmake'}
[0.739445] (serial) Command: {'cmd': ['/usr/bin/cmake', '/home/pi/seav2/src/serial', '-DCMAKE_INSTALL_PREFIX=/home/pi/seav2/install/serial'], 'cwd': '/home/pi/seav2/build/serial', 'env': OrderedDict([('LESSOPEN', '| /usr/bin/lesspipe %s'), ('USER', 'pi'), ('SSH_CLIENT', '192.168.0.105 55666 22'), ('LC_TIME', 'en_US.UTF-8'), ('XDG_SESSION_TYPE', 'tty'), ('SHLVL', '1'), ('LD_LIBRARY_PATH', '/home/pi/seav2/install/carlikebot_ros2_control/lib:/home/pi/seav2/install/serial/lib:/opt/ros/humble/opt/rviz_ogre_vendor/lib:/opt/ros/humble/lib/aarch64-linux-gnu:/opt/ros/humble/lib'), ('MOTD_SHOWN', 'pam'), ('HOME', '/home/pi'), ('OLDPWD', '/home/pi/seav2/src'), ('SSH_TTY', '/dev/pts/0'), ('ROS_PYTHON_VERSION', '3'), ('LC_MONETARY', 'en_US.UTF-8'), ('ROS_IP', '192.168.137.192'), ('DBUS_SESSION_BUS_ADDRESS', 'unix:path=/run/user/1000/bus'), ('QT_QPA_PLATFORM_PLUGIN_PATH', '/home/your_username/.local/lib/python3.10/site-packages/cv2/qt/plugins'), ('COLCON_PREFIX_PATH', '/home/pi/seav2/install:/home/pi/ss25/install:/home/pi/ss25/src/description/description/install:/home/pi/ss25/src/summary/install:/home/pi/ss25/src/install:/home/pi/demo_testing_9_april/seav/install:/home/pi/install'), ('ROS_DISTRO', 'humble'), ('LOGNAME', 'pi'), ('_', '/usr/bin/colcon'), ('ROS_VERSION', '2'), ('XDG_SESSION_CLASS', 'user'), ('TERM', 'xterm-256color'), ('XDG_SESSION_ID', '1'), ('ROS_LOCALHOST_ONLY', '0'), ('PATH', '/home/pi/.local/bin:/home/pi/.local/bin:/opt/ros/humble/bin:/usr/local/sbin:/usr/local/bin:/usr/sbin:/usr/bin:/sbin:/bin:/usr/games:/usr/local/games:/snap/bin'), ('LC_ADDRESS', 'en_US.UTF-8'), ('XDG_RUNTIME_DIR', '/run/user/1000'), ('DISPLAY', 'localhost:10.0'), ('LANG', 'en_US.UTF-8'), ('LC_TELEPHONE', 'en_US.UTF-8'), ('LS_COLORS', 'rs=0:di=01;34:ln=01;36:mh=00:pi=40;33:so=01;35:do=01;35:bd=40;33;01:cd=40;33;01:or=40;31;01:mi=00:su=37;41:sg=30;43:ca=30;41:tw=30;42:ow=34;42:st=37;44:ex=01;32:*.tar=01;31:*.tgz=01;31:*.arc=01;31:*.arj=01;31:*.taz=01;31:*.lha=01;31:*.lz4=01;31:*.lzh=01;31:*.lzma=01;31:*.tlz=01;31:*.txz=01;31:*.tzo=01;31:*.t7z=01;31:*.zip=01;31:*.z=01;31:*.dz=01;31:*.gz=01;31:*.lrz=01;31:*.lz=01;31:*.lzo=01;31:*.xz=01;31:*.zst=01;31:*.tzst=01;31:*.bz2=01;31:*.bz=01;31:*.tbz=01;31:*.tbz2=01;31:*.tz=01;31:*.deb=01;31:*.rpm=01;31:*.jar=01;31:*.war=01;31:*.ear=01;31:*.sar=01;31:*.rar=01;31:*.alz=01;31:*.ace=01;31:*.zoo=01;31:*.cpio=01;31:*.7z=01;31:*.rz=01;31:*.cab=01;31:*.wim=01;31:*.swm=01;31:*.dwm=01;31:*.esd=01;31:*.jpg=01;35:*.jpeg=01;35:*.mjpg=01;35:*.mjpeg=01;35:*.gif=01;35:*.bmp=01;35:*.pbm=01;35:*.pgm=01;35:*.ppm=01;35:*.tga=01;35:*.xbm=01;35:*.xpm=01;35:*.tif=01;35:*.tiff=01;35:*.png=01;35:*.svg=01;35:*.svgz=01;35:*.mng=01;35:*.pcx=01;35:*.mov=01;35:*.mpg=01;35:*.mpeg=01;35:*.m2v=01;35:*.mkv=01;35:*.webm=01;35:*.webp=01;35:*.ogm=01;35:*.mp4=01;35:*.m4v=01;35:*.mp4v=01;35:*.vob=01;35:*.qt=01;35:*.nuv=01;35:*.wmv=01;35:*.asf=01;35:*.rm=01;35:*.rmvb=01;35:*.flc=01;35:*.avi=01;35:*.fli=01;35:*.flv=01;35:*.gl=01;35:*.dl=01;35:*.xcf=01;35:*.xwd=01;35:*.yuv=01;35:*.cgm=01;35:*.emf=01;35:*.ogv=01;35:*.ogx=01;35:*.aac=00;36:*.au=00;36:*.flac=00;36:*.m4a=00;36:*.mid=00;36:*.midi=00;36:*.mka=00;36:*.mp3=00;36:*.mpc=00;36:*.ogg=00;36:*.ra=00;36:*.wav=00;36:*.oga=00;36:*.opus=00;36:*.spx=00;36:*.xspf=00;36:'), ('ROS_DOMAIN_ID', '0'), ('AMENT_PREFIX_PATH', '/home/pi/seav2/install/carlikebot_ros2_control:/home/pi/seav2/install/serial:/home/pi/seav2/install/seav2_imu:/home/pi/seav2/install/seav2:/home/pi/seav2/install/ros2_control_demo_description:/home/pi/seav2/install/robot_cam_ros:/home/pi/seav2/install/ball_tracker:/home/pi/ss25/install/wheel_odometry:/home/pi/ss25/install/vup_2k7:/home/pi/ss25/install/summary:/home/pi/ss25/install/sllidar_ros2:/home/pi/ss25/install/safety_control:/home/pi/ss25/install/project:/home/pi/ss25/install/my_slam:/home/pi/ss25/install/my_motor_driver:/home/pi/ss25/install/final:/home/pi/ss25/install/description:/home/pi/ss25/install/bringup_pkg:/home/pi/ss25/src/summary/install/summary:/home/pi/ss25/src/install/wheel_odometry:/home/pi/ss25/src/install/summary:/home/pi/ss25/src/install/sllidar_ros2:/home/pi/ss25/src/install/safety_control:/home/pi/ss25/src/install/project:/home/pi/ss25/src/install/my_motor_driver:/home/pi/ss25/src/install/description:/home/pi/ss25/src/install/bringup_pkg:/home/pi/install/summary:/home/pi/demo_testing_9_april/seav/install/yolov8_ros:/home/pi/demo_testing_9_april/seav/install/static_tf_publisher:/home/pi/demo_testing_9_april/seav/install/seav_test_sensors:/home/pi/demo_testing_9_april/seav/install/seav_simulation:/home/pi/demo_testing_9_april/seav/install/seav_description:/home/pi/demo_testing_9_april/seav/install/rplidar_ros:/home/pi/demo_testing_9_april/seav/install/my_robot_controller:/home/pi/demo_testing_9_april/seav/install/my_nav2_pkg:/opt/ros/humble'), ('SHELL', '/bin/bash'), ('LC_NAME', 'en_US.UTF-8'), ('LESSCLOSE', '/usr/bin/lesspipe %s %s'), ('LC_MEASUREMENT', 'en_US.UTF-8'), ('LC_IDENTIFICATION', 'en_US.UTF-8'), ('PWD', '/home/pi/seav2/build/serial'), ('LC_ALL', 'en_US.UTF-8'), ('SSH_CONNECTION', '192.168.0.105 55666 192.168.0.210 22'), ('XDG_DATA_DIRS', '/usr/local/share:/usr/share:/var/lib/snapd/desktop'), ('PYTHONPATH', '/home/pi/seav2/build/seav2_imu:/home/pi/seav2/install/seav2_imu/lib/python3.10/site-packages:/home/pi/seav2/build/robot_cam_ros:/home/pi/seav2/install/robot_cam_ros/lib/python3.10/site-packages:/home/pi/seav2/build/ball_tracker:/home/pi/seav2/install/ball_tracker/lib/python3.10/site-packages:/home/pi/ss25/install/wheel_odometry/lib/python3.10/site-packages:/home/pi/ss25/install/vup_2k7/lib/python3.10/site-packages:/home/pi/ss25/install/summary/lib/python3.10/site-packages:/home/pi/ss25/install/safety_control/lib/python3.10/site-packages:/home/pi/ss25/install/project/lib/python3.10/site-packages:/home/pi/ss25/install/my_slam/lib/python3.10/site-packages:/home/pi/ss25/install/my_motor_driver/lib/python3.10/site-packages:/home/pi/ss25/install/final/lib/python3.10/site-packages:/home/pi/ss25/install/description/lib/python3.10/site-packages:/home/pi/ss25/install/bringup_pkg/lib/python3.10/site-packages:/home/pi/ss25/src/summary/install/summary/lib/python3.10/site-packages:/home/pi/ss25/src/install/wheel_odometry/lib/python3.10/site-packages:/home/pi/ss25/src/install/summary/lib/python3.10/site-packages:/home/pi/ss25/src/install/safety_control/lib/python3.10/site-packages:/home/pi/ss25/src/install/project/lib/python3.10/site-packages:/home/pi/ss25/src/install/my_motor_driver/lib/python3.10/site-packages:/home/pi/ss25/src/install/description/lib/python3.10/site-packages:/home/pi/ss25/src/install/bringup_pkg/lib/python3.10/site-packages:/home/pi/install/summary/lib/python3.10/site-packages:/home/pi/demo_testing_9_april/seav/install/yolov8_ros/lib/python3.10/site-packages:/home/pi/demo_testing_9_april/seav/install/static_tf_publisher/lib/python3.10/site-packages:/home/pi/demo_testing_9_april/seav/install/seav_test_sensors/lib/python3.10/site-packages:/home/pi/demo_testing_9_april/seav/install/my_robot_controller/lib/python3.10/site-packages:/opt/ros/humble/lib/python3.10/site-packages:/opt/ros/humble/local/lib/python3.10/dist-packages'), ('ROS_HOSTNAME', '192.168.137.192'), ('LC_NUMERIC', 'en_US.UTF-8'), ('LC_PAPER', 'en_US.UTF-8'), ('COLCON', '1'), ('CMAKE_PREFIX_PATH', '/home/pi/seav2/install/carlikebot_ros2_control:/home/pi/seav2/install/serial:/home/pi/seav2/install/seav2:/home/pi/seav2/install/ros2_control_demo_description:/home/pi/ss25/install/sllidar_ros2:/home/pi/ss25/src/install/sllidar_ros2:/home/pi/demo_testing_9_april/seav/install/seav_simulation:/home/pi/demo_testing_9_april/seav/install/seav_description:/home/pi/demo_testing_9_april/seav/install/rplidar_ros:/home/pi/demo_testing_9_april/seav/install/my_nav2_pkg:/home/pi/seav2/install/seav2_imu:/home/pi/seav2/install/robot_cam_ros:/home/pi/seav2/install/ball_tracker:/home/pi/ss25/install/wheel_odometry:/home/pi/ss25/install/vup_2k7:/home/pi/ss25/install/summary:/home/pi/ss25/install/safety_control:/home/pi/ss25/install/project:/home/pi/ss25/install/my_slam:/home/pi/ss25/install/my_motor_driver:/home/pi/ss25/install/final:/home/pi/ss25/install/description:/home/pi/ss25/install/bringup_pkg:/home/pi/ss25/src/summary/install/summary:/home/pi/ss25/src/install/wheel_odometry:/home/pi/ss25/src/install/summary:/home/pi/ss25/src/install/safety_control:/home/pi/ss25/src/install/project:/home/pi/ss25/src/install/my_motor_driver:/home/pi/ss25/src/install/description:/home/pi/ss25/src/install/bringup_pkg:/home/pi/install/summary:/home/pi/demo_testing_9_april/seav/install/yolov8_ros:/home/pi/demo_testing_9_april/seav/install/static_tf_publisher:/home/pi/demo_testing_9_april/seav/install/seav_test_sensors:/home/pi/demo_testing_9_april/seav/install/my_robot_controller:/opt/ros/humble')]), 'shell': False}
[0.809400] (-) TimerEvent: {}
[0.911894] (-) TimerEvent: {}
[1.021300] (-) TimerEvent: {}
[1.122847] (-) TimerEvent: {}
[1.224412] (-) TimerEvent: {}
[1.325902] (-) TimerEvent: {}
[1.427557] (-) TimerEvent: {}
[1.529194] (-) TimerEvent: {}
[1.630810] (-) TimerEvent: {}
[1.732389] (-) TimerEvent: {}
[1.834773] (-) TimerEvent: {}
[1.936423] (-) TimerEvent: {}
[2.038146] (-) TimerEvent: {}
[2.139757] (-) TimerEvent: {}
[2.241430] (-) TimerEvent: {}
[2.343290] (-) TimerEvent: {}
[2.446165] (-) TimerEvent: {}
[2.549047] (-) TimerEvent: {}
[2.651766] (-) TimerEvent: {}
[2.754693] (-) TimerEvent: {}
[2.857757] (-) TimerEvent: {}
[2.960615] (-) TimerEvent: {}
[3.063356] (-) TimerEvent: {}
[3.165221] (-) TimerEvent: {}
[3.268781] (-) TimerEvent: {}
[3.371634] (-) TimerEvent: {}
[3.473311] (-) TimerEvent: {}
[3.576990] (-) TimerEvent: {}
[3.680751] (-) TimerEvent: {}
[3.784197] (-) TimerEvent: {}
[3.888030] (-) TimerEvent: {}
[3.991890] (-) TimerEvent: {}
[4.097428] (-) TimerEvent: {}
[4.201213] (-) TimerEvent: {}
[4.306831] (-) TimerEvent: {}
[4.410491] (-) TimerEvent: {}
[4.513741] (-) TimerEvent: {}
[4.617406] (-) TimerEvent: {}
[4.721764] (-) TimerEvent: {}
[4.824575] (-) TimerEvent: {}
[4.927532] (-) TimerEvent: {}
[5.030815] (-) TimerEvent: {}
[5.134022] (-) TimerEvent: {}
[5.236000] (-) TimerEvent: {}
[5.337636] (-) TimerEvent: {}
[5.439195] (-) TimerEvent: {}
[5.540852] (-) TimerEvent: {}
[5.642710] (-) TimerEvent: {}
[5.744486] (-) TimerEvent: {}
[5.846157] (-) TimerEvent: {}
[5.948649] (-) TimerEvent: {}
[6.051961] (-) TimerEvent: {}
[6.153877] (-) TimerEvent: {}
[6.256167] (-) TimerEvent: {}
[6.360562] (-) TimerEvent: {}
[6.364438] (ros2_control_demo_description) StdoutLine: {'line': b'-- Found ament_cmake: 1.3.12 (/opt/ros/humble/share/ament_cmake/cmake)\n'}
[6.370514] (ros2_control_demo_description) StdoutLine: {'line': b'-- Override CMake install command with custom implementation using symlinks instead of copying resources\n'}
[6.375175] (ros2_control_demo_description) StdoutLine: {'line': b'-- Configuring done\n'}
[6.384453] (ros2_control_demo_description) StdoutLine: {'line': b'-- Generating done\n'}
[6.386888] (ros2_control_demo_description) StdoutLine: {'line': b'-- Build files have been written to: /home/pi/seav2/build/ros2_control_demo_description\n'}
[6.388749] (serial) StdoutLine: {'line': b'-- Found ament_cmake: 1.3.12 (/opt/ros/humble/share/ament_cmake/cmake)\n'}
[6.391132] (serial) StdoutLine: {'line': b'-- Override CMake install command with custom implementation using symlinks instead of copying resources\n'}
[6.393187] (serial) StdoutLine: {'line': b'-- Found ament_cmake_gtest: 1.3.12 (/opt/ros/humble/share/ament_cmake_gtest/cmake)\n'}
[6.414765] (serial) StdoutLine: {'line': b"-- Found gtest sources under '/opt/ros/humble/src/gtest_vendor': C++ tests using 'Google Test' will be built\n"}
[6.416759] (serial) StdoutLine: {'line': b'-- Configuring done\n'}
[6.417662] (serial) StdoutLine: {'line': b'-- Generating done\n'}
[6.418510] (serial) StdoutLine: {'line': b'-- Build files have been written to: /home/pi/seav2/build/serial\n'}
[6.419401] (serial) CommandEnded: {'returncode': 0}
[6.422580] (serial) JobProgress: {'identifier': 'serial', 'progress': 'build'}
[6.422902] (serial) Command: {'cmd': ['/usr/bin/cmake', '--build', '/home/pi/seav2/build/serial', '--', '-j4', '-l4'], 'cwd': '/home/pi/seav2/build/serial', 'env': OrderedDict([('LESSOPEN', '| /usr/bin/lesspipe %s'), ('USER', 'pi'), ('SSH_CLIENT', '192.168.0.105 55666 22'), ('LC_TIME', 'en_US.UTF-8'), ('XDG_SESSION_TYPE', 'tty'), ('SHLVL', '1'), ('LD_LIBRARY_PATH', '/home/pi/seav2/install/carlikebot_ros2_control/lib:/home/pi/seav2/install/serial/lib:/opt/ros/humble/opt/rviz_ogre_vendor/lib:/opt/ros/humble/lib/aarch64-linux-gnu:/opt/ros/humble/lib'), ('MOTD_SHOWN', 'pam'), ('HOME', '/home/pi'), ('OLDPWD', '/home/pi/seav2/src'), ('SSH_TTY', '/dev/pts/0'), ('ROS_PYTHON_VERSION', '3'), ('LC_MONETARY', 'en_US.UTF-8'), ('ROS_IP', '192.168.137.192'), ('DBUS_SESSION_BUS_ADDRESS', 'unix:path=/run/user/1000/bus'), ('QT_QPA_PLATFORM_PLUGIN_PATH', '/home/your_username/.local/lib/python3.10/site-packages/cv2/qt/plugins'), ('COLCON_PREFIX_PATH', '/home/pi/seav2/install:/home/pi/ss25/install:/home/pi/ss25/src/description/description/install:/home/pi/ss25/src/summary/install:/home/pi/ss25/src/install:/home/pi/demo_testing_9_april/seav/install:/home/pi/install'), ('ROS_DISTRO', 'humble'), ('LOGNAME', 'pi'), ('_', '/usr/bin/colcon'), ('ROS_VERSION', '2'), ('XDG_SESSION_CLASS', 'user'), ('TERM', 'xterm-256color'), ('XDG_SESSION_ID', '1'), ('ROS_LOCALHOST_ONLY', '0'), ('PATH', '/home/pi/.local/bin:/home/pi/.local/bin:/opt/ros/humble/bin:/usr/local/sbin:/usr/local/bin:/usr/sbin:/usr/bin:/sbin:/bin:/usr/games:/usr/local/games:/snap/bin'), ('LC_ADDRESS', 'en_US.UTF-8'), ('XDG_RUNTIME_DIR', '/run/user/1000'), ('DISPLAY', 'localhost:10.0'), ('LANG', 'en_US.UTF-8'), ('LC_TELEPHONE', 'en_US.UTF-8'), ('LS_COLORS', 'rs=0:di=01;34:ln=01;36:mh=00:pi=40;33:so=01;35:do=01;35:bd=40;33;01:cd=40;33;01:or=40;31;01:mi=00:su=37;41:sg=30;43:ca=30;41:tw=30;42:ow=34;42:st=37;44:ex=01;32:*.tar=01;31:*.tgz=01;31:*.arc=01;31:*.arj=01;31:*.taz=01;31:*.lha=01;31:*.lz4=01;31:*.lzh=01;31:*.lzma=01;31:*.tlz=01;31:*.txz=01;31:*.tzo=01;31:*.t7z=01;31:*.zip=01;31:*.z=01;31:*.dz=01;31:*.gz=01;31:*.lrz=01;31:*.lz=01;31:*.lzo=01;31:*.xz=01;31:*.zst=01;31:*.tzst=01;31:*.bz2=01;31:*.bz=01;31:*.tbz=01;31:*.tbz2=01;31:*.tz=01;31:*.deb=01;31:*.rpm=01;31:*.jar=01;31:*.war=01;31:*.ear=01;31:*.sar=01;31:*.rar=01;31:*.alz=01;31:*.ace=01;31:*.zoo=01;31:*.cpio=01;31:*.7z=01;31:*.rz=01;31:*.cab=01;31:*.wim=01;31:*.swm=01;31:*.dwm=01;31:*.esd=01;31:*.jpg=01;35:*.jpeg=01;35:*.mjpg=01;35:*.mjpeg=01;35:*.gif=01;35:*.bmp=01;35:*.pbm=01;35:*.pgm=01;35:*.ppm=01;35:*.tga=01;35:*.xbm=01;35:*.xpm=01;35:*.tif=01;35:*.tiff=01;35:*.png=01;35:*.svg=01;35:*.svgz=01;35:*.mng=01;35:*.pcx=01;35:*.mov=01;35:*.mpg=01;35:*.mpeg=01;35:*.m2v=01;35:*.mkv=01;35:*.webm=01;35:*.webp=01;35:*.ogm=01;35:*.mp4=01;35:*.m4v=01;35:*.mp4v=01;35:*.vob=01;35:*.qt=01;35:*.nuv=01;35:*.wmv=01;35:*.asf=01;35:*.rm=01;35:*.rmvb=01;35:*.flc=01;35:*.avi=01;35:*.fli=01;35:*.flv=01;35:*.gl=01;35:*.dl=01;35:*.xcf=01;35:*.xwd=01;35:*.yuv=01;35:*.cgm=01;35:*.emf=01;35:*.ogv=01;35:*.ogx=01;35:*.aac=00;36:*.au=00;36:*.flac=00;36:*.m4a=00;36:*.mid=00;36:*.midi=00;36:*.mka=00;36:*.mp3=00;36:*.mpc=00;36:*.ogg=00;36:*.ra=00;36:*.wav=00;36:*.oga=00;36:*.opus=00;36:*.spx=00;36:*.xspf=00;36:'), ('ROS_DOMAIN_ID', '0'), ('AMENT_PREFIX_PATH', '/home/pi/seav2/install/carlikebot_ros2_control:/home/pi/seav2/install/serial:/home/pi/seav2/install/seav2_imu:/home/pi/seav2/install/seav2:/home/pi/seav2/install/ros2_control_demo_description:/home/pi/seav2/install/robot_cam_ros:/home/pi/seav2/install/ball_tracker:/home/pi/ss25/install/wheel_odometry:/home/pi/ss25/install/vup_2k7:/home/pi/ss25/install/summary:/home/pi/ss25/install/sllidar_ros2:/home/pi/ss25/install/safety_control:/home/pi/ss25/install/project:/home/pi/ss25/install/my_slam:/home/pi/ss25/install/my_motor_driver:/home/pi/ss25/install/final:/home/pi/ss25/install/description:/home/pi/ss25/install/bringup_pkg:/home/pi/ss25/src/summary/install/summary:/home/pi/ss25/src/install/wheel_odometry:/home/pi/ss25/src/install/summary:/home/pi/ss25/src/install/sllidar_ros2:/home/pi/ss25/src/install/safety_control:/home/pi/ss25/src/install/project:/home/pi/ss25/src/install/my_motor_driver:/home/pi/ss25/src/install/description:/home/pi/ss25/src/install/bringup_pkg:/home/pi/install/summary:/home/pi/demo_testing_9_april/seav/install/yolov8_ros:/home/pi/demo_testing_9_april/seav/install/static_tf_publisher:/home/pi/demo_testing_9_april/seav/install/seav_test_sensors:/home/pi/demo_testing_9_april/seav/install/seav_simulation:/home/pi/demo_testing_9_april/seav/install/seav_description:/home/pi/demo_testing_9_april/seav/install/rplidar_ros:/home/pi/demo_testing_9_april/seav/install/my_robot_controller:/home/pi/demo_testing_9_april/seav/install/my_nav2_pkg:/opt/ros/humble'), ('SHELL', '/bin/bash'), ('LC_NAME', 'en_US.UTF-8'), ('LESSCLOSE', '/usr/bin/lesspipe %s %s'), ('LC_MEASUREMENT', 'en_US.UTF-8'), ('LC_IDENTIFICATION', 'en_US.UTF-8'), ('PWD', '/home/pi/seav2/build/serial'), ('LC_ALL', 'en_US.UTF-8'), ('SSH_CONNECTION', '192.168.0.105 55666 192.168.0.210 22'), ('XDG_DATA_DIRS', '/usr/local/share:/usr/share:/var/lib/snapd/desktop'), ('PYTHONPATH', '/home/pi/seav2/build/seav2_imu:/home/pi/seav2/install/seav2_imu/lib/python3.10/site-packages:/home/pi/seav2/build/robot_cam_ros:/home/pi/seav2/install/robot_cam_ros/lib/python3.10/site-packages:/home/pi/seav2/build/ball_tracker:/home/pi/seav2/install/ball_tracker/lib/python3.10/site-packages:/home/pi/ss25/install/wheel_odometry/lib/python3.10/site-packages:/home/pi/ss25/install/vup_2k7/lib/python3.10/site-packages:/home/pi/ss25/install/summary/lib/python3.10/site-packages:/home/pi/ss25/install/safety_control/lib/python3.10/site-packages:/home/pi/ss25/install/project/lib/python3.10/site-packages:/home/pi/ss25/install/my_slam/lib/python3.10/site-packages:/home/pi/ss25/install/my_motor_driver/lib/python3.10/site-packages:/home/pi/ss25/install/final/lib/python3.10/site-packages:/home/pi/ss25/install/description/lib/python3.10/site-packages:/home/pi/ss25/install/bringup_pkg/lib/python3.10/site-packages:/home/pi/ss25/src/summary/install/summary/lib/python3.10/site-packages:/home/pi/ss25/src/install/wheel_odometry/lib/python3.10/site-packages:/home/pi/ss25/src/install/summary/lib/python3.10/site-packages:/home/pi/ss25/src/install/safety_control/lib/python3.10/site-packages:/home/pi/ss25/src/install/project/lib/python3.10/site-packages:/home/pi/ss25/src/install/my_motor_driver/lib/python3.10/site-packages:/home/pi/ss25/src/install/description/lib/python3.10/site-packages:/home/pi/ss25/src/install/bringup_pkg/lib/python3.10/site-packages:/home/pi/install/summary/lib/python3.10/site-packages:/home/pi/demo_testing_9_april/seav/install/yolov8_ros/lib/python3.10/site-packages:/home/pi/demo_testing_9_april/seav/install/static_tf_publisher/lib/python3.10/site-packages:/home/pi/demo_testing_9_april/seav/install/seav_test_sensors/lib/python3.10/site-packages:/home/pi/demo_testing_9_april/seav/install/my_robot_controller/lib/python3.10/site-packages:/opt/ros/humble/lib/python3.10/site-packages:/opt/ros/humble/local/lib/python3.10/dist-packages'), ('ROS_HOSTNAME', '192.168.137.192'), ('LC_NUMERIC', 'en_US.UTF-8'), ('LC_PAPER', 'en_US.UTF-8'), ('COLCON', '1'), ('CMAKE_PREFIX_PATH', '/home/pi/seav2/install/carlikebot_ros2_control:/home/pi/seav2/install/serial:/home/pi/seav2/install/seav2:/home/pi/seav2/install/ros2_control_demo_description:/home/pi/ss25/install/sllidar_ros2:/home/pi/ss25/src/install/sllidar_ros2:/home/pi/demo_testing_9_april/seav/install/seav_simulation:/home/pi/demo_testing_9_april/seav/install/seav_description:/home/pi/demo_testing_9_april/seav/install/rplidar_ros:/home/pi/demo_testing_9_april/seav/install/my_nav2_pkg:/home/pi/seav2/install/seav2_imu:/home/pi/seav2/install/robot_cam_ros:/home/pi/seav2/install/ball_tracker:/home/pi/ss25/install/wheel_odometry:/home/pi/ss25/install/vup_2k7:/home/pi/ss25/install/summary:/home/pi/ss25/install/safety_control:/home/pi/ss25/install/project:/home/pi/ss25/install/my_slam:/home/pi/ss25/install/my_motor_driver:/home/pi/ss25/install/final:/home/pi/ss25/install/description:/home/pi/ss25/install/bringup_pkg:/home/pi/ss25/src/summary/install/summary:/home/pi/ss25/src/install/wheel_odometry:/home/pi/ss25/src/install/summary:/home/pi/ss25/src/install/safety_control:/home/pi/ss25/src/install/project:/home/pi/ss25/src/install/my_motor_driver:/home/pi/ss25/src/install/description:/home/pi/ss25/src/install/bringup_pkg:/home/pi/install/summary:/home/pi/demo_testing_9_april/seav/install/yolov8_ros:/home/pi/demo_testing_9_april/seav/install/static_tf_publisher:/home/pi/demo_testing_9_april/seav/install/seav_test_sensors:/home/pi/demo_testing_9_april/seav/install/my_robot_controller:/opt/ros/humble')]), 'shell': False}
[6.461597] (-) TimerEvent: {}
[6.569548] (-) TimerEvent: {}
[6.673228] (-) TimerEvent: {}
[6.777799] (-) TimerEvent: {}
[6.882983] (-) TimerEvent: {}
[6.986614] (-) TimerEvent: {}
[7.089450] (-) TimerEvent: {}
[7.192462] (-) TimerEvent: {}
[7.296379] (-) TimerEvent: {}
[7.399205] (-) TimerEvent: {}
[7.502919] (-) TimerEvent: {}
[7.604490] (-) TimerEvent: {}
[7.707388] (-) TimerEvent: {}
[7.809026] (-) TimerEvent: {}
[7.910985] (-) TimerEvent: {}
[8.012700] (-) TimerEvent: {}
[8.114290] (-) TimerEvent: {}
[8.215998] (-) TimerEvent: {}
[8.317475] (-) TimerEvent: {}
[8.418947] (-) TimerEvent: {}
[8.520677] (-) TimerEvent: {}
[8.626060] (-) TimerEvent: {}
[8.730779] (-) TimerEvent: {}
[8.832331] (-) TimerEvent: {}
[8.934250] (-) TimerEvent: {}
[9.038721] (-) TimerEvent: {}
[9.140331] (-) TimerEvent: {}
[9.241861] (-) TimerEvent: {}
[9.343449] (-) TimerEvent: {}
[9.445016] (-) TimerEvent: {}
[9.546444] (-) TimerEvent: {}
[9.647981] (-) TimerEvent: {}
[9.749366] (-) TimerEvent: {}
[9.850840] (-) TimerEvent: {}
[9.952482] (-) TimerEvent: {}
[10.054061] (-) TimerEvent: {}
[10.155656] (-) TimerEvent: {}
[10.257276] (-) TimerEvent: {}
[10.358742] (-) TimerEvent: {}
[10.460275] (-) TimerEvent: {}
[10.561684] (-) TimerEvent: {}
[10.663128] (-) TimerEvent: {}
[10.764817] (-) TimerEvent: {}
[10.866337] (-) TimerEvent: {}
[10.967881] (-) TimerEvent: {}
[11.069361] (-) TimerEvent: {}
[11.171144] (-) TimerEvent: {}
[11.273278] (-) TimerEvent: {}
[11.375396] (-) TimerEvent: {}
[11.423670] (ros2_control_demo_description) CommandEnded: {'returncode': 0}
[11.430539] (serial) StdoutLine: {'line': b'\x1b[35m\x1b[1mConsolidate compiler generated dependencies of target gtest\x1b[0m\n'}
[11.451343] (serial) StdoutLine: {'line': b'\x1b[35m\x1b[1mConsolidate compiler generated dependencies of target serial\x1b[0m\n'}
[11.453758] (serial) StdoutLine: {'line': b'\x1b[35m\x1b[1mConsolidate compiler generated dependencies of target gtest_main\x1b[0m\n'}
[11.457626] (serial) StdoutLine: {'line': b'[ 14%] Built target gtest\n'}
[11.458907] (serial) StdoutLine: {'line': b'[ 42%] Built target serial\n'}
[11.460294] (serial) StdoutLine: {'line': b'[ 57%] Built target gtest_main\n'}
[11.461556] (serial) StdoutLine: {'line': b'\x1b[35m\x1b[1mConsolidate compiler generated dependencies of target serial_example\x1b[0m\n'}
[11.462676] (serial) StdoutLine: {'line': b'\x1b[35m\x1b[1mConsolidate compiler generated dependencies of target serial-test-timer\x1b[0m\n'}
[11.473484] (serial) StdoutLine: {'line': b'\x1b[35m\x1b[1mConsolidate compiler generated dependencies of target serial-test\x1b[0m\n'}
[11.483269] (-) TimerEvent: {}
[11.493501] (serial) StdoutLine: {'line': b'[ 71%] Built target serial_example\n'}
[11.496703] (serial) StdoutLine: {'line': b'[ 85%] Built target serial-test-timer\n'}
[11.498180] (serial) StdoutLine: {'line': b'[100%] Built target serial-test\n'}
[11.499573] (ros2_control_demo_description) JobProgress: {'identifier': 'ros2_control_demo_description', 'progress': 'build'}
[11.500056] (ros2_control_demo_description) Command: {'cmd': ['/usr/bin/cmake', '--build', '/home/pi/seav2/build/ros2_control_demo_description', '--', '-j4', '-l4'], 'cwd': '/home/pi/seav2/build/ros2_control_demo_description', 'env': OrderedDict([('LESSOPEN', '| /usr/bin/lesspipe %s'), ('USER', 'pi'), ('SSH_CLIENT', '192.168.0.105 55666 22'), ('LC_TIME', 'en_US.UTF-8'), ('XDG_SESSION_TYPE', 'tty'), ('SHLVL', '1'), ('LD_LIBRARY_PATH', '/home/pi/seav2/install/carlikebot_ros2_control/lib:/home/pi/seav2/install/serial/lib:/opt/ros/humble/opt/rviz_ogre_vendor/lib:/opt/ros/humble/lib/aarch64-linux-gnu:/opt/ros/humble/lib'), ('MOTD_SHOWN', 'pam'), ('HOME', '/home/pi'), ('OLDPWD', '/home/pi/seav2/src'), ('SSH_TTY', '/dev/pts/0'), ('ROS_PYTHON_VERSION', '3'), ('LC_MONETARY', 'en_US.UTF-8'), ('ROS_IP', '192.168.137.192'), ('DBUS_SESSION_BUS_ADDRESS', 'unix:path=/run/user/1000/bus'), ('QT_QPA_PLATFORM_PLUGIN_PATH', '/home/your_username/.local/lib/python3.10/site-packages/cv2/qt/plugins'), ('COLCON_PREFIX_PATH', '/home/pi/seav2/install:/home/pi/ss25/install:/home/pi/ss25/src/description/description/install:/home/pi/ss25/src/summary/install:/home/pi/ss25/src/install:/home/pi/demo_testing_9_april/seav/install:/home/pi/install'), ('ROS_DISTRO', 'humble'), ('LOGNAME', 'pi'), ('_', '/usr/bin/colcon'), ('ROS_VERSION', '2'), ('XDG_SESSION_CLASS', 'user'), ('TERM', 'xterm-256color'), ('XDG_SESSION_ID', '1'), ('ROS_LOCALHOST_ONLY', '0'), ('PATH', '/home/pi/.local/bin:/home/pi/.local/bin:/opt/ros/humble/bin:/usr/local/sbin:/usr/local/bin:/usr/sbin:/usr/bin:/sbin:/bin:/usr/games:/usr/local/games:/snap/bin'), ('LC_ADDRESS', 'en_US.UTF-8'), ('XDG_RUNTIME_DIR', '/run/user/1000'), ('DISPLAY', 'localhost:10.0'), ('LANG', 'en_US.UTF-8'), ('LC_TELEPHONE', 'en_US.UTF-8'), ('LS_COLORS', 'rs=0:di=01;34:ln=01;36:mh=00:pi=40;33:so=01;35:do=01;35:bd=40;33;01:cd=40;33;01:or=40;31;01:mi=00:su=37;41:sg=30;43:ca=30;41:tw=30;42:ow=34;42:st=37;44:ex=01;32:*.tar=01;31:*.tgz=01;31:*.arc=01;31:*.arj=01;31:*.taz=01;31:*.lha=01;31:*.lz4=01;31:*.lzh=01;31:*.lzma=01;31:*.tlz=01;31:*.txz=01;31:*.tzo=01;31:*.t7z=01;31:*.zip=01;31:*.z=01;31:*.dz=01;31:*.gz=01;31:*.lrz=01;31:*.lz=01;31:*.lzo=01;31:*.xz=01;31:*.zst=01;31:*.tzst=01;31:*.bz2=01;31:*.bz=01;31:*.tbz=01;31:*.tbz2=01;31:*.tz=01;31:*.deb=01;31:*.rpm=01;31:*.jar=01;31:*.war=01;31:*.ear=01;31:*.sar=01;31:*.rar=01;31:*.alz=01;31:*.ace=01;31:*.zoo=01;31:*.cpio=01;31:*.7z=01;31:*.rz=01;31:*.cab=01;31:*.wim=01;31:*.swm=01;31:*.dwm=01;31:*.esd=01;31:*.jpg=01;35:*.jpeg=01;35:*.mjpg=01;35:*.mjpeg=01;35:*.gif=01;35:*.bmp=01;35:*.pbm=01;35:*.pgm=01;35:*.ppm=01;35:*.tga=01;35:*.xbm=01;35:*.xpm=01;35:*.tif=01;35:*.tiff=01;35:*.png=01;35:*.svg=01;35:*.svgz=01;35:*.mng=01;35:*.pcx=01;35:*.mov=01;35:*.mpg=01;35:*.mpeg=01;35:*.m2v=01;35:*.mkv=01;35:*.webm=01;35:*.webp=01;35:*.ogm=01;35:*.mp4=01;35:*.m4v=01;35:*.mp4v=01;35:*.vob=01;35:*.qt=01;35:*.nuv=01;35:*.wmv=01;35:*.asf=01;35:*.rm=01;35:*.rmvb=01;35:*.flc=01;35:*.avi=01;35:*.fli=01;35:*.flv=01;35:*.gl=01;35:*.dl=01;35:*.xcf=01;35:*.xwd=01;35:*.yuv=01;35:*.cgm=01;35:*.emf=01;35:*.ogv=01;35:*.ogx=01;35:*.aac=00;36:*.au=00;36:*.flac=00;36:*.m4a=00;36:*.mid=00;36:*.midi=00;36:*.mka=00;36:*.mp3=00;36:*.mpc=00;36:*.ogg=00;36:*.ra=00;36:*.wav=00;36:*.oga=00;36:*.opus=00;36:*.spx=00;36:*.xspf=00;36:'), ('ROS_DOMAIN_ID', '0'), ('AMENT_PREFIX_PATH', '/home/pi/seav2/install/carlikebot_ros2_control:/home/pi/seav2/install/serial:/home/pi/seav2/install/seav2_imu:/home/pi/seav2/install/seav2:/home/pi/seav2/install/ros2_control_demo_description:/home/pi/seav2/install/robot_cam_ros:/home/pi/seav2/install/ball_tracker:/home/pi/ss25/install/wheel_odometry:/home/pi/ss25/install/vup_2k7:/home/pi/ss25/install/summary:/home/pi/ss25/install/sllidar_ros2:/home/pi/ss25/install/safety_control:/home/pi/ss25/install/project:/home/pi/ss25/install/my_slam:/home/pi/ss25/install/my_motor_driver:/home/pi/ss25/install/final:/home/pi/ss25/install/description:/home/pi/ss25/install/bringup_pkg:/home/pi/ss25/src/summary/install/summary:/home/pi/ss25/src/install/wheel_odometry:/home/pi/ss25/src/install/summary:/home/pi/ss25/src/install/sllidar_ros2:/home/pi/ss25/src/install/safety_control:/home/pi/ss25/src/install/project:/home/pi/ss25/src/install/my_motor_driver:/home/pi/ss25/src/install/description:/home/pi/ss25/src/install/bringup_pkg:/home/pi/install/summary:/home/pi/demo_testing_9_april/seav/install/yolov8_ros:/home/pi/demo_testing_9_april/seav/install/static_tf_publisher:/home/pi/demo_testing_9_april/seav/install/seav_test_sensors:/home/pi/demo_testing_9_april/seav/install/seav_simulation:/home/pi/demo_testing_9_april/seav/install/seav_description:/home/pi/demo_testing_9_april/seav/install/rplidar_ros:/home/pi/demo_testing_9_april/seav/install/my_robot_controller:/home/pi/demo_testing_9_april/seav/install/my_nav2_pkg:/opt/ros/humble'), ('SHELL', '/bin/bash'), ('LC_NAME', 'en_US.UTF-8'), ('LESSCLOSE', '/usr/bin/lesspipe %s %s'), ('LC_MEASUREMENT', 'en_US.UTF-8'), ('LC_IDENTIFICATION', 'en_US.UTF-8'), ('PWD', '/home/pi/seav2/build/ros2_control_demo_description'), ('LC_ALL', 'en_US.UTF-8'), ('SSH_CONNECTION', '192.168.0.105 55666 192.168.0.210 22'), ('XDG_DATA_DIRS', '/usr/local/share:/usr/share:/var/lib/snapd/desktop'), ('PYTHONPATH', '/home/pi/seav2/build/seav2_imu:/home/pi/seav2/install/seav2_imu/lib/python3.10/site-packages:/home/pi/seav2/build/robot_cam_ros:/home/pi/seav2/install/robot_cam_ros/lib/python3.10/site-packages:/home/pi/seav2/build/ball_tracker:/home/pi/seav2/install/ball_tracker/lib/python3.10/site-packages:/home/pi/ss25/install/wheel_odometry/lib/python3.10/site-packages:/home/pi/ss25/install/vup_2k7/lib/python3.10/site-packages:/home/pi/ss25/install/summary/lib/python3.10/site-packages:/home/pi/ss25/install/safety_control/lib/python3.10/site-packages:/home/pi/ss25/install/project/lib/python3.10/site-packages:/home/pi/ss25/install/my_slam/lib/python3.10/site-packages:/home/pi/ss25/install/my_motor_driver/lib/python3.10/site-packages:/home/pi/ss25/install/final/lib/python3.10/site-packages:/home/pi/ss25/install/description/lib/python3.10/site-packages:/home/pi/ss25/install/bringup_pkg/lib/python3.10/site-packages:/home/pi/ss25/src/summary/install/summary/lib/python3.10/site-packages:/home/pi/ss25/src/install/wheel_odometry/lib/python3.10/site-packages:/home/pi/ss25/src/install/summary/lib/python3.10/site-packages:/home/pi/ss25/src/install/safety_control/lib/python3.10/site-packages:/home/pi/ss25/src/install/project/lib/python3.10/site-packages:/home/pi/ss25/src/install/my_motor_driver/lib/python3.10/site-packages:/home/pi/ss25/src/install/description/lib/python3.10/site-packages:/home/pi/ss25/src/install/bringup_pkg/lib/python3.10/site-packages:/home/pi/install/summary/lib/python3.10/site-packages:/home/pi/demo_testing_9_april/seav/install/yolov8_ros/lib/python3.10/site-packages:/home/pi/demo_testing_9_april/seav/install/static_tf_publisher/lib/python3.10/site-packages:/home/pi/demo_testing_9_april/seav/install/seav_test_sensors/lib/python3.10/site-packages:/home/pi/demo_testing_9_april/seav/install/my_robot_controller/lib/python3.10/site-packages:/opt/ros/humble/lib/python3.10/site-packages:/opt/ros/humble/local/lib/python3.10/dist-packages'), ('ROS_HOSTNAME', '192.168.137.192'), ('LC_NUMERIC', 'en_US.UTF-8'), ('LC_PAPER', 'en_US.UTF-8'), ('COLCON', '1'), ('CMAKE_PREFIX_PATH', '/home/pi/seav2/install/carlikebot_ros2_control:/home/pi/seav2/install/serial:/home/pi/seav2/install/seav2:/home/pi/seav2/install/ros2_control_demo_description:/home/pi/ss25/install/sllidar_ros2:/home/pi/ss25/src/install/sllidar_ros2:/home/pi/demo_testing_9_april/seav/install/seav_simulation:/home/pi/demo_testing_9_april/seav/install/seav_description:/home/pi/demo_testing_9_april/seav/install/rplidar_ros:/home/pi/demo_testing_9_april/seav/install/my_nav2_pkg:/home/pi/seav2/install/seav2_imu:/home/pi/seav2/install/robot_cam_ros:/home/pi/seav2/install/ball_tracker:/home/pi/ss25/install/wheel_odometry:/home/pi/ss25/install/vup_2k7:/home/pi/ss25/install/summary:/home/pi/ss25/install/safety_control:/home/pi/ss25/install/project:/home/pi/ss25/install/my_slam:/home/pi/ss25/install/my_motor_driver:/home/pi/ss25/install/final:/home/pi/ss25/install/description:/home/pi/ss25/install/bringup_pkg:/home/pi/ss25/src/summary/install/summary:/home/pi/ss25/src/install/wheel_odometry:/home/pi/ss25/src/install/summary:/home/pi/ss25/src/install/safety_control:/home/pi/ss25/src/install/project:/home/pi/ss25/src/install/my_motor_driver:/home/pi/ss25/src/install/description:/home/pi/ss25/src/install/bringup_pkg:/home/pi/install/summary:/home/pi/demo_testing_9_april/seav/install/yolov8_ros:/home/pi/demo_testing_9_april/seav/install/static_tf_publisher:/home/pi/demo_testing_9_april/seav/install/seav_test_sensors:/home/pi/demo_testing_9_april/seav/install/my_robot_controller:/opt/ros/humble')]), 'shell': False}
[11.530021] (serial) CommandEnded: {'returncode': 0}
[11.539026] (serial) JobProgress: {'identifier': 'serial', 'progress': 'install'}
[11.583641] (-) TimerEvent: {}
[11.637576] (serial) Command: {'cmd': ['/usr/bin/cmake', '--install', '/home/pi/seav2/build/serial'], 'cwd': '/home/pi/seav2/build/serial', 'env': OrderedDict([('LESSOPEN', '| /usr/bin/lesspipe %s'), ('USER', 'pi'), ('SSH_CLIENT', '192.168.0.105 55666 22'), ('LC_TIME', 'en_US.UTF-8'), ('XDG_SESSION_TYPE', 'tty'), ('SHLVL', '1'), ('LD_LIBRARY_PATH', '/home/pi/seav2/install/carlikebot_ros2_control/lib:/home/pi/seav2/install/serial/lib:/opt/ros/humble/opt/rviz_ogre_vendor/lib:/opt/ros/humble/lib/aarch64-linux-gnu:/opt/ros/humble/lib'), ('MOTD_SHOWN', 'pam'), ('HOME', '/home/pi'), ('OLDPWD', '/home/pi/seav2/src'), ('SSH_TTY', '/dev/pts/0'), ('ROS_PYTHON_VERSION', '3'), ('LC_MONETARY', 'en_US.UTF-8'), ('ROS_IP', '192.168.137.192'), ('DBUS_SESSION_BUS_ADDRESS', 'unix:path=/run/user/1000/bus'), ('QT_QPA_PLATFORM_PLUGIN_PATH', '/home/your_username/.local/lib/python3.10/site-packages/cv2/qt/plugins'), ('COLCON_PREFIX_PATH', '/home/pi/seav2/install:/home/pi/ss25/install:/home/pi/ss25/src/description/description/install:/home/pi/ss25/src/summary/install:/home/pi/ss25/src/install:/home/pi/demo_testing_9_april/seav/install:/home/pi/install'), ('ROS_DISTRO', 'humble'), ('LOGNAME', 'pi'), ('_', '/usr/bin/colcon'), ('ROS_VERSION', '2'), ('XDG_SESSION_CLASS', 'user'), ('TERM', 'xterm-256color'), ('XDG_SESSION_ID', '1'), ('ROS_LOCALHOST_ONLY', '0'), ('PATH', '/home/pi/.local/bin:/home/pi/.local/bin:/opt/ros/humble/bin:/usr/local/sbin:/usr/local/bin:/usr/sbin:/usr/bin:/sbin:/bin:/usr/games:/usr/local/games:/snap/bin'), ('LC_ADDRESS', 'en_US.UTF-8'), ('XDG_RUNTIME_DIR', '/run/user/1000'), ('DISPLAY', 'localhost:10.0'), ('LANG', 'en_US.UTF-8'), ('LC_TELEPHONE', 'en_US.UTF-8'), ('LS_COLORS', 'rs=0:di=01;34:ln=01;36:mh=00:pi=40;33:so=01;35:do=01;35:bd=40;33;01:cd=40;33;01:or=40;31;01:mi=00:su=37;41:sg=30;43:ca=30;41:tw=30;42:ow=34;42:st=37;44:ex=01;32:*.tar=01;31:*.tgz=01;31:*.arc=01;31:*.arj=01;31:*.taz=01;31:*.lha=01;31:*.lz4=01;31:*.lzh=01;31:*.lzma=01;31:*.tlz=01;31:*.txz=01;31:*.tzo=01;31:*.t7z=01;31:*.zip=01;31:*.z=01;31:*.dz=01;31:*.gz=01;31:*.lrz=01;31:*.lz=01;31:*.lzo=01;31:*.xz=01;31:*.zst=01;31:*.tzst=01;31:*.bz2=01;31:*.bz=01;31:*.tbz=01;31:*.tbz2=01;31:*.tz=01;31:*.deb=01;31:*.rpm=01;31:*.jar=01;31:*.war=01;31:*.ear=01;31:*.sar=01;31:*.rar=01;31:*.alz=01;31:*.ace=01;31:*.zoo=01;31:*.cpio=01;31:*.7z=01;31:*.rz=01;31:*.cab=01;31:*.wim=01;31:*.swm=01;31:*.dwm=01;31:*.esd=01;31:*.jpg=01;35:*.jpeg=01;35:*.mjpg=01;35:*.mjpeg=01;35:*.gif=01;35:*.bmp=01;35:*.pbm=01;35:*.pgm=01;35:*.ppm=01;35:*.tga=01;35:*.xbm=01;35:*.xpm=01;35:*.tif=01;35:*.tiff=01;35:*.png=01;35:*.svg=01;35:*.svgz=01;35:*.mng=01;35:*.pcx=01;35:*.mov=01;35:*.mpg=01;35:*.mpeg=01;35:*.m2v=01;35:*.mkv=01;35:*.webm=01;35:*.webp=01;35:*.ogm=01;35:*.mp4=01;35:*.m4v=01;35:*.mp4v=01;35:*.vob=01;35:*.qt=01;35:*.nuv=01;35:*.wmv=01;35:*.asf=01;35:*.rm=01;35:*.rmvb=01;35:*.flc=01;35:*.avi=01;35:*.fli=01;35:*.flv=01;35:*.gl=01;35:*.dl=01;35:*.xcf=01;35:*.xwd=01;35:*.yuv=01;35:*.cgm=01;35:*.emf=01;35:*.ogv=01;35:*.ogx=01;35:*.aac=00;36:*.au=00;36:*.flac=00;36:*.m4a=00;36:*.mid=00;36:*.midi=00;36:*.mka=00;36:*.mp3=00;36:*.mpc=00;36:*.ogg=00;36:*.ra=00;36:*.wav=00;36:*.oga=00;36:*.opus=00;36:*.spx=00;36:*.xspf=00;36:'), ('ROS_DOMAIN_ID', '0'), ('AMENT_PREFIX_PATH', '/home/pi/seav2/install/carlikebot_ros2_control:/home/pi/seav2/install/serial:/home/pi/seav2/install/seav2_imu:/home/pi/seav2/install/seav2:/home/pi/seav2/install/ros2_control_demo_description:/home/pi/seav2/install/robot_cam_ros:/home/pi/seav2/install/ball_tracker:/home/pi/ss25/install/wheel_odometry:/home/pi/ss25/install/vup_2k7:/home/pi/ss25/install/summary:/home/pi/ss25/install/sllidar_ros2:/home/pi/ss25/install/safety_control:/home/pi/ss25/install/project:/home/pi/ss25/install/my_slam:/home/pi/ss25/install/my_motor_driver:/home/pi/ss25/install/final:/home/pi/ss25/install/description:/home/pi/ss25/install/bringup_pkg:/home/pi/ss25/src/summary/install/summary:/home/pi/ss25/src/install/wheel_odometry:/home/pi/ss25/src/install/summary:/home/pi/ss25/src/install/sllidar_ros2:/home/pi/ss25/src/install/safety_control:/home/pi/ss25/src/install/project:/home/pi/ss25/src/install/my_motor_driver:/home/pi/ss25/src/install/description:/home/pi/ss25/src/install/bringup_pkg:/home/pi/install/summary:/home/pi/demo_testing_9_april/seav/install/yolov8_ros:/home/pi/demo_testing_9_april/seav/install/static_tf_publisher:/home/pi/demo_testing_9_april/seav/install/seav_test_sensors:/home/pi/demo_testing_9_april/seav/install/seav_simulation:/home/pi/demo_testing_9_april/seav/install/seav_description:/home/pi/demo_testing_9_april/seav/install/rplidar_ros:/home/pi/demo_testing_9_april/seav/install/my_robot_controller:/home/pi/demo_testing_9_april/seav/install/my_nav2_pkg:/opt/ros/humble'), ('SHELL', '/bin/bash'), ('LC_NAME', 'en_US.UTF-8'), ('LESSCLOSE', '/usr/bin/lesspipe %s %s'), ('LC_MEASUREMENT', 'en_US.UTF-8'), ('LC_IDENTIFICATION', 'en_US.UTF-8'), ('PWD', '/home/pi/seav2/build/serial'), ('LC_ALL', 'en_US.UTF-8'), ('SSH_CONNECTION', '192.168.0.105 55666 192.168.0.210 22'), ('XDG_DATA_DIRS', '/usr/local/share:/usr/share:/var/lib/snapd/desktop'), ('PYTHONPATH', '/home/pi/seav2/build/seav2_imu:/home/pi/seav2/install/seav2_imu/lib/python3.10/site-packages:/home/pi/seav2/build/robot_cam_ros:/home/pi/seav2/install/robot_cam_ros/lib/python3.10/site-packages:/home/pi/seav2/build/ball_tracker:/home/pi/seav2/install/ball_tracker/lib/python3.10/site-packages:/home/pi/ss25/install/wheel_odometry/lib/python3.10/site-packages:/home/pi/ss25/install/vup_2k7/lib/python3.10/site-packages:/home/pi/ss25/install/summary/lib/python3.10/site-packages:/home/pi/ss25/install/safety_control/lib/python3.10/site-packages:/home/pi/ss25/install/project/lib/python3.10/site-packages:/home/pi/ss25/install/my_slam/lib/python3.10/site-packages:/home/pi/ss25/install/my_motor_driver/lib/python3.10/site-packages:/home/pi/ss25/install/final/lib/python3.10/site-packages:/home/pi/ss25/install/description/lib/python3.10/site-packages:/home/pi/ss25/install/bringup_pkg/lib/python3.10/site-packages:/home/pi/ss25/src/summary/install/summary/lib/python3.10/site-packages:/home/pi/ss25/src/install/wheel_odometry/lib/python3.10/site-packages:/home/pi/ss25/src/install/summary/lib/python3.10/site-packages:/home/pi/ss25/src/install/safety_control/lib/python3.10/site-packages:/home/pi/ss25/src/install/project/lib/python3.10/site-packages:/home/pi/ss25/src/install/my_motor_driver/lib/python3.10/site-packages:/home/pi/ss25/src/install/description/lib/python3.10/site-packages:/home/pi/ss25/src/install/bringup_pkg/lib/python3.10/site-packages:/home/pi/install/summary/lib/python3.10/site-packages:/home/pi/demo_testing_9_april/seav/install/yolov8_ros/lib/python3.10/site-packages:/home/pi/demo_testing_9_april/seav/install/static_tf_publisher/lib/python3.10/site-packages:/home/pi/demo_testing_9_april/seav/install/seav_test_sensors/lib/python3.10/site-packages:/home/pi/demo_testing_9_april/seav/install/my_robot_controller/lib/python3.10/site-packages:/opt/ros/humble/lib/python3.10/site-packages:/opt/ros/humble/local/lib/python3.10/dist-packages'), ('ROS_HOSTNAME', '192.168.137.192'), ('LC_NUMERIC', 'en_US.UTF-8'), ('LC_PAPER', 'en_US.UTF-8'), ('COLCON', '1'), ('CMAKE_PREFIX_PATH', '/home/pi/seav2/install/carlikebot_ros2_control:/home/pi/seav2/install/serial:/home/pi/seav2/install/seav2:/home/pi/seav2/install/ros2_control_demo_description:/home/pi/ss25/install/sllidar_ros2:/home/pi/ss25/src/install/sllidar_ros2:/home/pi/demo_testing_9_april/seav/install/seav_simulation:/home/pi/demo_testing_9_april/seav/install/seav_description:/home/pi/demo_testing_9_april/seav/install/rplidar_ros:/home/pi/demo_testing_9_april/seav/install/my_nav2_pkg:/home/pi/seav2/install/seav2_imu:/home/pi/seav2/install/robot_cam_ros:/home/pi/seav2/install/ball_tracker:/home/pi/ss25/install/wheel_odometry:/home/pi/ss25/install/vup_2k7:/home/pi/ss25/install/summary:/home/pi/ss25/install/safety_control:/home/pi/ss25/install/project:/home/pi/ss25/install/my_slam:/home/pi/ss25/install/my_motor_driver:/home/pi/ss25/install/final:/home/pi/ss25/install/description:/home/pi/ss25/install/bringup_pkg:/home/pi/ss25/src/summary/install/summary:/home/pi/ss25/src/install/wheel_odometry:/home/pi/ss25/src/install/summary:/home/pi/ss25/src/install/safety_control:/home/pi/ss25/src/install/project:/home/pi/ss25/src/install/my_motor_driver:/home/pi/ss25/src/install/description:/home/pi/ss25/src/install/bringup_pkg:/home/pi/install/summary:/home/pi/demo_testing_9_april/seav/install/yolov8_ros:/home/pi/demo_testing_9_april/seav/install/static_tf_publisher:/home/pi/demo_testing_9_april/seav/install/seav_test_sensors:/home/pi/demo_testing_9_april/seav/install/my_robot_controller:/opt/ros/humble')]), 'shell': False}
[11.684570] (-) TimerEvent: {}
[11.786224] (-) TimerEvent: {}
[11.799509] (serial) StdoutLine: {'line': b'-- Install configuration: ""\n'}
[11.817227] (serial) StdoutLine: {'line': b'-- Execute custom install script\n'}
[11.824200] (serial) StdoutLine: {'line': b'-- Up-to-date symlink: /home/pi/seav2/install/serial/lib/libserial.a\n'}
[11.835675] (serial) StdoutLine: {'line': b'-- Up-to-date symlink: /home/pi/seav2/install/serial/include/serial/serial.h\n'}
[11.841104] (serial) StdoutLine: {'line': b'-- Up-to-date symlink: /home/pi/seav2/install/serial/include/serial/v8stdint.h\n'}
[11.845317] (serial) StdoutLine: {'line': b'-- Up-to-date symlink: /home/pi/seav2/install/serial/share/serial/environment/library_path.sh\n'}
[11.869943] (serial) StdoutLine: {'line': b'-- Up-to-date symlink: /home/pi/seav2/install/serial/share/serial/environment/library_path.dsv\n'}
[11.884186] (serial) StdoutLine: {'line': b'-- Up-to-date symlink: /home/pi/seav2/install/serial/share/ament_index/resource_index/package_run_dependencies/serial\n'}
[11.886455] (-) TimerEvent: {}
[11.893336] (serial) StdoutLine: {'line': b'-- Up-to-date symlink: /home/pi/seav2/install/serial/share/ament_index/resource_index/parent_prefix_path/serial\n'}
[11.924120] (serial) StdoutLine: {'line': b'-- Up-to-date symlink: /home/pi/seav2/install/serial/share/serial/environment/ament_prefix_path.sh\n'}
[11.929825] (serial) StdoutLine: {'line': b'-- Up-to-date symlink: /home/pi/seav2/install/serial/share/serial/environment/ament_prefix_path.dsv\n'}
[11.947663] (serial) StdoutLine: {'line': b'-- Up-to-date symlink: /home/pi/seav2/install/serial/share/serial/environment/path.sh\n'}
[11.959388] (serial) StdoutLine: {'line': b'-- Up-to-date symlink: /home/pi/seav2/install/serial/share/serial/environment/path.dsv\n'}
[11.971329] (serial) StdoutLine: {'line': b'-- Up-to-date symlink: /home/pi/seav2/install/serial/share/serial/local_setup.bash\n'}
[11.986759] (-) TimerEvent: {}
[11.997226] (serial) StdoutLine: {'line': b'-- Up-to-date symlink: /home/pi/seav2/install/serial/share/serial/local_setup.sh\n'}
[12.007447] (serial) StdoutLine: {'line': b'-- Up-to-date symlink: /home/pi/seav2/install/serial/share/serial/local_setup.zsh\n'}
[12.021454] (serial) StdoutLine: {'line': b'-- Up-to-date symlink: /home/pi/seav2/install/serial/share/serial/local_setup.dsv\n'}
[12.039658] (serial) StdoutLine: {'line': b'-- Symlinking: /home/pi/seav2/install/serial/share/serial/package.dsv\n'}
[12.087093] (-) TimerEvent: {}
[12.190112] (-) TimerEvent: {}
[12.299735] (serial) StdoutLine: {'line': b'-- Up-to-date symlink: /home/pi/seav2/install/serial/share/ament_index/resource_index/packages/serial\n'}
[12.301363] (-) TimerEvent: {}
[12.307865] (serial) StdoutLine: {'line': b'-- Up-to-date symlink: /home/pi/seav2/install/serial/share/serial/cmake/ament_cmake_export_include_directories-extras.cmake\n'}
[12.315372] (serial) StdoutLine: {'line': b'-- Up-to-date symlink: /home/pi/seav2/install/serial/share/serial/cmake/ament_cmake_export_libraries-extras.cmake\n'}
[12.328101] (serial) StdoutLine: {'line': b'-- Up-to-date symlink: /home/pi/seav2/install/serial/share/serial/cmake/serialConfig.cmake\n'}
[12.335228] (serial) StdoutLine: {'line': b'-- Up-to-date symlink: /home/pi/seav2/install/serial/share/serial/cmake/serialConfig-version.cmake\n'}
[12.341594] (serial) StdoutLine: {'line': b'-- Up-to-date symlink: /home/pi/seav2/install/serial/share/serial/package.xml\n'}
[12.378924] (serial) CommandEnded: {'returncode': 0}
[12.401852] (-) TimerEvent: {}
[12.504635] (-) TimerEvent: {}
[12.607182] (-) TimerEvent: {}
[12.684402] (serial) JobEnded: {'identifier': 'serial', 'rc': 0}
[12.690991] (seav2) JobStarted: {'identifier': 'seav2'}
[12.707479] (-) TimerEvent: {}
[12.808966] (-) TimerEvent: {}
[12.868778] (ros2_control_demo_description) CommandEnded: {'returncode': 0}
[12.872747] (ros2_control_demo_description) JobProgress: {'identifier': 'ros2_control_demo_description', 'progress': 'install'}
[12.873110] (ros2_control_demo_description) Command: {'cmd': ['/usr/bin/cmake', '--install', '/home/pi/seav2/build/ros2_control_demo_description'], 'cwd': '/home/pi/seav2/build/ros2_control_demo_description', 'env': OrderedDict([('LESSOPEN', '| /usr/bin/lesspipe %s'), ('USER', 'pi'), ('SSH_CLIENT', '192.168.0.105 55666 22'), ('LC_TIME', 'en_US.UTF-8'), ('XDG_SESSION_TYPE', 'tty'), ('SHLVL', '1'), ('LD_LIBRARY_PATH', '/home/pi/seav2/install/carlikebot_ros2_control/lib:/home/pi/seav2/install/serial/lib:/opt/ros/humble/opt/rviz_ogre_vendor/lib:/opt/ros/humble/lib/aarch64-linux-gnu:/opt/ros/humble/lib'), ('MOTD_SHOWN', 'pam'), ('HOME', '/home/pi'), ('OLDPWD', '/home/pi/seav2/src'), ('SSH_TTY', '/dev/pts/0'), ('ROS_PYTHON_VERSION', '3'), ('LC_MONETARY', 'en_US.UTF-8'), ('ROS_IP', '192.168.137.192'), ('DBUS_SESSION_BUS_ADDRESS', 'unix:path=/run/user/1000/bus'), ('QT_QPA_PLATFORM_PLUGIN_PATH', '/home/your_username/.local/lib/python3.10/site-packages/cv2/qt/plugins'), ('COLCON_PREFIX_PATH', '/home/pi/seav2/install:/home/pi/ss25/install:/home/pi/ss25/src/description/description/install:/home/pi/ss25/src/summary/install:/home/pi/ss25/src/install:/home/pi/demo_testing_9_april/seav/install:/home/pi/install'), ('ROS_DISTRO', 'humble'), ('LOGNAME', 'pi'), ('_', '/usr/bin/colcon'), ('ROS_VERSION', '2'), ('XDG_SESSION_CLASS', 'user'), ('TERM', 'xterm-256color'), ('XDG_SESSION_ID', '1'), ('ROS_LOCALHOST_ONLY', '0'), ('PATH', '/home/pi/.local/bin:/home/pi/.local/bin:/opt/ros/humble/bin:/usr/local/sbin:/usr/local/bin:/usr/sbin:/usr/bin:/sbin:/bin:/usr/games:/usr/local/games:/snap/bin'), ('LC_ADDRESS', 'en_US.UTF-8'), ('XDG_RUNTIME_DIR', '/run/user/1000'), ('DISPLAY', 'localhost:10.0'), ('LANG', 'en_US.UTF-8'), ('LC_TELEPHONE', 'en_US.UTF-8'), ('LS_COLORS', 'rs=0:di=01;34:ln=01;36:mh=00:pi=40;33:so=01;35:do=01;35:bd=40;33;01:cd=40;33;01:or=40;31;01:mi=00:su=37;41:sg=30;43:ca=30;41:tw=30;42:ow=34;42:st=37;44:ex=01;32:*.tar=01;31:*.tgz=01;31:*.arc=01;31:*.arj=01;31:*.taz=01;31:*.lha=01;31:*.lz4=01;31:*.lzh=01;31:*.lzma=01;31:*.tlz=01;31:*.txz=01;31:*.tzo=01;31:*.t7z=01;31:*.zip=01;31:*.z=01;31:*.dz=01;31:*.gz=01;31:*.lrz=01;31:*.lz=01;31:*.lzo=01;31:*.xz=01;31:*.zst=01;31:*.tzst=01;31:*.bz2=01;31:*.bz=01;31:*.tbz=01;31:*.tbz2=01;31:*.tz=01;31:*.deb=01;31:*.rpm=01;31:*.jar=01;31:*.war=01;31:*.ear=01;31:*.sar=01;31:*.rar=01;31:*.alz=01;31:*.ace=01;31:*.zoo=01;31:*.cpio=01;31:*.7z=01;31:*.rz=01;31:*.cab=01;31:*.wim=01;31:*.swm=01;31:*.dwm=01;31:*.esd=01;31:*.jpg=01;35:*.jpeg=01;35:*.mjpg=01;35:*.mjpeg=01;35:*.gif=01;35:*.bmp=01;35:*.pbm=01;35:*.pgm=01;35:*.ppm=01;35:*.tga=01;35:*.xbm=01;35:*.xpm=01;35:*.tif=01;35:*.tiff=01;35:*.png=01;35:*.svg=01;35:*.svgz=01;35:*.mng=01;35:*.pcx=01;35:*.mov=01;35:*.mpg=01;35:*.mpeg=01;35:*.m2v=01;35:*.mkv=01;35:*.webm=01;35:*.webp=01;35:*.ogm=01;35:*.mp4=01;35:*.m4v=01;35:*.mp4v=01;35:*.vob=01;35:*.qt=01;35:*.nuv=01;35:*.wmv=01;35:*.asf=01;35:*.rm=01;35:*.rmvb=01;35:*.flc=01;35:*.avi=01;35:*.fli=01;35:*.flv=01;35:*.gl=01;35:*.dl=01;35:*.xcf=01;35:*.xwd=01;35:*.yuv=01;35:*.cgm=01;35:*.emf=01;35:*.ogv=01;35:*.ogx=01;35:*.aac=00;36:*.au=00;36:*.flac=00;36:*.m4a=00;36:*.mid=00;36:*.midi=00;36:*.mka=00;36:*.mp3=00;36:*.mpc=00;36:*.ogg=00;36:*.ra=00;36:*.wav=00;36:*.oga=00;36:*.opus=00;36:*.spx=00;36:*.xspf=00;36:'), ('ROS_DOMAIN_ID', '0'), ('AMENT_PREFIX_PATH', '/home/pi/seav2/install/carlikebot_ros2_control:/home/pi/seav2/install/serial:/home/pi/seav2/install/seav2_imu:/home/pi/seav2/install/seav2:/home/pi/seav2/install/ros2_control_demo_description:/home/pi/seav2/install/robot_cam_ros:/home/pi/seav2/install/ball_tracker:/home/pi/ss25/install/wheel_odometry:/home/pi/ss25/install/vup_2k7:/home/pi/ss25/install/summary:/home/pi/ss25/install/sllidar_ros2:/home/pi/ss25/install/safety_control:/home/pi/ss25/install/project:/home/pi/ss25/install/my_slam:/home/pi/ss25/install/my_motor_driver:/home/pi/ss25/install/final:/home/pi/ss25/install/description:/home/pi/ss25/install/bringup_pkg:/home/pi/ss25/src/summary/install/summary:/home/pi/ss25/src/install/wheel_odometry:/home/pi/ss25/src/install/summary:/home/pi/ss25/src/install/sllidar_ros2:/home/pi/ss25/src/install/safety_control:/home/pi/ss25/src/install/project:/home/pi/ss25/src/install/my_motor_driver:/home/pi/ss25/src/install/description:/home/pi/ss25/src/install/bringup_pkg:/home/pi/install/summary:/home/pi/demo_testing_9_april/seav/install/yolov8_ros:/home/pi/demo_testing_9_april/seav/install/static_tf_publisher:/home/pi/demo_testing_9_april/seav/install/seav_test_sensors:/home/pi/demo_testing_9_april/seav/install/seav_simulation:/home/pi/demo_testing_9_april/seav/install/seav_description:/home/pi/demo_testing_9_april/seav/install/rplidar_ros:/home/pi/demo_testing_9_april/seav/install/my_robot_controller:/home/pi/demo_testing_9_april/seav/install/my_nav2_pkg:/opt/ros/humble'), ('SHELL', '/bin/bash'), ('LC_NAME', 'en_US.UTF-8'), ('LESSCLOSE', '/usr/bin/lesspipe %s %s'), ('LC_MEASUREMENT', 'en_US.UTF-8'), ('LC_IDENTIFICATION', 'en_US.UTF-8'), ('PWD', '/home/pi/seav2/build/ros2_control_demo_description'), ('LC_ALL', 'en_US.UTF-8'), ('SSH_CONNECTION', '192.168.0.105 55666 192.168.0.210 22'), ('XDG_DATA_DIRS', '/usr/local/share:/usr/share:/var/lib/snapd/desktop'), ('PYTHONPATH', '/home/pi/seav2/build/seav2_imu:/home/pi/seav2/install/seav2_imu/lib/python3.10/site-packages:/home/pi/seav2/build/robot_cam_ros:/home/pi/seav2/install/robot_cam_ros/lib/python3.10/site-packages:/home/pi/seav2/build/ball_tracker:/home/pi/seav2/install/ball_tracker/lib/python3.10/site-packages:/home/pi/ss25/install/wheel_odometry/lib/python3.10/site-packages:/home/pi/ss25/install/vup_2k7/lib/python3.10/site-packages:/home/pi/ss25/install/summary/lib/python3.10/site-packages:/home/pi/ss25/install/safety_control/lib/python3.10/site-packages:/home/pi/ss25/install/project/lib/python3.10/site-packages:/home/pi/ss25/install/my_slam/lib/python3.10/site-packages:/home/pi/ss25/install/my_motor_driver/lib/python3.10/site-packages:/home/pi/ss25/install/final/lib/python3.10/site-packages:/home/pi/ss25/install/description/lib/python3.10/site-packages:/home/pi/ss25/install/bringup_pkg/lib/python3.10/site-packages:/home/pi/ss25/src/summary/install/summary/lib/python3.10/site-packages:/home/pi/ss25/src/install/wheel_odometry/lib/python3.10/site-packages:/home/pi/ss25/src/install/summary/lib/python3.10/site-packages:/home/pi/ss25/src/install/safety_control/lib/python3.10/site-packages:/home/pi/ss25/src/install/project/lib/python3.10/site-packages:/home/pi/ss25/src/install/my_motor_driver/lib/python3.10/site-packages:/home/pi/ss25/src/install/description/lib/python3.10/site-packages:/home/pi/ss25/src/install/bringup_pkg/lib/python3.10/site-packages:/home/pi/install/summary/lib/python3.10/site-packages:/home/pi/demo_testing_9_april/seav/install/yolov8_ros/lib/python3.10/site-packages:/home/pi/demo_testing_9_april/seav/install/static_tf_publisher/lib/python3.10/site-packages:/home/pi/demo_testing_9_april/seav/install/seav_test_sensors/lib/python3.10/site-packages:/home/pi/demo_testing_9_april/seav/install/my_robot_controller/lib/python3.10/site-packages:/opt/ros/humble/lib/python3.10/site-packages:/opt/ros/humble/local/lib/python3.10/dist-packages'), ('ROS_HOSTNAME', '192.168.137.192'), ('LC_NUMERIC', 'en_US.UTF-8'), ('LC_PAPER', 'en_US.UTF-8'), ('COLCON', '1'), ('CMAKE_PREFIX_PATH', '/home/pi/seav2/install/carlikebot_ros2_control:/home/pi/seav2/install/serial:/home/pi/seav2/install/seav2:/home/pi/seav2/install/ros2_control_demo_description:/home/pi/ss25/install/sllidar_ros2:/home/pi/ss25/src/install/sllidar_ros2:/home/pi/demo_testing_9_april/seav/install/seav_simulation:/home/pi/demo_testing_9_april/seav/install/seav_description:/home/pi/demo_testing_9_april/seav/install/rplidar_ros:/home/pi/demo_testing_9_april/seav/install/my_nav2_pkg:/home/pi/seav2/install/seav2_imu:/home/pi/seav2/install/robot_cam_ros:/home/pi/seav2/install/ball_tracker:/home/pi/ss25/install/wheel_odometry:/home/pi/ss25/install/vup_2k7:/home/pi/ss25/install/summary:/home/pi/ss25/install/safety_control:/home/pi/ss25/install/project:/home/pi/ss25/install/my_slam:/home/pi/ss25/install/my_motor_driver:/home/pi/ss25/install/final:/home/pi/ss25/install/description:/home/pi/ss25/install/bringup_pkg:/home/pi/ss25/src/summary/install/summary:/home/pi/ss25/src/install/wheel_odometry:/home/pi/ss25/src/install/summary:/home/pi/ss25/src/install/safety_control:/home/pi/ss25/src/install/project:/home/pi/ss25/src/install/my_motor_driver:/home/pi/ss25/src/install/description:/home/pi/ss25/src/install/bringup_pkg:/home/pi/install/summary:/home/pi/demo_testing_9_april/seav/install/yolov8_ros:/home/pi/demo_testing_9_april/seav/install/static_tf_publisher:/home/pi/demo_testing_9_april/seav/install/seav_test_sensors:/home/pi/demo_testing_9_april/seav/install/my_robot_controller:/opt/ros/humble')]), 'shell': False}
[12.909263] (-) TimerEvent: {}
[12.942171] (seav2) JobProgress: {'identifier': 'seav2', 'progress': 'cmake'}
[12.965285] (seav2) Command: {'cmd': ['/usr/bin/cmake', '/home/pi/seav2/src/seav-ii/seav2', '-DCMAKE_INSTALL_PREFIX=/home/pi/seav2/install/seav2'], 'cwd': '/home/pi/seav2/build/seav2', 'env': OrderedDict([('LESSOPEN', '| /usr/bin/lesspipe %s'), ('USER', 'pi'), ('SSH_CLIENT', '192.168.0.105 55666 22'), ('LC_TIME', 'en_US.UTF-8'), ('XDG_SESSION_TYPE', 'tty'), ('SHLVL', '1'), ('LD_LIBRARY_PATH', '/home/pi/seav2/install/carlikebot_ros2_control/lib:/home/pi/seav2/install/serial/lib:/opt/ros/humble/opt/rviz_ogre_vendor/lib:/opt/ros/humble/lib/aarch64-linux-gnu:/opt/ros/humble/lib'), ('MOTD_SHOWN', 'pam'), ('HOME', '/home/pi'), ('OLDPWD', '/home/pi/seav2/src'), ('SSH_TTY', '/dev/pts/0'), ('ROS_PYTHON_VERSION', '3'), ('LC_MONETARY', 'en_US.UTF-8'), ('ROS_IP', '192.168.137.192'), ('DBUS_SESSION_BUS_ADDRESS', 'unix:path=/run/user/1000/bus'), ('QT_QPA_PLATFORM_PLUGIN_PATH', '/home/your_username/.local/lib/python3.10/site-packages/cv2/qt/plugins'), ('COLCON_PREFIX_PATH', '/home/pi/seav2/install:/home/pi/ss25/install:/home/pi/ss25/src/description/description/install:/home/pi/ss25/src/summary/install:/home/pi/ss25/src/install:/home/pi/demo_testing_9_april/seav/install:/home/pi/install'), ('ROS_DISTRO', 'humble'), ('LOGNAME', 'pi'), ('_', '/usr/bin/colcon'), ('ROS_VERSION', '2'), ('XDG_SESSION_CLASS', 'user'), ('TERM', 'xterm-256color'), ('XDG_SESSION_ID', '1'), ('ROS_LOCALHOST_ONLY', '0'), ('PATH', '/home/pi/.local/bin:/home/pi/.local/bin:/opt/ros/humble/bin:/usr/local/sbin:/usr/local/bin:/usr/sbin:/usr/bin:/sbin:/bin:/usr/games:/usr/local/games:/snap/bin'), ('LC_ADDRESS', 'en_US.UTF-8'), ('XDG_RUNTIME_DIR', '/run/user/1000'), ('DISPLAY', 'localhost:10.0'), ('LANG', 'en_US.UTF-8'), ('LC_TELEPHONE', 'en_US.UTF-8'), ('LS_COLORS', 'rs=0:di=01;34:ln=01;36:mh=00:pi=40;33:so=01;35:do=01;35:bd=40;33;01:cd=40;33;01:or=40;31;01:mi=00:su=37;41:sg=30;43:ca=30;41:tw=30;42:ow=34;42:st=37;44:ex=01;32:*.tar=01;31:*.tgz=01;31:*.arc=01;31:*.arj=01;31:*.taz=01;31:*.lha=01;31:*.lz4=01;31:*.lzh=01;31:*.lzma=01;31:*.tlz=01;31:*.txz=01;31:*.tzo=01;31:*.t7z=01;31:*.zip=01;31:*.z=01;31:*.dz=01;31:*.gz=01;31:*.lrz=01;31:*.lz=01;31:*.lzo=01;31:*.xz=01;31:*.zst=01;31:*.tzst=01;31:*.bz2=01;31:*.bz=01;31:*.tbz=01;31:*.tbz2=01;31:*.tz=01;31:*.deb=01;31:*.rpm=01;31:*.jar=01;31:*.war=01;31:*.ear=01;31:*.sar=01;31:*.rar=01;31:*.alz=01;31:*.ace=01;31:*.zoo=01;31:*.cpio=01;31:*.7z=01;31:*.rz=01;31:*.cab=01;31:*.wim=01;31:*.swm=01;31:*.dwm=01;31:*.esd=01;31:*.jpg=01;35:*.jpeg=01;35:*.mjpg=01;35:*.mjpeg=01;35:*.gif=01;35:*.bmp=01;35:*.pbm=01;35:*.pgm=01;35:*.ppm=01;35:*.tga=01;35:*.xbm=01;35:*.xpm=01;35:*.tif=01;35:*.tiff=01;35:*.png=01;35:*.svg=01;35:*.svgz=01;35:*.mng=01;35:*.pcx=01;35:*.mov=01;35:*.mpg=01;35:*.mpeg=01;35:*.m2v=01;35:*.mkv=01;35:*.webm=01;35:*.webp=01;35:*.ogm=01;35:*.mp4=01;35:*.m4v=01;35:*.mp4v=01;35:*.vob=01;35:*.qt=01;35:*.nuv=01;35:*.wmv=01;35:*.asf=01;35:*.rm=01;35:*.rmvb=01;35:*.flc=01;35:*.avi=01;35:*.fli=01;35:*.flv=01;35:*.gl=01;35:*.dl=01;35:*.xcf=01;35:*.xwd=01;35:*.yuv=01;35:*.cgm=01;35:*.emf=01;35:*.ogv=01;35:*.ogx=01;35:*.aac=00;36:*.au=00;36:*.flac=00;36:*.m4a=00;36:*.mid=00;36:*.midi=00;36:*.mka=00;36:*.mp3=00;36:*.mpc=00;36:*.ogg=00;36:*.ra=00;36:*.wav=00;36:*.oga=00;36:*.opus=00;36:*.spx=00;36:*.xspf=00;36:'), ('ROS_DOMAIN_ID', '0'), ('AMENT_PREFIX_PATH', '/home/pi/seav2/install/carlikebot_ros2_control:/home/pi/seav2/install/serial:/home/pi/seav2/install/seav2_imu:/home/pi/seav2/install/seav2:/home/pi/seav2/install/ros2_control_demo_description:/home/pi/seav2/install/robot_cam_ros:/home/pi/seav2/install/ball_tracker:/home/pi/ss25/install/wheel_odometry:/home/pi/ss25/install/vup_2k7:/home/pi/ss25/install/summary:/home/pi/ss25/install/sllidar_ros2:/home/pi/ss25/install/safety_control:/home/pi/ss25/install/project:/home/pi/ss25/install/my_slam:/home/pi/ss25/install/my_motor_driver:/home/pi/ss25/install/final:/home/pi/ss25/install/description:/home/pi/ss25/install/bringup_pkg:/home/pi/ss25/src/summary/install/summary:/home/pi/ss25/src/install/wheel_odometry:/home/pi/ss25/src/install/summary:/home/pi/ss25/src/install/sllidar_ros2:/home/pi/ss25/src/install/safety_control:/home/pi/ss25/src/install/project:/home/pi/ss25/src/install/my_motor_driver:/home/pi/ss25/src/install/description:/home/pi/ss25/src/install/bringup_pkg:/home/pi/install/summary:/home/pi/demo_testing_9_april/seav/install/yolov8_ros:/home/pi/demo_testing_9_april/seav/install/static_tf_publisher:/home/pi/demo_testing_9_april/seav/install/seav_test_sensors:/home/pi/demo_testing_9_april/seav/install/seav_simulation:/home/pi/demo_testing_9_april/seav/install/seav_description:/home/pi/demo_testing_9_april/seav/install/rplidar_ros:/home/pi/demo_testing_9_april/seav/install/my_robot_controller:/home/pi/demo_testing_9_april/seav/install/my_nav2_pkg:/opt/ros/humble'), ('SHELL', '/bin/bash'), ('LC_NAME', 'en_US.UTF-8'), ('LESSCLOSE', '/usr/bin/lesspipe %s %s'), ('LC_MEASUREMENT', 'en_US.UTF-8'), ('LC_IDENTIFICATION', 'en_US.UTF-8'), ('PWD', '/home/pi/seav2/build/seav2'), ('LC_ALL', 'en_US.UTF-8'), ('SSH_CONNECTION', '192.168.0.105 55666 192.168.0.210 22'), ('XDG_DATA_DIRS', '/usr/local/share:/usr/share:/var/lib/snapd/desktop'), ('PYTHONPATH', '/home/pi/seav2/build/seav2_imu:/home/pi/seav2/install/seav2_imu/lib/python3.10/site-packages:/home/pi/seav2/build/robot_cam_ros:/home/pi/seav2/install/robot_cam_ros/lib/python3.10/site-packages:/home/pi/seav2/build/ball_tracker:/home/pi/seav2/install/ball_tracker/lib/python3.10/site-packages:/home/pi/ss25/install/wheel_odometry/lib/python3.10/site-packages:/home/pi/ss25/install/vup_2k7/lib/python3.10/site-packages:/home/pi/ss25/install/summary/lib/python3.10/site-packages:/home/pi/ss25/install/safety_control/lib/python3.10/site-packages:/home/pi/ss25/install/project/lib/python3.10/site-packages:/home/pi/ss25/install/my_slam/lib/python3.10/site-packages:/home/pi/ss25/install/my_motor_driver/lib/python3.10/site-packages:/home/pi/ss25/install/final/lib/python3.10/site-packages:/home/pi/ss25/install/description/lib/python3.10/site-packages:/home/pi/ss25/install/bringup_pkg/lib/python3.10/site-packages:/home/pi/ss25/src/summary/install/summary/lib/python3.10/site-packages:/home/pi/ss25/src/install/wheel_odometry/lib/python3.10/site-packages:/home/pi/ss25/src/install/summary/lib/python3.10/site-packages:/home/pi/ss25/src/install/safety_control/lib/python3.10/site-packages:/home/pi/ss25/src/install/project/lib/python3.10/site-packages:/home/pi/ss25/src/install/my_motor_driver/lib/python3.10/site-packages:/home/pi/ss25/src/install/description/lib/python3.10/site-packages:/home/pi/ss25/src/install/bringup_pkg/lib/python3.10/site-packages:/home/pi/install/summary/lib/python3.10/site-packages:/home/pi/demo_testing_9_april/seav/install/yolov8_ros/lib/python3.10/site-packages:/home/pi/demo_testing_9_april/seav/install/static_tf_publisher/lib/python3.10/site-packages:/home/pi/demo_testing_9_april/seav/install/seav_test_sensors/lib/python3.10/site-packages:/home/pi/demo_testing_9_april/seav/install/my_robot_controller/lib/python3.10/site-packages:/opt/ros/humble/lib/python3.10/site-packages:/opt/ros/humble/local/lib/python3.10/dist-packages'), ('ROS_HOSTNAME', '192.168.137.192'), ('LC_NUMERIC', 'en_US.UTF-8'), ('LC_PAPER', 'en_US.UTF-8'), ('COLCON', '1'), ('CMAKE_PREFIX_PATH', '/home/pi/seav2/install/carlikebot_ros2_control:/home/pi/seav2/install/serial:/home/pi/seav2/install/seav2:/home/pi/seav2/install/ros2_control_demo_description:/home/pi/ss25/install/sllidar_ros2:/home/pi/ss25/src/install/sllidar_ros2:/home/pi/demo_testing_9_april/seav/install/seav_simulation:/home/pi/demo_testing_9_april/seav/install/seav_description:/home/pi/demo_testing_9_april/seav/install/rplidar_ros:/home/pi/demo_testing_9_april/seav/install/my_nav2_pkg:/home/pi/seav2/install/seav2_imu:/home/pi/seav2/install/robot_cam_ros:/home/pi/seav2/install/ball_tracker:/home/pi/ss25/install/wheel_odometry:/home/pi/ss25/install/vup_2k7:/home/pi/ss25/install/summary:/home/pi/ss25/install/safety_control:/home/pi/ss25/install/project:/home/pi/ss25/install/my_slam:/home/pi/ss25/install/my_motor_driver:/home/pi/ss25/install/final:/home/pi/ss25/install/description:/home/pi/ss25/install/bringup_pkg:/home/pi/ss25/src/summary/install/summary:/home/pi/ss25/src/install/wheel_odometry:/home/pi/ss25/src/install/summary:/home/pi/ss25/src/install/safety_control:/home/pi/ss25/src/install/project:/home/pi/ss25/src/install/my_motor_driver:/home/pi/ss25/src/install/description:/home/pi/ss25/src/install/bringup_pkg:/home/pi/install/summary:/home/pi/demo_testing_9_april/seav/install/yolov8_ros:/home/pi/demo_testing_9_april/seav/install/static_tf_publisher:/home/pi/demo_testing_9_april/seav/install/seav_test_sensors:/home/pi/demo_testing_9_april/seav/install/my_robot_controller:/opt/ros/humble')]), 'shell': False}
[13.009593] (-) TimerEvent: {}
[13.026362] (ros2_control_demo_description) StdoutLine: {'line': b'-- Install configuration: ""\n'}
[13.033803] (ros2_control_demo_description) StdoutLine: {'line': b'-- Execute custom install script\n'}
[13.046036] (ros2_control_demo_description) StdoutLine: {'line': b'-- Up-to-date symlink: /home/pi/seav2/install/ros2_control_demo_description/share/ros2_control_demo_description/rrbot/urdf/rrbot.materials.xacro\n'}
[13.054351] (ros2_control_demo_description) StdoutLine: {'line': b'-- Up-to-date symlink: /home/pi/seav2/install/ros2_control_demo_description/share/ros2_control_demo_description/rrbot/urdf/rrbot_description.urdf.xacro\n'}
[13.064366] (ros2_control_demo_description) StdoutLine: {'line': b'-- Up-to-date symlink: /home/pi/seav2/install/ros2_control_demo_description/share/ros2_control_demo_description/rrbot/rviz/rrbot.rviz\n'}
[13.075311] (ros2_control_demo_description) StdoutLine: {'line': b'-- Up-to-date symlink: /home/pi/seav2/install/ros2_control_demo_description/share/ros2_control_demo_description/diffbot/urdf/diffbot.materials.xacro\n'}
[13.083866] (ros2_control_demo_description) StdoutLine: {'line': b'-- Up-to-date symlink: /home/pi/seav2/install/ros2_control_demo_description/share/ros2_control_demo_description/diffbot/urdf/diffbot_description.urdf.xacro\n'}
[13.094263] (ros2_control_demo_description) StdoutLine: {'line': b'-- Up-to-date symlink: /home/pi/seav2/install/ros2_control_demo_description/share/ros2_control_demo_description/diffbot/rviz/diffbot.rviz\n'}
[13.102953] (ros2_control_demo_description) StdoutLine: {'line': b'-- Up-to-date symlink: /home/pi/seav2/install/ros2_control_demo_description/share/ros2_control_demo_description/diffbot/rviz/diffbot_view.rviz\n'}
[13.111308] (-) TimerEvent: {}
[13.122182] (ros2_control_demo_description) StdoutLine: {'line': b'-- Up-to-date symlink: /home/pi/seav2/install/ros2_control_demo_description/share/ros2_control_demo_description/carlikebot/urdf/carlikebot.materials.xacro\n'}
[13.131126] (ros2_control_demo_description) StdoutLine: {'line': b'-- Up-to-date symlink: /home/pi/seav2/install/ros2_control_demo_description/share/ros2_control_demo_description/carlikebot/urdf/carlikebot_description.urdf.xacro\n'}
[13.143444] (ros2_control_demo_description) StdoutLine: {'line': b'-- Up-to-date symlink: /home/pi/seav2/install/ros2_control_demo_description/share/ros2_control_demo_description/carlikebot/rviz/carlikebot.rviz\n'}
[13.154246] (ros2_control_demo_description) StdoutLine: {'line': b'-- Up-to-date symlink: /home/pi/seav2/install/ros2_control_demo_description/share/ros2_control_demo_description/carlikebot/rviz/carlikebot_view.rviz\n'}
[13.165088] (ros2_control_demo_description) StdoutLine: {'line': b'-- Up-to-date symlink: /home/pi/seav2/install/ros2_control_demo_description/share/ros2_control_demo_description/r3bot/urdf/threedofbot_description.urdf.xacro\n'}
[13.180273] (ros2_control_demo_description) StdoutLine: {'line': b'-- Up-to-date symlink: /home/pi/seav2/install/ros2_control_demo_description/share/ros2_control_demo_description/r6bot/meshes/collision/link_0.stl\n'}
[13.189635] (ros2_control_demo_description) StdoutLine: {'line': b'-- Up-to-date symlink: /home/pi/seav2/install/ros2_control_demo_description/share/ros2_control_demo_description/r6bot/meshes/collision/link_1.stl\n'}
[13.198425] (ros2_control_demo_description) StdoutLine: {'line': b'-- Up-to-date symlink: /home/pi/seav2/install/ros2_control_demo_description/share/ros2_control_demo_description/r6bot/meshes/collision/link_2.stl\n'}
[13.206843] (ros2_control_demo_description) StdoutLine: {'line': b'-- Up-to-date symlink: /home/pi/seav2/install/ros2_control_demo_description/share/ros2_control_demo_description/r6bot/meshes/collision/link_3.stl\n'}
[13.211579] (-) TimerEvent: {}
[13.219769] (ros2_control_demo_description) StdoutLine: {'line': b'-- Up-to-date symlink: /home/pi/seav2/install/ros2_control_demo_description/share/ros2_control_demo_description/r6bot/meshes/collision/link_4.stl\n'}
[13.228490] (ros2_control_demo_description) StdoutLine: {'line': b'-- Up-to-date symlink: /home/pi/seav2/install/ros2_control_demo_description/share/ros2_control_demo_description/r6bot/meshes/collision/link_5.stl\n'}
[13.237445] (ros2_control_demo_description) StdoutLine: {'line': b'-- Up-to-date symlink: /home/pi/seav2/install/ros2_control_demo_description/share/ros2_control_demo_description/r6bot/meshes/collision/link_6.stl\n'}
[13.246333] (ros2_control_demo_description) StdoutLine: {'line': b'-- Up-to-date symlink: /home/pi/seav2/install/ros2_control_demo_description/share/ros2_control_demo_description/r6bot/meshes/visual/link_0.dae\n'}
[13.254644] (ros2_control_demo_description) StdoutLine: {'line': b'-- Up-to-date symlink: /home/pi/seav2/install/ros2_control_demo_description/share/ros2_control_demo_description/r6bot/meshes/visual/link_1.dae\n'}
[13.264175] (ros2_control_demo_description) StdoutLine: {'line': b'-- Up-to-date symlink: /home/pi/seav2/install/ros2_control_demo_description/share/ros2_control_demo_description/r6bot/meshes/visual/link_2.dae\n'}
[13.272527] (ros2_control_demo_description) StdoutLine: {'line': b'-- Up-to-date symlink: /home/pi/seav2/install/ros2_control_demo_description/share/ros2_control_demo_description/r6bot/meshes/visual/link_3.dae\n'}
[13.293111] (ros2_control_demo_description) StdoutLine: {'line': b'-- Up-to-date symlink: /home/pi/seav2/install/ros2_control_demo_description/share/ros2_control_demo_description/r6bot/meshes/visual/link_4.dae\n'}
[13.303352] (ros2_control_demo_description) StdoutLine: {'line': b'-- Up-to-date symlink: /home/pi/seav2/install/ros2_control_demo_description/share/ros2_control_demo_description/r6bot/meshes/visual/link_5.dae\n'}
[13.312006] (-) TimerEvent: {}
[13.316173] (ros2_control_demo_description) StdoutLine: {'line': b'-- Up-to-date symlink: /home/pi/seav2/install/ros2_control_demo_description/share/ros2_control_demo_description/r6bot/meshes/visual/link_6.dae\n'}
[13.340292] (ros2_control_demo_description) StdoutLine: {'line': b'-- Up-to-date symlink: /home/pi/seav2/install/ros2_control_demo_description/share/ros2_control_demo_description/r6bot/srdf/r6bot.srdf\n'}
[13.351226] (ros2_control_demo_description) StdoutLine: {'line': b'-- Up-to-date symlink: /home/pi/seav2/install/ros2_control_demo_description/share/ros2_control_demo_description/r6bot/urdf/inc/create_link.xacro\n'}
[13.359687] (ros2_control_demo_description) StdoutLine: {'line': b'-- Up-to-date symlink: /home/pi/seav2/install/ros2_control_demo_description/share/ros2_control_demo_description/r6bot/urdf/r6bot_description.urdf.xacro\n'}
[13.364157] (seav2) StdoutLine: {'line': b'-- Found ament_cmake: 1.3.12 (/opt/ros/humble/share/ament_cmake/cmake)\n'}
[13.386005] (ros2_control_demo_description) StdoutLine: {'line': b'-- Up-to-date symlink: /home/pi/seav2/install/ros2_control_demo_description/share/ros2_control_demo_description/r6bot/rviz/view_robot.rviz\n'}
[13.396623] (ros2_control_demo_description) StdoutLine: {'line': b'-- Up-to-date symlink: /home/pi/seav2/install/ros2_control_demo_description/share/ament_index/resource_index/package_run_dependencies/ros2_control_demo_description\n'}
[13.406757] (ros2_control_demo_description) StdoutLine: {'line': b'-- Up-to-date symlink: /home/pi/seav2/install/ros2_control_demo_description/share/ament_index/resource_index/parent_prefix_path/ros2_control_demo_description\n'}
[13.412319] (-) TimerEvent: {}
[13.433088] (ros2_control_demo_description) StdoutLine: {'line': b'-- Up-to-date symlink: /home/pi/seav2/install/ros2_control_demo_description/share/ros2_control_demo_description/environment/ament_prefix_path.sh\n'}
[13.442189] (ros2_control_demo_description) StdoutLine: {'line': b'-- Up-to-date symlink: /home/pi/seav2/install/ros2_control_demo_description/share/ros2_control_demo_description/environment/ament_prefix_path.dsv\n'}
[13.450808] (ros2_control_demo_description) StdoutLine: {'line': b'-- Up-to-date symlink: /home/pi/seav2/install/ros2_control_demo_description/share/ros2_control_demo_description/environment/path.sh\n'}
[13.470107] (ros2_control_demo_description) StdoutLine: {'line': b'-- Up-to-date symlink: /home/pi/seav2/install/ros2_control_demo_description/share/ros2_control_demo_description/environment/path.dsv\n'}
[13.478797] (ros2_control_demo_description) StdoutLine: {'line': b'-- Up-to-date symlink: /home/pi/seav2/install/ros2_control_demo_description/share/ros2_control_demo_description/local_setup.bash\n'}
[13.487169] (ros2_control_demo_description) StdoutLine: {'line': b'-- Up-to-date symlink: /home/pi/seav2/install/ros2_control_demo_description/share/ros2_control_demo_description/local_setup.sh\n'}
[13.495898] (ros2_control_demo_description) StdoutLine: {'line': b'-- Up-to-date symlink: /home/pi/seav2/install/ros2_control_demo_description/share/ros2_control_demo_description/local_setup.zsh\n'}
[13.504182] (ros2_control_demo_description) StdoutLine: {'line': b'-- Up-to-date symlink: /home/pi/seav2/install/ros2_control_demo_description/share/ros2_control_demo_description/local_setup.dsv\n'}
[13.511453] (ros2_control_demo_description) StdoutLine: {'line': b'-- Symlinking: /home/pi/seav2/install/ros2_control_demo_description/share/ros2_control_demo_description/package.dsv\n'}
[13.512857] (-) TimerEvent: {}
[13.618385] (-) TimerEvent: {}
[13.660761] (ros2_control_demo_description) StdoutLine: {'line': b'-- Up-to-date symlink: /home/pi/seav2/install/ros2_control_demo_description/share/ament_index/resource_index/packages/ros2_control_demo_description\n'}
[13.672888] (ros2_control_demo_description) StdoutLine: {'line': b'-- Up-to-date symlink: /home/pi/seav2/install/ros2_control_demo_description/share/ros2_control_demo_description/cmake/ros2_control_demo_descriptionConfig.cmake\n'}
[13.684110] (ros2_control_demo_description) StdoutLine: {'line': b'-- Up-to-date symlink: /home/pi/seav2/install/ros2_control_demo_description/share/ros2_control_demo_description/cmake/ros2_control_demo_descriptionConfig-version.cmake\n'}
[13.693892] (ros2_control_demo_description) StdoutLine: {'line': b'-- Up-to-date symlink: /home/pi/seav2/install/ros2_control_demo_description/share/ros2_control_demo_description/package.xml\n'}
[13.718662] (-) TimerEvent: {}
[13.729942] (ros2_control_demo_description) CommandEnded: {'returncode': 0}
[13.818988] (-) TimerEvent: {}
[13.928082] (-) TimerEvent: {}
[14.032527] (-) TimerEvent: {}
[14.130864] (ros2_control_demo_description) JobEnded: {'identifier': 'ros2_control_demo_description', 'rc': 0}
[14.138203] (-) TimerEvent: {}
[14.142799] (seav2_imu) JobStarted: {'identifier': 'seav2_imu'}
[14.238820] (-) TimerEvent: {}
[14.345162] (-) TimerEvent: {}
[14.456060] (-) TimerEvent: {}
[14.558094] (-) TimerEvent: {}
[14.659768] (-) TimerEvent: {}
[14.763358] (-) TimerEvent: {}
[14.867152] (-) TimerEvent: {}
[14.971515] (-) TimerEvent: {}
[15.075290] (-) TimerEvent: {}
[15.178998] (-) TimerEvent: {}
[15.282769] (-) TimerEvent: {}
[15.386864] (-) TimerEvent: {}
[15.490741] (-) TimerEvent: {}
[15.594418] (-) TimerEvent: {}
[15.698417] (-) TimerEvent: {}
[15.802068] (-) TimerEvent: {}
[15.905710] (-) TimerEvent: {}
[16.009453] (-) TimerEvent: {}
[16.113148] (-) TimerEvent: {}
[16.216717] (-) TimerEvent: {}
[16.320234] (-) TimerEvent: {}
[16.423972] (-) TimerEvent: {}
[16.527643] (-) TimerEvent: {}
[16.631327] (-) TimerEvent: {}
[16.734976] (-) TimerEvent: {}
[16.838780] (-) TimerEvent: {}
[16.942612] (-) TimerEvent: {}
[17.046601] (-) TimerEvent: {}
[17.150442] (-) TimerEvent: {}
[17.241785] (seav2) StdoutLine: {'line': b'-- Override CMake install command with custom implementation using symlinks instead of copying resources\n'}
[17.250732] (-) TimerEvent: {}
[17.354252] (-) TimerEvent: {}
[17.458201] (-) TimerEvent: {}
[17.492522] (seav2) StdoutLine: {'line': b'-- Found ament_lint_auto: 0.12.14 (/opt/ros/humble/share/ament_lint_auto/cmake)\n'}
[17.558596] (-) TimerEvent: {}
[17.661185] (-) TimerEvent: {}
[17.763877] (-) TimerEvent: {}
[17.867507] (-) TimerEvent: {}
[17.973639] (-) TimerEvent: {}
[18.077250] (-) TimerEvent: {}
[18.181199] (-) TimerEvent: {}
[18.285248] (-) TimerEvent: {}
[18.389418] (-) TimerEvent: {}
[18.493257] (-) TimerEvent: {}
[18.597114] (-) TimerEvent: {}
[18.701565] (-) TimerEvent: {}
[18.814233] (-) TimerEvent: {}
[18.917834] (-) TimerEvent: {}
[19.020687] (-) TimerEvent: {}
[19.122404] (-) TimerEvent: {}
[19.226356] (-) TimerEvent: {}
[19.321189] (seav2) StdoutLine: {'line': b"-- Added test 'copyright' to check source files copyright and LICENSE\n"}
[19.326645] (-) TimerEvent: {}
[19.429769] (-) TimerEvent: {}
[19.457617] (seav2) StdoutLine: {'line': b"-- Added test 'flake8' to check Python code syntax and style conventions\n"}
[19.477307] (seav2) StdoutLine: {'line': b"-- Added test 'lint_cmake' to check CMake code style\n"}
[19.490140] (seav2) StdoutLine: {'line': b"-- Added test 'pep257' to check Python code against some of the docstring style conventions in PEP 257\n"}
[19.530103] (-) TimerEvent: {}
[19.562380] (seav2) StdoutLine: {'line': b"-- Added test 'xmllint' to check XML markup files\n"}
[19.585326] (seav2) StdoutLine: {'line': b'-- Configuring done\n'}
[19.630410] (-) TimerEvent: {}
[19.693401] (seav2) StdoutLine: {'line': b'-- Generating done\n'}
[19.730954] (-) TimerEvent: {}
[19.749568] (seav2) StdoutLine: {'line': b'-- Build files have been written to: /home/pi/seav2/build/seav2\n'}
[19.831316] (-) TimerEvent: {}
[19.934751] (-) TimerEvent: {}
[20.036210] (-) TimerEvent: {}
[20.137693] (-) TimerEvent: {}
[20.239460] (-) TimerEvent: {}
[20.343537] (-) TimerEvent: {}
[20.447604] (-) TimerEvent: {}
[20.551123] (-) TimerEvent: {}
[20.571892] (seav2) CommandEnded: {'returncode': 0}
[20.579350] (seav2) JobProgress: {'identifier': 'seav2', 'progress': 'build'}
[20.583045] (seav2) Command: {'cmd': ['/usr/bin/cmake', '--build', '/home/pi/seav2/build/seav2', '--', '-j4', '-l4'], 'cwd': '/home/pi/seav2/build/seav2', 'env': OrderedDict([('LESSOPEN', '| /usr/bin/lesspipe %s'), ('USER', 'pi'), ('SSH_CLIENT', '192.168.0.105 55666 22'), ('LC_TIME', 'en_US.UTF-8'), ('XDG_SESSION_TYPE', 'tty'), ('SHLVL', '1'), ('LD_LIBRARY_PATH', '/home/pi/seav2/install/carlikebot_ros2_control/lib:/home/pi/seav2/install/serial/lib:/opt/ros/humble/opt/rviz_ogre_vendor/lib:/opt/ros/humble/lib/aarch64-linux-gnu:/opt/ros/humble/lib'), ('MOTD_SHOWN', 'pam'), ('HOME', '/home/pi'), ('OLDPWD', '/home/pi/seav2/src'), ('SSH_TTY', '/dev/pts/0'), ('ROS_PYTHON_VERSION', '3'), ('LC_MONETARY', 'en_US.UTF-8'), ('ROS_IP', '192.168.137.192'), ('DBUS_SESSION_BUS_ADDRESS', 'unix:path=/run/user/1000/bus'), ('QT_QPA_PLATFORM_PLUGIN_PATH', '/home/your_username/.local/lib/python3.10/site-packages/cv2/qt/plugins'), ('COLCON_PREFIX_PATH', '/home/pi/seav2/install:/home/pi/ss25/install:/home/pi/ss25/src/description/description/install:/home/pi/ss25/src/summary/install:/home/pi/ss25/src/install:/home/pi/demo_testing_9_april/seav/install:/home/pi/install'), ('ROS_DISTRO', 'humble'), ('LOGNAME', 'pi'), ('_', '/usr/bin/colcon'), ('ROS_VERSION', '2'), ('XDG_SESSION_CLASS', 'user'), ('TERM', 'xterm-256color'), ('XDG_SESSION_ID', '1'), ('ROS_LOCALHOST_ONLY', '0'), ('PATH', '/home/pi/.local/bin:/home/pi/.local/bin:/opt/ros/humble/bin:/usr/local/sbin:/usr/local/bin:/usr/sbin:/usr/bin:/sbin:/bin:/usr/games:/usr/local/games:/snap/bin'), ('LC_ADDRESS', 'en_US.UTF-8'), ('XDG_RUNTIME_DIR', '/run/user/1000'), ('DISPLAY', 'localhost:10.0'), ('LANG', 'en_US.UTF-8'), ('LC_TELEPHONE', 'en_US.UTF-8'), ('LS_COLORS', 'rs=0:di=01;34:ln=01;36:mh=00:pi=40;33:so=01;35:do=01;35:bd=40;33;01:cd=40;33;01:or=40;31;01:mi=00:su=37;41:sg=30;43:ca=30;41:tw=30;42:ow=34;42:st=37;44:ex=01;32:*.tar=01;31:*.tgz=01;31:*.arc=01;31:*.arj=01;31:*.taz=01;31:*.lha=01;31:*.lz4=01;31:*.lzh=01;31:*.lzma=01;31:*.tlz=01;31:*.txz=01;31:*.tzo=01;31:*.t7z=01;31:*.zip=01;31:*.z=01;31:*.dz=01;31:*.gz=01;31:*.lrz=01;31:*.lz=01;31:*.lzo=01;31:*.xz=01;31:*.zst=01;31:*.tzst=01;31:*.bz2=01;31:*.bz=01;31:*.tbz=01;31:*.tbz2=01;31:*.tz=01;31:*.deb=01;31:*.rpm=01;31:*.jar=01;31:*.war=01;31:*.ear=01;31:*.sar=01;31:*.rar=01;31:*.alz=01;31:*.ace=01;31:*.zoo=01;31:*.cpio=01;31:*.7z=01;31:*.rz=01;31:*.cab=01;31:*.wim=01;31:*.swm=01;31:*.dwm=01;31:*.esd=01;31:*.jpg=01;35:*.jpeg=01;35:*.mjpg=01;35:*.mjpeg=01;35:*.gif=01;35:*.bmp=01;35:*.pbm=01;35:*.pgm=01;35:*.ppm=01;35:*.tga=01;35:*.xbm=01;35:*.xpm=01;35:*.tif=01;35:*.tiff=01;35:*.png=01;35:*.svg=01;35:*.svgz=01;35:*.mng=01;35:*.pcx=01;35:*.mov=01;35:*.mpg=01;35:*.mpeg=01;35:*.m2v=01;35:*.mkv=01;35:*.webm=01;35:*.webp=01;35:*.ogm=01;35:*.mp4=01;35:*.m4v=01;35:*.mp4v=01;35:*.vob=01;35:*.qt=01;35:*.nuv=01;35:*.wmv=01;35:*.asf=01;35:*.rm=01;35:*.rmvb=01;35:*.flc=01;35:*.avi=01;35:*.fli=01;35:*.flv=01;35:*.gl=01;35:*.dl=01;35:*.xcf=01;35:*.xwd=01;35:*.yuv=01;35:*.cgm=01;35:*.emf=01;35:*.ogv=01;35:*.ogx=01;35:*.aac=00;36:*.au=00;36:*.flac=00;36:*.m4a=00;36:*.mid=00;36:*.midi=00;36:*.mka=00;36:*.mp3=00;36:*.mpc=00;36:*.ogg=00;36:*.ra=00;36:*.wav=00;36:*.oga=00;36:*.opus=00;36:*.spx=00;36:*.xspf=00;36:'), ('ROS_DOMAIN_ID', '0'), ('AMENT_PREFIX_PATH', '/home/pi/seav2/install/carlikebot_ros2_control:/home/pi/seav2/install/serial:/home/pi/seav2/install/seav2_imu:/home/pi/seav2/install/seav2:/home/pi/seav2/install/ros2_control_demo_description:/home/pi/seav2/install/robot_cam_ros:/home/pi/seav2/install/ball_tracker:/home/pi/ss25/install/wheel_odometry:/home/pi/ss25/install/vup_2k7:/home/pi/ss25/install/summary:/home/pi/ss25/install/sllidar_ros2:/home/pi/ss25/install/safety_control:/home/pi/ss25/install/project:/home/pi/ss25/install/my_slam:/home/pi/ss25/install/my_motor_driver:/home/pi/ss25/install/final:/home/pi/ss25/install/description:/home/pi/ss25/install/bringup_pkg:/home/pi/ss25/src/summary/install/summary:/home/pi/ss25/src/install/wheel_odometry:/home/pi/ss25/src/install/summary:/home/pi/ss25/src/install/sllidar_ros2:/home/pi/ss25/src/install/safety_control:/home/pi/ss25/src/install/project:/home/pi/ss25/src/install/my_motor_driver:/home/pi/ss25/src/install/description:/home/pi/ss25/src/install/bringup_pkg:/home/pi/install/summary:/home/pi/demo_testing_9_april/seav/install/yolov8_ros:/home/pi/demo_testing_9_april/seav/install/static_tf_publisher:/home/pi/demo_testing_9_april/seav/install/seav_test_sensors:/home/pi/demo_testing_9_april/seav/install/seav_simulation:/home/pi/demo_testing_9_april/seav/install/seav_description:/home/pi/demo_testing_9_april/seav/install/rplidar_ros:/home/pi/demo_testing_9_april/seav/install/my_robot_controller:/home/pi/demo_testing_9_april/seav/install/my_nav2_pkg:/opt/ros/humble'), ('SHELL', '/bin/bash'), ('LC_NAME', 'en_US.UTF-8'), ('LESSCLOSE', '/usr/bin/lesspipe %s %s'), ('LC_MEASUREMENT', 'en_US.UTF-8'), ('LC_IDENTIFICATION', 'en_US.UTF-8'), ('PWD', '/home/pi/seav2/build/seav2'), ('LC_ALL', 'en_US.UTF-8'), ('SSH_CONNECTION', '192.168.0.105 55666 192.168.0.210 22'), ('XDG_DATA_DIRS', '/usr/local/share:/usr/share:/var/lib/snapd/desktop'), ('PYTHONPATH', '/home/pi/seav2/build/seav2_imu:/home/pi/seav2/install/seav2_imu/lib/python3.10/site-packages:/home/pi/seav2/build/robot_cam_ros:/home/pi/seav2/install/robot_cam_ros/lib/python3.10/site-packages:/home/pi/seav2/build/ball_tracker:/home/pi/seav2/install/ball_tracker/lib/python3.10/site-packages:/home/pi/ss25/install/wheel_odometry/lib/python3.10/site-packages:/home/pi/ss25/install/vup_2k7/lib/python3.10/site-packages:/home/pi/ss25/install/summary/lib/python3.10/site-packages:/home/pi/ss25/install/safety_control/lib/python3.10/site-packages:/home/pi/ss25/install/project/lib/python3.10/site-packages:/home/pi/ss25/install/my_slam/lib/python3.10/site-packages:/home/pi/ss25/install/my_motor_driver/lib/python3.10/site-packages:/home/pi/ss25/install/final/lib/python3.10/site-packages:/home/pi/ss25/install/description/lib/python3.10/site-packages:/home/pi/ss25/install/bringup_pkg/lib/python3.10/site-packages:/home/pi/ss25/src/summary/install/summary/lib/python3.10/site-packages:/home/pi/ss25/src/install/wheel_odometry/lib/python3.10/site-packages:/home/pi/ss25/src/install/summary/lib/python3.10/site-packages:/home/pi/ss25/src/install/safety_control/lib/python3.10/site-packages:/home/pi/ss25/src/install/project/lib/python3.10/site-packages:/home/pi/ss25/src/install/my_motor_driver/lib/python3.10/site-packages:/home/pi/ss25/src/install/description/lib/python3.10/site-packages:/home/pi/ss25/src/install/bringup_pkg/lib/python3.10/site-packages:/home/pi/install/summary/lib/python3.10/site-packages:/home/pi/demo_testing_9_april/seav/install/yolov8_ros/lib/python3.10/site-packages:/home/pi/demo_testing_9_april/seav/install/static_tf_publisher/lib/python3.10/site-packages:/home/pi/demo_testing_9_april/seav/install/seav_test_sensors/lib/python3.10/site-packages:/home/pi/demo_testing_9_april/seav/install/my_robot_controller/lib/python3.10/site-packages:/opt/ros/humble/lib/python3.10/site-packages:/opt/ros/humble/local/lib/python3.10/dist-packages'), ('ROS_HOSTNAME', '192.168.137.192'), ('LC_NUMERIC', 'en_US.UTF-8'), ('LC_PAPER', 'en_US.UTF-8'), ('COLCON', '1'), ('CMAKE_PREFIX_PATH', '/home/pi/seav2/install/carlikebot_ros2_control:/home/pi/seav2/install/serial:/home/pi/seav2/install/seav2:/home/pi/seav2/install/ros2_control_demo_description:/home/pi/ss25/install/sllidar_ros2:/home/pi/ss25/src/install/sllidar_ros2:/home/pi/demo_testing_9_april/seav/install/seav_simulation:/home/pi/demo_testing_9_april/seav/install/seav_description:/home/pi/demo_testing_9_april/seav/install/rplidar_ros:/home/pi/demo_testing_9_april/seav/install/my_nav2_pkg:/home/pi/seav2/install/seav2_imu:/home/pi/seav2/install/robot_cam_ros:/home/pi/seav2/install/ball_tracker:/home/pi/ss25/install/wheel_odometry:/home/pi/ss25/install/vup_2k7:/home/pi/ss25/install/summary:/home/pi/ss25/install/safety_control:/home/pi/ss25/install/project:/home/pi/ss25/install/my_slam:/home/pi/ss25/install/my_motor_driver:/home/pi/ss25/install/final:/home/pi/ss25/install/description:/home/pi/ss25/install/bringup_pkg:/home/pi/ss25/src/summary/install/summary:/home/pi/ss25/src/install/wheel_odometry:/home/pi/ss25/src/install/summary:/home/pi/ss25/src/install/safety_control:/home/pi/ss25/src/install/project:/home/pi/ss25/src/install/my_motor_driver:/home/pi/ss25/src/install/description:/home/pi/ss25/src/install/bringup_pkg:/home/pi/install/summary:/home/pi/demo_testing_9_april/seav/install/yolov8_ros:/home/pi/demo_testing_9_april/seav/install/static_tf_publisher:/home/pi/demo_testing_9_april/seav/install/seav_test_sensors:/home/pi/demo_testing_9_april/seav/install/my_robot_controller:/opt/ros/humble')]), 'shell': False}
[20.618637] (ball_tracker) Command: {'cmd': ['/usr/bin/python3', '-W', 'ignore:setup.py install is deprecated', '-W', 'ignore:easy_install command is deprecated', 'setup.py', 'develop', '--uninstall', '--editable', '--build-directory', '/home/pi/seav2/build/ball_tracker/build'], 'cwd': '/home/pi/seav2/build/ball_tracker', 'env': {'LESSOPEN': '| /usr/bin/lesspipe %s', 'USER': 'pi', 'SSH_CLIENT': '192.168.0.105 55666 22', 'LC_TIME': 'en_US.UTF-8', 'XDG_SESSION_TYPE': 'tty', 'SHLVL': '1', 'LD_LIBRARY_PATH': '/home/pi/seav2/install/carlikebot_ros2_control/lib:/home/pi/seav2/install/serial/lib:/opt/ros/humble/opt/rviz_ogre_vendor/lib:/opt/ros/humble/lib/aarch64-linux-gnu:/opt/ros/humble/lib', 'MOTD_SHOWN': 'pam', 'HOME': '/home/pi', 'OLDPWD': '/home/pi/seav2/src', 'SSH_TTY': '/dev/pts/0', 'ROS_PYTHON_VERSION': '3', 'LC_MONETARY': 'en_US.UTF-8', 'ROS_IP': '192.168.137.192', 'DBUS_SESSION_BUS_ADDRESS': 'unix:path=/run/user/1000/bus', 'QT_QPA_PLATFORM_PLUGIN_PATH': '/home/your_username/.local/lib/python3.10/site-packages/cv2/qt/plugins', 'COLCON_PREFIX_PATH': '/home/pi/seav2/install:/home/pi/ss25/install:/home/pi/ss25/src/description/description/install:/home/pi/ss25/src/summary/install:/home/pi/ss25/src/install:/home/pi/demo_testing_9_april/seav/install:/home/pi/install', 'ROS_DISTRO': 'humble', 'LOGNAME': 'pi', '_': '/usr/bin/colcon', 'ROS_VERSION': '2', 'XDG_SESSION_CLASS': 'user', 'TERM': 'xterm-256color', 'XDG_SESSION_ID': '1', 'ROS_LOCALHOST_ONLY': '0', 'PATH': '/home/pi/.local/bin:/home/pi/.local/bin:/opt/ros/humble/bin:/usr/local/sbin:/usr/local/bin:/usr/sbin:/usr/bin:/sbin:/bin:/usr/games:/usr/local/games:/snap/bin', 'LC_ADDRESS': 'en_US.UTF-8', 'XDG_RUNTIME_DIR': '/run/user/1000', 'DISPLAY': 'localhost:10.0', 'LANG': 'en_US.UTF-8', 'LC_TELEPHONE': 'en_US.UTF-8', 'LS_COLORS': 'rs=0:di=01;34:ln=01;36:mh=00:pi=40;33:so=01;35:do=01;35:bd=40;33;01:cd=40;33;01:or=40;31;01:mi=00:su=37;41:sg=30;43:ca=30;41:tw=30;42:ow=34;42:st=37;44:ex=01;32:*.tar=01;31:*.tgz=01;31:*.arc=01;31:*.arj=01;31:*.taz=01;31:*.lha=01;31:*.lz4=01;31:*.lzh=01;31:*.lzma=01;31:*.tlz=01;31:*.txz=01;31:*.tzo=01;31:*.t7z=01;31:*.zip=01;31:*.z=01;31:*.dz=01;31:*.gz=01;31:*.lrz=01;31:*.lz=01;31:*.lzo=01;31:*.xz=01;31:*.zst=01;31:*.tzst=01;31:*.bz2=01;31:*.bz=01;31:*.tbz=01;31:*.tbz2=01;31:*.tz=01;31:*.deb=01;31:*.rpm=01;31:*.jar=01;31:*.war=01;31:*.ear=01;31:*.sar=01;31:*.rar=01;31:*.alz=01;31:*.ace=01;31:*.zoo=01;31:*.cpio=01;31:*.7z=01;31:*.rz=01;31:*.cab=01;31:*.wim=01;31:*.swm=01;31:*.dwm=01;31:*.esd=01;31:*.jpg=01;35:*.jpeg=01;35:*.mjpg=01;35:*.mjpeg=01;35:*.gif=01;35:*.bmp=01;35:*.pbm=01;35:*.pgm=01;35:*.ppm=01;35:*.tga=01;35:*.xbm=01;35:*.xpm=01;35:*.tif=01;35:*.tiff=01;35:*.png=01;35:*.svg=01;35:*.svgz=01;35:*.mng=01;35:*.pcx=01;35:*.mov=01;35:*.mpg=01;35:*.mpeg=01;35:*.m2v=01;35:*.mkv=01;35:*.webm=01;35:*.webp=01;35:*.ogm=01;35:*.mp4=01;35:*.m4v=01;35:*.mp4v=01;35:*.vob=01;35:*.qt=01;35:*.nuv=01;35:*.wmv=01;35:*.asf=01;35:*.rm=01;35:*.rmvb=01;35:*.flc=01;35:*.avi=01;35:*.fli=01;35:*.flv=01;35:*.gl=01;35:*.dl=01;35:*.xcf=01;35:*.xwd=01;35:*.yuv=01;35:*.cgm=01;35:*.emf=01;35:*.ogv=01;35:*.ogx=01;35:*.aac=00;36:*.au=00;36:*.flac=00;36:*.m4a=00;36:*.mid=00;36:*.midi=00;36:*.mka=00;36:*.mp3=00;36:*.mpc=00;36:*.ogg=00;36:*.ra=00;36:*.wav=00;36:*.oga=00;36:*.opus=00;36:*.spx=00;36:*.xspf=00;36:', 'ROS_DOMAIN_ID': '0', 'AMENT_PREFIX_PATH': '/home/pi/seav2/install/carlikebot_ros2_control:/home/pi/seav2/install/serial:/home/pi/seav2/install/seav2_imu:/home/pi/seav2/install/seav2:/home/pi/seav2/install/ros2_control_demo_description:/home/pi/seav2/install/robot_cam_ros:/home/pi/seav2/install/ball_tracker:/home/pi/ss25/install/wheel_odometry:/home/pi/ss25/install/vup_2k7:/home/pi/ss25/install/summary:/home/pi/ss25/install/sllidar_ros2:/home/pi/ss25/install/safety_control:/home/pi/ss25/install/project:/home/pi/ss25/install/my_slam:/home/pi/ss25/install/my_motor_driver:/home/pi/ss25/install/final:/home/pi/ss25/install/description:/home/pi/ss25/install/bringup_pkg:/home/pi/ss25/src/summary/install/summary:/home/pi/ss25/src/install/wheel_odometry:/home/pi/ss25/src/install/summary:/home/pi/ss25/src/install/sllidar_ros2:/home/pi/ss25/src/install/safety_control:/home/pi/ss25/src/install/project:/home/pi/ss25/src/install/my_motor_driver:/home/pi/ss25/src/install/description:/home/pi/ss25/src/install/bringup_pkg:/home/pi/install/summary:/home/pi/demo_testing_9_april/seav/install/yolov8_ros:/home/pi/demo_testing_9_april/seav/install/static_tf_publisher:/home/pi/demo_testing_9_april/seav/install/seav_test_sensors:/home/pi/demo_testing_9_april/seav/install/seav_simulation:/home/pi/demo_testing_9_april/seav/install/seav_description:/home/pi/demo_testing_9_april/seav/install/rplidar_ros:/home/pi/demo_testing_9_april/seav/install/my_robot_controller:/home/pi/demo_testing_9_april/seav/install/my_nav2_pkg:/opt/ros/humble', 'SHELL': '/bin/bash', 'LC_NAME': 'en_US.UTF-8', 'LESSCLOSE': '/usr/bin/lesspipe %s %s', 'LC_MEASUREMENT': 'en_US.UTF-8', 'LC_IDENTIFICATION': 'en_US.UTF-8', 'PWD': '/home/pi/seav2/build/ball_tracker', 'LC_ALL': 'en_US.UTF-8', 'SSH_CONNECTION': '192.168.0.105 55666 192.168.0.210 22', 'XDG_DATA_DIRS': '/usr/local/share:/usr/share:/var/lib/snapd/desktop', 'PYTHONPATH': '/home/pi/seav2/build/ball_tracker/prefix_override:/usr/lib/python3/dist-packages/colcon_core/task/python/colcon_distutils_commands:/home/pi/seav2/install/ball_tracker/lib/python3.10/site-packages:/home/pi/seav2/build/seav2_imu:/home/pi/seav2/install/seav2_imu/lib/python3.10/site-packages:/home/pi/seav2/build/robot_cam_ros:/home/pi/seav2/install/robot_cam_ros/lib/python3.10/site-packages:/home/pi/seav2/build/ball_tracker:/home/pi/seav2/install/ball_tracker/lib/python3.10/site-packages:/home/pi/ss25/install/wheel_odometry/lib/python3.10/site-packages:/home/pi/ss25/install/vup_2k7/lib/python3.10/site-packages:/home/pi/ss25/install/summary/lib/python3.10/site-packages:/home/pi/ss25/install/safety_control/lib/python3.10/site-packages:/home/pi/ss25/install/project/lib/python3.10/site-packages:/home/pi/ss25/install/my_slam/lib/python3.10/site-packages:/home/pi/ss25/install/my_motor_driver/lib/python3.10/site-packages:/home/pi/ss25/install/final/lib/python3.10/site-packages:/home/pi/ss25/install/description/lib/python3.10/site-packages:/home/pi/ss25/install/bringup_pkg/lib/python3.10/site-packages:/home/pi/ss25/src/summary/install/summary/lib/python3.10/site-packages:/home/pi/ss25/src/install/wheel_odometry/lib/python3.10/site-packages:/home/pi/ss25/src/install/summary/lib/python3.10/site-packages:/home/pi/ss25/src/install/safety_control/lib/python3.10/site-packages:/home/pi/ss25/src/install/project/lib/python3.10/site-packages:/home/pi/ss25/src/install/my_motor_driver/lib/python3.10/site-packages:/home/pi/ss25/src/install/description/lib/python3.10/site-packages:/home/pi/ss25/src/install/bringup_pkg/lib/python3.10/site-packages:/home/pi/install/summary/lib/python3.10/site-packages:/home/pi/demo_testing_9_april/seav/install/yolov8_ros/lib/python3.10/site-packages:/home/pi/demo_testing_9_april/seav/install/static_tf_publisher/lib/python3.10/site-packages:/home/pi/demo_testing_9_april/seav/install/seav_test_sensors/lib/python3.10/site-packages:/home/pi/demo_testing_9_april/seav/install/my_robot_controller/lib/python3.10/site-packages:/opt/ros/humble/lib/python3.10/site-packages:/opt/ros/humble/local/lib/python3.10/dist-packages', 'ROS_HOSTNAME': '192.168.137.192', 'LC_NUMERIC': 'en_US.UTF-8', 'LC_PAPER': 'en_US.UTF-8', 'COLCON': '1', 'CMAKE_PREFIX_PATH': '/home/pi/seav2/install/carlikebot_ros2_control:/home/pi/seav2/install/serial:/home/pi/seav2/install/seav2:/home/pi/seav2/install/ros2_control_demo_description:/home/pi/ss25/install/sllidar_ros2:/home/pi/ss25/src/install/sllidar_ros2:/home/pi/demo_testing_9_april/seav/install/seav_simulation:/home/pi/demo_testing_9_april/seav/install/seav_description:/home/pi/demo_testing_9_april/seav/install/rplidar_ros:/home/pi/demo_testing_9_april/seav/install/my_nav2_pkg'}, 'shell': False}
[20.651603] (-) TimerEvent: {}
[20.753446] (-) TimerEvent: {}
[20.856121] (-) TimerEvent: {}
[20.959864] (-) TimerEvent: {}
[21.027159] (robot_cam_ros) Command: {'cmd': ['/usr/bin/python3', '-W', 'ignore:setup.py install is deprecated', '-W', 'ignore:easy_install command is deprecated', 'setup.py', 'develop', '--uninstall', '--editable', '--build-directory', '/home/pi/seav2/build/robot_cam_ros/build'], 'cwd': '/home/pi/seav2/build/robot_cam_ros', 'env': {'LESSOPEN': '| /usr/bin/lesspipe %s', 'USER': 'pi', 'SSH_CLIENT': '192.168.0.105 55666 22', 'LC_TIME': 'en_US.UTF-8', 'XDG_SESSION_TYPE': 'tty', 'SHLVL': '1', 'LD_LIBRARY_PATH': '/home/pi/seav2/install/carlikebot_ros2_control/lib:/home/pi/seav2/install/serial/lib:/opt/ros/humble/opt/rviz_ogre_vendor/lib:/opt/ros/humble/lib/aarch64-linux-gnu:/opt/ros/humble/lib', 'MOTD_SHOWN': 'pam', 'HOME': '/home/pi', 'OLDPWD': '/home/pi/seav2/src', 'SSH_TTY': '/dev/pts/0', 'ROS_PYTHON_VERSION': '3', 'LC_MONETARY': 'en_US.UTF-8', 'ROS_IP': '192.168.137.192', 'DBUS_SESSION_BUS_ADDRESS': 'unix:path=/run/user/1000/bus', 'QT_QPA_PLATFORM_PLUGIN_PATH': '/home/your_username/.local/lib/python3.10/site-packages/cv2/qt/plugins', 'COLCON_PREFIX_PATH': '/home/pi/seav2/install:/home/pi/ss25/install:/home/pi/ss25/src/description/description/install:/home/pi/ss25/src/summary/install:/home/pi/ss25/src/install:/home/pi/demo_testing_9_april/seav/install:/home/pi/install', 'ROS_DISTRO': 'humble', 'LOGNAME': 'pi', '_': '/usr/bin/colcon', 'ROS_VERSION': '2', 'XDG_SESSION_CLASS': 'user', 'TERM': 'xterm-256color', 'XDG_SESSION_ID': '1', 'ROS_LOCALHOST_ONLY': '0', 'PATH': '/home/pi/.local/bin:/home/pi/.local/bin:/opt/ros/humble/bin:/usr/local/sbin:/usr/local/bin:/usr/sbin:/usr/bin:/sbin:/bin:/usr/games:/usr/local/games:/snap/bin', 'LC_ADDRESS': 'en_US.UTF-8', 'XDG_RUNTIME_DIR': '/run/user/1000', 'DISPLAY': 'localhost:10.0', 'LANG': 'en_US.UTF-8', 'LC_TELEPHONE': 'en_US.UTF-8', 'LS_COLORS': 'rs=0:di=01;34:ln=01;36:mh=00:pi=40;33:so=01;35:do=01;35:bd=40;33;01:cd=40;33;01:or=40;31;01:mi=00:su=37;41:sg=30;43:ca=30;41:tw=30;42:ow=34;42:st=37;44:ex=01;32:*.tar=01;31:*.tgz=01;31:*.arc=01;31:*.arj=01;31:*.taz=01;31:*.lha=01;31:*.lz4=01;31:*.lzh=01;31:*.lzma=01;31:*.tlz=01;31:*.txz=01;31:*.tzo=01;31:*.t7z=01;31:*.zip=01;31:*.z=01;31:*.dz=01;31:*.gz=01;31:*.lrz=01;31:*.lz=01;31:*.lzo=01;31:*.xz=01;31:*.zst=01;31:*.tzst=01;31:*.bz2=01;31:*.bz=01;31:*.tbz=01;31:*.tbz2=01;31:*.tz=01;31:*.deb=01;31:*.rpm=01;31:*.jar=01;31:*.war=01;31:*.ear=01;31:*.sar=01;31:*.rar=01;31:*.alz=01;31:*.ace=01;31:*.zoo=01;31:*.cpio=01;31:*.7z=01;31:*.rz=01;31:*.cab=01;31:*.wim=01;31:*.swm=01;31:*.dwm=01;31:*.esd=01;31:*.jpg=01;35:*.jpeg=01;35:*.mjpg=01;35:*.mjpeg=01;35:*.gif=01;35:*.bmp=01;35:*.pbm=01;35:*.pgm=01;35:*.ppm=01;35:*.tga=01;35:*.xbm=01;35:*.xpm=01;35:*.tif=01;35:*.tiff=01;35:*.png=01;35:*.svg=01;35:*.svgz=01;35:*.mng=01;35:*.pcx=01;35:*.mov=01;35:*.mpg=01;35:*.mpeg=01;35:*.m2v=01;35:*.mkv=01;35:*.webm=01;35:*.webp=01;35:*.ogm=01;35:*.mp4=01;35:*.m4v=01;35:*.mp4v=01;35:*.vob=01;35:*.qt=01;35:*.nuv=01;35:*.wmv=01;35:*.asf=01;35:*.rm=01;35:*.rmvb=01;35:*.flc=01;35:*.avi=01;35:*.fli=01;35:*.flv=01;35:*.gl=01;35:*.dl=01;35:*.xcf=01;35:*.xwd=01;35:*.yuv=01;35:*.cgm=01;35:*.emf=01;35:*.ogv=01;35:*.ogx=01;35:*.aac=00;36:*.au=00;36:*.flac=00;36:*.m4a=00;36:*.mid=00;36:*.midi=00;36:*.mka=00;36:*.mp3=00;36:*.mpc=00;36:*.ogg=00;36:*.ra=00;36:*.wav=00;36:*.oga=00;36:*.opus=00;36:*.spx=00;36:*.xspf=00;36:', 'ROS_DOMAIN_ID': '0', 'AMENT_PREFIX_PATH': '/home/pi/seav2/install/carlikebot_ros2_control:/home/pi/seav2/install/serial:/home/pi/seav2/install/seav2_imu:/home/pi/seav2/install/seav2:/home/pi/seav2/install/ros2_control_demo_description:/home/pi/seav2/install/robot_cam_ros:/home/pi/seav2/install/ball_tracker:/home/pi/ss25/install/wheel_odometry:/home/pi/ss25/install/vup_2k7:/home/pi/ss25/install/summary:/home/pi/ss25/install/sllidar_ros2:/home/pi/ss25/install/safety_control:/home/pi/ss25/install/project:/home/pi/ss25/install/my_slam:/home/pi/ss25/install/my_motor_driver:/home/pi/ss25/install/final:/home/pi/ss25/install/description:/home/pi/ss25/install/bringup_pkg:/home/pi/ss25/src/summary/install/summary:/home/pi/ss25/src/install/wheel_odometry:/home/pi/ss25/src/install/summary:/home/pi/ss25/src/install/sllidar_ros2:/home/pi/ss25/src/install/safety_control:/home/pi/ss25/src/install/project:/home/pi/ss25/src/install/my_motor_driver:/home/pi/ss25/src/install/description:/home/pi/ss25/src/install/bringup_pkg:/home/pi/install/summary:/home/pi/demo_testing_9_april/seav/install/yolov8_ros:/home/pi/demo_testing_9_april/seav/install/static_tf_publisher:/home/pi/demo_testing_9_april/seav/install/seav_test_sensors:/home/pi/demo_testing_9_april/seav/install/seav_simulation:/home/pi/demo_testing_9_april/seav/install/seav_description:/home/pi/demo_testing_9_april/seav/install/rplidar_ros:/home/pi/demo_testing_9_april/seav/install/my_robot_controller:/home/pi/demo_testing_9_april/seav/install/my_nav2_pkg:/opt/ros/humble', 'SHELL': '/bin/bash', 'LC_NAME': 'en_US.UTF-8', 'LESSCLOSE': '/usr/bin/lesspipe %s %s', 'LC_MEASUREMENT': 'en_US.UTF-8', 'LC_IDENTIFICATION': 'en_US.UTF-8', 'PWD': '/home/pi/seav2/build/robot_cam_ros', 'LC_ALL': 'en_US.UTF-8', 'SSH_CONNECTION': '192.168.0.105 55666 192.168.0.210 22', 'XDG_DATA_DIRS': '/usr/local/share:/usr/share:/var/lib/snapd/desktop', 'PYTHONPATH': '/home/pi/seav2/build/robot_cam_ros/prefix_override:/usr/lib/python3/dist-packages/colcon_core/task/python/colcon_distutils_commands:/home/pi/seav2/install/robot_cam_ros/lib/python3.10/site-packages:/home/pi/seav2/build/seav2_imu:/home/pi/seav2/install/seav2_imu/lib/python3.10/site-packages:/home/pi/seav2/build/robot_cam_ros:/home/pi/seav2/install/robot_cam_ros/lib/python3.10/site-packages:/home/pi/seav2/build/ball_tracker:/home/pi/seav2/install/ball_tracker/lib/python3.10/site-packages:/home/pi/ss25/install/wheel_odometry/lib/python3.10/site-packages:/home/pi/ss25/install/vup_2k7/lib/python3.10/site-packages:/home/pi/ss25/install/summary/lib/python3.10/site-packages:/home/pi/ss25/install/safety_control/lib/python3.10/site-packages:/home/pi/ss25/install/project/lib/python3.10/site-packages:/home/pi/ss25/install/my_slam/lib/python3.10/site-packages:/home/pi/ss25/install/my_motor_driver/lib/python3.10/site-packages:/home/pi/ss25/install/final/lib/python3.10/site-packages:/home/pi/ss25/install/description/lib/python3.10/site-packages:/home/pi/ss25/install/bringup_pkg/lib/python3.10/site-packages:/home/pi/ss25/src/summary/install/summary/lib/python3.10/site-packages:/home/pi/ss25/src/install/wheel_odometry/lib/python3.10/site-packages:/home/pi/ss25/src/install/summary/lib/python3.10/site-packages:/home/pi/ss25/src/install/safety_control/lib/python3.10/site-packages:/home/pi/ss25/src/install/project/lib/python3.10/site-packages:/home/pi/ss25/src/install/my_motor_driver/lib/python3.10/site-packages:/home/pi/ss25/src/install/description/lib/python3.10/site-packages:/home/pi/ss25/src/install/bringup_pkg/lib/python3.10/site-packages:/home/pi/install/summary/lib/python3.10/site-packages:/home/pi/demo_testing_9_april/seav/install/yolov8_ros/lib/python3.10/site-packages:/home/pi/demo_testing_9_april/seav/install/static_tf_publisher/lib/python3.10/site-packages:/home/pi/demo_testing_9_april/seav/install/seav_test_sensors/lib/python3.10/site-packages:/home/pi/demo_testing_9_april/seav/install/my_robot_controller/lib/python3.10/site-packages:/opt/ros/humble/lib/python3.10/site-packages:/opt/ros/humble/local/lib/python3.10/dist-packages', 'ROS_HOSTNAME': '192.168.137.192', 'LC_NUMERIC': 'en_US.UTF-8', 'LC_PAPER': 'en_US.UTF-8', 'COLCON': '1', 'CMAKE_PREFIX_PATH': '/home/pi/seav2/install/carlikebot_ros2_control:/home/pi/seav2/install/serial:/home/pi/seav2/install/seav2:/home/pi/seav2/install/ros2_control_demo_description:/home/pi/ss25/install/sllidar_ros2:/home/pi/ss25/src/install/sllidar_ros2:/home/pi/demo_testing_9_april/seav/install/seav_simulation:/home/pi/demo_testing_9_april/seav/install/seav_description:/home/pi/demo_testing_9_april/seav/install/rplidar_ros:/home/pi/demo_testing_9_april/seav/install/my_nav2_pkg'}, 'shell': False}
[21.059987] (-) TimerEvent: {}
[21.167068] (seav2) CommandEnded: {'returncode': 0}
[21.170803] (-) TimerEvent: {}
[21.174358] (seav2) JobProgress: {'identifier': 'seav2', 'progress': 'install'}
[21.175531] (seav2) Command: {'cmd': ['/usr/bin/cmake', '--install', '/home/pi/seav2/build/seav2'], 'cwd': '/home/pi/seav2/build/seav2', 'env': OrderedDict([('LESSOPEN', '| /usr/bin/lesspipe %s'), ('USER', 'pi'), ('SSH_CLIENT', '192.168.0.105 55666 22'), ('LC_TIME', 'en_US.UTF-8'), ('XDG_SESSION_TYPE', 'tty'), ('SHLVL', '1'), ('LD_LIBRARY_PATH', '/home/pi/seav2/install/carlikebot_ros2_control/lib:/home/pi/seav2/install/serial/lib:/opt/ros/humble/opt/rviz_ogre_vendor/lib:/opt/ros/humble/lib/aarch64-linux-gnu:/opt/ros/humble/lib'), ('MOTD_SHOWN', 'pam'), ('HOME', '/home/pi'), ('OLDPWD', '/home/pi/seav2/src'), ('SSH_TTY', '/dev/pts/0'), ('ROS_PYTHON_VERSION', '3'), ('LC_MONETARY', 'en_US.UTF-8'), ('ROS_IP', '192.168.137.192'), ('DBUS_SESSION_BUS_ADDRESS', 'unix:path=/run/user/1000/bus'), ('QT_QPA_PLATFORM_PLUGIN_PATH', '/home/your_username/.local/lib/python3.10/site-packages/cv2/qt/plugins'), ('COLCON_PREFIX_PATH', '/home/pi/seav2/install:/home/pi/ss25/install:/home/pi/ss25/src/description/description/install:/home/pi/ss25/src/summary/install:/home/pi/ss25/src/install:/home/pi/demo_testing_9_april/seav/install:/home/pi/install'), ('ROS_DISTRO', 'humble'), ('LOGNAME', 'pi'), ('_', '/usr/bin/colcon'), ('ROS_VERSION', '2'), ('XDG_SESSION_CLASS', 'user'), ('TERM', 'xterm-256color'), ('XDG_SESSION_ID', '1'), ('ROS_LOCALHOST_ONLY', '0'), ('PATH', '/home/pi/.local/bin:/home/pi/.local/bin:/opt/ros/humble/bin:/usr/local/sbin:/usr/local/bin:/usr/sbin:/usr/bin:/sbin:/bin:/usr/games:/usr/local/games:/snap/bin'), ('LC_ADDRESS', 'en_US.UTF-8'), ('XDG_RUNTIME_DIR', '/run/user/1000'), ('DISPLAY', 'localhost:10.0'), ('LANG', 'en_US.UTF-8'), ('LC_TELEPHONE', 'en_US.UTF-8'), ('LS_COLORS', 'rs=0:di=01;34:ln=01;36:mh=00:pi=40;33:so=01;35:do=01;35:bd=40;33;01:cd=40;33;01:or=40;31;01:mi=00:su=37;41:sg=30;43:ca=30;41:tw=30;42:ow=34;42:st=37;44:ex=01;32:*.tar=01;31:*.tgz=01;31:*.arc=01;31:*.arj=01;31:*.taz=01;31:*.lha=01;31:*.lz4=01;31:*.lzh=01;31:*.lzma=01;31:*.tlz=01;31:*.txz=01;31:*.tzo=01;31:*.t7z=01;31:*.zip=01;31:*.z=01;31:*.dz=01;31:*.gz=01;31:*.lrz=01;31:*.lz=01;31:*.lzo=01;31:*.xz=01;31:*.zst=01;31:*.tzst=01;31:*.bz2=01;31:*.bz=01;31:*.tbz=01;31:*.tbz2=01;31:*.tz=01;31:*.deb=01;31:*.rpm=01;31:*.jar=01;31:*.war=01;31:*.ear=01;31:*.sar=01;31:*.rar=01;31:*.alz=01;31:*.ace=01;31:*.zoo=01;31:*.cpio=01;31:*.7z=01;31:*.rz=01;31:*.cab=01;31:*.wim=01;31:*.swm=01;31:*.dwm=01;31:*.esd=01;31:*.jpg=01;35:*.jpeg=01;35:*.mjpg=01;35:*.mjpeg=01;35:*.gif=01;35:*.bmp=01;35:*.pbm=01;35:*.pgm=01;35:*.ppm=01;35:*.tga=01;35:*.xbm=01;35:*.xpm=01;35:*.tif=01;35:*.tiff=01;35:*.png=01;35:*.svg=01;35:*.svgz=01;35:*.mng=01;35:*.pcx=01;35:*.mov=01;35:*.mpg=01;35:*.mpeg=01;35:*.m2v=01;35:*.mkv=01;35:*.webm=01;35:*.webp=01;35:*.ogm=01;35:*.mp4=01;35:*.m4v=01;35:*.mp4v=01;35:*.vob=01;35:*.qt=01;35:*.nuv=01;35:*.wmv=01;35:*.asf=01;35:*.rm=01;35:*.rmvb=01;35:*.flc=01;35:*.avi=01;35:*.fli=01;35:*.flv=01;35:*.gl=01;35:*.dl=01;35:*.xcf=01;35:*.xwd=01;35:*.yuv=01;35:*.cgm=01;35:*.emf=01;35:*.ogv=01;35:*.ogx=01;35:*.aac=00;36:*.au=00;36:*.flac=00;36:*.m4a=00;36:*.mid=00;36:*.midi=00;36:*.mka=00;36:*.mp3=00;36:*.mpc=00;36:*.ogg=00;36:*.ra=00;36:*.wav=00;36:*.oga=00;36:*.opus=00;36:*.spx=00;36:*.xspf=00;36:'), ('ROS_DOMAIN_ID', '0'), ('AMENT_PREFIX_PATH', '/home/pi/seav2/install/carlikebot_ros2_control:/home/pi/seav2/install/serial:/home/pi/seav2/install/seav2_imu:/home/pi/seav2/install/seav2:/home/pi/seav2/install/ros2_control_demo_description:/home/pi/seav2/install/robot_cam_ros:/home/pi/seav2/install/ball_tracker:/home/pi/ss25/install/wheel_odometry:/home/pi/ss25/install/vup_2k7:/home/pi/ss25/install/summary:/home/pi/ss25/install/sllidar_ros2:/home/pi/ss25/install/safety_control:/home/pi/ss25/install/project:/home/pi/ss25/install/my_slam:/home/pi/ss25/install/my_motor_driver:/home/pi/ss25/install/final:/home/pi/ss25/install/description:/home/pi/ss25/install/bringup_pkg:/home/pi/ss25/src/summary/install/summary:/home/pi/ss25/src/install/wheel_odometry:/home/pi/ss25/src/install/summary:/home/pi/ss25/src/install/sllidar_ros2:/home/pi/ss25/src/install/safety_control:/home/pi/ss25/src/install/project:/home/pi/ss25/src/install/my_motor_driver:/home/pi/ss25/src/install/description:/home/pi/ss25/src/install/bringup_pkg:/home/pi/install/summary:/home/pi/demo_testing_9_april/seav/install/yolov8_ros:/home/pi/demo_testing_9_april/seav/install/static_tf_publisher:/home/pi/demo_testing_9_april/seav/install/seav_test_sensors:/home/pi/demo_testing_9_april/seav/install/seav_simulation:/home/pi/demo_testing_9_april/seav/install/seav_description:/home/pi/demo_testing_9_april/seav/install/rplidar_ros:/home/pi/demo_testing_9_april/seav/install/my_robot_controller:/home/pi/demo_testing_9_april/seav/install/my_nav2_pkg:/opt/ros/humble'), ('SHELL', '/bin/bash'), ('LC_NAME', 'en_US.UTF-8'), ('LESSCLOSE', '/usr/bin/lesspipe %s %s'), ('LC_MEASUREMENT', 'en_US.UTF-8'), ('LC_IDENTIFICATION', 'en_US.UTF-8'), ('PWD', '/home/pi/seav2/build/seav2'), ('LC_ALL', 'en_US.UTF-8'), ('SSH_CONNECTION', '192.168.0.105 55666 192.168.0.210 22'), ('XDG_DATA_DIRS', '/usr/local/share:/usr/share:/var/lib/snapd/desktop'), ('PYTHONPATH', '/home/pi/seav2/build/seav2_imu:/home/pi/seav2/install/seav2_imu/lib/python3.10/site-packages:/home/pi/seav2/build/robot_cam_ros:/home/pi/seav2/install/robot_cam_ros/lib/python3.10/site-packages:/home/pi/seav2/build/ball_tracker:/home/pi/seav2/install/ball_tracker/lib/python3.10/site-packages:/home/pi/ss25/install/wheel_odometry/lib/python3.10/site-packages:/home/pi/ss25/install/vup_2k7/lib/python3.10/site-packages:/home/pi/ss25/install/summary/lib/python3.10/site-packages:/home/pi/ss25/install/safety_control/lib/python3.10/site-packages:/home/pi/ss25/install/project/lib/python3.10/site-packages:/home/pi/ss25/install/my_slam/lib/python3.10/site-packages:/home/pi/ss25/install/my_motor_driver/lib/python3.10/site-packages:/home/pi/ss25/install/final/lib/python3.10/site-packages:/home/pi/ss25/install/description/lib/python3.10/site-packages:/home/pi/ss25/install/bringup_pkg/lib/python3.10/site-packages:/home/pi/ss25/src/summary/install/summary/lib/python3.10/site-packages:/home/pi/ss25/src/install/wheel_odometry/lib/python3.10/site-packages:/home/pi/ss25/src/install/summary/lib/python3.10/site-packages:/home/pi/ss25/src/install/safety_control/lib/python3.10/site-packages:/home/pi/ss25/src/install/project/lib/python3.10/site-packages:/home/pi/ss25/src/install/my_motor_driver/lib/python3.10/site-packages:/home/pi/ss25/src/install/description/lib/python3.10/site-packages:/home/pi/ss25/src/install/bringup_pkg/lib/python3.10/site-packages:/home/pi/install/summary/lib/python3.10/site-packages:/home/pi/demo_testing_9_april/seav/install/yolov8_ros/lib/python3.10/site-packages:/home/pi/demo_testing_9_april/seav/install/static_tf_publisher/lib/python3.10/site-packages:/home/pi/demo_testing_9_april/seav/install/seav_test_sensors/lib/python3.10/site-packages:/home/pi/demo_testing_9_april/seav/install/my_robot_controller/lib/python3.10/site-packages:/opt/ros/humble/lib/python3.10/site-packages:/opt/ros/humble/local/lib/python3.10/dist-packages'), ('ROS_HOSTNAME', '192.168.137.192'), ('LC_NUMERIC', 'en_US.UTF-8'), ('LC_PAPER', 'en_US.UTF-8'), ('COLCON', '1'), ('CMAKE_PREFIX_PATH', '/home/pi/seav2/install/carlikebot_ros2_control:/home/pi/seav2/install/serial:/home/pi/seav2/install/seav2:/home/pi/seav2/install/ros2_control_demo_description:/home/pi/ss25/install/sllidar_ros2:/home/pi/ss25/src/install/sllidar_ros2:/home/pi/demo_testing_9_april/seav/install/seav_simulation:/home/pi/demo_testing_9_april/seav/install/seav_description:/home/pi/demo_testing_9_april/seav/install/rplidar_ros:/home/pi/demo_testing_9_april/seav/install/my_nav2_pkg:/home/pi/seav2/install/seav2_imu:/home/pi/seav2/install/robot_cam_ros:/home/pi/seav2/install/ball_tracker:/home/pi/ss25/install/wheel_odometry:/home/pi/ss25/install/vup_2k7:/home/pi/ss25/install/summary:/home/pi/ss25/install/safety_control:/home/pi/ss25/install/project:/home/pi/ss25/install/my_slam:/home/pi/ss25/install/my_motor_driver:/home/pi/ss25/install/final:/home/pi/ss25/install/description:/home/pi/ss25/install/bringup_pkg:/home/pi/ss25/src/summary/install/summary:/home/pi/ss25/src/install/wheel_odometry:/home/pi/ss25/src/install/summary:/home/pi/ss25/src/install/safety_control:/home/pi/ss25/src/install/project:/home/pi/ss25/src/install/my_motor_driver:/home/pi/ss25/src/install/description:/home/pi/ss25/src/install/bringup_pkg:/home/pi/install/summary:/home/pi/demo_testing_9_april/seav/install/yolov8_ros:/home/pi/demo_testing_9_april/seav/install/static_tf_publisher:/home/pi/demo_testing_9_april/seav/install/seav_test_sensors:/home/pi/demo_testing_9_april/seav/install/my_robot_controller:/opt/ros/humble')]), 'shell': False}
[21.271200] (-) TimerEvent: {}
[21.296458] (seav2) StdoutLine: {'line': b'-- Install configuration: ""\n'}
[21.301443] (seav2) StdoutLine: {'line': b'-- Execute custom install script\n'}
[21.308989] (seav2) StdoutLine: {'line': b'-- Up-to-date symlink: /home/pi/seav2/install/seav2/share/seav2/config/drive_car.rviz\n'}
[21.314355] (seav2) StdoutLine: {'line': b'-- Up-to-date symlink: /home/pi/seav2/install/seav2/share/seav2/config/ekf_odom.yaml\n'}
[21.316705] (seav2) StdoutLine: {'line': b'-- Up-to-date symlink: /home/pi/seav2/install/seav2/share/seav2/config/gaz_ros2_ctl_use_sim.yaml\n'}
[21.322848] (seav2) StdoutLine: {'line': b'-- Up-to-date symlink: /home/pi/seav2/install/seav2/share/seav2/config/gazebo_params.yaml\n'}
[21.324759] (seav2) StdoutLine: {'line': b'-- Up-to-date symlink: /home/pi/seav2/install/seav2/share/seav2/config/imu_filter_madgwick.yaml\n'}
[21.328824] (seav2) StdoutLine: {'line': b'-- Up-to-date symlink: /home/pi/seav2/install/seav2/share/seav2/config/joystick.yaml\n'}
[21.330106] (seav2) StdoutLine: {'line': b'-- Up-to-date symlink: /home/pi/seav2/install/seav2/share/seav2/config/main.rviz\n'}
[21.352899] (seav2) StdoutLine: {'line': b'-- Up-to-date symlink: /home/pi/seav2/install/seav2/share/seav2/config/mapper_params_online_async.yaml\n'}
[21.354219] (seav2) StdoutLine: {'line': b'-- Up-to-date symlink: /home/pi/seav2/install/seav2/share/seav2/config/my_controllers.yaml\n'}
[21.355524] (seav2) StdoutLine: {'line': b'-- Up-to-date symlink: /home/pi/seav2/install/seav2/share/seav2/config/nav2_params.yaml\n'}
[21.362681] (seav2) StdoutLine: {'line': b'-- Up-to-date symlink: /home/pi/seav2/install/seav2/share/seav2/config/twist_mux.yaml\n'}
[21.366794] (seav2) StdoutLine: {'line': b'-- Up-to-date symlink: /home/pi/seav2/install/seav2/share/seav2/config/view_car.rviz\n'}
[21.368722] (seav2) StdoutLine: {'line': b'-- Up-to-date symlink: /home/pi/seav2/install/seav2/share/seav2/description/camera.xacro\n'}
[21.369787] (seav2) StdoutLine: {'line': b'-- Up-to-date symlink: /home/pi/seav2/install/seav2/share/seav2/description/depth_camera.xacro\n'}
[21.370934] (seav2) StdoutLine: {'line': b'-- Up-to-date symlink: /home/pi/seav2/install/seav2/share/seav2/description/gazebo_control.xacro\n'}
[21.371982] (-) TimerEvent: {}
[21.382281] (seav2) StdoutLine: {'line': b'-- Up-to-date symlink: /home/pi/seav2/install/seav2/share/seav2/description/inertial_macros.xacro\n'}
[21.383594] (seav2) StdoutLine: {'line': b'-- Up-to-date symlink: /home/pi/seav2/install/seav2/share/seav2/description/lidar.xacro\n'}
[21.384904] (seav2) StdoutLine: {'line': b'-- Up-to-date symlink: /home/pi/seav2/install/seav2/share/seav2/description/robot.urdf.xacro\n'}
[21.385906] (seav2) StdoutLine: {'line': b'-- Up-to-date symlink: /home/pi/seav2/install/seav2/share/seav2/description/robot_core.xacro\n'}
[21.386816] (seav2) StdoutLine: {'line': b'-- Up-to-date symlink: /home/pi/seav2/install/seav2/share/seav2/description/ros2_control.xacro\n'}
[21.387678] (seav2) StdoutLine: {'line': b'-- Symlinking: /home/pi/seav2/install/seav2/share/seav2/launch/__pycache__/launch_robot.launch.cpython-310.pyc\n'}
[21.473231] (-) TimerEvent: {}
[21.500475] (seav2) StdoutLine: {'line': b'-- Up-to-date symlink: /home/pi/seav2/install/seav2/share/seav2/launch/ekf.launch.py\n'}
[21.505321] (seav2) StdoutLine: {'line': b'-- Up-to-date symlink: /home/pi/seav2/install/seav2/share/seav2/launch/imu_tf.launch.py\n'}
[21.509852] (seav2) StdoutLine: {'line': b'-- Up-to-date symlink: /home/pi/seav2/install/seav2/share/seav2/launch/joystick.launch.py\n'}
[21.514930] (seav2) StdoutLine: {'line': b'-- Up-to-date symlink: /home/pi/seav2/install/seav2/share/seav2/launch/launch_robot.launch.py\n'}
[21.519116] (seav2) StdoutLine: {'line': b'-- Up-to-date symlink: /home/pi/seav2/install/seav2/share/seav2/launch/launch_sim.launch.py\n'}
[21.523715] (seav2) StdoutLine: {'line': b'-- Up-to-date symlink: /home/pi/seav2/install/seav2/share/seav2/launch/localization_launch.py\n'}
[21.528999] (seav2) StdoutLine: {'line': b'-- Up-to-date symlink: /home/pi/seav2/install/seav2/share/seav2/launch/navigation_launch.py\n'}
[21.533917] (seav2) StdoutLine: {'line': b'-- Up-to-date symlink: /home/pi/seav2/install/seav2/share/seav2/launch/online_async_launch.py\n'}
[21.538118] (seav2) StdoutLine: {'line': b'-- Up-to-date symlink: /home/pi/seav2/install/seav2/share/seav2/launch/rplidar.launch.py\n'}
[21.542326] (seav2) StdoutLine: {'line': b'-- Up-to-date symlink: /home/pi/seav2/install/seav2/share/seav2/launch/rsp.launch.py\n'}
[21.548354] (seav2) StdoutLine: {'line': b'-- Up-to-date symlink: /home/pi/seav2/install/seav2/share/seav2/worlds/empty.world\n'}
[21.576442] (seav2) StdoutLine: {'line': b'-- Up-to-date symlink: /home/pi/seav2/install/seav2/share/seav2/worlds/obstacles.world\n'}
[21.577806] (-) TimerEvent: {}
[21.604378] (seav2) StdoutLine: {'line': b'-- Up-to-date symlink: /home/pi/seav2/install/seav2/share/ament_index/resource_index/package_run_dependencies/seav2\n'}
[21.615193] (seav2) StdoutLine: {'line': b'-- Up-to-date symlink: /home/pi/seav2/install/seav2/share/ament_index/resource_index/parent_prefix_path/seav2\n'}
[21.616697] (seav2) StdoutLine: {'line': b'-- Up-to-date symlink: /home/pi/seav2/install/seav2/share/seav2/environment/ament_prefix_path.sh\n'}
[21.648125] (seav2) StdoutLine: {'line': b'-- Up-to-date symlink: /home/pi/seav2/install/seav2/share/seav2/environment/ament_prefix_path.dsv\n'}
[21.649474] (seav2) StdoutLine: {'line': b'-- Up-to-date symlink: /home/pi/seav2/install/seav2/share/seav2/environment/path.sh\n'}
[21.650611] (seav2) StdoutLine: {'line': b'-- Up-to-date symlink: /home/pi/seav2/install/seav2/share/seav2/environment/path.dsv\n'}
[21.664143] (seav2) StdoutLine: {'line': b'-- Up-to-date symlink: /home/pi/seav2/install/seav2/share/seav2/local_setup.bash\n'}
[21.673874] (seav2) StdoutLine: {'line': b'-- Up-to-date symlink: /home/pi/seav2/install/seav2/share/seav2/local_setup.sh\n'}
[21.679352] (-) TimerEvent: {}
[21.686973] (seav2) StdoutLine: {'line': b'-- Up-to-date symlink: /home/pi/seav2/install/seav2/share/seav2/local_setup.zsh\n'}
[21.700081] (seav2) StdoutLine: {'line': b'-- Up-to-date symlink: /home/pi/seav2/install/seav2/share/seav2/local_setup.dsv\n'}
[21.711297] (seav2) StdoutLine: {'line': b'-- Symlinking: /home/pi/seav2/install/seav2/share/seav2/package.dsv\n'}
[21.779703] (-) TimerEvent: {}
[21.888647] (-) TimerEvent: {}
[21.992750] (-) TimerEvent: {}
[22.080698] (seav2) StdoutLine: {'line': b'-- Up-to-date symlink: /home/pi/seav2/install/seav2/share/ament_index/resource_index/packages/seav2\n'}
[22.088751] (seav2) StdoutLine: {'line': b'-- Up-to-date symlink: /home/pi/seav2/install/seav2/share/seav2/cmake/seav2Config.cmake\n'}
[22.093180] (-) TimerEvent: {}
[22.122467] (seav2) StdoutLine: {'line': b'-- Up-to-date symlink: /home/pi/seav2/install/seav2/share/seav2/cmake/seav2Config-version.cmake\n'}
[22.150017] (seav2) StdoutLine: {'line': b'-- Up-to-date symlink: /home/pi/seav2/install/seav2/share/seav2/package.xml\n'}
[22.193684] (seav2) CommandEnded: {'returncode': 0}
[22.197827] (-) TimerEvent: {}
[22.299469] (-) TimerEvent: {}
[22.401131] (-) TimerEvent: {}
[22.505716] (-) TimerEvent: {}
[22.610721] (-) TimerEvent: {}
[22.712402] (-) TimerEvent: {}
[22.814040] (-) TimerEvent: {}
[22.915600] (-) TimerEvent: {}
[23.017190] (-) TimerEvent: {}
[23.118730] (-) TimerEvent: {}
[23.222822] (-) TimerEvent: {}
[23.325087] (-) TimerEvent: {}
[23.429082] (-) TimerEvent: {}
[23.530856] (-) TimerEvent: {}
[23.632495] (-) TimerEvent: {}
[23.734055] (-) TimerEvent: {}
[23.835642] (-) TimerEvent: {}
[23.937281] (-) TimerEvent: {}
[24.038776] (-) TimerEvent: {}
[24.140287] (-) TimerEvent: {}
[24.241901] (-) TimerEvent: {}
[24.343604] (-) TimerEvent: {}
[24.445335] (-) TimerEvent: {}
[24.547012] (-) TimerEvent: {}
[24.648575] (-) TimerEvent: {}
[24.750187] (-) TimerEvent: {}
[24.851681] (-) TimerEvent: {}
[24.953229] (-) TimerEvent: {}
[25.054888] (-) TimerEvent: {}
[25.156669] (-) TimerEvent: {}
[25.258637] (-) TimerEvent: {}
[25.360477] (-) TimerEvent: {}
[25.462041] (-) TimerEvent: {}
[25.576222] (seav2) JobEnded: {'identifier': 'seav2', 'rc': 0}
[25.581145] (-) TimerEvent: {}
[25.601311] (v4l2_camera) JobStarted: {'identifier': 'v4l2_camera'}
[25.684071] (-) TimerEvent: {}
[25.801639] (-) TimerEvent: {}
[25.916086] (-) TimerEvent: {}
[26.024079] (-) TimerEvent: {}
[26.108823] (ball_tracker) StderrLine: {'line': b"/usr/lib/python3/dist-packages/setuptools/dist.py:723: UserWarning: Usage of dash-separated 'script-dir' will not be supported in future versions. Please use the underscore name 'script_dir' instead\n"}
[26.110568] (ball_tracker) StderrLine: {'line': b'  warnings.warn(\n'}
[26.124347] (-) TimerEvent: {}
[26.156155] (v4l2_camera) JobProgress: {'identifier': 'v4l2_camera', 'progress': 'cmake'}
[26.184567] (v4l2_camera) Command: {'cmd': ['/usr/bin/cmake', '/home/pi/seav2/src/ros2_v4l2_camera', '-DCMAKE_INSTALL_PREFIX=/home/pi/seav2/install/v4l2_camera'], 'cwd': '/home/pi/seav2/build/v4l2_camera', 'env': OrderedDict([('LESSOPEN', '| /usr/bin/lesspipe %s'), ('USER', 'pi'), ('SSH_CLIENT', '192.168.0.105 55666 22'), ('LC_TIME', 'en_US.UTF-8'), ('XDG_SESSION_TYPE', 'tty'), ('SHLVL', '1'), ('LD_LIBRARY_PATH', '/home/pi/seav2/install/carlikebot_ros2_control/lib:/home/pi/seav2/install/serial/lib:/opt/ros/humble/opt/rviz_ogre_vendor/lib:/opt/ros/humble/lib/aarch64-linux-gnu:/opt/ros/humble/lib'), ('MOTD_SHOWN', 'pam'), ('HOME', '/home/pi'), ('OLDPWD', '/home/pi/seav2/src'), ('SSH_TTY', '/dev/pts/0'), ('ROS_PYTHON_VERSION', '3'), ('LC_MONETARY', 'en_US.UTF-8'), ('ROS_IP', '192.168.137.192'), ('DBUS_SESSION_BUS_ADDRESS', 'unix:path=/run/user/1000/bus'), ('QT_QPA_PLATFORM_PLUGIN_PATH', '/home/your_username/.local/lib/python3.10/site-packages/cv2/qt/plugins'), ('COLCON_PREFIX_PATH', '/home/pi/seav2/install:/home/pi/ss25/install:/home/pi/ss25/src/description/description/install:/home/pi/ss25/src/summary/install:/home/pi/ss25/src/install:/home/pi/demo_testing_9_april/seav/install:/home/pi/install'), ('ROS_DISTRO', 'humble'), ('LOGNAME', 'pi'), ('_', '/usr/bin/colcon'), ('ROS_VERSION', '2'), ('XDG_SESSION_CLASS', 'user'), ('TERM', 'xterm-256color'), ('XDG_SESSION_ID', '1'), ('ROS_LOCALHOST_ONLY', '0'), ('PATH', '/home/pi/.local/bin:/home/pi/.local/bin:/opt/ros/humble/bin:/usr/local/sbin:/usr/local/bin:/usr/sbin:/usr/bin:/sbin:/bin:/usr/games:/usr/local/games:/snap/bin'), ('LC_ADDRESS', 'en_US.UTF-8'), ('XDG_RUNTIME_DIR', '/run/user/1000'), ('DISPLAY', 'localhost:10.0'), ('LANG', 'en_US.UTF-8'), ('LC_TELEPHONE', 'en_US.UTF-8'), ('LS_COLORS', 'rs=0:di=01;34:ln=01;36:mh=00:pi=40;33:so=01;35:do=01;35:bd=40;33;01:cd=40;33;01:or=40;31;01:mi=00:su=37;41:sg=30;43:ca=30;41:tw=30;42:ow=34;42:st=37;44:ex=01;32:*.tar=01;31:*.tgz=01;31:*.arc=01;31:*.arj=01;31:*.taz=01;31:*.lha=01;31:*.lz4=01;31:*.lzh=01;31:*.lzma=01;31:*.tlz=01;31:*.txz=01;31:*.tzo=01;31:*.t7z=01;31:*.zip=01;31:*.z=01;31:*.dz=01;31:*.gz=01;31:*.lrz=01;31:*.lz=01;31:*.lzo=01;31:*.xz=01;31:*.zst=01;31:*.tzst=01;31:*.bz2=01;31:*.bz=01;31:*.tbz=01;31:*.tbz2=01;31:*.tz=01;31:*.deb=01;31:*.rpm=01;31:*.jar=01;31:*.war=01;31:*.ear=01;31:*.sar=01;31:*.rar=01;31:*.alz=01;31:*.ace=01;31:*.zoo=01;31:*.cpio=01;31:*.7z=01;31:*.rz=01;31:*.cab=01;31:*.wim=01;31:*.swm=01;31:*.dwm=01;31:*.esd=01;31:*.jpg=01;35:*.jpeg=01;35:*.mjpg=01;35:*.mjpeg=01;35:*.gif=01;35:*.bmp=01;35:*.pbm=01;35:*.pgm=01;35:*.ppm=01;35:*.tga=01;35:*.xbm=01;35:*.xpm=01;35:*.tif=01;35:*.tiff=01;35:*.png=01;35:*.svg=01;35:*.svgz=01;35:*.mng=01;35:*.pcx=01;35:*.mov=01;35:*.mpg=01;35:*.mpeg=01;35:*.m2v=01;35:*.mkv=01;35:*.webm=01;35:*.webp=01;35:*.ogm=01;35:*.mp4=01;35:*.m4v=01;35:*.mp4v=01;35:*.vob=01;35:*.qt=01;35:*.nuv=01;35:*.wmv=01;35:*.asf=01;35:*.rm=01;35:*.rmvb=01;35:*.flc=01;35:*.avi=01;35:*.fli=01;35:*.flv=01;35:*.gl=01;35:*.dl=01;35:*.xcf=01;35:*.xwd=01;35:*.yuv=01;35:*.cgm=01;35:*.emf=01;35:*.ogv=01;35:*.ogx=01;35:*.aac=00;36:*.au=00;36:*.flac=00;36:*.m4a=00;36:*.mid=00;36:*.midi=00;36:*.mka=00;36:*.mp3=00;36:*.mpc=00;36:*.ogg=00;36:*.ra=00;36:*.wav=00;36:*.oga=00;36:*.opus=00;36:*.spx=00;36:*.xspf=00;36:'), ('ROS_DOMAIN_ID', '0'), ('AMENT_PREFIX_PATH', '/home/pi/seav2/install/carlikebot_ros2_control:/home/pi/seav2/install/serial:/home/pi/seav2/install/seav2_imu:/home/pi/seav2/install/seav2:/home/pi/seav2/install/ros2_control_demo_description:/home/pi/seav2/install/robot_cam_ros:/home/pi/seav2/install/ball_tracker:/home/pi/ss25/install/wheel_odometry:/home/pi/ss25/install/vup_2k7:/home/pi/ss25/install/summary:/home/pi/ss25/install/sllidar_ros2:/home/pi/ss25/install/safety_control:/home/pi/ss25/install/project:/home/pi/ss25/install/my_slam:/home/pi/ss25/install/my_motor_driver:/home/pi/ss25/install/final:/home/pi/ss25/install/description:/home/pi/ss25/install/bringup_pkg:/home/pi/ss25/src/summary/install/summary:/home/pi/ss25/src/install/wheel_odometry:/home/pi/ss25/src/install/summary:/home/pi/ss25/src/install/sllidar_ros2:/home/pi/ss25/src/install/safety_control:/home/pi/ss25/src/install/project:/home/pi/ss25/src/install/my_motor_driver:/home/pi/ss25/src/install/description:/home/pi/ss25/src/install/bringup_pkg:/home/pi/install/summary:/home/pi/demo_testing_9_april/seav/install/yolov8_ros:/home/pi/demo_testing_9_april/seav/install/static_tf_publisher:/home/pi/demo_testing_9_april/seav/install/seav_test_sensors:/home/pi/demo_testing_9_april/seav/install/seav_simulation:/home/pi/demo_testing_9_april/seav/install/seav_description:/home/pi/demo_testing_9_april/seav/install/rplidar_ros:/home/pi/demo_testing_9_april/seav/install/my_robot_controller:/home/pi/demo_testing_9_april/seav/install/my_nav2_pkg:/opt/ros/humble'), ('SHELL', '/bin/bash'), ('LC_NAME', 'en_US.UTF-8'), ('LESSCLOSE', '/usr/bin/lesspipe %s %s'), ('LC_MEASUREMENT', 'en_US.UTF-8'), ('LC_IDENTIFICATION', 'en_US.UTF-8'), ('PWD', '/home/pi/seav2/build/v4l2_camera'), ('LC_ALL', 'en_US.UTF-8'), ('SSH_CONNECTION', '192.168.0.105 55666 192.168.0.210 22'), ('XDG_DATA_DIRS', '/usr/local/share:/usr/share:/var/lib/snapd/desktop'), ('PYTHONPATH', '/home/pi/seav2/build/seav2_imu:/home/pi/seav2/install/seav2_imu/lib/python3.10/site-packages:/home/pi/seav2/build/robot_cam_ros:/home/pi/seav2/install/robot_cam_ros/lib/python3.10/site-packages:/home/pi/seav2/build/ball_tracker:/home/pi/seav2/install/ball_tracker/lib/python3.10/site-packages:/home/pi/ss25/install/wheel_odometry/lib/python3.10/site-packages:/home/pi/ss25/install/vup_2k7/lib/python3.10/site-packages:/home/pi/ss25/install/summary/lib/python3.10/site-packages:/home/pi/ss25/install/safety_control/lib/python3.10/site-packages:/home/pi/ss25/install/project/lib/python3.10/site-packages:/home/pi/ss25/install/my_slam/lib/python3.10/site-packages:/home/pi/ss25/install/my_motor_driver/lib/python3.10/site-packages:/home/pi/ss25/install/final/lib/python3.10/site-packages:/home/pi/ss25/install/description/lib/python3.10/site-packages:/home/pi/ss25/install/bringup_pkg/lib/python3.10/site-packages:/home/pi/ss25/src/summary/install/summary/lib/python3.10/site-packages:/home/pi/ss25/src/install/wheel_odometry/lib/python3.10/site-packages:/home/pi/ss25/src/install/summary/lib/python3.10/site-packages:/home/pi/ss25/src/install/safety_control/lib/python3.10/site-packages:/home/pi/ss25/src/install/project/lib/python3.10/site-packages:/home/pi/ss25/src/install/my_motor_driver/lib/python3.10/site-packages:/home/pi/ss25/src/install/description/lib/python3.10/site-packages:/home/pi/ss25/src/install/bringup_pkg/lib/python3.10/site-packages:/home/pi/install/summary/lib/python3.10/site-packages:/home/pi/demo_testing_9_april/seav/install/yolov8_ros/lib/python3.10/site-packages:/home/pi/demo_testing_9_april/seav/install/static_tf_publisher/lib/python3.10/site-packages:/home/pi/demo_testing_9_april/seav/install/seav_test_sensors/lib/python3.10/site-packages:/home/pi/demo_testing_9_april/seav/install/my_robot_controller/lib/python3.10/site-packages:/opt/ros/humble/lib/python3.10/site-packages:/opt/ros/humble/local/lib/python3.10/dist-packages'), ('ROS_HOSTNAME', '192.168.137.192'), ('LC_NUMERIC', 'en_US.UTF-8'), ('LC_PAPER', 'en_US.UTF-8'), ('COLCON', '1'), ('CMAKE_PREFIX_PATH', '/home/pi/seav2/install/carlikebot_ros2_control:/home/pi/seav2/install/serial:/home/pi/seav2/install/seav2:/home/pi/seav2/install/ros2_control_demo_description:/home/pi/ss25/install/sllidar_ros2:/home/pi/ss25/src/install/sllidar_ros2:/home/pi/demo_testing_9_april/seav/install/seav_simulation:/home/pi/demo_testing_9_april/seav/install/seav_description:/home/pi/demo_testing_9_april/seav/install/rplidar_ros:/home/pi/demo_testing_9_april/seav/install/my_nav2_pkg:/home/pi/seav2/install/seav2_imu:/home/pi/seav2/install/robot_cam_ros:/home/pi/seav2/install/ball_tracker:/home/pi/ss25/install/wheel_odometry:/home/pi/ss25/install/vup_2k7:/home/pi/ss25/install/summary:/home/pi/ss25/install/safety_control:/home/pi/ss25/install/project:/home/pi/ss25/install/my_slam:/home/pi/ss25/install/my_motor_driver:/home/pi/ss25/install/final:/home/pi/ss25/install/description:/home/pi/ss25/install/bringup_pkg:/home/pi/ss25/src/summary/install/summary:/home/pi/ss25/src/install/wheel_odometry:/home/pi/ss25/src/install/summary:/home/pi/ss25/src/install/safety_control:/home/pi/ss25/src/install/project:/home/pi/ss25/src/install/my_motor_driver:/home/pi/ss25/src/install/description:/home/pi/ss25/src/install/bringup_pkg:/home/pi/install/summary:/home/pi/demo_testing_9_april/seav/install/yolov8_ros:/home/pi/demo_testing_9_april/seav/install/static_tf_publisher:/home/pi/demo_testing_9_april/seav/install/seav_test_sensors:/home/pi/demo_testing_9_april/seav/install/my_robot_controller:/opt/ros/humble')]), 'shell': False}
[26.261533] (-) TimerEvent: {}
[26.365647] (-) TimerEvent: {}
[26.469597] (-) TimerEvent: {}
[26.489716] (ball_tracker) StdoutLine: {'line': b'running develop\n'}
[26.569945] (-) TimerEvent: {}
[26.608332] (robot_cam_ros) StdoutLine: {'line': b'running develop\n'}
[26.670872] (-) TimerEvent: {}
[26.775655] (-) TimerEvent: {}
[26.879605] (-) TimerEvent: {}
[26.983299] (-) TimerEvent: {}
[27.090809] (-) TimerEvent: {}
[27.195364] (-) TimerEvent: {}
[27.299075] (-) TimerEvent: {}
[27.412123] (-) TimerEvent: {}
[27.519089] (-) TimerEvent: {}
[27.622946] (-) TimerEvent: {}
[27.673445] (v4l2_camera) StdoutLine: {'line': b'-- Found ament_cmake: 1.3.12 (/opt/ros/humble/share/ament_cmake/cmake)\n'}
[27.723277] (-) TimerEvent: {}
[27.827115] (-) TimerEvent: {}
[27.930719] (-) TimerEvent: {}
[28.034409] (-) TimerEvent: {}
[28.137980] (-) TimerEvent: {}
[28.241631] (-) TimerEvent: {}
[28.345876] (-) TimerEvent: {}
[28.449505] (-) TimerEvent: {}
[28.553630] (-) TimerEvent: {}
[28.658037] (-) TimerEvent: {}
[28.763171] (-) TimerEvent: {}
[28.877446] (-) TimerEvent: {}
[28.981442] (-) TimerEvent: {}
[28.997479] (seav2_imu) Command: {'cmd': ['/usr/bin/python3', '-W', 'ignore:setup.py install is deprecated', '-W', 'ignore:easy_install command is deprecated', 'setup.py', 'develop', '--uninstall', '--editable', '--build-directory', '/home/pi/seav2/build/seav2_imu/build'], 'cwd': '/home/pi/seav2/build/seav2_imu', 'env': {'LESSOPEN': '| /usr/bin/lesspipe %s', 'USER': 'pi', 'SSH_CLIENT': '192.168.0.105 55666 22', 'LC_TIME': 'en_US.UTF-8', 'XDG_SESSION_TYPE': 'tty', 'SHLVL': '1', 'LD_LIBRARY_PATH': '/home/pi/seav2/install/carlikebot_ros2_control/lib:/home/pi/seav2/install/serial/lib:/opt/ros/humble/opt/rviz_ogre_vendor/lib:/opt/ros/humble/lib/aarch64-linux-gnu:/opt/ros/humble/lib', 'MOTD_SHOWN': 'pam', 'HOME': '/home/pi', 'OLDPWD': '/home/pi/seav2/src', 'SSH_TTY': '/dev/pts/0', 'ROS_PYTHON_VERSION': '3', 'LC_MONETARY': 'en_US.UTF-8', 'ROS_IP': '192.168.137.192', 'DBUS_SESSION_BUS_ADDRESS': 'unix:path=/run/user/1000/bus', 'QT_QPA_PLATFORM_PLUGIN_PATH': '/home/your_username/.local/lib/python3.10/site-packages/cv2/qt/plugins', 'COLCON_PREFIX_PATH': '/home/pi/seav2/install:/home/pi/ss25/install:/home/pi/ss25/src/description/description/install:/home/pi/ss25/src/summary/install:/home/pi/ss25/src/install:/home/pi/demo_testing_9_april/seav/install:/home/pi/install', 'ROS_DISTRO': 'humble', 'LOGNAME': 'pi', '_': '/usr/bin/colcon', 'ROS_VERSION': '2', 'XDG_SESSION_CLASS': 'user', 'TERM': 'xterm-256color', 'XDG_SESSION_ID': '1', 'ROS_LOCALHOST_ONLY': '0', 'PATH': '/home/pi/.local/bin:/home/pi/.local/bin:/opt/ros/humble/bin:/usr/local/sbin:/usr/local/bin:/usr/sbin:/usr/bin:/sbin:/bin:/usr/games:/usr/local/games:/snap/bin', 'LC_ADDRESS': 'en_US.UTF-8', 'XDG_RUNTIME_DIR': '/run/user/1000', 'DISPLAY': 'localhost:10.0', 'LANG': 'en_US.UTF-8', 'LC_TELEPHONE': 'en_US.UTF-8', 'LS_COLORS': 'rs=0:di=01;34:ln=01;36:mh=00:pi=40;33:so=01;35:do=01;35:bd=40;33;01:cd=40;33;01:or=40;31;01:mi=00:su=37;41:sg=30;43:ca=30;41:tw=30;42:ow=34;42:st=37;44:ex=01;32:*.tar=01;31:*.tgz=01;31:*.arc=01;31:*.arj=01;31:*.taz=01;31:*.lha=01;31:*.lz4=01;31:*.lzh=01;31:*.lzma=01;31:*.tlz=01;31:*.txz=01;31:*.tzo=01;31:*.t7z=01;31:*.zip=01;31:*.z=01;31:*.dz=01;31:*.gz=01;31:*.lrz=01;31:*.lz=01;31:*.lzo=01;31:*.xz=01;31:*.zst=01;31:*.tzst=01;31:*.bz2=01;31:*.bz=01;31:*.tbz=01;31:*.tbz2=01;31:*.tz=01;31:*.deb=01;31:*.rpm=01;31:*.jar=01;31:*.war=01;31:*.ear=01;31:*.sar=01;31:*.rar=01;31:*.alz=01;31:*.ace=01;31:*.zoo=01;31:*.cpio=01;31:*.7z=01;31:*.rz=01;31:*.cab=01;31:*.wim=01;31:*.swm=01;31:*.dwm=01;31:*.esd=01;31:*.jpg=01;35:*.jpeg=01;35:*.mjpg=01;35:*.mjpeg=01;35:*.gif=01;35:*.bmp=01;35:*.pbm=01;35:*.pgm=01;35:*.ppm=01;35:*.tga=01;35:*.xbm=01;35:*.xpm=01;35:*.tif=01;35:*.tiff=01;35:*.png=01;35:*.svg=01;35:*.svgz=01;35:*.mng=01;35:*.pcx=01;35:*.mov=01;35:*.mpg=01;35:*.mpeg=01;35:*.m2v=01;35:*.mkv=01;35:*.webm=01;35:*.webp=01;35:*.ogm=01;35:*.mp4=01;35:*.m4v=01;35:*.mp4v=01;35:*.vob=01;35:*.qt=01;35:*.nuv=01;35:*.wmv=01;35:*.asf=01;35:*.rm=01;35:*.rmvb=01;35:*.flc=01;35:*.avi=01;35:*.fli=01;35:*.flv=01;35:*.gl=01;35:*.dl=01;35:*.xcf=01;35:*.xwd=01;35:*.yuv=01;35:*.cgm=01;35:*.emf=01;35:*.ogv=01;35:*.ogx=01;35:*.aac=00;36:*.au=00;36:*.flac=00;36:*.m4a=00;36:*.mid=00;36:*.midi=00;36:*.mka=00;36:*.mp3=00;36:*.mpc=00;36:*.ogg=00;36:*.ra=00;36:*.wav=00;36:*.oga=00;36:*.opus=00;36:*.spx=00;36:*.xspf=00;36:', 'ROS_DOMAIN_ID': '0', 'AMENT_PREFIX_PATH': '/home/pi/seav2/install/carlikebot_ros2_control:/home/pi/seav2/install/serial:/home/pi/seav2/install/seav2_imu:/home/pi/seav2/install/seav2:/home/pi/seav2/install/ros2_control_demo_description:/home/pi/seav2/install/robot_cam_ros:/home/pi/seav2/install/ball_tracker:/home/pi/ss25/install/wheel_odometry:/home/pi/ss25/install/vup_2k7:/home/pi/ss25/install/summary:/home/pi/ss25/install/sllidar_ros2:/home/pi/ss25/install/safety_control:/home/pi/ss25/install/project:/home/pi/ss25/install/my_slam:/home/pi/ss25/install/my_motor_driver:/home/pi/ss25/install/final:/home/pi/ss25/install/description:/home/pi/ss25/install/bringup_pkg:/home/pi/ss25/src/summary/install/summary:/home/pi/ss25/src/install/wheel_odometry:/home/pi/ss25/src/install/summary:/home/pi/ss25/src/install/sllidar_ros2:/home/pi/ss25/src/install/safety_control:/home/pi/ss25/src/install/project:/home/pi/ss25/src/install/my_motor_driver:/home/pi/ss25/src/install/description:/home/pi/ss25/src/install/bringup_pkg:/home/pi/install/summary:/home/pi/demo_testing_9_april/seav/install/yolov8_ros:/home/pi/demo_testing_9_april/seav/install/static_tf_publisher:/home/pi/demo_testing_9_april/seav/install/seav_test_sensors:/home/pi/demo_testing_9_april/seav/install/seav_simulation:/home/pi/demo_testing_9_april/seav/install/seav_description:/home/pi/demo_testing_9_april/seav/install/rplidar_ros:/home/pi/demo_testing_9_april/seav/install/my_robot_controller:/home/pi/demo_testing_9_april/seav/install/my_nav2_pkg:/opt/ros/humble', 'SHELL': '/bin/bash', 'LC_NAME': 'en_US.UTF-8', 'LESSCLOSE': '/usr/bin/lesspipe %s %s', 'LC_MEASUREMENT': 'en_US.UTF-8', 'LC_IDENTIFICATION': 'en_US.UTF-8', 'PWD': '/home/pi/seav2/build/seav2_imu', 'LC_ALL': 'en_US.UTF-8', 'SSH_CONNECTION': '192.168.0.105 55666 192.168.0.210 22', 'XDG_DATA_DIRS': '/usr/local/share:/usr/share:/var/lib/snapd/desktop', 'PYTHONPATH': '/home/pi/seav2/build/seav2_imu/prefix_override:/usr/lib/python3/dist-packages/colcon_core/task/python/colcon_distutils_commands:/home/pi/seav2/install/seav2_imu/lib/python3.10/site-packages:/home/pi/seav2/build/seav2_imu:/home/pi/seav2/install/seav2_imu/lib/python3.10/site-packages:/home/pi/seav2/build/robot_cam_ros:/home/pi/seav2/install/robot_cam_ros/lib/python3.10/site-packages:/home/pi/seav2/build/ball_tracker:/home/pi/seav2/install/ball_tracker/lib/python3.10/site-packages:/home/pi/ss25/install/wheel_odometry/lib/python3.10/site-packages:/home/pi/ss25/install/vup_2k7/lib/python3.10/site-packages:/home/pi/ss25/install/summary/lib/python3.10/site-packages:/home/pi/ss25/install/safety_control/lib/python3.10/site-packages:/home/pi/ss25/install/project/lib/python3.10/site-packages:/home/pi/ss25/install/my_slam/lib/python3.10/site-packages:/home/pi/ss25/install/my_motor_driver/lib/python3.10/site-packages:/home/pi/ss25/install/final/lib/python3.10/site-packages:/home/pi/ss25/install/description/lib/python3.10/site-packages:/home/pi/ss25/install/bringup_pkg/lib/python3.10/site-packages:/home/pi/ss25/src/summary/install/summary/lib/python3.10/site-packages:/home/pi/ss25/src/install/wheel_odometry/lib/python3.10/site-packages:/home/pi/ss25/src/install/summary/lib/python3.10/site-packages:/home/pi/ss25/src/install/safety_control/lib/python3.10/site-packages:/home/pi/ss25/src/install/project/lib/python3.10/site-packages:/home/pi/ss25/src/install/my_motor_driver/lib/python3.10/site-packages:/home/pi/ss25/src/install/description/lib/python3.10/site-packages:/home/pi/ss25/src/install/bringup_pkg/lib/python3.10/site-packages:/home/pi/install/summary/lib/python3.10/site-packages:/home/pi/demo_testing_9_april/seav/install/yolov8_ros/lib/python3.10/site-packages:/home/pi/demo_testing_9_april/seav/install/static_tf_publisher/lib/python3.10/site-packages:/home/pi/demo_testing_9_april/seav/install/seav_test_sensors/lib/python3.10/site-packages:/home/pi/demo_testing_9_april/seav/install/my_robot_controller/lib/python3.10/site-packages:/opt/ros/humble/lib/python3.10/site-packages:/opt/ros/humble/local/lib/python3.10/dist-packages', 'ROS_HOSTNAME': '192.168.137.192', 'LC_NUMERIC': 'en_US.UTF-8', 'LC_PAPER': 'en_US.UTF-8', 'COLCON': '1', 'CMAKE_PREFIX_PATH': '/home/pi/seav2/install/carlikebot_ros2_control:/home/pi/seav2/install/serial:/home/pi/seav2/install/seav2:/home/pi/seav2/install/ros2_control_demo_description:/home/pi/ss25/install/sllidar_ros2:/home/pi/ss25/src/install/sllidar_ros2:/home/pi/demo_testing_9_april/seav/install/seav_simulation:/home/pi/demo_testing_9_april/seav/install/seav_description:/home/pi/demo_testing_9_april/seav/install/rplidar_ros:/home/pi/demo_testing_9_april/seav/install/my_nav2_pkg'}, 'shell': False}
[29.081780] (-) TimerEvent: {}
[29.185659] (-) TimerEvent: {}
[29.289217] (-) TimerEvent: {}
[29.392763] (-) TimerEvent: {}
[29.496594] (-) TimerEvent: {}
[29.600361] (-) TimerEvent: {}
[29.704064] (-) TimerEvent: {}
[29.807739] (-) TimerEvent: {}
[29.911471] (-) TimerEvent: {}
[30.015170] (-) TimerEvent: {}
[30.107689] (ball_tracker) StdoutLine: {'line': b'Removing /home/pi/seav2/install/ball_tracker/lib/python3.10/site-packages/ball-tracker.egg-link (link to .)\n'}
[30.115906] (-) TimerEvent: {}
[30.221258] (-) TimerEvent: {}
[30.326312] (-) TimerEvent: {}
[30.428138] (ball_tracker) CommandEnded: {'returncode': 0}
[30.432432] (-) TimerEvent: {}
[30.452993] (ball_tracker) Command: {'cmd': ['/usr/bin/python3', '-W', 'ignore:setup.py install is deprecated', '-W', 'ignore:easy_install command is deprecated', 'setup.py', 'egg_info', '--egg-base', '../../build/ball_tracker', 'build', '--build-base', '/home/pi/seav2/build/ball_tracker/build', 'install', '--record', '/home/pi/seav2/build/ball_tracker/install.log', '--install-scripts', '$base/lib/ball_tracker', '--single-version-externally-managed', 'install_data', '--force'], 'cwd': '/home/pi/seav2/src/ball_tracker', 'env': {'LESSOPEN': '| /usr/bin/lesspipe %s', 'USER': 'pi', 'SSH_CLIENT': '192.168.0.105 55666 22', 'LC_TIME': 'en_US.UTF-8', 'XDG_SESSION_TYPE': 'tty', 'SHLVL': '1', 'LD_LIBRARY_PATH': '/home/pi/seav2/install/carlikebot_ros2_control/lib:/home/pi/seav2/install/serial/lib:/opt/ros/humble/opt/rviz_ogre_vendor/lib:/opt/ros/humble/lib/aarch64-linux-gnu:/opt/ros/humble/lib', 'MOTD_SHOWN': 'pam', 'HOME': '/home/pi', 'OLDPWD': '/home/pi/seav2/src', 'SSH_TTY': '/dev/pts/0', 'ROS_PYTHON_VERSION': '3', 'LC_MONETARY': 'en_US.UTF-8', 'ROS_IP': '192.168.137.192', 'DBUS_SESSION_BUS_ADDRESS': 'unix:path=/run/user/1000/bus', 'QT_QPA_PLATFORM_PLUGIN_PATH': '/home/your_username/.local/lib/python3.10/site-packages/cv2/qt/plugins', 'COLCON_PREFIX_PATH': '/home/pi/seav2/install:/home/pi/ss25/install:/home/pi/ss25/src/description/description/install:/home/pi/ss25/src/summary/install:/home/pi/ss25/src/install:/home/pi/demo_testing_9_april/seav/install:/home/pi/install', 'ROS_DISTRO': 'humble', 'LOGNAME': 'pi', '_': '/usr/bin/colcon', 'ROS_VERSION': '2', 'XDG_SESSION_CLASS': 'user', 'TERM': 'xterm-256color', 'XDG_SESSION_ID': '1', 'ROS_LOCALHOST_ONLY': '0', 'PATH': '/home/pi/.local/bin:/home/pi/.local/bin:/opt/ros/humble/bin:/usr/local/sbin:/usr/local/bin:/usr/sbin:/usr/bin:/sbin:/bin:/usr/games:/usr/local/games:/snap/bin', 'LC_ADDRESS': 'en_US.UTF-8', 'XDG_RUNTIME_DIR': '/run/user/1000', 'DISPLAY': 'localhost:10.0', 'LANG': 'en_US.UTF-8', 'LC_TELEPHONE': 'en_US.UTF-8', 'LS_COLORS': 'rs=0:di=01;34:ln=01;36:mh=00:pi=40;33:so=01;35:do=01;35:bd=40;33;01:cd=40;33;01:or=40;31;01:mi=00:su=37;41:sg=30;43:ca=30;41:tw=30;42:ow=34;42:st=37;44:ex=01;32:*.tar=01;31:*.tgz=01;31:*.arc=01;31:*.arj=01;31:*.taz=01;31:*.lha=01;31:*.lz4=01;31:*.lzh=01;31:*.lzma=01;31:*.tlz=01;31:*.txz=01;31:*.tzo=01;31:*.t7z=01;31:*.zip=01;31:*.z=01;31:*.dz=01;31:*.gz=01;31:*.lrz=01;31:*.lz=01;31:*.lzo=01;31:*.xz=01;31:*.zst=01;31:*.tzst=01;31:*.bz2=01;31:*.bz=01;31:*.tbz=01;31:*.tbz2=01;31:*.tz=01;31:*.deb=01;31:*.rpm=01;31:*.jar=01;31:*.war=01;31:*.ear=01;31:*.sar=01;31:*.rar=01;31:*.alz=01;31:*.ace=01;31:*.zoo=01;31:*.cpio=01;31:*.7z=01;31:*.rz=01;31:*.cab=01;31:*.wim=01;31:*.swm=01;31:*.dwm=01;31:*.esd=01;31:*.jpg=01;35:*.jpeg=01;35:*.mjpg=01;35:*.mjpeg=01;35:*.gif=01;35:*.bmp=01;35:*.pbm=01;35:*.pgm=01;35:*.ppm=01;35:*.tga=01;35:*.xbm=01;35:*.xpm=01;35:*.tif=01;35:*.tiff=01;35:*.png=01;35:*.svg=01;35:*.svgz=01;35:*.mng=01;35:*.pcx=01;35:*.mov=01;35:*.mpg=01;35:*.mpeg=01;35:*.m2v=01;35:*.mkv=01;35:*.webm=01;35:*.webp=01;35:*.ogm=01;35:*.mp4=01;35:*.m4v=01;35:*.mp4v=01;35:*.vob=01;35:*.qt=01;35:*.nuv=01;35:*.wmv=01;35:*.asf=01;35:*.rm=01;35:*.rmvb=01;35:*.flc=01;35:*.avi=01;35:*.fli=01;35:*.flv=01;35:*.gl=01;35:*.dl=01;35:*.xcf=01;35:*.xwd=01;35:*.yuv=01;35:*.cgm=01;35:*.emf=01;35:*.ogv=01;35:*.ogx=01;35:*.aac=00;36:*.au=00;36:*.flac=00;36:*.m4a=00;36:*.mid=00;36:*.midi=00;36:*.mka=00;36:*.mp3=00;36:*.mpc=00;36:*.ogg=00;36:*.ra=00;36:*.wav=00;36:*.oga=00;36:*.opus=00;36:*.spx=00;36:*.xspf=00;36:', 'ROS_DOMAIN_ID': '0', 'AMENT_PREFIX_PATH': '/home/pi/seav2/install/carlikebot_ros2_control:/home/pi/seav2/install/serial:/home/pi/seav2/install/seav2_imu:/home/pi/seav2/install/seav2:/home/pi/seav2/install/ros2_control_demo_description:/home/pi/seav2/install/robot_cam_ros:/home/pi/seav2/install/ball_tracker:/home/pi/ss25/install/wheel_odometry:/home/pi/ss25/install/vup_2k7:/home/pi/ss25/install/summary:/home/pi/ss25/install/sllidar_ros2:/home/pi/ss25/install/safety_control:/home/pi/ss25/install/project:/home/pi/ss25/install/my_slam:/home/pi/ss25/install/my_motor_driver:/home/pi/ss25/install/final:/home/pi/ss25/install/description:/home/pi/ss25/install/bringup_pkg:/home/pi/ss25/src/summary/install/summary:/home/pi/ss25/src/install/wheel_odometry:/home/pi/ss25/src/install/summary:/home/pi/ss25/src/install/sllidar_ros2:/home/pi/ss25/src/install/safety_control:/home/pi/ss25/src/install/project:/home/pi/ss25/src/install/my_motor_driver:/home/pi/ss25/src/install/description:/home/pi/ss25/src/install/bringup_pkg:/home/pi/install/summary:/home/pi/demo_testing_9_april/seav/install/yolov8_ros:/home/pi/demo_testing_9_april/seav/install/static_tf_publisher:/home/pi/demo_testing_9_april/seav/install/seav_test_sensors:/home/pi/demo_testing_9_april/seav/install/seav_simulation:/home/pi/demo_testing_9_april/seav/install/seav_description:/home/pi/demo_testing_9_april/seav/install/rplidar_ros:/home/pi/demo_testing_9_april/seav/install/my_robot_controller:/home/pi/demo_testing_9_april/seav/install/my_nav2_pkg:/opt/ros/humble', 'SHELL': '/bin/bash', 'LC_NAME': 'en_US.UTF-8', 'LESSCLOSE': '/usr/bin/lesspipe %s %s', 'LC_MEASUREMENT': 'en_US.UTF-8', 'LC_IDENTIFICATION': 'en_US.UTF-8', 'PWD': '/home/pi/seav2/build/ball_tracker', 'LC_ALL': 'en_US.UTF-8', 'SSH_CONNECTION': '192.168.0.105 55666 192.168.0.210 22', 'XDG_DATA_DIRS': '/usr/local/share:/usr/share:/var/lib/snapd/desktop', 'PYTHONPATH': '/home/pi/seav2/build/ball_tracker/prefix_override:/usr/lib/python3/dist-packages/colcon_core/task/python/colcon_distutils_commands:/home/pi/seav2/install/ball_tracker/lib/python3.10/site-packages:/home/pi/seav2/build/seav2_imu:/home/pi/seav2/install/seav2_imu/lib/python3.10/site-packages:/home/pi/seav2/build/robot_cam_ros:/home/pi/seav2/install/robot_cam_ros/lib/python3.10/site-packages:/home/pi/seav2/build/ball_tracker:/home/pi/seav2/install/ball_tracker/lib/python3.10/site-packages:/home/pi/ss25/install/wheel_odometry/lib/python3.10/site-packages:/home/pi/ss25/install/vup_2k7/lib/python3.10/site-packages:/home/pi/ss25/install/summary/lib/python3.10/site-packages:/home/pi/ss25/install/safety_control/lib/python3.10/site-packages:/home/pi/ss25/install/project/lib/python3.10/site-packages:/home/pi/ss25/install/my_slam/lib/python3.10/site-packages:/home/pi/ss25/install/my_motor_driver/lib/python3.10/site-packages:/home/pi/ss25/install/final/lib/python3.10/site-packages:/home/pi/ss25/install/description/lib/python3.10/site-packages:/home/pi/ss25/install/bringup_pkg/lib/python3.10/site-packages:/home/pi/ss25/src/summary/install/summary/lib/python3.10/site-packages:/home/pi/ss25/src/install/wheel_odometry/lib/python3.10/site-packages:/home/pi/ss25/src/install/summary/lib/python3.10/site-packages:/home/pi/ss25/src/install/safety_control/lib/python3.10/site-packages:/home/pi/ss25/src/install/project/lib/python3.10/site-packages:/home/pi/ss25/src/install/my_motor_driver/lib/python3.10/site-packages:/home/pi/ss25/src/install/description/lib/python3.10/site-packages:/home/pi/ss25/src/install/bringup_pkg/lib/python3.10/site-packages:/home/pi/install/summary/lib/python3.10/site-packages:/home/pi/demo_testing_9_april/seav/install/yolov8_ros/lib/python3.10/site-packages:/home/pi/demo_testing_9_april/seav/install/static_tf_publisher/lib/python3.10/site-packages:/home/pi/demo_testing_9_april/seav/install/seav_test_sensors/lib/python3.10/site-packages:/home/pi/demo_testing_9_april/seav/install/my_robot_controller/lib/python3.10/site-packages:/opt/ros/humble/lib/python3.10/site-packages:/opt/ros/humble/local/lib/python3.10/dist-packages', 'ROS_HOSTNAME': '192.168.137.192', 'LC_NUMERIC': 'en_US.UTF-8', 'LC_PAPER': 'en_US.UTF-8', 'COLCON': '1', 'CMAKE_PREFIX_PATH': '/home/pi/seav2/install/carlikebot_ros2_control:/home/pi/seav2/install/serial:/home/pi/seav2/install/seav2:/home/pi/seav2/install/ros2_control_demo_description:/home/pi/ss25/install/sllidar_ros2:/home/pi/ss25/src/install/sllidar_ros2:/home/pi/demo_testing_9_april/seav/install/seav_simulation:/home/pi/demo_testing_9_april/seav/install/seav_description:/home/pi/demo_testing_9_april/seav/install/rplidar_ros:/home/pi/demo_testing_9_april/seav/install/my_nav2_pkg'}, 'shell': False}
[30.532697] (-) TimerEvent: {}
[30.636323] (-) TimerEvent: {}
[30.740086] (-) TimerEvent: {}
[30.843653] (-) TimerEvent: {}
[30.947246] (-) TimerEvent: {}
[31.050751] (-) TimerEvent: {}
[31.154307] (-) TimerEvent: {}
[31.258271] (-) TimerEvent: {}
[31.363011] (-) TimerEvent: {}
[31.378712] (v4l2_camera) StdoutLine: {'line': b'-- Override CMake install command with custom implementation using symlinks instead of copying resources\n'}
[31.463328] (-) TimerEvent: {}
[31.566075] (v4l2_camera) StdoutLine: {'line': b'-- Found ament_cmake_ros: 0.10.0 (/opt/ros/humble/share/ament_cmake_ros/cmake)\n'}
[31.567569] (-) TimerEvent: {}
[31.581324] (robot_cam_ros) StdoutLine: {'line': b'Removing /home/pi/seav2/install/robot_cam_ros/lib/python3.10/site-packages/robot-cam-ros.egg-link (link to .)\n'}
[31.668344] (-) TimerEvent: {}
[31.692879] (v4l2_camera) StdoutLine: {'line': b'-- Found rclcpp: 16.0.15 (/opt/ros/humble/share/rclcpp/cmake)\n'}
[31.768622] (-) TimerEvent: {}
[31.872062] (-) TimerEvent: {}
[31.916073] (robot_cam_ros) CommandEnded: {'returncode': 0}
[31.928083] (robot_cam_ros) Command: {'cmd': ['/usr/bin/python3', '-W', 'ignore:setup.py install is deprecated', '-W', 'ignore:easy_install command is deprecated', 'setup.py', 'egg_info', '--egg-base', '../../build/robot_cam_ros', 'build', '--build-base', '/home/pi/seav2/build/robot_cam_ros/build', 'install', '--record', '/home/pi/seav2/build/robot_cam_ros/install.log', '--single-version-externally-managed', 'install_data', '--force'], 'cwd': '/home/pi/seav2/src/robot_cam_ros', 'env': {'LESSOPEN': '| /usr/bin/lesspipe %s', 'USER': 'pi', 'SSH_CLIENT': '192.168.0.105 55666 22', 'LC_TIME': 'en_US.UTF-8', 'XDG_SESSION_TYPE': 'tty', 'SHLVL': '1', 'LD_LIBRARY_PATH': '/home/pi/seav2/install/carlikebot_ros2_control/lib:/home/pi/seav2/install/serial/lib:/opt/ros/humble/opt/rviz_ogre_vendor/lib:/opt/ros/humble/lib/aarch64-linux-gnu:/opt/ros/humble/lib', 'MOTD_SHOWN': 'pam', 'HOME': '/home/pi', 'OLDPWD': '/home/pi/seav2/src', 'SSH_TTY': '/dev/pts/0', 'ROS_PYTHON_VERSION': '3', 'LC_MONETARY': 'en_US.UTF-8', 'ROS_IP': '192.168.137.192', 'DBUS_SESSION_BUS_ADDRESS': 'unix:path=/run/user/1000/bus', 'QT_QPA_PLATFORM_PLUGIN_PATH': '/home/your_username/.local/lib/python3.10/site-packages/cv2/qt/plugins', 'COLCON_PREFIX_PATH': '/home/pi/seav2/install:/home/pi/ss25/install:/home/pi/ss25/src/description/description/install:/home/pi/ss25/src/summary/install:/home/pi/ss25/src/install:/home/pi/demo_testing_9_april/seav/install:/home/pi/install', 'ROS_DISTRO': 'humble', 'LOGNAME': 'pi', '_': '/usr/bin/colcon', 'ROS_VERSION': '2', 'XDG_SESSION_CLASS': 'user', 'TERM': 'xterm-256color', 'XDG_SESSION_ID': '1', 'ROS_LOCALHOST_ONLY': '0', 'PATH': '/home/pi/.local/bin:/home/pi/.local/bin:/opt/ros/humble/bin:/usr/local/sbin:/usr/local/bin:/usr/sbin:/usr/bin:/sbin:/bin:/usr/games:/usr/local/games:/snap/bin', 'LC_ADDRESS': 'en_US.UTF-8', 'XDG_RUNTIME_DIR': '/run/user/1000', 'DISPLAY': 'localhost:10.0', 'LANG': 'en_US.UTF-8', 'LC_TELEPHONE': 'en_US.UTF-8', 'LS_COLORS': 'rs=0:di=01;34:ln=01;36:mh=00:pi=40;33:so=01;35:do=01;35:bd=40;33;01:cd=40;33;01:or=40;31;01:mi=00:su=37;41:sg=30;43:ca=30;41:tw=30;42:ow=34;42:st=37;44:ex=01;32:*.tar=01;31:*.tgz=01;31:*.arc=01;31:*.arj=01;31:*.taz=01;31:*.lha=01;31:*.lz4=01;31:*.lzh=01;31:*.lzma=01;31:*.tlz=01;31:*.txz=01;31:*.tzo=01;31:*.t7z=01;31:*.zip=01;31:*.z=01;31:*.dz=01;31:*.gz=01;31:*.lrz=01;31:*.lz=01;31:*.lzo=01;31:*.xz=01;31:*.zst=01;31:*.tzst=01;31:*.bz2=01;31:*.bz=01;31:*.tbz=01;31:*.tbz2=01;31:*.tz=01;31:*.deb=01;31:*.rpm=01;31:*.jar=01;31:*.war=01;31:*.ear=01;31:*.sar=01;31:*.rar=01;31:*.alz=01;31:*.ace=01;31:*.zoo=01;31:*.cpio=01;31:*.7z=01;31:*.rz=01;31:*.cab=01;31:*.wim=01;31:*.swm=01;31:*.dwm=01;31:*.esd=01;31:*.jpg=01;35:*.jpeg=01;35:*.mjpg=01;35:*.mjpeg=01;35:*.gif=01;35:*.bmp=01;35:*.pbm=01;35:*.pgm=01;35:*.ppm=01;35:*.tga=01;35:*.xbm=01;35:*.xpm=01;35:*.tif=01;35:*.tiff=01;35:*.png=01;35:*.svg=01;35:*.svgz=01;35:*.mng=01;35:*.pcx=01;35:*.mov=01;35:*.mpg=01;35:*.mpeg=01;35:*.m2v=01;35:*.mkv=01;35:*.webm=01;35:*.webp=01;35:*.ogm=01;35:*.mp4=01;35:*.m4v=01;35:*.mp4v=01;35:*.vob=01;35:*.qt=01;35:*.nuv=01;35:*.wmv=01;35:*.asf=01;35:*.rm=01;35:*.rmvb=01;35:*.flc=01;35:*.avi=01;35:*.fli=01;35:*.flv=01;35:*.gl=01;35:*.dl=01;35:*.xcf=01;35:*.xwd=01;35:*.yuv=01;35:*.cgm=01;35:*.emf=01;35:*.ogv=01;35:*.ogx=01;35:*.aac=00;36:*.au=00;36:*.flac=00;36:*.m4a=00;36:*.mid=00;36:*.midi=00;36:*.mka=00;36:*.mp3=00;36:*.mpc=00;36:*.ogg=00;36:*.ra=00;36:*.wav=00;36:*.oga=00;36:*.opus=00;36:*.spx=00;36:*.xspf=00;36:', 'ROS_DOMAIN_ID': '0', 'AMENT_PREFIX_PATH': '/home/pi/seav2/install/carlikebot_ros2_control:/home/pi/seav2/install/serial:/home/pi/seav2/install/seav2_imu:/home/pi/seav2/install/seav2:/home/pi/seav2/install/ros2_control_demo_description:/home/pi/seav2/install/robot_cam_ros:/home/pi/seav2/install/ball_tracker:/home/pi/ss25/install/wheel_odometry:/home/pi/ss25/install/vup_2k7:/home/pi/ss25/install/summary:/home/pi/ss25/install/sllidar_ros2:/home/pi/ss25/install/safety_control:/home/pi/ss25/install/project:/home/pi/ss25/install/my_slam:/home/pi/ss25/install/my_motor_driver:/home/pi/ss25/install/final:/home/pi/ss25/install/description:/home/pi/ss25/install/bringup_pkg:/home/pi/ss25/src/summary/install/summary:/home/pi/ss25/src/install/wheel_odometry:/home/pi/ss25/src/install/summary:/home/pi/ss25/src/install/sllidar_ros2:/home/pi/ss25/src/install/safety_control:/home/pi/ss25/src/install/project:/home/pi/ss25/src/install/my_motor_driver:/home/pi/ss25/src/install/description:/home/pi/ss25/src/install/bringup_pkg:/home/pi/install/summary:/home/pi/demo_testing_9_april/seav/install/yolov8_ros:/home/pi/demo_testing_9_april/seav/install/static_tf_publisher:/home/pi/demo_testing_9_april/seav/install/seav_test_sensors:/home/pi/demo_testing_9_april/seav/install/seav_simulation:/home/pi/demo_testing_9_april/seav/install/seav_description:/home/pi/demo_testing_9_april/seav/install/rplidar_ros:/home/pi/demo_testing_9_april/seav/install/my_robot_controller:/home/pi/demo_testing_9_april/seav/install/my_nav2_pkg:/opt/ros/humble', 'SHELL': '/bin/bash', 'LC_NAME': 'en_US.UTF-8', 'LESSCLOSE': '/usr/bin/lesspipe %s %s', 'LC_MEASUREMENT': 'en_US.UTF-8', 'LC_IDENTIFICATION': 'en_US.UTF-8', 'PWD': '/home/pi/seav2/build/robot_cam_ros', 'LC_ALL': 'en_US.UTF-8', 'SSH_CONNECTION': '192.168.0.105 55666 192.168.0.210 22', 'XDG_DATA_DIRS': '/usr/local/share:/usr/share:/var/lib/snapd/desktop', 'PYTHONPATH': '/home/pi/seav2/build/robot_cam_ros/prefix_override:/usr/lib/python3/dist-packages/colcon_core/task/python/colcon_distutils_commands:/home/pi/seav2/install/robot_cam_ros/lib/python3.10/site-packages:/home/pi/seav2/build/seav2_imu:/home/pi/seav2/install/seav2_imu/lib/python3.10/site-packages:/home/pi/seav2/build/robot_cam_ros:/home/pi/seav2/install/robot_cam_ros/lib/python3.10/site-packages:/home/pi/seav2/build/ball_tracker:/home/pi/seav2/install/ball_tracker/lib/python3.10/site-packages:/home/pi/ss25/install/wheel_odometry/lib/python3.10/site-packages:/home/pi/ss25/install/vup_2k7/lib/python3.10/site-packages:/home/pi/ss25/install/summary/lib/python3.10/site-packages:/home/pi/ss25/install/safety_control/lib/python3.10/site-packages:/home/pi/ss25/install/project/lib/python3.10/site-packages:/home/pi/ss25/install/my_slam/lib/python3.10/site-packages:/home/pi/ss25/install/my_motor_driver/lib/python3.10/site-packages:/home/pi/ss25/install/final/lib/python3.10/site-packages:/home/pi/ss25/install/description/lib/python3.10/site-packages:/home/pi/ss25/install/bringup_pkg/lib/python3.10/site-packages:/home/pi/ss25/src/summary/install/summary/lib/python3.10/site-packages:/home/pi/ss25/src/install/wheel_odometry/lib/python3.10/site-packages:/home/pi/ss25/src/install/summary/lib/python3.10/site-packages:/home/pi/ss25/src/install/safety_control/lib/python3.10/site-packages:/home/pi/ss25/src/install/project/lib/python3.10/site-packages:/home/pi/ss25/src/install/my_motor_driver/lib/python3.10/site-packages:/home/pi/ss25/src/install/description/lib/python3.10/site-packages:/home/pi/ss25/src/install/bringup_pkg/lib/python3.10/site-packages:/home/pi/install/summary/lib/python3.10/site-packages:/home/pi/demo_testing_9_april/seav/install/yolov8_ros/lib/python3.10/site-packages:/home/pi/demo_testing_9_april/seav/install/static_tf_publisher/lib/python3.10/site-packages:/home/pi/demo_testing_9_april/seav/install/seav_test_sensors/lib/python3.10/site-packages:/home/pi/demo_testing_9_april/seav/install/my_robot_controller/lib/python3.10/site-packages:/opt/ros/humble/lib/python3.10/site-packages:/opt/ros/humble/local/lib/python3.10/dist-packages', 'ROS_HOSTNAME': '192.168.137.192', 'LC_NUMERIC': 'en_US.UTF-8', 'LC_PAPER': 'en_US.UTF-8', 'COLCON': '1', 'CMAKE_PREFIX_PATH': '/home/pi/seav2/install/carlikebot_ros2_control:/home/pi/seav2/install/serial:/home/pi/seav2/install/seav2:/home/pi/seav2/install/ros2_control_demo_description:/home/pi/ss25/install/sllidar_ros2:/home/pi/ss25/src/install/sllidar_ros2:/home/pi/demo_testing_9_april/seav/install/seav_simulation:/home/pi/demo_testing_9_april/seav/install/seav_description:/home/pi/demo_testing_9_april/seav/install/rplidar_ros:/home/pi/demo_testing_9_april/seav/install/my_nav2_pkg'}, 'shell': False}
[31.973946] (-) TimerEvent: {}
[32.078645] (-) TimerEvent: {}
[32.182661] (-) TimerEvent: {}
[32.286816] (-) TimerEvent: {}
[32.390229] (-) TimerEvent: {}
[32.493943] (-) TimerEvent: {}
[32.597636] (-) TimerEvent: {}
[32.701365] (-) TimerEvent: {}
[32.752553] (v4l2_camera) StdoutLine: {'line': b'-- Found rosidl_generator_c: 3.1.7 (/opt/ros/humble/share/rosidl_generator_c/cmake)\n'}
[32.804872] (-) TimerEvent: {}
[32.843631] (v4l2_camera) StdoutLine: {'line': b'-- Found rosidl_adapter: 3.1.7 (/opt/ros/humble/share/rosidl_adapter/cmake)\n'}
[32.905215] (-) TimerEvent: {}
[33.008825] (-) TimerEvent: {}
[33.112359] (-) TimerEvent: {}
[33.167879] (v4l2_camera) StdoutLine: {'line': b'-- Found rosidl_generator_cpp: 3.1.7 (/opt/ros/humble/share/rosidl_generator_cpp/cmake)\n'}
[33.212677] (-) TimerEvent: {}
[33.316614] (-) TimerEvent: {}
[33.420649] (-) TimerEvent: {}
[33.525533] (-) TimerEvent: {}
[33.611417] (v4l2_camera) StdoutLine: {'line': b'-- Using all available rosidl_typesupport_c: rosidl_typesupport_fastrtps_c;rosidl_typesupport_introspection_c\n'}
[33.625861] (-) TimerEvent: {}
[33.727428] (-) TimerEvent: {}
[33.831397] (-) TimerEvent: {}
[33.882933] (v4l2_camera) StdoutLine: {'line': b'-- Using all available rosidl_typesupport_cpp: rosidl_typesupport_fastrtps_cpp;rosidl_typesupport_introspection_cpp\n'}
[33.931743] (-) TimerEvent: {}
[34.035556] (-) TimerEvent: {}
[34.140011] (-) TimerEvent: {}
[34.243459] (-) TimerEvent: {}
[34.347308] (-) TimerEvent: {}
[34.451045] (-) TimerEvent: {}
[34.555135] (-) TimerEvent: {}
[34.659478] (-) TimerEvent: {}
[34.763548] (-) TimerEvent: {}
[34.840919] (v4l2_camera) StdoutLine: {'line': b'-- Found rmw_implementation_cmake: 6.1.2 (/opt/ros/humble/share/rmw_implementation_cmake/cmake)\n'}
[34.864045] (-) TimerEvent: {}
[34.949991] (v4l2_camera) StdoutLine: {'line': b'-- Found rmw_fastrtps_cpp: 6.2.8 (/opt/ros/humble/share/rmw_fastrtps_cpp/cmake)\n'}
[34.964357] (-) TimerEvent: {}
[35.068196] (-) TimerEvent: {}
[35.171948] (-) TimerEvent: {}
[35.275627] (-) TimerEvent: {}
[35.379350] (-) TimerEvent: {}
[35.483056] (-) TimerEvent: {}
[35.587562] (-) TimerEvent: {}
[35.691703] (-) TimerEvent: {}
[35.795974] (-) TimerEvent: {}
[35.900002] (-) TimerEvent: {}
[36.004016] (-) TimerEvent: {}
[36.107620] (-) TimerEvent: {}
[36.211434] (-) TimerEvent: {}
[36.315406] (-) TimerEvent: {}
[36.419655] (-) TimerEvent: {}
[36.523681] (-) TimerEvent: {}
[36.627715] (-) TimerEvent: {}
[36.731623] (-) TimerEvent: {}
[36.835643] (-) TimerEvent: {}
[36.938808] (-) TimerEvent: {}
[37.042885] (-) TimerEvent: {}
[37.146837] (-) TimerEvent: {}
[37.214131] (robot_cam_ros) StdoutLine: {'line': b'running egg_info\n'}
[37.223720] (robot_cam_ros) StdoutLine: {'line': b'writing ../../build/robot_cam_ros/robot_cam_ros.egg-info/PKG-INFO\n'}
[37.228661] (robot_cam_ros) StdoutLine: {'line': b'writing dependency_links to ../../build/robot_cam_ros/robot_cam_ros.egg-info/dependency_links.txt\n'}
[37.233740] (robot_cam_ros) StdoutLine: {'line': b'writing entry points to ../../build/robot_cam_ros/robot_cam_ros.egg-info/entry_points.txt\n'}
[37.238096] (robot_cam_ros) StdoutLine: {'line': b'writing requirements to ../../build/robot_cam_ros/robot_cam_ros.egg-info/requires.txt\n'}
[37.244921] (robot_cam_ros) StdoutLine: {'line': b'writing top-level names to ../../build/robot_cam_ros/robot_cam_ros.egg-info/top_level.txt\n'}
[37.248151] (-) TimerEvent: {}
[37.260628] (robot_cam_ros) StdoutLine: {'line': b"reading manifest file '../../build/robot_cam_ros/robot_cam_ros.egg-info/SOURCES.txt'\n"}
[37.275007] (robot_cam_ros) StdoutLine: {'line': b"writing manifest file '../../build/robot_cam_ros/robot_cam_ros.egg-info/SOURCES.txt'\n"}
[37.284348] (robot_cam_ros) StdoutLine: {'line': b'running build\n'}
[37.289729] (robot_cam_ros) StdoutLine: {'line': b'running build_py\n'}
[37.298747] (robot_cam_ros) StdoutLine: {'line': b'running install\n'}
[37.306370] (robot_cam_ros) StdoutLine: {'line': b'running install_lib\n'}
[37.325178] (robot_cam_ros) StdoutLine: {'line': b'creating /home/pi/seav2/install/robot_cam_ros/lib/python3.10/site-packages/robot_cam_ros\n'}
[37.332221] (robot_cam_ros) StdoutLine: {'line': b'copying /home/pi/seav2/build/robot_cam_ros/build/lib/robot_cam_ros/follow_cam_node.py -> /home/pi/seav2/install/robot_cam_ros/lib/python3.10/site-packages/robot_cam_ros\n'}
[37.344176] (robot_cam_ros) StdoutLine: {'line': b'copying /home/pi/seav2/build/robot_cam_ros/build/lib/robot_cam_ros/__init__.py -> /home/pi/seav2/install/robot_cam_ros/lib/python3.10/site-packages/robot_cam_ros\n'}
[37.348438] (-) TimerEvent: {}
[37.367624] (robot_cam_ros) StdoutLine: {'line': b'byte-compiling /home/pi/seav2/install/robot_cam_ros/lib/python3.10/site-packages/robot_cam_ros/follow_cam_node.py to follow_cam_node.cpython-310.pyc\n'}
[37.402504] (robot_cam_ros) StdoutLine: {'line': b'byte-compiling /home/pi/seav2/install/robot_cam_ros/lib/python3.10/site-packages/robot_cam_ros/__init__.py to __init__.cpython-310.pyc\n'}
[37.415466] (robot_cam_ros) StdoutLine: {'line': b'running install_data\n'}
[37.421442] (robot_cam_ros) StdoutLine: {'line': b'copying resource/robot_cam_ros -> /home/pi/seav2/install/robot_cam_ros/share/ament_index/resource_index/packages\n'}
[37.428432] (robot_cam_ros) StdoutLine: {'line': b'copying package.xml -> /home/pi/seav2/install/robot_cam_ros/share/robot_cam_ros\n'}
[37.439306] (robot_cam_ros) StdoutLine: {'line': b'copying launch/follow_cam.launch.py -> /home/pi/seav2/install/robot_cam_ros/share/robot_cam_ros/launch\n'}
[37.446205] (robot_cam_ros) StdoutLine: {'line': b'running install_egg_info\n'}
[37.449002] (-) TimerEvent: {}
[37.518047] (robot_cam_ros) StdoutLine: {'line': b'Copying ../../build/robot_cam_ros/robot_cam_ros.egg-info to /home/pi/seav2/install/robot_cam_ros/lib/python3.10/site-packages/robot_cam_ros-0.1.0-py3.10.egg-info\n'}
[37.549263] (-) TimerEvent: {}
[37.652422] (-) TimerEvent: {}
[37.657994] (robot_cam_ros) StdoutLine: {'line': b'running install_scripts\n'}
[37.752736] (-) TimerEvent: {}
[37.856808] (-) TimerEvent: {}
[37.958522] (-) TimerEvent: {}
[38.060175] (-) TimerEvent: {}
[38.163143] (-) TimerEvent: {}
[38.264779] (-) TimerEvent: {}
[38.280346] (robot_cam_ros) StdoutLine: {'line': b'Installing follow_cam script to /home/pi/seav2/install/robot_cam_ros/lib/robot_cam_ros\n'}
[38.285337] (robot_cam_ros) StdoutLine: {'line': b"writing list of installed files to '/home/pi/seav2/build/robot_cam_ros/install.log'\n"}
[38.365254] (-) TimerEvent: {}
[38.468602] (-) TimerEvent: {}
[38.570376] (-) TimerEvent: {}
[38.633063] (seav2_imu) StdoutLine: {'line': b'running develop\n'}
[38.670752] (-) TimerEvent: {}
[38.759585] (robot_cam_ros) CommandEnded: {'returncode': 0}
[38.770817] (-) TimerEvent: {}
[38.872405] (-) TimerEvent: {}
[38.959552] (robot_cam_ros) JobEnded: {'identifier': 'robot_cam_ros', 'rc': 0}
[38.966575] (carlikebot_ros2_control) JobStarted: {'identifier': 'carlikebot_ros2_control'}
[38.973003] (-) TimerEvent: {}
[39.074353] (-) TimerEvent: {}
[39.176984] (-) TimerEvent: {}
[39.284071] (-) TimerEvent: {}
[39.387881] (-) TimerEvent: {}
[39.393549] (carlikebot_ros2_control) JobProgress: {'identifier': 'carlikebot_ros2_control', 'progress': 'cmake'}
[39.412196] (carlikebot_ros2_control) Command: {'cmd': ['/usr/bin/cmake', '/home/pi/seav2/src/seav-ii/carlikebot_ros2_control/carlikebot_ros2_control', '-DCMAKE_INSTALL_PREFIX=/home/pi/seav2/install/carlikebot_ros2_control'], 'cwd': '/home/pi/seav2/build/carlikebot_ros2_control', 'env': OrderedDict([('LESSOPEN', '| /usr/bin/lesspipe %s'), ('USER', 'pi'), ('SSH_CLIENT', '192.168.0.105 55666 22'), ('LC_TIME', 'en_US.UTF-8'), ('XDG_SESSION_TYPE', 'tty'), ('SHLVL', '1'), ('LD_LIBRARY_PATH', '/home/pi/seav2/install/carlikebot_ros2_control/lib:/home/pi/seav2/install/serial/lib:/opt/ros/humble/opt/rviz_ogre_vendor/lib:/opt/ros/humble/lib/aarch64-linux-gnu:/opt/ros/humble/lib'), ('MOTD_SHOWN', 'pam'), ('HOME', '/home/pi'), ('OLDPWD', '/home/pi/seav2/src'), ('SSH_TTY', '/dev/pts/0'), ('ROS_PYTHON_VERSION', '3'), ('LC_MONETARY', 'en_US.UTF-8'), ('ROS_IP', '192.168.137.192'), ('DBUS_SESSION_BUS_ADDRESS', 'unix:path=/run/user/1000/bus'), ('QT_QPA_PLATFORM_PLUGIN_PATH', '/home/your_username/.local/lib/python3.10/site-packages/cv2/qt/plugins'), ('COLCON_PREFIX_PATH', '/home/pi/seav2/install:/home/pi/ss25/install:/home/pi/ss25/src/description/description/install:/home/pi/ss25/src/summary/install:/home/pi/ss25/src/install:/home/pi/demo_testing_9_april/seav/install:/home/pi/install'), ('ROS_DISTRO', 'humble'), ('LOGNAME', 'pi'), ('_', '/usr/bin/colcon'), ('ROS_VERSION', '2'), ('XDG_SESSION_CLASS', 'user'), ('TERM', 'xterm-256color'), ('XDG_SESSION_ID', '1'), ('ROS_LOCALHOST_ONLY', '0'), ('PATH', '/home/pi/.local/bin:/home/pi/.local/bin:/opt/ros/humble/bin:/usr/local/sbin:/usr/local/bin:/usr/sbin:/usr/bin:/sbin:/bin:/usr/games:/usr/local/games:/snap/bin'), ('LC_ADDRESS', 'en_US.UTF-8'), ('XDG_RUNTIME_DIR', '/run/user/1000'), ('DISPLAY', 'localhost:10.0'), ('LANG', 'en_US.UTF-8'), ('LC_TELEPHONE', 'en_US.UTF-8'), ('LS_COLORS', 'rs=0:di=01;34:ln=01;36:mh=00:pi=40;33:so=01;35:do=01;35:bd=40;33;01:cd=40;33;01:or=40;31;01:mi=00:su=37;41:sg=30;43:ca=30;41:tw=30;42:ow=34;42:st=37;44:ex=01;32:*.tar=01;31:*.tgz=01;31:*.arc=01;31:*.arj=01;31:*.taz=01;31:*.lha=01;31:*.lz4=01;31:*.lzh=01;31:*.lzma=01;31:*.tlz=01;31:*.txz=01;31:*.tzo=01;31:*.t7z=01;31:*.zip=01;31:*.z=01;31:*.dz=01;31:*.gz=01;31:*.lrz=01;31:*.lz=01;31:*.lzo=01;31:*.xz=01;31:*.zst=01;31:*.tzst=01;31:*.bz2=01;31:*.bz=01;31:*.tbz=01;31:*.tbz2=01;31:*.tz=01;31:*.deb=01;31:*.rpm=01;31:*.jar=01;31:*.war=01;31:*.ear=01;31:*.sar=01;31:*.rar=01;31:*.alz=01;31:*.ace=01;31:*.zoo=01;31:*.cpio=01;31:*.7z=01;31:*.rz=01;31:*.cab=01;31:*.wim=01;31:*.swm=01;31:*.dwm=01;31:*.esd=01;31:*.jpg=01;35:*.jpeg=01;35:*.mjpg=01;35:*.mjpeg=01;35:*.gif=01;35:*.bmp=01;35:*.pbm=01;35:*.pgm=01;35:*.ppm=01;35:*.tga=01;35:*.xbm=01;35:*.xpm=01;35:*.tif=01;35:*.tiff=01;35:*.png=01;35:*.svg=01;35:*.svgz=01;35:*.mng=01;35:*.pcx=01;35:*.mov=01;35:*.mpg=01;35:*.mpeg=01;35:*.m2v=01;35:*.mkv=01;35:*.webm=01;35:*.webp=01;35:*.ogm=01;35:*.mp4=01;35:*.m4v=01;35:*.mp4v=01;35:*.vob=01;35:*.qt=01;35:*.nuv=01;35:*.wmv=01;35:*.asf=01;35:*.rm=01;35:*.rmvb=01;35:*.flc=01;35:*.avi=01;35:*.fli=01;35:*.flv=01;35:*.gl=01;35:*.dl=01;35:*.xcf=01;35:*.xwd=01;35:*.yuv=01;35:*.cgm=01;35:*.emf=01;35:*.ogv=01;35:*.ogx=01;35:*.aac=00;36:*.au=00;36:*.flac=00;36:*.m4a=00;36:*.mid=00;36:*.midi=00;36:*.mka=00;36:*.mp3=00;36:*.mpc=00;36:*.ogg=00;36:*.ra=00;36:*.wav=00;36:*.oga=00;36:*.opus=00;36:*.spx=00;36:*.xspf=00;36:'), ('ROS_DOMAIN_ID', '0'), ('AMENT_PREFIX_PATH', '/home/pi/seav2/install/carlikebot_ros2_control:/home/pi/seav2/install/serial:/home/pi/seav2/install/seav2_imu:/home/pi/seav2/install/seav2:/home/pi/seav2/install/ros2_control_demo_description:/home/pi/seav2/install/robot_cam_ros:/home/pi/seav2/install/ball_tracker:/home/pi/ss25/install/wheel_odometry:/home/pi/ss25/install/vup_2k7:/home/pi/ss25/install/summary:/home/pi/ss25/install/sllidar_ros2:/home/pi/ss25/install/safety_control:/home/pi/ss25/install/project:/home/pi/ss25/install/my_slam:/home/pi/ss25/install/my_motor_driver:/home/pi/ss25/install/final:/home/pi/ss25/install/description:/home/pi/ss25/install/bringup_pkg:/home/pi/ss25/src/summary/install/summary:/home/pi/ss25/src/install/wheel_odometry:/home/pi/ss25/src/install/summary:/home/pi/ss25/src/install/sllidar_ros2:/home/pi/ss25/src/install/safety_control:/home/pi/ss25/src/install/project:/home/pi/ss25/src/install/my_motor_driver:/home/pi/ss25/src/install/description:/home/pi/ss25/src/install/bringup_pkg:/home/pi/install/summary:/home/pi/demo_testing_9_april/seav/install/yolov8_ros:/home/pi/demo_testing_9_april/seav/install/static_tf_publisher:/home/pi/demo_testing_9_april/seav/install/seav_test_sensors:/home/pi/demo_testing_9_april/seav/install/seav_simulation:/home/pi/demo_testing_9_april/seav/install/seav_description:/home/pi/demo_testing_9_april/seav/install/rplidar_ros:/home/pi/demo_testing_9_april/seav/install/my_robot_controller:/home/pi/demo_testing_9_april/seav/install/my_nav2_pkg:/opt/ros/humble'), ('SHELL', '/bin/bash'), ('LC_NAME', 'en_US.UTF-8'), ('LESSCLOSE', '/usr/bin/lesspipe %s %s'), ('LC_MEASUREMENT', 'en_US.UTF-8'), ('LC_IDENTIFICATION', 'en_US.UTF-8'), ('PWD', '/home/pi/seav2/build/carlikebot_ros2_control'), ('LC_ALL', 'en_US.UTF-8'), ('SSH_CONNECTION', '192.168.0.105 55666 192.168.0.210 22'), ('XDG_DATA_DIRS', '/usr/local/share:/usr/share:/var/lib/snapd/desktop'), ('PYTHONPATH', '/home/pi/seav2/build/seav2_imu:/home/pi/seav2/install/seav2_imu/lib/python3.10/site-packages:/home/pi/seav2/build/robot_cam_ros:/home/pi/seav2/install/robot_cam_ros/lib/python3.10/site-packages:/home/pi/seav2/build/ball_tracker:/home/pi/seav2/install/ball_tracker/lib/python3.10/site-packages:/home/pi/ss25/install/wheel_odometry/lib/python3.10/site-packages:/home/pi/ss25/install/vup_2k7/lib/python3.10/site-packages:/home/pi/ss25/install/summary/lib/python3.10/site-packages:/home/pi/ss25/install/safety_control/lib/python3.10/site-packages:/home/pi/ss25/install/project/lib/python3.10/site-packages:/home/pi/ss25/install/my_slam/lib/python3.10/site-packages:/home/pi/ss25/install/my_motor_driver/lib/python3.10/site-packages:/home/pi/ss25/install/final/lib/python3.10/site-packages:/home/pi/ss25/install/description/lib/python3.10/site-packages:/home/pi/ss25/install/bringup_pkg/lib/python3.10/site-packages:/home/pi/ss25/src/summary/install/summary/lib/python3.10/site-packages:/home/pi/ss25/src/install/wheel_odometry/lib/python3.10/site-packages:/home/pi/ss25/src/install/summary/lib/python3.10/site-packages:/home/pi/ss25/src/install/safety_control/lib/python3.10/site-packages:/home/pi/ss25/src/install/project/lib/python3.10/site-packages:/home/pi/ss25/src/install/my_motor_driver/lib/python3.10/site-packages:/home/pi/ss25/src/install/description/lib/python3.10/site-packages:/home/pi/ss25/src/install/bringup_pkg/lib/python3.10/site-packages:/home/pi/install/summary/lib/python3.10/site-packages:/home/pi/demo_testing_9_april/seav/install/yolov8_ros/lib/python3.10/site-packages:/home/pi/demo_testing_9_april/seav/install/static_tf_publisher/lib/python3.10/site-packages:/home/pi/demo_testing_9_april/seav/install/seav_test_sensors/lib/python3.10/site-packages:/home/pi/demo_testing_9_april/seav/install/my_robot_controller/lib/python3.10/site-packages:/opt/ros/humble/lib/python3.10/site-packages:/opt/ros/humble/local/lib/python3.10/dist-packages'), ('ROS_HOSTNAME', '192.168.137.192'), ('LC_NUMERIC', 'en_US.UTF-8'), ('LC_PAPER', 'en_US.UTF-8'), ('COLCON', '1'), ('CMAKE_PREFIX_PATH', '/home/pi/seav2/install/serial:/home/pi/seav2/install/ros2_control_demo_description:/home/pi/seav2/install/carlikebot_ros2_control:/home/pi/seav2/install/seav2:/home/pi/ss25/install/sllidar_ros2:/home/pi/ss25/src/install/sllidar_ros2:/home/pi/demo_testing_9_april/seav/install/seav_simulation:/home/pi/demo_testing_9_april/seav/install/seav_description:/home/pi/demo_testing_9_april/seav/install/rplidar_ros:/home/pi/demo_testing_9_april/seav/install/my_nav2_pkg:/home/pi/seav2/install/seav2_imu:/home/pi/seav2/install/robot_cam_ros:/home/pi/seav2/install/ball_tracker:/home/pi/ss25/install/wheel_odometry:/home/pi/ss25/install/vup_2k7:/home/pi/ss25/install/summary:/home/pi/ss25/install/safety_control:/home/pi/ss25/install/project:/home/pi/ss25/install/my_slam:/home/pi/ss25/install/my_motor_driver:/home/pi/ss25/install/final:/home/pi/ss25/install/description:/home/pi/ss25/install/bringup_pkg:/home/pi/ss25/src/summary/install/summary:/home/pi/ss25/src/install/wheel_odometry:/home/pi/ss25/src/install/summary:/home/pi/ss25/src/install/safety_control:/home/pi/ss25/src/install/project:/home/pi/ss25/src/install/my_motor_driver:/home/pi/ss25/src/install/description:/home/pi/ss25/src/install/bringup_pkg:/home/pi/install/summary:/home/pi/demo_testing_9_april/seav/install/yolov8_ros:/home/pi/demo_testing_9_april/seav/install/static_tf_publisher:/home/pi/demo_testing_9_april/seav/install/seav_test_sensors:/home/pi/demo_testing_9_april/seav/install/my_robot_controller:/opt/ros/humble')]), 'shell': False}
[39.488158] (-) TimerEvent: {}
[39.589741] (-) TimerEvent: {}
[39.616021] (ball_tracker) StderrLine: {'line': b"/usr/lib/python3/dist-packages/setuptools/dist.py:723: UserWarning: Usage of dash-separated 'script-dir' will not be supported in future versions. Please use the underscore name 'script_dir' instead\n"}
[39.620959] (ball_tracker) StderrLine: {'line': b'  warnings.warn(\n'}
[39.690136] (-) TimerEvent: {}
[39.793834] (-) TimerEvent: {}
[39.807674] (carlikebot_ros2_control) StdoutLine: {'line': b'-- Found ament_cmake: 1.3.12 (/opt/ros/humble/share/ament_cmake/cmake)\n'}
[39.840877] (ball_tracker) StdoutLine: {'line': b'running egg_info\n'}
[39.867261] (ball_tracker) StdoutLine: {'line': b'writing ../../build/ball_tracker/ball_tracker.egg-info/PKG-INFO\n'}
[39.875949] (ball_tracker) StdoutLine: {'line': b'writing dependency_links to ../../build/ball_tracker/ball_tracker.egg-info/dependency_links.txt\n'}
[39.894082] (ball_tracker) StdoutLine: {'line': b'writing entry points to ../../build/ball_tracker/ball_tracker.egg-info/entry_points.txt\n'}
[39.895687] (-) TimerEvent: {}
[39.900909] (ball_tracker) StdoutLine: {'line': b'writing requirements to ../../build/ball_tracker/ball_tracker.egg-info/requires.txt\n'}
[39.908892] (ball_tracker) StdoutLine: {'line': b'writing top-level names to ../../build/ball_tracker/ball_tracker.egg-info/top_level.txt\n'}
[39.990995] (ball_tracker) StdoutLine: {'line': b"reading manifest file '../../build/ball_tracker/ball_tracker.egg-info/SOURCES.txt'\n"}
[40.004150] (-) TimerEvent: {}
[40.045158] (ball_tracker) StdoutLine: {'line': b"writing manifest file '../../build/ball_tracker/ball_tracker.egg-info/SOURCES.txt'\n"}
[40.062256] (ball_tracker) StdoutLine: {'line': b'running build\n'}
[40.067562] (ball_tracker) StdoutLine: {'line': b'running build_py\n'}
[40.094779] (ball_tracker) StdoutLine: {'line': b'running install\n'}
[40.104096] (ball_tracker) StdoutLine: {'line': b'running install_lib\n'}
[40.105871] (-) TimerEvent: {}
[40.121868] (ball_tracker) StdoutLine: {'line': b'creating /home/pi/seav2/install/ball_tracker/lib/python3.10/site-packages/ball_tracker\n'}
[40.129061] (ball_tracker) StdoutLine: {'line': b'copying /home/pi/seav2/build/ball_tracker/build/lib/ball_tracker/__init__.py -> /home/pi/seav2/install/ball_tracker/lib/python3.10/site-packages/ball_tracker\n'}
[40.141946] (ball_tracker) StdoutLine: {'line': b'copying /home/pi/seav2/build/ball_tracker/build/lib/ball_tracker/follow_ball.py -> /home/pi/seav2/install/ball_tracker/lib/python3.10/site-packages/ball_tracker\n'}
[40.143302] (ball_tracker) StdoutLine: {'line': b'copying /home/pi/seav2/build/ball_tracker/build/lib/ball_tracker/detect_ball_3d.py -> /home/pi/seav2/install/ball_tracker/lib/python3.10/site-packages/ball_tracker\n'}
[40.157638] (ball_tracker) StdoutLine: {'line': b'copying /home/pi/seav2/build/ball_tracker/build/lib/ball_tracker/process_image.py -> /home/pi/seav2/install/ball_tracker/lib/python3.10/site-packages/ball_tracker\n'}
[40.158949] (ball_tracker) StdoutLine: {'line': b'copying /home/pi/seav2/build/ball_tracker/build/lib/ball_tracker/detect_ball.py -> /home/pi/seav2/install/ball_tracker/lib/python3.10/site-packages/ball_tracker\n'}
[40.206433] (-) TimerEvent: {}
[40.250345] (ball_tracker) StdoutLine: {'line': b'byte-compiling /home/pi/seav2/install/ball_tracker/lib/python3.10/site-packages/ball_tracker/__init__.py to __init__.cpython-310.pyc\n'}
[40.278076] (ball_tracker) StdoutLine: {'line': b'byte-compiling /home/pi/seav2/install/ball_tracker/lib/python3.10/site-packages/ball_tracker/follow_ball.py to follow_ball.cpython-310.pyc\n'}
[40.306848] (-) TimerEvent: {}
[40.339361] (ball_tracker) StdoutLine: {'line': b'byte-compiling /home/pi/seav2/install/ball_tracker/lib/python3.10/site-packages/ball_tracker/detect_ball_3d.py to detect_ball_3d.cpython-310.pyc\n'}
[40.364166] (ball_tracker) StdoutLine: {'line': b'byte-compiling /home/pi/seav2/install/ball_tracker/lib/python3.10/site-packages/ball_tracker/process_image.py to process_image.cpython-310.pyc\n'}
[40.407142] (-) TimerEvent: {}
[40.410715] (ball_tracker) StdoutLine: {'line': b'byte-compiling /home/pi/seav2/install/ball_tracker/lib/python3.10/site-packages/ball_tracker/detect_ball.py to detect_ball.cpython-310.pyc\n'}
[40.445049] (ball_tracker) StdoutLine: {'line': b'running install_data\n'}
[40.448999] (ball_tracker) StdoutLine: {'line': b'copying resource/ball_tracker -> /home/pi/seav2/install/ball_tracker/share/ament_index/resource_index/packages\n'}
[40.465687] (ball_tracker) StdoutLine: {'line': b'copying package.xml -> /home/pi/seav2/install/ball_tracker/share/ball_tracker\n'}
[40.478369] (ball_tracker) StdoutLine: {'line': b'copying launch/ball_tracker.launch.py -> /home/pi/seav2/install/ball_tracker/share/ball_tracker/launch\n'}
[40.507477] (-) TimerEvent: {}
[40.512871] (ball_tracker) StdoutLine: {'line': b'copying launch/example_launch_include.launch.py -> /home/pi/seav2/install/ball_tracker/share/ball_tracker/launch\n'}
[40.515675] (ball_tracker) StdoutLine: {'line': b'copying config/ball_tracker_params_example.yaml -> /home/pi/seav2/install/ball_tracker/share/ball_tracker/config\n'}
[40.524493] (ball_tracker) StdoutLine: {'line': b'running install_egg_info\n'}
[40.576670] (ball_tracker) StdoutLine: {'line': b'Copying ../../build/ball_tracker/ball_tracker.egg-info to /home/pi/seav2/install/ball_tracker/lib/python3.10/site-packages/ball_tracker-0.0.0-py3.10.egg-info\n'}
[40.607840] (-) TimerEvent: {}
[40.625757] (ball_tracker) StdoutLine: {'line': b'running install_scripts\n'}
[40.708145] (-) TimerEvent: {}
[40.812162] (-) TimerEvent: {}
[40.915968] (-) TimerEvent: {}
[41.019850] (-) TimerEvent: {}
[41.124214] (-) TimerEvent: {}
[41.191463] (ball_tracker) StdoutLine: {'line': b'Installing detect_ball script to /home/pi/seav2/install/ball_tracker/lib/ball_tracker\n'}
[41.193864] (ball_tracker) StdoutLine: {'line': b'Installing detect_ball_3d script to /home/pi/seav2/install/ball_tracker/lib/ball_tracker\n'}
[41.195844] (ball_tracker) StdoutLine: {'line': b'Installing follow_ball script to /home/pi/seav2/install/ball_tracker/lib/ball_tracker\n'}
[41.201721] (ball_tracker) StdoutLine: {'line': b"writing list of installed files to '/home/pi/seav2/build/ball_tracker/install.log'\n"}
[41.224634] (-) TimerEvent: {}
[41.328365] (-) TimerEvent: {}
[41.432872] (-) TimerEvent: {}
[41.456975] (ball_tracker) CommandEnded: {'returncode': 0}
[41.533177] (-) TimerEvent: {}
[41.637519] (-) TimerEvent: {}
[41.755642] (-) TimerEvent: {}
[41.761715] (ball_tracker) JobEnded: {'identifier': 'ball_tracker', 'rc': 0}
[41.857674] (-) TimerEvent: {}
[41.964928] (-) TimerEvent: {}
[42.068707] (-) TimerEvent: {}
[42.172457] (-) TimerEvent: {}
[42.276170] (-) TimerEvent: {}
[42.379752] (-) TimerEvent: {}
[42.483191] (-) TimerEvent: {}
[42.487237] (v4l2_camera) StdoutLine: {'line': b"-- Using RMW implementation 'rmw_fastrtps_cpp' as default\n"}
[42.583505] (-) TimerEvent: {}
[42.687197] (-) TimerEvent: {}
[42.802272] (-) TimerEvent: {}
[42.905927] (-) TimerEvent: {}
[43.010625] (-) TimerEvent: {}
[43.114308] (-) TimerEvent: {}
[43.217960] (-) TimerEvent: {}
[43.321734] (-) TimerEvent: {}
[43.425502] (-) TimerEvent: {}
[43.529124] (-) TimerEvent: {}
[43.632242] (-) TimerEvent: {}
[43.735956] (-) TimerEvent: {}
[43.839587] (-) TimerEvent: {}
[43.957582] (-) TimerEvent: {}
[44.020298] (v4l2_camera) StdoutLine: {'line': b'-- Found rclcpp_components: 16.0.15 (/opt/ros/humble/share/rclcpp_components/cmake)\n'}
[44.057921] (-) TimerEvent: {}
[44.160287] (-) TimerEvent: {}
[44.175271] (carlikebot_ros2_control) StdoutLine: {'line': b'-- Override CMake install command with custom implementation using symlinks instead of copying resources\n'}
[44.192181] (seav2_imu) StdoutLine: {'line': b'Removing /home/pi/seav2/install/seav2_imu/lib/python3.10/site-packages/seav2-imu.egg-link (link to .)\n'}
[44.260717] (-) TimerEvent: {}
[44.364604] (-) TimerEvent: {}
[44.470328] (seav2_imu) CommandEnded: {'returncode': 0}
[44.475270] (-) TimerEvent: {}
[44.501103] (seav2_imu) Command: {'cmd': ['/usr/bin/python3', '-W', 'ignore:setup.py install is deprecated', '-W', 'ignore:easy_install command is deprecated', 'setup.py', 'egg_info', '--egg-base', '../../build/seav2_imu', 'build', '--build-base', '/home/pi/seav2/build/seav2_imu/build', 'install', '--record', '/home/pi/seav2/build/seav2_imu/install.log', '--single-version-externally-managed', 'install_data', '--force'], 'cwd': '/home/pi/seav2/src/seav2_imu', 'env': {'LESSOPEN': '| /usr/bin/lesspipe %s', 'USER': 'pi', 'SSH_CLIENT': '192.168.0.105 55666 22', 'LC_TIME': 'en_US.UTF-8', 'XDG_SESSION_TYPE': 'tty', 'SHLVL': '1', 'LD_LIBRARY_PATH': '/home/pi/seav2/install/carlikebot_ros2_control/lib:/home/pi/seav2/install/serial/lib:/opt/ros/humble/opt/rviz_ogre_vendor/lib:/opt/ros/humble/lib/aarch64-linux-gnu:/opt/ros/humble/lib', 'MOTD_SHOWN': 'pam', 'HOME': '/home/pi', 'OLDPWD': '/home/pi/seav2/src', 'SSH_TTY': '/dev/pts/0', 'ROS_PYTHON_VERSION': '3', 'LC_MONETARY': 'en_US.UTF-8', 'ROS_IP': '192.168.137.192', 'DBUS_SESSION_BUS_ADDRESS': 'unix:path=/run/user/1000/bus', 'QT_QPA_PLATFORM_PLUGIN_PATH': '/home/your_username/.local/lib/python3.10/site-packages/cv2/qt/plugins', 'COLCON_PREFIX_PATH': '/home/pi/seav2/install:/home/pi/ss25/install:/home/pi/ss25/src/description/description/install:/home/pi/ss25/src/summary/install:/home/pi/ss25/src/install:/home/pi/demo_testing_9_april/seav/install:/home/pi/install', 'ROS_DISTRO': 'humble', 'LOGNAME': 'pi', '_': '/usr/bin/colcon', 'ROS_VERSION': '2', 'XDG_SESSION_CLASS': 'user', 'TERM': 'xterm-256color', 'XDG_SESSION_ID': '1', 'ROS_LOCALHOST_ONLY': '0', 'PATH': '/home/pi/.local/bin:/home/pi/.local/bin:/opt/ros/humble/bin:/usr/local/sbin:/usr/local/bin:/usr/sbin:/usr/bin:/sbin:/bin:/usr/games:/usr/local/games:/snap/bin', 'LC_ADDRESS': 'en_US.UTF-8', 'XDG_RUNTIME_DIR': '/run/user/1000', 'DISPLAY': 'localhost:10.0', 'LANG': 'en_US.UTF-8', 'LC_TELEPHONE': 'en_US.UTF-8', 'LS_COLORS': 'rs=0:di=01;34:ln=01;36:mh=00:pi=40;33:so=01;35:do=01;35:bd=40;33;01:cd=40;33;01:or=40;31;01:mi=00:su=37;41:sg=30;43:ca=30;41:tw=30;42:ow=34;42:st=37;44:ex=01;32:*.tar=01;31:*.tgz=01;31:*.arc=01;31:*.arj=01;31:*.taz=01;31:*.lha=01;31:*.lz4=01;31:*.lzh=01;31:*.lzma=01;31:*.tlz=01;31:*.txz=01;31:*.tzo=01;31:*.t7z=01;31:*.zip=01;31:*.z=01;31:*.dz=01;31:*.gz=01;31:*.lrz=01;31:*.lz=01;31:*.lzo=01;31:*.xz=01;31:*.zst=01;31:*.tzst=01;31:*.bz2=01;31:*.bz=01;31:*.tbz=01;31:*.tbz2=01;31:*.tz=01;31:*.deb=01;31:*.rpm=01;31:*.jar=01;31:*.war=01;31:*.ear=01;31:*.sar=01;31:*.rar=01;31:*.alz=01;31:*.ace=01;31:*.zoo=01;31:*.cpio=01;31:*.7z=01;31:*.rz=01;31:*.cab=01;31:*.wim=01;31:*.swm=01;31:*.dwm=01;31:*.esd=01;31:*.jpg=01;35:*.jpeg=01;35:*.mjpg=01;35:*.mjpeg=01;35:*.gif=01;35:*.bmp=01;35:*.pbm=01;35:*.pgm=01;35:*.ppm=01;35:*.tga=01;35:*.xbm=01;35:*.xpm=01;35:*.tif=01;35:*.tiff=01;35:*.png=01;35:*.svg=01;35:*.svgz=01;35:*.mng=01;35:*.pcx=01;35:*.mov=01;35:*.mpg=01;35:*.mpeg=01;35:*.m2v=01;35:*.mkv=01;35:*.webm=01;35:*.webp=01;35:*.ogm=01;35:*.mp4=01;35:*.m4v=01;35:*.mp4v=01;35:*.vob=01;35:*.qt=01;35:*.nuv=01;35:*.wmv=01;35:*.asf=01;35:*.rm=01;35:*.rmvb=01;35:*.flc=01;35:*.avi=01;35:*.fli=01;35:*.flv=01;35:*.gl=01;35:*.dl=01;35:*.xcf=01;35:*.xwd=01;35:*.yuv=01;35:*.cgm=01;35:*.emf=01;35:*.ogv=01;35:*.ogx=01;35:*.aac=00;36:*.au=00;36:*.flac=00;36:*.m4a=00;36:*.mid=00;36:*.midi=00;36:*.mka=00;36:*.mp3=00;36:*.mpc=00;36:*.ogg=00;36:*.ra=00;36:*.wav=00;36:*.oga=00;36:*.opus=00;36:*.spx=00;36:*.xspf=00;36:', 'ROS_DOMAIN_ID': '0', 'AMENT_PREFIX_PATH': '/home/pi/seav2/install/carlikebot_ros2_control:/home/pi/seav2/install/serial:/home/pi/seav2/install/seav2_imu:/home/pi/seav2/install/seav2:/home/pi/seav2/install/ros2_control_demo_description:/home/pi/seav2/install/robot_cam_ros:/home/pi/seav2/install/ball_tracker:/home/pi/ss25/install/wheel_odometry:/home/pi/ss25/install/vup_2k7:/home/pi/ss25/install/summary:/home/pi/ss25/install/sllidar_ros2:/home/pi/ss25/install/safety_control:/home/pi/ss25/install/project:/home/pi/ss25/install/my_slam:/home/pi/ss25/install/my_motor_driver:/home/pi/ss25/install/final:/home/pi/ss25/install/description:/home/pi/ss25/install/bringup_pkg:/home/pi/ss25/src/summary/install/summary:/home/pi/ss25/src/install/wheel_odometry:/home/pi/ss25/src/install/summary:/home/pi/ss25/src/install/sllidar_ros2:/home/pi/ss25/src/install/safety_control:/home/pi/ss25/src/install/project:/home/pi/ss25/src/install/my_motor_driver:/home/pi/ss25/src/install/description:/home/pi/ss25/src/install/bringup_pkg:/home/pi/install/summary:/home/pi/demo_testing_9_april/seav/install/yolov8_ros:/home/pi/demo_testing_9_april/seav/install/static_tf_publisher:/home/pi/demo_testing_9_april/seav/install/seav_test_sensors:/home/pi/demo_testing_9_april/seav/install/seav_simulation:/home/pi/demo_testing_9_april/seav/install/seav_description:/home/pi/demo_testing_9_april/seav/install/rplidar_ros:/home/pi/demo_testing_9_april/seav/install/my_robot_controller:/home/pi/demo_testing_9_april/seav/install/my_nav2_pkg:/opt/ros/humble', 'SHELL': '/bin/bash', 'LC_NAME': 'en_US.UTF-8', 'LESSCLOSE': '/usr/bin/lesspipe %s %s', 'LC_MEASUREMENT': 'en_US.UTF-8', 'LC_IDENTIFICATION': 'en_US.UTF-8', 'PWD': '/home/pi/seav2/build/seav2_imu', 'LC_ALL': 'en_US.UTF-8', 'SSH_CONNECTION': '192.168.0.105 55666 192.168.0.210 22', 'XDG_DATA_DIRS': '/usr/local/share:/usr/share:/var/lib/snapd/desktop', 'PYTHONPATH': '/home/pi/seav2/build/seav2_imu/prefix_override:/usr/lib/python3/dist-packages/colcon_core/task/python/colcon_distutils_commands:/home/pi/seav2/install/seav2_imu/lib/python3.10/site-packages:/home/pi/seav2/build/seav2_imu:/home/pi/seav2/install/seav2_imu/lib/python3.10/site-packages:/home/pi/seav2/build/robot_cam_ros:/home/pi/seav2/install/robot_cam_ros/lib/python3.10/site-packages:/home/pi/seav2/build/ball_tracker:/home/pi/seav2/install/ball_tracker/lib/python3.10/site-packages:/home/pi/ss25/install/wheel_odometry/lib/python3.10/site-packages:/home/pi/ss25/install/vup_2k7/lib/python3.10/site-packages:/home/pi/ss25/install/summary/lib/python3.10/site-packages:/home/pi/ss25/install/safety_control/lib/python3.10/site-packages:/home/pi/ss25/install/project/lib/python3.10/site-packages:/home/pi/ss25/install/my_slam/lib/python3.10/site-packages:/home/pi/ss25/install/my_motor_driver/lib/python3.10/site-packages:/home/pi/ss25/install/final/lib/python3.10/site-packages:/home/pi/ss25/install/description/lib/python3.10/site-packages:/home/pi/ss25/install/bringup_pkg/lib/python3.10/site-packages:/home/pi/ss25/src/summary/install/summary/lib/python3.10/site-packages:/home/pi/ss25/src/install/wheel_odometry/lib/python3.10/site-packages:/home/pi/ss25/src/install/summary/lib/python3.10/site-packages:/home/pi/ss25/src/install/safety_control/lib/python3.10/site-packages:/home/pi/ss25/src/install/project/lib/python3.10/site-packages:/home/pi/ss25/src/install/my_motor_driver/lib/python3.10/site-packages:/home/pi/ss25/src/install/description/lib/python3.10/site-packages:/home/pi/ss25/src/install/bringup_pkg/lib/python3.10/site-packages:/home/pi/install/summary/lib/python3.10/site-packages:/home/pi/demo_testing_9_april/seav/install/yolov8_ros/lib/python3.10/site-packages:/home/pi/demo_testing_9_april/seav/install/static_tf_publisher/lib/python3.10/site-packages:/home/pi/demo_testing_9_april/seav/install/seav_test_sensors/lib/python3.10/site-packages:/home/pi/demo_testing_9_april/seav/install/my_robot_controller/lib/python3.10/site-packages:/opt/ros/humble/lib/python3.10/site-packages:/opt/ros/humble/local/lib/python3.10/dist-packages', 'ROS_HOSTNAME': '192.168.137.192', 'LC_NUMERIC': 'en_US.UTF-8', 'LC_PAPER': 'en_US.UTF-8', 'COLCON': '1', 'CMAKE_PREFIX_PATH': '/home/pi/seav2/install/carlikebot_ros2_control:/home/pi/seav2/install/serial:/home/pi/seav2/install/seav2:/home/pi/seav2/install/ros2_control_demo_description:/home/pi/ss25/install/sllidar_ros2:/home/pi/ss25/src/install/sllidar_ros2:/home/pi/demo_testing_9_april/seav/install/seav_simulation:/home/pi/demo_testing_9_april/seav/install/seav_description:/home/pi/demo_testing_9_april/seav/install/rplidar_ros:/home/pi/demo_testing_9_april/seav/install/my_nav2_pkg'}, 'shell': False}
[44.575613] (-) TimerEvent: {}
[44.579610] (carlikebot_ros2_control) StdoutLine: {'line': b'-- Found serial: 1.2.1 (/home/pi/seav2/install/serial/share/serial/cmake)\n'}
[44.605424] (carlikebot_ros2_control) StdoutLine: {'line': b'-- Found hardware_interface: 2.52.0 (/opt/ros/humble/share/hardware_interface/cmake)\n'}
[44.676189] (-) TimerEvent: {}
[44.780185] (-) TimerEvent: {}
[44.808689] (v4l2_camera) StdoutLine: {'line': b'-- Found camera_info_manager: 3.1.12 (/opt/ros/humble/share/camera_info_manager/cmake)\n'}
[44.880482] (-) TimerEvent: {}
[44.984472] (-) TimerEvent: {}
[45.088707] (-) TimerEvent: {}
[45.192932] (-) TimerEvent: {}
[45.296300] (-) TimerEvent: {}
[45.400099] (-) TimerEvent: {}
[45.503723] (-) TimerEvent: {}
[45.607326] (-) TimerEvent: {}
[45.710954] (-) TimerEvent: {}
[45.814793] (-) TimerEvent: {}
[45.918383] (-) TimerEvent: {}
[46.022943] (-) TimerEvent: {}
[46.127177] (-) TimerEvent: {}
[46.231750] (-) TimerEvent: {}
[46.336184] (-) TimerEvent: {}
[46.440282] (-) TimerEvent: {}
[46.544169] (-) TimerEvent: {}
[46.611221] (carlikebot_ros2_control) StdoutLine: {'line': b'-- Found rosidl_generator_c: 3.1.7 (/opt/ros/humble/share/rosidl_generator_c/cmake)\n'}
[46.644437] (-) TimerEvent: {}
[46.656852] (carlikebot_ros2_control) StdoutLine: {'line': b'-- Found rosidl_adapter: 3.1.7 (/opt/ros/humble/share/rosidl_adapter/cmake)\n'}
[46.685858] (v4l2_camera) StdoutLine: {'line': b'-- Found cv_bridge: 3.2.1 (/opt/ros/humble/share/cv_bridge/cmake)\n'}
[46.744742] (-) TimerEvent: {}
[46.849148] (-) TimerEvent: {}
[46.920282] (carlikebot_ros2_control) StdoutLine: {'line': b'-- Found rosidl_generator_cpp: 3.1.7 (/opt/ros/humble/share/rosidl_generator_cpp/cmake)\n'}
[46.932197] (v4l2_camera) StdoutLine: {'line': b'-- Found image_transport: 3.1.12 (/opt/ros/humble/share/image_transport/cmake)\n'}
[46.949481] (-) TimerEvent: {}
[47.051026] (-) TimerEvent: {}
[47.153545] (-) TimerEvent: {}
[47.257894] (-) TimerEvent: {}
[47.340561] (carlikebot_ros2_control) StdoutLine: {'line': b'-- Using all available rosidl_typesupport_c: rosidl_typesupport_fastrtps_c;rosidl_typesupport_introspection_c\n'}
[47.358237] (-) TimerEvent: {}
[47.461941] (-) TimerEvent: {}
[47.565693] (-) TimerEvent: {}
[47.669846] (-) TimerEvent: {}
[47.773498] (-) TimerEvent: {}
[47.877204] (-) TimerEvent: {}
[47.904832] (carlikebot_ros2_control) StdoutLine: {'line': b'-- Using all available rosidl_typesupport_cpp: rosidl_typesupport_fastrtps_cpp;rosidl_typesupport_introspection_cpp\n'}
[47.977537] (-) TimerEvent: {}
[48.081161] (-) TimerEvent: {}
[48.184951] (-) TimerEvent: {}
[48.288872] (-) TimerEvent: {}
[48.392788] (-) TimerEvent: {}
[48.496739] (-) TimerEvent: {}
[48.601580] (-) TimerEvent: {}
[48.705134] (-) TimerEvent: {}
[48.735679] (v4l2_camera) StdoutLine: {'line': b'-- Found ament_lint_auto: 0.12.14 (/opt/ros/humble/share/ament_lint_auto/cmake)\n'}
[48.805470] (-) TimerEvent: {}
[48.909240] (-) TimerEvent: {}
[49.021573] (-) TimerEvent: {}
[49.125496] (-) TimerEvent: {}
[49.229201] (-) TimerEvent: {}
[49.333397] (-) TimerEvent: {}
[49.437050] (-) TimerEvent: {}
[49.540821] (-) TimerEvent: {}
[49.644648] (-) TimerEvent: {}
[49.748739] (-) TimerEvent: {}
[49.852504] (-) TimerEvent: {}
[49.956071] (-) TimerEvent: {}
[50.059630] (-) TimerEvent: {}
[50.163609] (-) TimerEvent: {}
[50.268040] (-) TimerEvent: {}
[50.371736] (-) TimerEvent: {}
[50.475433] (-) TimerEvent: {}
[50.579466] (-) TimerEvent: {}
[50.683371] (-) TimerEvent: {}
[50.787047] (-) TimerEvent: {}
[50.890634] (-) TimerEvent: {}
[50.897170] (seav2_imu) StdoutLine: {'line': b'running egg_info\n'}
[50.910984] (seav2_imu) StdoutLine: {'line': b'writing ../../build/seav2_imu/seav2_imu.egg-info/PKG-INFO\n'}
[50.920583] (seav2_imu) StdoutLine: {'line': b'writing dependency_links to ../../build/seav2_imu/seav2_imu.egg-info/dependency_links.txt\n'}
[50.930805] (seav2_imu) StdoutLine: {'line': b'writing entry points to ../../build/seav2_imu/seav2_imu.egg-info/entry_points.txt\n'}
[50.940666] (seav2_imu) StdoutLine: {'line': b'writing requirements to ../../build/seav2_imu/seav2_imu.egg-info/requires.txt\n'}
[50.950853] (seav2_imu) StdoutLine: {'line': b'writing top-level names to ../../build/seav2_imu/seav2_imu.egg-info/top_level.txt\n'}
[50.991025] (-) TimerEvent: {}
[51.008144] (seav2_imu) StdoutLine: {'line': b"reading manifest file '../../build/seav2_imu/seav2_imu.egg-info/SOURCES.txt'\n"}
[51.034636] (seav2_imu) StdoutLine: {'line': b"writing manifest file '../../build/seav2_imu/seav2_imu.egg-info/SOURCES.txt'\n"}
[51.040546] (seav2_imu) StdoutLine: {'line': b'running build\n'}
[51.044105] (seav2_imu) StdoutLine: {'line': b'running build_py\n'}
[51.068319] (seav2_imu) StdoutLine: {'line': b'running install\n'}
[51.082204] (seav2_imu) StdoutLine: {'line': b'running install_lib\n'}
[51.090715] (seav2_imu) StdoutLine: {'line': b'creating /home/pi/seav2/install/seav2_imu/lib/python3.10/site-packages/seav2_imu\n'}
[51.094580] (-) TimerEvent: {}
[51.100769] (seav2_imu) StdoutLine: {'line': b'copying /home/pi/seav2/build/seav2_imu/build/lib/seav2_imu/__init__.py -> /home/pi/seav2/install/seav2_imu/lib/python3.10/site-packages/seav2_imu\n'}
[51.102151] (seav2_imu) StdoutLine: {'line': b'copying /home/pi/seav2/build/seav2_imu/build/lib/seav2_imu/mpu6050_node.py -> /home/pi/seav2/install/seav2_imu/lib/python3.10/site-packages/seav2_imu\n'}
[51.110039] (seav2_imu) StdoutLine: {'line': b'byte-compiling /home/pi/seav2/install/seav2_imu/lib/python3.10/site-packages/seav2_imu/__init__.py to __init__.cpython-310.pyc\n'}
[51.113451] (seav2_imu) StdoutLine: {'line': b'byte-compiling /home/pi/seav2/install/seav2_imu/lib/python3.10/site-packages/seav2_imu/mpu6050_node.py to mpu6050_node.cpython-310.pyc\n'}
[51.142458] (seav2_imu) StdoutLine: {'line': b'running install_data\n'}
[51.147434] (seav2_imu) StdoutLine: {'line': b'copying resource/seav2_imu -> /home/pi/seav2/install/seav2_imu/share/ament_index/resource_index/packages\n'}
[51.149223] (seav2_imu) StdoutLine: {'line': b'copying package.xml -> /home/pi/seav2/install/seav2_imu/share/seav2_imu\n'}
[51.154470] (seav2_imu) StdoutLine: {'line': b'running install_egg_info\n'}
[51.194992] (-) TimerEvent: {}
[51.203288] (seav2_imu) StdoutLine: {'line': b'Copying ../../build/seav2_imu/seav2_imu.egg-info to /home/pi/seav2/install/seav2_imu/lib/python3.10/site-packages/seav2_imu-0.0.0-py3.10.egg-info\n'}
[51.229224] (seav2_imu) StdoutLine: {'line': b'running install_scripts\n'}
[51.295300] (-) TimerEvent: {}
[51.398568] (-) TimerEvent: {}
[51.502401] (-) TimerEvent: {}
[51.606164] (-) TimerEvent: {}
[51.699651] (v4l2_camera) StdoutLine: {'line': b"-- Added test 'cppcheck' to perform static code analysis on C / C++ code\n"}
[51.706495] (-) TimerEvent: {}
[51.710375] (v4l2_camera) StdoutLine: {'line': b'-- Configured cppcheck include dirs: $<BUILD_INTERFACE:/home/pi/seav2/src/ros2_v4l2_camera/include>\n'}
[51.714383] (v4l2_camera) StdoutLine: {'line': b'-- Configured cppcheck exclude dirs and/or files: \n'}
[51.804554] (seav2_imu) StdoutLine: {'line': b'Installing mpu6050_node script to /home/pi/seav2/install/seav2_imu/lib/seav2_imu\n'}
[51.807997] (-) TimerEvent: {}
[51.817790] (seav2_imu) StdoutLine: {'line': b"writing list of installed files to '/home/pi/seav2/build/seav2_imu/install.log'\n"}
[51.887945] (v4l2_camera) StdoutLine: {'line': b"-- Added test 'cpplint' to check C / C++ code against the Google style\n"}
[51.889372] (v4l2_camera) StdoutLine: {'line': b'-- Configured cpplint exclude dirs and/or files: \n'}
[51.908304] (-) TimerEvent: {}
[51.992450] (v4l2_camera) StdoutLine: {'line': b"-- Added test 'lint_cmake' to check CMake code style\n"}
[52.008626] (-) TimerEvent: {}
[52.112153] (-) TimerEvent: {}
[52.171694] (v4l2_camera) StdoutLine: {'line': b"-- Added test 'uncrustify' to check C / C++ code style\n"}
[52.176229] (v4l2_camera) StdoutLine: {'line': b'-- Configured uncrustify additional arguments: \n'}
[52.212447] (-) TimerEvent: {}
[52.262931] (v4l2_camera) StdoutLine: {'line': b"-- Added test 'xmllint' to check XML markup files\n"}
[52.288387] (seav2_imu) CommandEnded: {'returncode': 0}
[52.312761] (-) TimerEvent: {}
[52.416541] (-) TimerEvent: {}
[52.448900] (v4l2_camera) StdoutLine: {'line': b'-- Configuring done\n'}
[52.516829] (-) TimerEvent: {}
[52.576630] (seav2_imu) JobEnded: {'identifier': 'seav2_imu', 'rc': 0}
[52.617173] (-) TimerEvent: {}
[52.720023] (-) TimerEvent: {}
[52.822747] (-) TimerEvent: {}
[52.926537] (-) TimerEvent: {}
[52.990752] (carlikebot_ros2_control) StdoutLine: {'line': b'-- Found rmw_implementation_cmake: 6.1.2 (/opt/ros/humble/share/rmw_implementation_cmake/cmake)\n'}
[53.026971] (-) TimerEvent: {}
[53.040572] (carlikebot_ros2_control) StdoutLine: {'line': b'-- Found rmw_fastrtps_cpp: 6.2.8 (/opt/ros/humble/share/rmw_fastrtps_cpp/cmake)\n'}
[53.127362] (-) TimerEvent: {}
[53.230356] (-) TimerEvent: {}
[53.333920] (-) TimerEvent: {}
[53.358271] (v4l2_camera) StdoutLine: {'line': b'-- Generating done\n'}
[53.390394] (carlikebot_ros2_control) StdoutLine: {'line': b'-- Found TinyXML2 via Config file: TinyXML2_DIR-NOTFOUND\n'}
[53.434288] (-) TimerEvent: {}
[53.490815] (v4l2_camera) StdoutLine: {'line': b'-- Build files have been written to: /home/pi/seav2/build/v4l2_camera\n'}
[53.511278] (carlikebot_ros2_control) StdoutLine: {'line': b'-- Found TinyXML2 via Config file: TinyXML2_DIR-NOTFOUND\n'}
[53.534788] (-) TimerEvent: {}
[53.590483] (v4l2_camera) CommandEnded: {'returncode': 0}
[53.595059] (v4l2_camera) JobProgress: {'identifier': 'v4l2_camera', 'progress': 'build'}
[53.595581] (v4l2_camera) Command: {'cmd': ['/usr/bin/cmake', '--build', '/home/pi/seav2/build/v4l2_camera', '--', '-j4', '-l4'], 'cwd': '/home/pi/seav2/build/v4l2_camera', 'env': OrderedDict([('LESSOPEN', '| /usr/bin/lesspipe %s'), ('USER', 'pi'), ('SSH_CLIENT', '192.168.0.105 55666 22'), ('LC_TIME', 'en_US.UTF-8'), ('XDG_SESSION_TYPE', 'tty'), ('SHLVL', '1'), ('LD_LIBRARY_PATH', '/home/pi/seav2/install/carlikebot_ros2_control/lib:/home/pi/seav2/install/serial/lib:/opt/ros/humble/opt/rviz_ogre_vendor/lib:/opt/ros/humble/lib/aarch64-linux-gnu:/opt/ros/humble/lib'), ('MOTD_SHOWN', 'pam'), ('HOME', '/home/pi'), ('OLDPWD', '/home/pi/seav2/src'), ('SSH_TTY', '/dev/pts/0'), ('ROS_PYTHON_VERSION', '3'), ('LC_MONETARY', 'en_US.UTF-8'), ('ROS_IP', '192.168.137.192'), ('DBUS_SESSION_BUS_ADDRESS', 'unix:path=/run/user/1000/bus'), ('QT_QPA_PLATFORM_PLUGIN_PATH', '/home/your_username/.local/lib/python3.10/site-packages/cv2/qt/plugins'), ('COLCON_PREFIX_PATH', '/home/pi/seav2/install:/home/pi/ss25/install:/home/pi/ss25/src/description/description/install:/home/pi/ss25/src/summary/install:/home/pi/ss25/src/install:/home/pi/demo_testing_9_april/seav/install:/home/pi/install'), ('ROS_DISTRO', 'humble'), ('LOGNAME', 'pi'), ('_', '/usr/bin/colcon'), ('ROS_VERSION', '2'), ('XDG_SESSION_CLASS', 'user'), ('TERM', 'xterm-256color'), ('XDG_SESSION_ID', '1'), ('ROS_LOCALHOST_ONLY', '0'), ('PATH', '/home/pi/.local/bin:/home/pi/.local/bin:/opt/ros/humble/bin:/usr/local/sbin:/usr/local/bin:/usr/sbin:/usr/bin:/sbin:/bin:/usr/games:/usr/local/games:/snap/bin'), ('LC_ADDRESS', 'en_US.UTF-8'), ('XDG_RUNTIME_DIR', '/run/user/1000'), ('DISPLAY', 'localhost:10.0'), ('LANG', 'en_US.UTF-8'), ('LC_TELEPHONE', 'en_US.UTF-8'), ('LS_COLORS', 'rs=0:di=01;34:ln=01;36:mh=00:pi=40;33:so=01;35:do=01;35:bd=40;33;01:cd=40;33;01:or=40;31;01:mi=00:su=37;41:sg=30;43:ca=30;41:tw=30;42:ow=34;42:st=37;44:ex=01;32:*.tar=01;31:*.tgz=01;31:*.arc=01;31:*.arj=01;31:*.taz=01;31:*.lha=01;31:*.lz4=01;31:*.lzh=01;31:*.lzma=01;31:*.tlz=01;31:*.txz=01;31:*.tzo=01;31:*.t7z=01;31:*.zip=01;31:*.z=01;31:*.dz=01;31:*.gz=01;31:*.lrz=01;31:*.lz=01;31:*.lzo=01;31:*.xz=01;31:*.zst=01;31:*.tzst=01;31:*.bz2=01;31:*.bz=01;31:*.tbz=01;31:*.tbz2=01;31:*.tz=01;31:*.deb=01;31:*.rpm=01;31:*.jar=01;31:*.war=01;31:*.ear=01;31:*.sar=01;31:*.rar=01;31:*.alz=01;31:*.ace=01;31:*.zoo=01;31:*.cpio=01;31:*.7z=01;31:*.rz=01;31:*.cab=01;31:*.wim=01;31:*.swm=01;31:*.dwm=01;31:*.esd=01;31:*.jpg=01;35:*.jpeg=01;35:*.mjpg=01;35:*.mjpeg=01;35:*.gif=01;35:*.bmp=01;35:*.pbm=01;35:*.pgm=01;35:*.ppm=01;35:*.tga=01;35:*.xbm=01;35:*.xpm=01;35:*.tif=01;35:*.tiff=01;35:*.png=01;35:*.svg=01;35:*.svgz=01;35:*.mng=01;35:*.pcx=01;35:*.mov=01;35:*.mpg=01;35:*.mpeg=01;35:*.m2v=01;35:*.mkv=01;35:*.webm=01;35:*.webp=01;35:*.ogm=01;35:*.mp4=01;35:*.m4v=01;35:*.mp4v=01;35:*.vob=01;35:*.qt=01;35:*.nuv=01;35:*.wmv=01;35:*.asf=01;35:*.rm=01;35:*.rmvb=01;35:*.flc=01;35:*.avi=01;35:*.fli=01;35:*.flv=01;35:*.gl=01;35:*.dl=01;35:*.xcf=01;35:*.xwd=01;35:*.yuv=01;35:*.cgm=01;35:*.emf=01;35:*.ogv=01;35:*.ogx=01;35:*.aac=00;36:*.au=00;36:*.flac=00;36:*.m4a=00;36:*.mid=00;36:*.midi=00;36:*.mka=00;36:*.mp3=00;36:*.mpc=00;36:*.ogg=00;36:*.ra=00;36:*.wav=00;36:*.oga=00;36:*.opus=00;36:*.spx=00;36:*.xspf=00;36:'), ('ROS_DOMAIN_ID', '0'), ('AMENT_PREFIX_PATH', '/home/pi/seav2/install/carlikebot_ros2_control:/home/pi/seav2/install/serial:/home/pi/seav2/install/seav2_imu:/home/pi/seav2/install/seav2:/home/pi/seav2/install/ros2_control_demo_description:/home/pi/seav2/install/robot_cam_ros:/home/pi/seav2/install/ball_tracker:/home/pi/ss25/install/wheel_odometry:/home/pi/ss25/install/vup_2k7:/home/pi/ss25/install/summary:/home/pi/ss25/install/sllidar_ros2:/home/pi/ss25/install/safety_control:/home/pi/ss25/install/project:/home/pi/ss25/install/my_slam:/home/pi/ss25/install/my_motor_driver:/home/pi/ss25/install/final:/home/pi/ss25/install/description:/home/pi/ss25/install/bringup_pkg:/home/pi/ss25/src/summary/install/summary:/home/pi/ss25/src/install/wheel_odometry:/home/pi/ss25/src/install/summary:/home/pi/ss25/src/install/sllidar_ros2:/home/pi/ss25/src/install/safety_control:/home/pi/ss25/src/install/project:/home/pi/ss25/src/install/my_motor_driver:/home/pi/ss25/src/install/description:/home/pi/ss25/src/install/bringup_pkg:/home/pi/install/summary:/home/pi/demo_testing_9_april/seav/install/yolov8_ros:/home/pi/demo_testing_9_april/seav/install/static_tf_publisher:/home/pi/demo_testing_9_april/seav/install/seav_test_sensors:/home/pi/demo_testing_9_april/seav/install/seav_simulation:/home/pi/demo_testing_9_april/seav/install/seav_description:/home/pi/demo_testing_9_april/seav/install/rplidar_ros:/home/pi/demo_testing_9_april/seav/install/my_robot_controller:/home/pi/demo_testing_9_april/seav/install/my_nav2_pkg:/opt/ros/humble'), ('SHELL', '/bin/bash'), ('LC_NAME', 'en_US.UTF-8'), ('LESSCLOSE', '/usr/bin/lesspipe %s %s'), ('LC_MEASUREMENT', 'en_US.UTF-8'), ('LC_IDENTIFICATION', 'en_US.UTF-8'), ('PWD', '/home/pi/seav2/build/v4l2_camera'), ('LC_ALL', 'en_US.UTF-8'), ('SSH_CONNECTION', '192.168.0.105 55666 192.168.0.210 22'), ('XDG_DATA_DIRS', '/usr/local/share:/usr/share:/var/lib/snapd/desktop'), ('PYTHONPATH', '/home/pi/seav2/build/seav2_imu:/home/pi/seav2/install/seav2_imu/lib/python3.10/site-packages:/home/pi/seav2/build/robot_cam_ros:/home/pi/seav2/install/robot_cam_ros/lib/python3.10/site-packages:/home/pi/seav2/build/ball_tracker:/home/pi/seav2/install/ball_tracker/lib/python3.10/site-packages:/home/pi/ss25/install/wheel_odometry/lib/python3.10/site-packages:/home/pi/ss25/install/vup_2k7/lib/python3.10/site-packages:/home/pi/ss25/install/summary/lib/python3.10/site-packages:/home/pi/ss25/install/safety_control/lib/python3.10/site-packages:/home/pi/ss25/install/project/lib/python3.10/site-packages:/home/pi/ss25/install/my_slam/lib/python3.10/site-packages:/home/pi/ss25/install/my_motor_driver/lib/python3.10/site-packages:/home/pi/ss25/install/final/lib/python3.10/site-packages:/home/pi/ss25/install/description/lib/python3.10/site-packages:/home/pi/ss25/install/bringup_pkg/lib/python3.10/site-packages:/home/pi/ss25/src/summary/install/summary/lib/python3.10/site-packages:/home/pi/ss25/src/install/wheel_odometry/lib/python3.10/site-packages:/home/pi/ss25/src/install/summary/lib/python3.10/site-packages:/home/pi/ss25/src/install/safety_control/lib/python3.10/site-packages:/home/pi/ss25/src/install/project/lib/python3.10/site-packages:/home/pi/ss25/src/install/my_motor_driver/lib/python3.10/site-packages:/home/pi/ss25/src/install/description/lib/python3.10/site-packages:/home/pi/ss25/src/install/bringup_pkg/lib/python3.10/site-packages:/home/pi/install/summary/lib/python3.10/site-packages:/home/pi/demo_testing_9_april/seav/install/yolov8_ros/lib/python3.10/site-packages:/home/pi/demo_testing_9_april/seav/install/static_tf_publisher/lib/python3.10/site-packages:/home/pi/demo_testing_9_april/seav/install/seav_test_sensors/lib/python3.10/site-packages:/home/pi/demo_testing_9_april/seav/install/my_robot_controller/lib/python3.10/site-packages:/opt/ros/humble/lib/python3.10/site-packages:/opt/ros/humble/local/lib/python3.10/dist-packages'), ('ROS_HOSTNAME', '192.168.137.192'), ('LC_NUMERIC', 'en_US.UTF-8'), ('LC_PAPER', 'en_US.UTF-8'), ('COLCON', '1'), ('CMAKE_PREFIX_PATH', '/home/pi/seav2/install/carlikebot_ros2_control:/home/pi/seav2/install/serial:/home/pi/seav2/install/seav2:/home/pi/seav2/install/ros2_control_demo_description:/home/pi/ss25/install/sllidar_ros2:/home/pi/ss25/src/install/sllidar_ros2:/home/pi/demo_testing_9_april/seav/install/seav_simulation:/home/pi/demo_testing_9_april/seav/install/seav_description:/home/pi/demo_testing_9_april/seav/install/rplidar_ros:/home/pi/demo_testing_9_april/seav/install/my_nav2_pkg:/home/pi/seav2/install/seav2_imu:/home/pi/seav2/install/robot_cam_ros:/home/pi/seav2/install/ball_tracker:/home/pi/ss25/install/wheel_odometry:/home/pi/ss25/install/vup_2k7:/home/pi/ss25/install/summary:/home/pi/ss25/install/safety_control:/home/pi/ss25/install/project:/home/pi/ss25/install/my_slam:/home/pi/ss25/install/my_motor_driver:/home/pi/ss25/install/final:/home/pi/ss25/install/description:/home/pi/ss25/install/bringup_pkg:/home/pi/ss25/src/summary/install/summary:/home/pi/ss25/src/install/wheel_odometry:/home/pi/ss25/src/install/summary:/home/pi/ss25/src/install/safety_control:/home/pi/ss25/src/install/project:/home/pi/ss25/src/install/my_motor_driver:/home/pi/ss25/src/install/description:/home/pi/ss25/src/install/bringup_pkg:/home/pi/install/summary:/home/pi/demo_testing_9_april/seav/install/yolov8_ros:/home/pi/demo_testing_9_april/seav/install/static_tf_publisher:/home/pi/demo_testing_9_april/seav/install/seav_test_sensors:/home/pi/demo_testing_9_april/seav/install/my_robot_controller:/opt/ros/humble')]), 'shell': False}
[53.635051] (-) TimerEvent: {}
[53.738721] (-) TimerEvent: {}
[53.813669] (carlikebot_ros2_control) StdoutLine: {'line': b'-- Found TinyXML2 via Config file: TinyXML2_DIR-NOTFOUND\n'}
[53.839064] (-) TimerEvent: {}
[53.935238] (carlikebot_ros2_control) StdoutLine: {'line': b'-- Found TinyXML2 via Config file: TinyXML2_DIR-NOTFOUND\n'}
[53.939553] (-) TimerEvent: {}
[54.042916] (-) TimerEvent: {}
[54.110044] (carlikebot_ros2_control) StdoutLine: {'line': b"-- Using RMW implementation 'rmw_fastrtps_cpp' as default\n"}
[54.143284] (-) TimerEvent: {}
[54.246700] (-) TimerEvent: {}
[54.348256] (-) TimerEvent: {}
[54.409484] (v4l2_camera) StdoutLine: {'line': b'\x1b[35m\x1b[1mConsolidate compiler generated dependencies of target v4l2_camera\x1b[0m\n'}
[54.448854] (-) TimerEvent: {}
[54.550947] (-) TimerEvent: {}
[54.654094] (-) TimerEvent: {}
[54.756819] (-) TimerEvent: {}
[54.859974] (-) TimerEvent: {}
[54.963544] (-) TimerEvent: {}
[55.067016] (-) TimerEvent: {}
[55.136118] (carlikebot_ros2_control) StdoutLine: {'line': b'-- Found ament_cmake_pytest: 1.3.12 (/opt/ros/humble/share/ament_cmake_pytest/cmake)\n'}
[55.167362] (-) TimerEvent: {}
[55.202059] (v4l2_camera) StdoutLine: {'line': b'[ 12%] \x1b[32mBuilding CXX object CMakeFiles/v4l2_camera.dir/src/v4l2_camera.cpp.o\x1b[0m\n'}
[55.267683] (-) TimerEvent: {}
[55.369872] (-) TimerEvent: {}
[55.471604] (-) TimerEvent: {}
[55.573853] (-) TimerEvent: {}
[55.681486] (-) TimerEvent: {}
[55.785398] (-) TimerEvent: {}
[55.889037] (-) TimerEvent: {}
[55.992773] (-) TimerEvent: {}
[56.096646] (-) TimerEvent: {}
[56.200429] (-) TimerEvent: {}
[56.303602] (-) TimerEvent: {}
[56.405458] (-) TimerEvent: {}
[56.506963] (-) TimerEvent: {}
[56.608547] (-) TimerEvent: {}
[56.711149] (-) TimerEvent: {}
[56.812615] (-) TimerEvent: {}
[56.914159] (-) TimerEvent: {}
[57.015765] (-) TimerEvent: {}
[57.117384] (-) TimerEvent: {}
[57.218946] (-) TimerEvent: {}
[57.320581] (-) TimerEvent: {}
[57.422504] (-) TimerEvent: {}
[57.524102] (-) TimerEvent: {}
[57.625786] (-) TimerEvent: {}
[57.727238] (-) TimerEvent: {}
[57.828888] (-) TimerEvent: {}
[57.930386] (-) TimerEvent: {}
[58.031923] (-) TimerEvent: {}
[58.133706] (-) TimerEvent: {}
[58.237294] (-) TimerEvent: {}
[58.340969] (-) TimerEvent: {}
[58.442457] (-) TimerEvent: {}
[58.544952] (-) TimerEvent: {}
[58.648731] (-) TimerEvent: {}
[58.758974] (-) TimerEvent: {}
[58.862481] (-) TimerEvent: {}
[58.965457] (-) TimerEvent: {}
[59.069582] (-) TimerEvent: {}
[59.174766] (-) TimerEvent: {}
[59.278980] (-) TimerEvent: {}
[59.382597] (-) TimerEvent: {}
[59.486255] (-) TimerEvent: {}
[59.590311] (-) TimerEvent: {}
[59.694097] (-) TimerEvent: {}
[59.797994] (-) TimerEvent: {}
[59.901671] (-) TimerEvent: {}
[60.005288] (-) TimerEvent: {}
[60.108894] (-) TimerEvent: {}
[60.212707] (-) TimerEvent: {}
[60.316391] (-) TimerEvent: {}
[60.420015] (-) TimerEvent: {}
[60.523758] (-) TimerEvent: {}
[60.652669] (-) TimerEvent: {}
[60.754399] (-) TimerEvent: {}
[60.856231] (-) TimerEvent: {}
[60.960184] (-) TimerEvent: {}
[61.065232] (-) TimerEvent: {}
[61.169286] (-) TimerEvent: {}
[61.271074] (-) TimerEvent: {}
[61.373060] (-) TimerEvent: {}
[61.474831] (-) TimerEvent: {}
[61.576623] (-) TimerEvent: {}
[61.678315] (-) TimerEvent: {}
[61.780985] (-) TimerEvent: {}
[61.884334] (-) TimerEvent: {}
[61.987904] (-) TimerEvent: {}
[62.091472] (-) TimerEvent: {}
[62.194917] (-) TimerEvent: {}
[62.298613] (-) TimerEvent: {}
[62.402550] (-) TimerEvent: {}
[62.504120] (-) TimerEvent: {}
[62.606405] (-) TimerEvent: {}
[62.708954] (-) TimerEvent: {}
[62.759140] (v4l2_camera) StderrLine: {'line': b'\x1b[01m\x1b[K/home/pi/seav2/src/ros2_v4l2_camera/src/v4l2_camera.cpp:23:10:\x1b[m\x1b[K \x1b[01;31m\x1b[Kfatal error: \x1b[m\x1b[Kcv_bridge/cv_bridge.hpp: No such file or directory\n'}
[62.761142] (v4l2_camera) StderrLine: {'line': b'   23 | #include \x1b[01;31m\x1b[K<cv_bridge/cv_bridge.hpp>\x1b[m\x1b[K\n'}
[62.762538] (v4l2_camera) StderrLine: {'line': b'      |          \x1b[01;31m\x1b[K^~~~~~~~~~~~~~~~~~~~~~~~~\x1b[m\x1b[K\n'}
[62.763730] (v4l2_camera) StderrLine: {'line': b'compilation terminated.\n'}
[62.785897] (v4l2_camera) StderrLine: {'line': b'gmake[2]: *** [CMakeFiles/v4l2_camera.dir/build.make:90: CMakeFiles/v4l2_camera.dir/src/v4l2_camera.cpp.o] Error 1\n'}
[62.790010] (v4l2_camera) StderrLine: {'line': b'gmake[1]: *** [CMakeFiles/Makefile2:141: CMakeFiles/v4l2_camera.dir/all] Error 2\n'}
[62.801217] (v4l2_camera) StderrLine: {'line': b'gmake: *** [Makefile:146: all] Error 2\n'}
[62.820806] (v4l2_camera) CommandEnded: {'returncode': 2}
[62.831250] (-) TimerEvent: {}
[62.913985] (v4l2_camera) JobEnded: {'identifier': 'v4l2_camera', 'rc': 2}
[62.931602] (-) TimerEvent: {}
[63.033865] (-) TimerEvent: {}
[63.136371] (-) TimerEvent: {}
[63.238740] (-) TimerEvent: {}
[63.341755] (-) TimerEvent: {}
[63.444397] (-) TimerEvent: {}
[63.547055] (-) TimerEvent: {}
[63.650993] (-) TimerEvent: {}
[63.754671] (-) TimerEvent: {}
[63.858561] (-) TimerEvent: {}
[63.962203] (-) TimerEvent: {}
[64.066138] (-) TimerEvent: {}
[64.171750] (-) TimerEvent: {}
[64.276090] (-) TimerEvent: {}
[64.379770] (-) TimerEvent: {}
[64.483454] (-) TimerEvent: {}
[64.585172] (-) TimerEvent: {}
[64.686706] (-) TimerEvent: {}
[64.788191] (-) TimerEvent: {}
[64.891629] (-) TimerEvent: {}
[64.996101] (-) TimerEvent: {}
[65.099712] (-) TimerEvent: {}
[65.201528] (-) TimerEvent: {}
[65.304350] (-) TimerEvent: {}
[65.408494] (-) TimerEvent: {}
[65.512358] (-) TimerEvent: {}
[65.613797] (-) TimerEvent: {}
[65.716685] (-) TimerEvent: {}
[65.818965] (-) TimerEvent: {}
[65.923050] (-) TimerEvent: {}
[66.024585] (-) TimerEvent: {}
[66.125985] (-) TimerEvent: {}
[66.227537] (-) TimerEvent: {}
[66.329328] (-) TimerEvent: {}
[66.431843] (-) TimerEvent: {}
[66.533538] (-) TimerEvent: {}
[66.635351] (-) TimerEvent: {}
[66.736887] (-) TimerEvent: {}
[66.838733] (-) TimerEvent: {}
[66.942617] (-) TimerEvent: {}
[67.046080] (-) TimerEvent: {}
[67.150067] (-) TimerEvent: {}
[67.254224] (-) TimerEvent: {}
[67.355646] (-) TimerEvent: {}
[67.457276] (-) TimerEvent: {}
[67.558737] (-) TimerEvent: {}
[67.660522] (-) TimerEvent: {}
[67.762582] (-) TimerEvent: {}
[67.864762] (-) TimerEvent: {}
[67.966978] (-) TimerEvent: {}
[68.068432] (-) TimerEvent: {}
[68.169859] (-) TimerEvent: {}
[68.271304] (-) TimerEvent: {}
[68.374134] (-) TimerEvent: {}
[68.476144] (-) TimerEvent: {}
[68.577347] (-) TimerEvent: {}
[68.678684] (-) TimerEvent: {}
[68.780047] (-) TimerEvent: {}
[68.881407] (-) TimerEvent: {}
[68.982714] (-) TimerEvent: {}
[69.084019] (-) TimerEvent: {}
[69.185330] (-) TimerEvent: {}
[69.286609] (-) TimerEvent: {}
[69.387963] (-) TimerEvent: {}
[69.489278] (-) TimerEvent: {}
[69.590963] (-) TimerEvent: {}
[69.692259] (-) TimerEvent: {}
[69.793558] (-) TimerEvent: {}
[69.894838] (-) TimerEvent: {}
[69.996165] (-) TimerEvent: {}
[70.097483] (-) TimerEvent: {}
[70.198755] (-) TimerEvent: {}
[70.300059] (-) TimerEvent: {}
[70.401279] (-) TimerEvent: {}
[70.502519] (-) TimerEvent: {}
[70.603746] (-) TimerEvent: {}
[70.704997] (-) TimerEvent: {}
[70.806314] (-) TimerEvent: {}
[70.907743] (-) TimerEvent: {}
[71.009251] (-) TimerEvent: {}
[71.111019] (-) TimerEvent: {}
[71.212769] (-) TimerEvent: {}
[71.314546] (-) TimerEvent: {}
[71.415942] (-) TimerEvent: {}
[71.517179] (-) TimerEvent: {}
[71.618502] (-) TimerEvent: {}
[71.719720] (-) TimerEvent: {}
[71.821005] (-) TimerEvent: {}
[71.922246] (-) TimerEvent: {}
[72.023502] (-) TimerEvent: {}
[72.124881] (-) TimerEvent: {}
[72.226205] (-) TimerEvent: {}
[72.327431] (-) TimerEvent: {}
[72.428886] (-) TimerEvent: {}
[72.530262] (-) TimerEvent: {}
[72.631607] (-) TimerEvent: {}
[72.732929] (-) TimerEvent: {}
[72.834218] (-) TimerEvent: {}
[72.935447] (-) TimerEvent: {}
[73.036876] (-) TimerEvent: {}
[73.138132] (-) TimerEvent: {}
[73.239348] (-) TimerEvent: {}
[73.340632] (-) TimerEvent: {}
[73.441824] (-) TimerEvent: {}
[73.543039] (-) TimerEvent: {}
[73.644401] (-) TimerEvent: {}
[73.745633] (-) TimerEvent: {}
[73.847155] (-) TimerEvent: {}
[73.948438] (-) TimerEvent: {}
[74.049667] (-) TimerEvent: {}
[74.150959] (-) TimerEvent: {}
[74.252263] (-) TimerEvent: {}
[74.353499] (-) TimerEvent: {}
[74.454824] (-) TimerEvent: {}
[74.556198] (-) TimerEvent: {}
[74.657511] (-) TimerEvent: {}
[74.758759] (-) TimerEvent: {}
[74.860150] (-) TimerEvent: {}
[74.961404] (-) TimerEvent: {}
[75.062809] (-) TimerEvent: {}
[75.164834] (-) TimerEvent: {}
[75.266836] (-) TimerEvent: {}
[75.368807] (-) TimerEvent: {}
[75.470626] (-) TimerEvent: {}
[75.572049] (-) TimerEvent: {}
[75.673388] (-) TimerEvent: {}
[75.774624] (-) TimerEvent: {}
[75.875982] (-) TimerEvent: {}
[75.977277] (-) TimerEvent: {}
[76.078672] (-) TimerEvent: {}
[76.180029] (-) TimerEvent: {}
[76.281437] (-) TimerEvent: {}
[76.382756] (-) TimerEvent: {}
[76.456980] (carlikebot_ros2_control) StdoutLine: {'line': b'-- Configuring done\n'}
[76.483064] (-) TimerEvent: {}
[76.584817] (-) TimerEvent: {}
[76.675291] (carlikebot_ros2_control) StdoutLine: {'line': b'-- Generating done\n'}
[76.685100] (-) TimerEvent: {}
[76.729184] (carlikebot_ros2_control) StdoutLine: {'line': b'-- Build files have been written to: /home/pi/seav2/build/carlikebot_ros2_control\n'}
[76.785396] (-) TimerEvent: {}
[76.790501] (carlikebot_ros2_control) JobEnded: {'identifier': 'carlikebot_ros2_control', 'rc': 'SIGINT'}
[76.799195] (-) EventReactorShutdown: {}
