[1.585s] DEBUG:colcon:Command line arguments: ['/usr/bin/colcon', 'build']
[1.587s] DEBUG:colcon:Parsed command line arguments: Namespace(log_base=None, log_level=None, verb_name='build', build_base='build', install_base='install', merge_install=False, symlink_install=False, test_result_base=None, continue_on_error=False, executor='parallel', parallel_workers=4, event_handlers=None, ignore_user_meta=False, metas=['./colcon.meta'], base_paths=['.'], packages_ignore=None, packages_ignore_regex=None, paths=None, packages_up_to=None, packages_up_to_regex=None, packages_above=None, packages_above_and_dependencies=None, packages_above_depth=None, packages_select_by_dep=None, packages_skip_by_dep=None, packages_skip_up_to=None, packages_select_build_failed=False, packages_skip_build_finished=False, packages_select_test_failures=False, packages_skip_test_passed=False, packages_select=None, packages_skip=None, packages_select_regex=None, packages_skip_regex=None, packages_start=None, packages_end=None, allow_overriding=[], cmake_args=None, cmake_target=None, cmake_target_skip_unavailable=False, cmake_clean_cache=False, cmake_clean_first=False, cmake_force_configure=False, ament_cmake_args=None, catkin_cmake_args=None, catkin_skip_building_tests=False, verb_parser=<colcon_defaults.argument_parser.defaults.DefaultArgumentsDecorator object at 0xffff986b9c30>, verb_extension=<colcon_core.verb.build.BuildVerb object at 0xffff9884ef80>, main=<bound method BuildVerb.main of <colcon_core.verb.build.BuildVerb object at 0xffff9884ef80>>)
[4.602s] Level 1:colcon.colcon_core.package_discovery:discover_packages(colcon_meta) check parameters
[4.603s] Level 1:colcon.colcon_core.package_discovery:discover_packages(recursive) check parameters
[4.604s] Level 1:colcon.colcon_core.package_discovery:discover_packages(ignore) check parameters
[4.604s] Level 1:colcon.colcon_core.package_discovery:discover_packages(path) check parameters
[4.605s] Level 1:colcon.colcon_core.package_discovery:discover_packages(colcon_meta) discover
[4.606s] Level 1:colcon.colcon_core.package_discovery:discover_packages(recursive) discover
[4.606s] INFO:colcon.colcon_core.package_discovery:Crawling recursively for packages in '/home/pi/seav2'
[4.608s] Level 1:colcon.colcon_core.package_identification:_identify(.) by extensions ['ignore', 'ignore_ament_install']
[4.609s] Level 1:colcon.colcon_core.package_identification:_identify(.) by extension 'ignore'
[4.610s] Level 1:colcon.colcon_core.package_identification:_identify(.) by extension 'ignore_ament_install'
[4.610s] Level 1:colcon.colcon_core.package_identification:_identify(.) by extensions ['colcon_pkg']
[4.611s] Level 1:colcon.colcon_core.package_identification:_identify(.) by extension 'colcon_pkg'
[4.612s] Level 1:colcon.colcon_core.package_identification:_identify(.) by extensions ['colcon_meta']
[4.612s] Level 1:colcon.colcon_core.package_identification:_identify(.) by extension 'colcon_meta'
[4.613s] Level 1:colcon.colcon_core.package_identification:_identify(.) by extensions ['ros']
[4.614s] Level 1:colcon.colcon_core.package_identification:_identify(.) by extension 'ros'
[4.746s] Level 1:colcon.colcon_core.package_identification:_identify(.) by extensions ['cmake', 'python']
[4.747s] Level 1:colcon.colcon_core.package_identification:_identify(.) by extension 'cmake'
[4.748s] Level 1:colcon.colcon_core.package_identification:_identify(.) by extension 'python'
[4.748s] Level 1:colcon.colcon_core.package_identification:_identify(.) by extensions ['python_setup_py']
[4.749s] Level 1:colcon.colcon_core.package_identification:_identify(.) by extension 'python_setup_py'
[4.751s] Level 1:colcon.colcon_core.package_identification:_identify(build) by extensions ['ignore', 'ignore_ament_install']
[4.752s] Level 1:colcon.colcon_core.package_identification:_identify(build) by extension 'ignore'
[4.753s] Level 1:colcon.colcon_core.package_identification:_identify(build) ignored
[4.755s] Level 1:colcon.colcon_core.package_identification:_identify(install) by extensions ['ignore', 'ignore_ament_install']
[4.756s] Level 1:colcon.colcon_core.package_identification:_identify(install) by extension 'ignore'
[4.757s] Level 1:colcon.colcon_core.package_identification:_identify(install) ignored
[4.760s] Level 1:colcon.colcon_core.package_identification:_identify(log) by extensions ['ignore', 'ignore_ament_install']
[4.761s] Level 1:colcon.colcon_core.package_identification:_identify(log) by extension 'ignore'
[4.762s] Level 1:colcon.colcon_core.package_identification:_identify(log) ignored
[4.763s] Level 1:colcon.colcon_core.package_identification:_identify(src) by extensions ['ignore', 'ignore_ament_install']
[4.765s] Level 1:colcon.colcon_core.package_identification:_identify(src) by extension 'ignore'
[4.765s] Level 1:colcon.colcon_core.package_identification:_identify(src) by extension 'ignore_ament_install'
[4.766s] Level 1:colcon.colcon_core.package_identification:_identify(src) by extensions ['colcon_pkg']
[4.767s] Level 1:colcon.colcon_core.package_identification:_identify(src) by extension 'colcon_pkg'
[4.767s] Level 1:colcon.colcon_core.package_identification:_identify(src) by extensions ['colcon_meta']
[4.768s] Level 1:colcon.colcon_core.package_identification:_identify(src) by extension 'colcon_meta'
[4.768s] Level 1:colcon.colcon_core.package_identification:_identify(src) by extensions ['ros']
[4.769s] Level 1:colcon.colcon_core.package_identification:_identify(src) by extension 'ros'
[4.770s] Level 1:colcon.colcon_core.package_identification:_identify(src) by extensions ['cmake', 'python']
[4.771s] Level 1:colcon.colcon_core.package_identification:_identify(src) by extension 'cmake'
[4.771s] Level 1:colcon.colcon_core.package_identification:_identify(src) by extension 'python'
[4.772s] Level 1:colcon.colcon_core.package_identification:_identify(src) by extensions ['python_setup_py']
[4.773s] Level 1:colcon.colcon_core.package_identification:_identify(src) by extension 'python_setup_py'
[4.775s] Level 1:colcon.colcon_core.package_identification:_identify(src/ball_tracker) by extensions ['ignore', 'ignore_ament_install']
[4.776s] Level 1:colcon.colcon_core.package_identification:_identify(src/ball_tracker) by extension 'ignore'
[4.776s] Level 1:colcon.colcon_core.package_identification:_identify(src/ball_tracker) by extension 'ignore_ament_install'
[4.777s] Level 1:colcon.colcon_core.package_identification:_identify(src/ball_tracker) by extensions ['colcon_pkg']
[4.778s] Level 1:colcon.colcon_core.package_identification:_identify(src/ball_tracker) by extension 'colcon_pkg'
[4.778s] Level 1:colcon.colcon_core.package_identification:_identify(src/ball_tracker) by extensions ['colcon_meta']
[4.779s] Level 1:colcon.colcon_core.package_identification:_identify(src/ball_tracker) by extension 'colcon_meta'
[4.780s] Level 1:colcon.colcon_core.package_identification:_identify(src/ball_tracker) by extensions ['ros']
[4.780s] Level 1:colcon.colcon_core.package_identification:_identify(src/ball_tracker) by extension 'ros'
[4.809s] DEBUG:colcon.colcon_core.package_identification:Package 'src/ball_tracker' with type 'ros.ament_python' and name 'ball_tracker'
[4.811s] Level 1:colcon.colcon_core.package_identification:_identify(src/robot_cam_ros) by extensions ['ignore', 'ignore_ament_install']
[4.812s] Level 1:colcon.colcon_core.package_identification:_identify(src/robot_cam_ros) by extension 'ignore'
[4.813s] Level 1:colcon.colcon_core.package_identification:_identify(src/robot_cam_ros) by extension 'ignore_ament_install'
[4.814s] Level 1:colcon.colcon_core.package_identification:_identify(src/robot_cam_ros) by extensions ['colcon_pkg']
[4.814s] Level 1:colcon.colcon_core.package_identification:_identify(src/robot_cam_ros) by extension 'colcon_pkg'
[4.815s] Level 1:colcon.colcon_core.package_identification:_identify(src/robot_cam_ros) by extensions ['colcon_meta']
[4.815s] Level 1:colcon.colcon_core.package_identification:_identify(src/robot_cam_ros) by extension 'colcon_meta'
[4.816s] Level 1:colcon.colcon_core.package_identification:_identify(src/robot_cam_ros) by extensions ['ros']
[4.817s] Level 1:colcon.colcon_core.package_identification:_identify(src/robot_cam_ros) by extension 'ros'
[4.823s] DEBUG:colcon.colcon_core.package_identification:Package 'src/robot_cam_ros' with type 'ros.ament_python' and name 'robot_cam_ros'
[4.825s] Level 1:colcon.colcon_core.package_identification:_identify(src/ros2_v4l2_camera) by extensions ['ignore', 'ignore_ament_install']
[4.827s] Level 1:colcon.colcon_core.package_identification:_identify(src/ros2_v4l2_camera) by extension 'ignore'
[4.828s] Level 1:colcon.colcon_core.package_identification:_identify(src/ros2_v4l2_camera) by extension 'ignore_ament_install'
[4.829s] Level 1:colcon.colcon_core.package_identification:_identify(src/ros2_v4l2_camera) by extensions ['colcon_pkg']
[4.830s] Level 1:colcon.colcon_core.package_identification:_identify(src/ros2_v4l2_camera) by extension 'colcon_pkg'
[4.830s] Level 1:colcon.colcon_core.package_identification:_identify(src/ros2_v4l2_camera) by extensions ['colcon_meta']
[4.831s] Level 1:colcon.colcon_core.package_identification:_identify(src/ros2_v4l2_camera) by extension 'colcon_meta'
[4.832s] Level 1:colcon.colcon_core.package_identification:_identify(src/ros2_v4l2_camera) by extensions ['ros']
[4.832s] Level 1:colcon.colcon_core.package_identification:_identify(src/ros2_v4l2_camera) by extension 'ros'
[4.842s] DEBUG:colcon.colcon_core.package_identification:Package 'src/ros2_v4l2_camera' with type 'ros.ament_cmake' and name 'v4l2_camera'
[4.844s] Level 1:colcon.colcon_core.package_identification:_identify(src/seav-ii) by extensions ['ignore', 'ignore_ament_install']
[4.845s] Level 1:colcon.colcon_core.package_identification:_identify(src/seav-ii) by extension 'ignore'
[4.846s] Level 1:colcon.colcon_core.package_identification:_identify(src/seav-ii) by extension 'ignore_ament_install'
[4.847s] Level 1:colcon.colcon_core.package_identification:_identify(src/seav-ii) by extensions ['colcon_pkg']
[4.848s] Level 1:colcon.colcon_core.package_identification:_identify(src/seav-ii) by extension 'colcon_pkg'
[4.848s] Level 1:colcon.colcon_core.package_identification:_identify(src/seav-ii) by extensions ['colcon_meta']
[4.849s] Level 1:colcon.colcon_core.package_identification:_identify(src/seav-ii) by extension 'colcon_meta'
[4.850s] Level 1:colcon.colcon_core.package_identification:_identify(src/seav-ii) by extensions ['ros']
[4.850s] Level 1:colcon.colcon_core.package_identification:_identify(src/seav-ii) by extension 'ros'
[4.856s] DEBUG:colcon.colcon_core.package_identification:Failed to parse potential ROS package manifest in'src/seav-ii': Error(s) in package 'src/seav-ii/package.xml':
The manifest contains invalid XML:
junk after document element: line 21, column 0
[4.857s] Level 1:colcon.colcon_core.package_identification:_identify(src/seav-ii) by extensions ['cmake', 'python']
[4.857s] Level 1:colcon.colcon_core.package_identification:_identify(src/seav-ii) by extension 'cmake'
[4.858s] Level 1:colcon.colcon_core.package_identification:_identify(src/seav-ii) by extension 'python'
[4.859s] Level 1:colcon.colcon_core.package_identification:_identify(src/seav-ii) by extensions ['python_setup_py']
[4.859s] Level 1:colcon.colcon_core.package_identification:_identify(src/seav-ii) by extension 'python_setup_py'
[4.861s] Level 1:colcon.colcon_core.package_identification:_identify(src/seav-ii/build) by extensions ['ignore', 'ignore_ament_install']
[4.863s] Level 1:colcon.colcon_core.package_identification:_identify(src/seav-ii/build) by extension 'ignore'
[4.863s] Level 1:colcon.colcon_core.package_identification:_identify(src/seav-ii/build) ignored
[4.865s] Level 1:colcon.colcon_core.package_identification:_identify(src/seav-ii/carlikebot_ros2_control) by extensions ['ignore', 'ignore_ament_install']
[4.866s] Level 1:colcon.colcon_core.package_identification:_identify(src/seav-ii/carlikebot_ros2_control) by extension 'ignore'
[4.867s] Level 1:colcon.colcon_core.package_identification:_identify(src/seav-ii/carlikebot_ros2_control) by extension 'ignore_ament_install'
[4.868s] Level 1:colcon.colcon_core.package_identification:_identify(src/seav-ii/carlikebot_ros2_control) by extensions ['colcon_pkg']
[4.868s] Level 1:colcon.colcon_core.package_identification:_identify(src/seav-ii/carlikebot_ros2_control) by extension 'colcon_pkg'
[4.869s] Level 1:colcon.colcon_core.package_identification:_identify(src/seav-ii/carlikebot_ros2_control) by extensions ['colcon_meta']
[4.870s] Level 1:colcon.colcon_core.package_identification:_identify(src/seav-ii/carlikebot_ros2_control) by extension 'colcon_meta'
[4.871s] Level 1:colcon.colcon_core.package_identification:_identify(src/seav-ii/carlikebot_ros2_control) by extensions ['ros']
[4.871s] Level 1:colcon.colcon_core.package_identification:_identify(src/seav-ii/carlikebot_ros2_control) by extension 'ros'
[4.872s] Level 1:colcon.colcon_core.package_identification:_identify(src/seav-ii/carlikebot_ros2_control) by extensions ['cmake', 'python']
[4.873s] Level 1:colcon.colcon_core.package_identification:_identify(src/seav-ii/carlikebot_ros2_control) by extension 'cmake'
[4.874s] Level 1:colcon.colcon_core.package_identification:_identify(src/seav-ii/carlikebot_ros2_control) by extension 'python'
[4.874s] Level 1:colcon.colcon_core.package_identification:_identify(src/seav-ii/carlikebot_ros2_control) by extensions ['python_setup_py']
[4.875s] Level 1:colcon.colcon_core.package_identification:_identify(src/seav-ii/carlikebot_ros2_control) by extension 'python_setup_py'
[4.877s] Level 1:colcon.colcon_core.package_identification:_identify(src/seav-ii/carlikebot_ros2_control/carlikebot_ros2_control) by extensions ['ignore', 'ignore_ament_install']
[4.878s] Level 1:colcon.colcon_core.package_identification:_identify(src/seav-ii/carlikebot_ros2_control/carlikebot_ros2_control) by extension 'ignore'
[4.879s] Level 1:colcon.colcon_core.package_identification:_identify(src/seav-ii/carlikebot_ros2_control/carlikebot_ros2_control) by extension 'ignore_ament_install'
[4.880s] Level 1:colcon.colcon_core.package_identification:_identify(src/seav-ii/carlikebot_ros2_control/carlikebot_ros2_control) by extensions ['colcon_pkg']
[4.880s] Level 1:colcon.colcon_core.package_identification:_identify(src/seav-ii/carlikebot_ros2_control/carlikebot_ros2_control) by extension 'colcon_pkg'
[4.881s] Level 1:colcon.colcon_core.package_identification:_identify(src/seav-ii/carlikebot_ros2_control/carlikebot_ros2_control) by extensions ['colcon_meta']
[4.881s] Level 1:colcon.colcon_core.package_identification:_identify(src/seav-ii/carlikebot_ros2_control/carlikebot_ros2_control) by extension 'colcon_meta'
[4.882s] Level 1:colcon.colcon_core.package_identification:_identify(src/seav-ii/carlikebot_ros2_control/carlikebot_ros2_control) by extensions ['ros']
[4.883s] Level 1:colcon.colcon_core.package_identification:_identify(src/seav-ii/carlikebot_ros2_control/carlikebot_ros2_control) by extension 'ros'
[4.898s] DEBUG:colcon.colcon_core.package_identification:Package 'src/seav-ii/carlikebot_ros2_control/carlikebot_ros2_control' with type 'ros.ament_cmake' and name 'carlikebot_ros2_control'
[4.900s] Level 1:colcon.colcon_core.package_identification:_identify(src/seav-ii/carlikebot_ros2_control/ros2_control_demo_description) by extensions ['ignore', 'ignore_ament_install']
[4.901s] Level 1:colcon.colcon_core.package_identification:_identify(src/seav-ii/carlikebot_ros2_control/ros2_control_demo_description) by extension 'ignore'
[4.902s] Level 1:colcon.colcon_core.package_identification:_identify(src/seav-ii/carlikebot_ros2_control/ros2_control_demo_description) by extension 'ignore_ament_install'
[4.903s] Level 1:colcon.colcon_core.package_identification:_identify(src/seav-ii/carlikebot_ros2_control/ros2_control_demo_description) by extensions ['colcon_pkg']
[4.904s] Level 1:colcon.colcon_core.package_identification:_identify(src/seav-ii/carlikebot_ros2_control/ros2_control_demo_description) by extension 'colcon_pkg'
[4.905s] Level 1:colcon.colcon_core.package_identification:_identify(src/seav-ii/carlikebot_ros2_control/ros2_control_demo_description) by extensions ['colcon_meta']
[4.905s] Level 1:colcon.colcon_core.package_identification:_identify(src/seav-ii/carlikebot_ros2_control/ros2_control_demo_description) by extension 'colcon_meta'
[4.906s] Level 1:colcon.colcon_core.package_identification:_identify(src/seav-ii/carlikebot_ros2_control/ros2_control_demo_description) by extensions ['ros']
[4.907s] Level 1:colcon.colcon_core.package_identification:_identify(src/seav-ii/carlikebot_ros2_control/ros2_control_demo_description) by extension 'ros'
[4.913s] DEBUG:colcon.colcon_core.package_identification:Package 'src/seav-ii/carlikebot_ros2_control/ros2_control_demo_description' with type 'ros.ament_cmake' and name 'ros2_control_demo_description'
[4.915s] Level 1:colcon.colcon_core.package_identification:_identify(src/seav-ii/install) by extensions ['ignore', 'ignore_ament_install']
[4.918s] Level 1:colcon.colcon_core.package_identification:_identify(src/seav-ii/install) by extension 'ignore'
[4.918s] Level 1:colcon.colcon_core.package_identification:_identify(src/seav-ii/install) ignored
[4.920s] Level 1:colcon.colcon_core.package_identification:_identify(src/seav-ii/log) by extensions ['ignore', 'ignore_ament_install']
[4.922s] Level 1:colcon.colcon_core.package_identification:_identify(src/seav-ii/log) by extension 'ignore'
[4.923s] Level 1:colcon.colcon_core.package_identification:_identify(src/seav-ii/log) ignored
[4.924s] Level 1:colcon.colcon_core.package_identification:_identify(src/seav-ii/ros_arduino_bridge) by extensions ['ignore', 'ignore_ament_install']
[4.925s] Level 1:colcon.colcon_core.package_identification:_identify(src/seav-ii/ros_arduino_bridge) by extension 'ignore'
[4.926s] Level 1:colcon.colcon_core.package_identification:_identify(src/seav-ii/ros_arduino_bridge) ignored
[4.928s] Level 1:colcon.colcon_core.package_identification:_identify(src/seav-ii/seav2) by extensions ['ignore', 'ignore_ament_install']
[4.929s] Level 1:colcon.colcon_core.package_identification:_identify(src/seav-ii/seav2) by extension 'ignore'
[4.930s] Level 1:colcon.colcon_core.package_identification:_identify(src/seav-ii/seav2) by extension 'ignore_ament_install'
[4.931s] Level 1:colcon.colcon_core.package_identification:_identify(src/seav-ii/seav2) by extensions ['colcon_pkg']
[4.931s] Level 1:colcon.colcon_core.package_identification:_identify(src/seav-ii/seav2) by extension 'colcon_pkg'
[4.932s] Level 1:colcon.colcon_core.package_identification:_identify(src/seav-ii/seav2) by extensions ['colcon_meta']
[4.932s] Level 1:colcon.colcon_core.package_identification:_identify(src/seav-ii/seav2) by extension 'colcon_meta'
[4.933s] Level 1:colcon.colcon_core.package_identification:_identify(src/seav-ii/seav2) by extensions ['ros']
[4.934s] Level 1:colcon.colcon_core.package_identification:_identify(src/seav-ii/seav2) by extension 'ros'
[4.939s] DEBUG:colcon.colcon_core.package_identification:Package 'src/seav-ii/seav2' with type 'ros.ament_cmake' and name 'seav2'
[4.941s] Level 1:colcon.colcon_core.package_identification:_identify(src/seav2_imu) by extensions ['ignore', 'ignore_ament_install']
[4.942s] Level 1:colcon.colcon_core.package_identification:_identify(src/seav2_imu) by extension 'ignore'
[4.943s] Level 1:colcon.colcon_core.package_identification:_identify(src/seav2_imu) by extension 'ignore_ament_install'
[4.944s] Level 1:colcon.colcon_core.package_identification:_identify(src/seav2_imu) by extensions ['colcon_pkg']
[4.945s] Level 1:colcon.colcon_core.package_identification:_identify(src/seav2_imu) by extension 'colcon_pkg'
[4.946s] Level 1:colcon.colcon_core.package_identification:_identify(src/seav2_imu) by extensions ['colcon_meta']
[4.947s] Level 1:colcon.colcon_core.package_identification:_identify(src/seav2_imu) by extension 'colcon_meta'
[4.948s] Level 1:colcon.colcon_core.package_identification:_identify(src/seav2_imu) by extensions ['ros']
[4.948s] Level 1:colcon.colcon_core.package_identification:_identify(src/seav2_imu) by extension 'ros'
[4.956s] DEBUG:colcon.colcon_core.package_identification:Package 'src/seav2_imu' with type 'ros.ament_python' and name 'seav2_imu'
[4.958s] Level 1:colcon.colcon_core.package_identification:_identify(src/serial) by extensions ['ignore', 'ignore_ament_install']
[4.959s] Level 1:colcon.colcon_core.package_identification:_identify(src/serial) by extension 'ignore'
[4.960s] Level 1:colcon.colcon_core.package_identification:_identify(src/serial) by extension 'ignore_ament_install'
[4.961s] Level 1:colcon.colcon_core.package_identification:_identify(src/serial) by extensions ['colcon_pkg']
[4.961s] Level 1:colcon.colcon_core.package_identification:_identify(src/serial) by extension 'colcon_pkg'
[4.962s] Level 1:colcon.colcon_core.package_identification:_identify(src/serial) by extensions ['colcon_meta']
[4.963s] Level 1:colcon.colcon_core.package_identification:_identify(src/serial) by extension 'colcon_meta'
[4.964s] Level 1:colcon.colcon_core.package_identification:_identify(src/serial) by extensions ['ros']
[4.964s] Level 1:colcon.colcon_core.package_identification:_identify(src/serial) by extension 'ros'
[4.971s] DEBUG:colcon.colcon_core.package_identification:Package 'src/serial' with type 'ros.ament_cmake' and name 'serial'
[4.972s] Level 1:colcon.colcon_core.package_discovery:discover_packages(recursive) using defaults
[4.973s] Level 1:colcon.colcon_core.package_discovery:discover_packages(ignore) discover
[4.973s] Level 1:colcon.colcon_core.package_discovery:discover_packages(ignore) using defaults
[4.974s] Level 1:colcon.colcon_core.package_discovery:discover_packages(path) discover
[4.975s] Level 1:colcon.colcon_core.package_discovery:discover_packages(path) using defaults
[5.334s] Level 1:colcon.colcon_core.package_discovery:discover_packages(prefix_path) check parameters
[5.335s] Level 1:colcon.colcon_core.package_discovery:discover_packages(prefix_path) discover
[5.394s] DEBUG:colcon.colcon_installed_package_information.package_discovery:Found 8 installed packages in /home/pi/seav2/install
[5.406s] DEBUG:colcon.colcon_installed_package_information.package_discovery:Found 11 installed packages in /home/pi/ss25/install
[5.413s] DEBUG:colcon.colcon_installed_package_information.package_discovery:Found 0 installed packages in /home/pi/ss25/src/description/description/install
[5.420s] DEBUG:colcon.colcon_installed_package_information.package_discovery:Found 1 installed packages in /home/pi/ss25/src/summary/install
[5.430s] DEBUG:colcon.colcon_installed_package_information.package_discovery:Found 8 installed packages in /home/pi/ss25/src/install
[5.450s] DEBUG:colcon.colcon_installed_package_information.package_discovery:Found 8 installed packages in /home/pi/demo_testing_9_april/seav/install
[5.456s] DEBUG:colcon.colcon_installed_package_information.package_discovery:Found 1 installed packages in /home/pi/install
[5.494s] DEBUG:colcon.colcon_installed_package_information.package_discovery:Found 369 installed packages in /opt/ros/humble
[5.520s] Level 1:colcon.colcon_core.package_discovery:discover_packages(prefix_path) using defaults
[6.296s] Level 5:colcon.colcon_core.verb:set package 'ball_tracker' build argument 'cmake_args' from command line to 'None'
[6.297s] Level 5:colcon.colcon_core.verb:set package 'ball_tracker' build argument 'cmake_target' from command line to 'None'
[6.297s] Level 5:colcon.colcon_core.verb:set package 'ball_tracker' build argument 'cmake_target_skip_unavailable' from command line to 'False'
[6.298s] Level 5:colcon.colcon_core.verb:set package 'ball_tracker' build argument 'cmake_clean_cache' from command line to 'False'
[6.298s] Level 5:colcon.colcon_core.verb:set package 'ball_tracker' build argument 'cmake_clean_first' from command line to 'False'
[6.299s] Level 5:colcon.colcon_core.verb:set package 'ball_tracker' build argument 'cmake_force_configure' from command line to 'False'
[6.299s] Level 5:colcon.colcon_core.verb:set package 'ball_tracker' build argument 'ament_cmake_args' from command line to 'None'
[6.300s] Level 5:colcon.colcon_core.verb:set package 'ball_tracker' build argument 'catkin_cmake_args' from command line to 'None'
[6.300s] Level 5:colcon.colcon_core.verb:set package 'ball_tracker' build argument 'catkin_skip_building_tests' from command line to 'False'
[6.301s] DEBUG:colcon.colcon_core.verb:Building package 'ball_tracker' with the following arguments: {'ament_cmake_args': None, 'build_base': '/home/pi/seav2/build/ball_tracker', 'catkin_cmake_args': None, 'catkin_skip_building_tests': False, 'cmake_args': None, 'cmake_clean_cache': False, 'cmake_clean_first': False, 'cmake_force_configure': False, 'cmake_target': None, 'cmake_target_skip_unavailable': False, 'install_base': '/home/pi/seav2/install/ball_tracker', 'merge_install': False, 'path': '/home/pi/seav2/src/ball_tracker', 'symlink_install': False, 'test_result_base': None}
[6.306s] Level 5:colcon.colcon_core.verb:set package 'robot_cam_ros' build argument 'cmake_args' from command line to 'None'
[6.306s] Level 5:colcon.colcon_core.verb:set package 'robot_cam_ros' build argument 'cmake_target' from command line to 'None'
[6.307s] Level 5:colcon.colcon_core.verb:set package 'robot_cam_ros' build argument 'cmake_target_skip_unavailable' from command line to 'False'
[6.307s] Level 5:colcon.colcon_core.verb:set package 'robot_cam_ros' build argument 'cmake_clean_cache' from command line to 'False'
[6.308s] Level 5:colcon.colcon_core.verb:set package 'robot_cam_ros' build argument 'cmake_clean_first' from command line to 'False'
[6.308s] Level 5:colcon.colcon_core.verb:set package 'robot_cam_ros' build argument 'cmake_force_configure' from command line to 'False'
[6.309s] Level 5:colcon.colcon_core.verb:set package 'robot_cam_ros' build argument 'ament_cmake_args' from command line to 'None'
[6.309s] Level 5:colcon.colcon_core.verb:set package 'robot_cam_ros' build argument 'catkin_cmake_args' from command line to 'None'
[6.309s] Level 5:colcon.colcon_core.verb:set package 'robot_cam_ros' build argument 'catkin_skip_building_tests' from command line to 'False'
[6.310s] DEBUG:colcon.colcon_core.verb:Building package 'robot_cam_ros' with the following arguments: {'ament_cmake_args': None, 'build_base': '/home/pi/seav2/build/robot_cam_ros', 'catkin_cmake_args': None, 'catkin_skip_building_tests': False, 'cmake_args': None, 'cmake_clean_cache': False, 'cmake_clean_first': False, 'cmake_force_configure': False, 'cmake_target': None, 'cmake_target_skip_unavailable': False, 'install_base': '/home/pi/seav2/install/robot_cam_ros', 'merge_install': False, 'path': '/home/pi/seav2/src/robot_cam_ros', 'symlink_install': False, 'test_result_base': None}
[6.314s] Level 5:colcon.colcon_core.verb:set package 'ros2_control_demo_description' build argument 'cmake_args' from command line to 'None'
[6.315s] Level 5:colcon.colcon_core.verb:set package 'ros2_control_demo_description' build argument 'cmake_target' from command line to 'None'
[6.315s] Level 5:colcon.colcon_core.verb:set package 'ros2_control_demo_description' build argument 'cmake_target_skip_unavailable' from command line to 'False'
[6.316s] Level 5:colcon.colcon_core.verb:set package 'ros2_control_demo_description' build argument 'cmake_clean_cache' from command line to 'False'
[6.316s] Level 5:colcon.colcon_core.verb:set package 'ros2_control_demo_description' build argument 'cmake_clean_first' from command line to 'False'
[6.316s] Level 5:colcon.colcon_core.verb:set package 'ros2_control_demo_description' build argument 'cmake_force_configure' from command line to 'False'
[6.317s] Level 5:colcon.colcon_core.verb:set package 'ros2_control_demo_description' build argument 'ament_cmake_args' from command line to 'None'
[6.317s] Level 5:colcon.colcon_core.verb:set package 'ros2_control_demo_description' build argument 'catkin_cmake_args' from command line to 'None'
[6.318s] Level 5:colcon.colcon_core.verb:set package 'ros2_control_demo_description' build argument 'catkin_skip_building_tests' from command line to 'False'
[6.318s] DEBUG:colcon.colcon_core.verb:Building package 'ros2_control_demo_description' with the following arguments: {'ament_cmake_args': None, 'build_base': '/home/pi/seav2/build/ros2_control_demo_description', 'catkin_cmake_args': None, 'catkin_skip_building_tests': False, 'cmake_args': None, 'cmake_clean_cache': False, 'cmake_clean_first': False, 'cmake_force_configure': False, 'cmake_target': None, 'cmake_target_skip_unavailable': False, 'install_base': '/home/pi/seav2/install/ros2_control_demo_description', 'merge_install': False, 'path': '/home/pi/seav2/src/seav-ii/carlikebot_ros2_control/ros2_control_demo_description', 'symlink_install': False, 'test_result_base': None}
[6.322s] Level 5:colcon.colcon_core.verb:set package 'seav2' build argument 'cmake_args' from command line to 'None'
[6.323s] Level 5:colcon.colcon_core.verb:set package 'seav2' build argument 'cmake_target' from command line to 'None'
[6.323s] Level 5:colcon.colcon_core.verb:set package 'seav2' build argument 'cmake_target_skip_unavailable' from command line to 'False'
[6.324s] Level 5:colcon.colcon_core.verb:set package 'seav2' build argument 'cmake_clean_cache' from command line to 'False'
[6.324s] Level 5:colcon.colcon_core.verb:set package 'seav2' build argument 'cmake_clean_first' from command line to 'False'
[6.324s] Level 5:colcon.colcon_core.verb:set package 'seav2' build argument 'cmake_force_configure' from command line to 'False'
[6.325s] Level 5:colcon.colcon_core.verb:set package 'seav2' build argument 'ament_cmake_args' from command line to 'None'
[6.325s] Level 5:colcon.colcon_core.verb:set package 'seav2' build argument 'catkin_cmake_args' from command line to 'None'
[6.326s] Level 5:colcon.colcon_core.verb:set package 'seav2' build argument 'catkin_skip_building_tests' from command line to 'False'
[6.326s] DEBUG:colcon.colcon_core.verb:Building package 'seav2' with the following arguments: {'ament_cmake_args': None, 'build_base': '/home/pi/seav2/build/seav2', 'catkin_cmake_args': None, 'catkin_skip_building_tests': False, 'cmake_args': None, 'cmake_clean_cache': False, 'cmake_clean_first': False, 'cmake_force_configure': False, 'cmake_target': None, 'cmake_target_skip_unavailable': False, 'install_base': '/home/pi/seav2/install/seav2', 'merge_install': False, 'path': '/home/pi/seav2/src/seav-ii/seav2', 'symlink_install': False, 'test_result_base': None}
[6.330s] Level 5:colcon.colcon_core.verb:set package 'seav2_imu' build argument 'cmake_args' from command line to 'None'
[6.331s] Level 5:colcon.colcon_core.verb:set package 'seav2_imu' build argument 'cmake_target' from command line to 'None'
[6.331s] Level 5:colcon.colcon_core.verb:set package 'seav2_imu' build argument 'cmake_target_skip_unavailable' from command line to 'False'
[6.332s] Level 5:colcon.colcon_core.verb:set package 'seav2_imu' build argument 'cmake_clean_cache' from command line to 'False'
[6.332s] Level 5:colcon.colcon_core.verb:set package 'seav2_imu' build argument 'cmake_clean_first' from command line to 'False'
[6.332s] Level 5:colcon.colcon_core.verb:set package 'seav2_imu' build argument 'cmake_force_configure' from command line to 'False'
[6.333s] Level 5:colcon.colcon_core.verb:set package 'seav2_imu' build argument 'ament_cmake_args' from command line to 'None'
[6.333s] Level 5:colcon.colcon_core.verb:set package 'seav2_imu' build argument 'catkin_cmake_args' from command line to 'None'
[6.333s] Level 5:colcon.colcon_core.verb:set package 'seav2_imu' build argument 'catkin_skip_building_tests' from command line to 'False'
[6.334s] DEBUG:colcon.colcon_core.verb:Building package 'seav2_imu' with the following arguments: {'ament_cmake_args': None, 'build_base': '/home/pi/seav2/build/seav2_imu', 'catkin_cmake_args': None, 'catkin_skip_building_tests': False, 'cmake_args': None, 'cmake_clean_cache': False, 'cmake_clean_first': False, 'cmake_force_configure': False, 'cmake_target': None, 'cmake_target_skip_unavailable': False, 'install_base': '/home/pi/seav2/install/seav2_imu', 'merge_install': False, 'path': '/home/pi/seav2/src/seav2_imu', 'symlink_install': False, 'test_result_base': None}
[6.338s] Level 5:colcon.colcon_core.verb:set package 'serial' build argument 'cmake_args' from command line to 'None'
[6.339s] Level 5:colcon.colcon_core.verb:set package 'serial' build argument 'cmake_target' from command line to 'None'
[6.339s] Level 5:colcon.colcon_core.verb:set package 'serial' build argument 'cmake_target_skip_unavailable' from command line to 'False'
[6.339s] Level 5:colcon.colcon_core.verb:set package 'serial' build argument 'cmake_clean_cache' from command line to 'False'
[6.340s] Level 5:colcon.colcon_core.verb:set package 'serial' build argument 'cmake_clean_first' from command line to 'False'
[6.340s] Level 5:colcon.colcon_core.verb:set package 'serial' build argument 'cmake_force_configure' from command line to 'False'
[6.340s] Level 5:colcon.colcon_core.verb:set package 'serial' build argument 'ament_cmake_args' from command line to 'None'
[6.341s] Level 5:colcon.colcon_core.verb:set package 'serial' build argument 'catkin_cmake_args' from command line to 'None'
[6.341s] Level 5:colcon.colcon_core.verb:set package 'serial' build argument 'catkin_skip_building_tests' from command line to 'False'
[6.342s] DEBUG:colcon.colcon_core.verb:Building package 'serial' with the following arguments: {'ament_cmake_args': None, 'build_base': '/home/pi/seav2/build/serial', 'catkin_cmake_args': None, 'catkin_skip_building_tests': False, 'cmake_args': None, 'cmake_clean_cache': False, 'cmake_clean_first': False, 'cmake_force_configure': False, 'cmake_target': None, 'cmake_target_skip_unavailable': False, 'install_base': '/home/pi/seav2/install/serial', 'merge_install': False, 'path': '/home/pi/seav2/src/serial', 'symlink_install': False, 'test_result_base': None}
[6.346s] Level 5:colcon.colcon_core.verb:set package 'v4l2_camera' build argument 'cmake_args' from command line to 'None'
[6.346s] Level 5:colcon.colcon_core.verb:set package 'v4l2_camera' build argument 'cmake_target' from command line to 'None'
[6.347s] Level 5:colcon.colcon_core.verb:set package 'v4l2_camera' build argument 'cmake_target_skip_unavailable' from command line to 'False'
[6.347s] Level 5:colcon.colcon_core.verb:set package 'v4l2_camera' build argument 'cmake_clean_cache' from command line to 'False'
[6.347s] Level 5:colcon.colcon_core.verb:set package 'v4l2_camera' build argument 'cmake_clean_first' from command line to 'False'
[6.348s] Level 5:colcon.colcon_core.verb:set package 'v4l2_camera' build argument 'cmake_force_configure' from command line to 'False'
[6.348s] Level 5:colcon.colcon_core.verb:set package 'v4l2_camera' build argument 'ament_cmake_args' from command line to 'None'
[6.348s] Level 5:colcon.colcon_core.verb:set package 'v4l2_camera' build argument 'catkin_cmake_args' from command line to 'None'
[6.348s] Level 5:colcon.colcon_core.verb:set package 'v4l2_camera' build argument 'catkin_skip_building_tests' from command line to 'False'
[6.349s] DEBUG:colcon.colcon_core.verb:Building package 'v4l2_camera' with the following arguments: {'ament_cmake_args': None, 'build_base': '/home/pi/seav2/build/v4l2_camera', 'catkin_cmake_args': None, 'catkin_skip_building_tests': False, 'cmake_args': None, 'cmake_clean_cache': False, 'cmake_clean_first': False, 'cmake_force_configure': False, 'cmake_target': None, 'cmake_target_skip_unavailable': False, 'install_base': '/home/pi/seav2/install/v4l2_camera', 'merge_install': False, 'path': '/home/pi/seav2/src/ros2_v4l2_camera', 'symlink_install': False, 'test_result_base': None}
[6.353s] Level 5:colcon.colcon_core.verb:set package 'carlikebot_ros2_control' build argument 'cmake_args' from command line to 'None'
[6.354s] Level 5:colcon.colcon_core.verb:set package 'carlikebot_ros2_control' build argument 'cmake_target' from command line to 'None'
[6.354s] Level 5:colcon.colcon_core.verb:set package 'carlikebot_ros2_control' build argument 'cmake_target_skip_unavailable' from command line to 'False'
[6.354s] Level 5:colcon.colcon_core.verb:set package 'carlikebot_ros2_control' build argument 'cmake_clean_cache' from command line to 'False'
[6.355s] Level 5:colcon.colcon_core.verb:set package 'carlikebot_ros2_control' build argument 'cmake_clean_first' from command line to 'False'
[6.355s] Level 5:colcon.colcon_core.verb:set package 'carlikebot_ros2_control' build argument 'cmake_force_configure' from command line to 'False'
[6.355s] Level 5:colcon.colcon_core.verb:set package 'carlikebot_ros2_control' build argument 'ament_cmake_args' from command line to 'None'
[6.356s] Level 5:colcon.colcon_core.verb:set package 'carlikebot_ros2_control' build argument 'catkin_cmake_args' from command line to 'None'
[6.356s] Level 5:colcon.colcon_core.verb:set package 'carlikebot_ros2_control' build argument 'catkin_skip_building_tests' from command line to 'False'
[6.356s] DEBUG:colcon.colcon_core.verb:Building package 'carlikebot_ros2_control' with the following arguments: {'ament_cmake_args': None, 'build_base': '/home/pi/seav2/build/carlikebot_ros2_control', 'catkin_cmake_args': None, 'catkin_skip_building_tests': False, 'cmake_args': None, 'cmake_clean_cache': False, 'cmake_clean_first': False, 'cmake_force_configure': False, 'cmake_target': None, 'cmake_target_skip_unavailable': False, 'install_base': '/home/pi/seav2/install/carlikebot_ros2_control', 'merge_install': False, 'path': '/home/pi/seav2/src/seav-ii/carlikebot_ros2_control/carlikebot_ros2_control', 'symlink_install': False, 'test_result_base': None}
[6.358s] INFO:colcon.colcon_core.executor:Executing jobs using 'parallel' executor
[6.366s] DEBUG:colcon.colcon_parallel_executor.executor.parallel:run_until_complete
[6.368s] INFO:colcon.colcon_ros.task.ament_cmake.build:Building ROS package in '/home/pi/seav2/src/seav-ii/carlikebot_ros2_control/ros2_control_demo_description' with build type 'ament_cmake'
[6.370s] INFO:colcon.colcon_cmake.task.cmake.build:Building CMake package in '/home/pi/seav2/src/seav-ii/carlikebot_ros2_control/ros2_control_demo_description'
[6.409s] INFO:colcon.colcon_core.plugin_system:Skipping extension 'colcon_core.shell.bat': Not used on non-Windows systems
[6.412s] INFO:colcon.colcon_core.shell:Skip shell extension 'powershell' for command environment: Not usable outside of PowerShell
[6.412s] DEBUG:colcon.colcon_core.shell:Skip shell extension 'dsv' for command environment
[6.548s] INFO:colcon.colcon_ros.task.ament_cmake.build:Building ROS package in '/home/pi/seav2/src/serial' with build type 'ament_cmake'
[6.550s] INFO:colcon.colcon_cmake.task.cmake.build:Building CMake package in '/home/pi/seav2/src/serial'
[6.552s] INFO:colcon.colcon_core.shell:Skip shell extension 'powershell' for command environment: Not usable outside of PowerShell
[6.553s] DEBUG:colcon.colcon_core.shell:Skip shell extension 'dsv' for command environment
[6.694s] INFO:colcon.colcon_ros.task.ament_python.build:Building ROS package in '/home/pi/seav2/src/ball_tracker' with build type 'ament_python'
[6.696s] Level 1:colcon.colcon_core.shell:create_environment_hook('ball_tracker', 'ament_prefix_path')
[6.700s] INFO:colcon.colcon_core.shell:Creating environment hook '/home/pi/seav2/install/ball_tracker/share/ball_tracker/hook/ament_prefix_path.ps1'
[6.710s] INFO:colcon.colcon_core.shell:Creating environment descriptor '/home/pi/seav2/install/ball_tracker/share/ball_tracker/hook/ament_prefix_path.dsv'
[6.716s] INFO:colcon.colcon_core.shell:Creating environment hook '/home/pi/seav2/install/ball_tracker/share/ball_tracker/hook/ament_prefix_path.sh'
[6.726s] INFO:colcon.colcon_core.shell:Skip shell extension 'powershell' for command environment: Not usable outside of PowerShell
[6.727s] DEBUG:colcon.colcon_core.shell:Skip shell extension 'dsv' for command environment
[6.859s] INFO:colcon.colcon_ros.task.ament_python.build:Building ROS package in '/home/pi/seav2/src/robot_cam_ros' with build type 'ament_python'
[6.861s] Level 1:colcon.colcon_core.shell:create_environment_hook('robot_cam_ros', 'ament_prefix_path')
[6.865s] INFO:colcon.colcon_core.shell:Creating environment hook '/home/pi/seav2/install/robot_cam_ros/share/robot_cam_ros/hook/ament_prefix_path.ps1'
[6.873s] INFO:colcon.colcon_core.shell:Creating environment descriptor '/home/pi/seav2/install/robot_cam_ros/share/robot_cam_ros/hook/ament_prefix_path.dsv'
[6.878s] INFO:colcon.colcon_core.shell:Creating environment hook '/home/pi/seav2/install/robot_cam_ros/share/robot_cam_ros/hook/ament_prefix_path.sh'
[6.885s] INFO:colcon.colcon_core.shell:Skip shell extension 'powershell' for command environment: Not usable outside of PowerShell
[6.885s] DEBUG:colcon.colcon_core.shell:Skip shell extension 'dsv' for command environment
[7.056s] DEBUG:colcon.colcon_core.event_handler.log_command:Invoking command in '/home/pi/seav2/build/ros2_control_demo_description': CMAKE_PREFIX_PATH=${CMAKE_PREFIX_PATH}:/home/pi/seav2/install/seav2_imu:/home/pi/seav2/install/robot_cam_ros:/home/pi/seav2/install/ball_tracker:/home/pi/ss25/install/wheel_odometry:/home/pi/ss25/install/vup_2k7:/home/pi/ss25/install/summary:/home/pi/ss25/install/safety_control:/home/pi/ss25/install/project:/home/pi/ss25/install/my_slam:/home/pi/ss25/install/my_motor_driver:/home/pi/ss25/install/final:/home/pi/ss25/install/description:/home/pi/ss25/install/bringup_pkg:/home/pi/ss25/src/summary/install/summary:/home/pi/ss25/src/install/wheel_odometry:/home/pi/ss25/src/install/summary:/home/pi/ss25/src/install/safety_control:/home/pi/ss25/src/install/project:/home/pi/ss25/src/install/my_motor_driver:/home/pi/ss25/src/install/description:/home/pi/ss25/src/install/bringup_pkg:/home/pi/install/summary:/home/pi/demo_testing_9_april/seav/install/yolov8_ros:/home/pi/demo_testing_9_april/seav/install/static_tf_publisher:/home/pi/demo_testing_9_april/seav/install/seav_test_sensors:/home/pi/demo_testing_9_april/seav/install/my_robot_controller:/opt/ros/humble /usr/bin/cmake /home/pi/seav2/src/seav-ii/carlikebot_ros2_control/ros2_control_demo_description -DCMAKE_INSTALL_PREFIX=/home/pi/seav2/install/ros2_control_demo_description
[7.138s] DEBUG:colcon.colcon_core.event_handler.log_command:Invoking command in '/home/pi/seav2/build/serial': CMAKE_PREFIX_PATH=${CMAKE_PREFIX_PATH}:/home/pi/seav2/install/seav2_imu:/home/pi/seav2/install/robot_cam_ros:/home/pi/seav2/install/ball_tracker:/home/pi/ss25/install/wheel_odometry:/home/pi/ss25/install/vup_2k7:/home/pi/ss25/install/summary:/home/pi/ss25/install/safety_control:/home/pi/ss25/install/project:/home/pi/ss25/install/my_slam:/home/pi/ss25/install/my_motor_driver:/home/pi/ss25/install/final:/home/pi/ss25/install/description:/home/pi/ss25/install/bringup_pkg:/home/pi/ss25/src/summary/install/summary:/home/pi/ss25/src/install/wheel_odometry:/home/pi/ss25/src/install/summary:/home/pi/ss25/src/install/safety_control:/home/pi/ss25/src/install/project:/home/pi/ss25/src/install/my_motor_driver:/home/pi/ss25/src/install/description:/home/pi/ss25/src/install/bringup_pkg:/home/pi/install/summary:/home/pi/demo_testing_9_april/seav/install/yolov8_ros:/home/pi/demo_testing_9_april/seav/install/static_tf_publisher:/home/pi/demo_testing_9_april/seav/install/seav_test_sensors:/home/pi/demo_testing_9_april/seav/install/my_robot_controller:/opt/ros/humble /usr/bin/cmake /home/pi/seav2/src/serial -DCMAKE_INSTALL_PREFIX=/home/pi/seav2/install/serial
[12.569s] INFO:colcon.colcon_core.task.python.build:Building Python package in '/home/pi/seav2/src/ball_tracker'
[12.572s] INFO:colcon.colcon_core.shell:Skip shell extension 'powershell' for command environment: Not usable outside of PowerShell
[12.573s] DEBUG:colcon.colcon_core.shell:Skip shell extension 'dsv' for command environment
[12.791s] DEBUG:colcon.colcon_core.event_handler.log_command:Invoked command in '/home/pi/seav2/build/serial' returned '0': CMAKE_PREFIX_PATH=${CMAKE_PREFIX_PATH}:/home/pi/seav2/install/seav2_imu:/home/pi/seav2/install/robot_cam_ros:/home/pi/seav2/install/ball_tracker:/home/pi/ss25/install/wheel_odometry:/home/pi/ss25/install/vup_2k7:/home/pi/ss25/install/summary:/home/pi/ss25/install/safety_control:/home/pi/ss25/install/project:/home/pi/ss25/install/my_slam:/home/pi/ss25/install/my_motor_driver:/home/pi/ss25/install/final:/home/pi/ss25/install/description:/home/pi/ss25/install/bringup_pkg:/home/pi/ss25/src/summary/install/summary:/home/pi/ss25/src/install/wheel_odometry:/home/pi/ss25/src/install/summary:/home/pi/ss25/src/install/safety_control:/home/pi/ss25/src/install/project:/home/pi/ss25/src/install/my_motor_driver:/home/pi/ss25/src/install/description:/home/pi/ss25/src/install/bringup_pkg:/home/pi/install/summary:/home/pi/demo_testing_9_april/seav/install/yolov8_ros:/home/pi/demo_testing_9_april/seav/install/static_tf_publisher:/home/pi/demo_testing_9_april/seav/install/seav_test_sensors:/home/pi/demo_testing_9_april/seav/install/my_robot_controller:/opt/ros/humble /usr/bin/cmake /home/pi/seav2/src/serial -DCMAKE_INSTALL_PREFIX=/home/pi/seav2/install/serial
[12.795s] DEBUG:colcon.colcon_core.event_handler.log_command:Invoking command in '/home/pi/seav2/build/serial': CMAKE_PREFIX_PATH=${CMAKE_PREFIX_PATH}:/home/pi/seav2/install/seav2_imu:/home/pi/seav2/install/robot_cam_ros:/home/pi/seav2/install/ball_tracker:/home/pi/ss25/install/wheel_odometry:/home/pi/ss25/install/vup_2k7:/home/pi/ss25/install/summary:/home/pi/ss25/install/safety_control:/home/pi/ss25/install/project:/home/pi/ss25/install/my_slam:/home/pi/ss25/install/my_motor_driver:/home/pi/ss25/install/final:/home/pi/ss25/install/description:/home/pi/ss25/install/bringup_pkg:/home/pi/ss25/src/summary/install/summary:/home/pi/ss25/src/install/wheel_odometry:/home/pi/ss25/src/install/summary:/home/pi/ss25/src/install/safety_control:/home/pi/ss25/src/install/project:/home/pi/ss25/src/install/my_motor_driver:/home/pi/ss25/src/install/description:/home/pi/ss25/src/install/bringup_pkg:/home/pi/install/summary:/home/pi/demo_testing_9_april/seav/install/yolov8_ros:/home/pi/demo_testing_9_april/seav/install/static_tf_publisher:/home/pi/demo_testing_9_april/seav/install/seav_test_sensors:/home/pi/demo_testing_9_april/seav/install/my_robot_controller:/opt/ros/humble /usr/bin/cmake --build /home/pi/seav2/build/serial -- -j4 -l4
[17.648s] INFO:colcon.colcon_core.task.python.build:Building Python package in '/home/pi/seav2/src/robot_cam_ros'
[17.650s] INFO:colcon.colcon_core.shell:Skip shell extension 'powershell' for command environment: Not usable outside of PowerShell
[17.651s] DEBUG:colcon.colcon_core.shell:Skip shell extension 'dsv' for command environment
[17.799s] DEBUG:colcon.colcon_core.event_handler.log_command:Invoked command in '/home/pi/seav2/build/ros2_control_demo_description' returned '0': CMAKE_PREFIX_PATH=${CMAKE_PREFIX_PATH}:/home/pi/seav2/install/seav2_imu:/home/pi/seav2/install/robot_cam_ros:/home/pi/seav2/install/ball_tracker:/home/pi/ss25/install/wheel_odometry:/home/pi/ss25/install/vup_2k7:/home/pi/ss25/install/summary:/home/pi/ss25/install/safety_control:/home/pi/ss25/install/project:/home/pi/ss25/install/my_slam:/home/pi/ss25/install/my_motor_driver:/home/pi/ss25/install/final:/home/pi/ss25/install/description:/home/pi/ss25/install/bringup_pkg:/home/pi/ss25/src/summary/install/summary:/home/pi/ss25/src/install/wheel_odometry:/home/pi/ss25/src/install/summary:/home/pi/ss25/src/install/safety_control:/home/pi/ss25/src/install/project:/home/pi/ss25/src/install/my_motor_driver:/home/pi/ss25/src/install/description:/home/pi/ss25/src/install/bringup_pkg:/home/pi/install/summary:/home/pi/demo_testing_9_april/seav/install/yolov8_ros:/home/pi/demo_testing_9_april/seav/install/static_tf_publisher:/home/pi/demo_testing_9_april/seav/install/seav_test_sensors:/home/pi/demo_testing_9_april/seav/install/my_robot_controller:/opt/ros/humble /usr/bin/cmake /home/pi/seav2/src/seav-ii/carlikebot_ros2_control/ros2_control_demo_description -DCMAKE_INSTALL_PREFIX=/home/pi/seav2/install/ros2_control_demo_description
[17.873s] DEBUG:colcon.colcon_core.event_handler.log_command:Invoking command in '/home/pi/seav2/build/ros2_control_demo_description': CMAKE_PREFIX_PATH=${CMAKE_PREFIX_PATH}:/home/pi/seav2/install/seav2_imu:/home/pi/seav2/install/robot_cam_ros:/home/pi/seav2/install/ball_tracker:/home/pi/ss25/install/wheel_odometry:/home/pi/ss25/install/vup_2k7:/home/pi/ss25/install/summary:/home/pi/ss25/install/safety_control:/home/pi/ss25/install/project:/home/pi/ss25/install/my_slam:/home/pi/ss25/install/my_motor_driver:/home/pi/ss25/install/final:/home/pi/ss25/install/description:/home/pi/ss25/install/bringup_pkg:/home/pi/ss25/src/summary/install/summary:/home/pi/ss25/src/install/wheel_odometry:/home/pi/ss25/src/install/summary:/home/pi/ss25/src/install/safety_control:/home/pi/ss25/src/install/project:/home/pi/ss25/src/install/my_motor_driver:/home/pi/ss25/src/install/description:/home/pi/ss25/src/install/bringup_pkg:/home/pi/install/summary:/home/pi/demo_testing_9_april/seav/install/yolov8_ros:/home/pi/demo_testing_9_april/seav/install/static_tf_publisher:/home/pi/demo_testing_9_april/seav/install/seav_test_sensors:/home/pi/demo_testing_9_april/seav/install/my_robot_controller:/opt/ros/humble /usr/bin/cmake --build /home/pi/seav2/build/ros2_control_demo_description -- -j4 -l4
[17.902s] DEBUG:colcon.colcon_core.event_handler.log_command:Invoked command in '/home/pi/seav2/build/serial' returned '0': CMAKE_PREFIX_PATH=${CMAKE_PREFIX_PATH}:/home/pi/seav2/install/seav2_imu:/home/pi/seav2/install/robot_cam_ros:/home/pi/seav2/install/ball_tracker:/home/pi/ss25/install/wheel_odometry:/home/pi/ss25/install/vup_2k7:/home/pi/ss25/install/summary:/home/pi/ss25/install/safety_control:/home/pi/ss25/install/project:/home/pi/ss25/install/my_slam:/home/pi/ss25/install/my_motor_driver:/home/pi/ss25/install/final:/home/pi/ss25/install/description:/home/pi/ss25/install/bringup_pkg:/home/pi/ss25/src/summary/install/summary:/home/pi/ss25/src/install/wheel_odometry:/home/pi/ss25/src/install/summary:/home/pi/ss25/src/install/safety_control:/home/pi/ss25/src/install/project:/home/pi/ss25/src/install/my_motor_driver:/home/pi/ss25/src/install/description:/home/pi/ss25/src/install/bringup_pkg:/home/pi/install/summary:/home/pi/demo_testing_9_april/seav/install/yolov8_ros:/home/pi/demo_testing_9_april/seav/install/static_tf_publisher:/home/pi/demo_testing_9_april/seav/install/seav_test_sensors:/home/pi/demo_testing_9_april/seav/install/my_robot_controller:/opt/ros/humble /usr/bin/cmake --build /home/pi/seav2/build/serial -- -j4 -l4
[18.010s] DEBUG:colcon.colcon_core.event_handler.log_command:Invoking command in '/home/pi/seav2/build/serial': CMAKE_PREFIX_PATH=${CMAKE_PREFIX_PATH}:/home/pi/seav2/install/seav2_imu:/home/pi/seav2/install/robot_cam_ros:/home/pi/seav2/install/ball_tracker:/home/pi/ss25/install/wheel_odometry:/home/pi/ss25/install/vup_2k7:/home/pi/ss25/install/summary:/home/pi/ss25/install/safety_control:/home/pi/ss25/install/project:/home/pi/ss25/install/my_slam:/home/pi/ss25/install/my_motor_driver:/home/pi/ss25/install/final:/home/pi/ss25/install/description:/home/pi/ss25/install/bringup_pkg:/home/pi/ss25/src/summary/install/summary:/home/pi/ss25/src/install/wheel_odometry:/home/pi/ss25/src/install/summary:/home/pi/ss25/src/install/safety_control:/home/pi/ss25/src/install/project:/home/pi/ss25/src/install/my_motor_driver:/home/pi/ss25/src/install/description:/home/pi/ss25/src/install/bringup_pkg:/home/pi/install/summary:/home/pi/demo_testing_9_april/seav/install/yolov8_ros:/home/pi/demo_testing_9_april/seav/install/static_tf_publisher:/home/pi/demo_testing_9_april/seav/install/seav_test_sensors:/home/pi/demo_testing_9_april/seav/install/my_robot_controller:/opt/ros/humble /usr/bin/cmake --install /home/pi/seav2/build/serial
[18.732s] Level 1:colcon.colcon_core.environment:create_environment_scripts_only(serial)
[18.759s] DEBUG:colcon.colcon_core.event_handler.log_command:Invoked command in '/home/pi/seav2/build/serial' returned '0': CMAKE_PREFIX_PATH=${CMAKE_PREFIX_PATH}:/home/pi/seav2/install/seav2_imu:/home/pi/seav2/install/robot_cam_ros:/home/pi/seav2/install/ball_tracker:/home/pi/ss25/install/wheel_odometry:/home/pi/ss25/install/vup_2k7:/home/pi/ss25/install/summary:/home/pi/ss25/install/safety_control:/home/pi/ss25/install/project:/home/pi/ss25/install/my_slam:/home/pi/ss25/install/my_motor_driver:/home/pi/ss25/install/final:/home/pi/ss25/install/description:/home/pi/ss25/install/bringup_pkg:/home/pi/ss25/src/summary/install/summary:/home/pi/ss25/src/install/wheel_odometry:/home/pi/ss25/src/install/summary:/home/pi/ss25/src/install/safety_control:/home/pi/ss25/src/install/project:/home/pi/ss25/src/install/my_motor_driver:/home/pi/ss25/src/install/description:/home/pi/ss25/src/install/bringup_pkg:/home/pi/install/summary:/home/pi/demo_testing_9_april/seav/install/yolov8_ros:/home/pi/demo_testing_9_april/seav/install/static_tf_publisher:/home/pi/demo_testing_9_april/seav/install/seav_test_sensors:/home/pi/demo_testing_9_april/seav/install/my_robot_controller:/opt/ros/humble /usr/bin/cmake --install /home/pi/seav2/build/serial
[18.836s] Level 1:colcon.colcon_core.environment:checking '/home/pi/seav2/install/serial' for CMake module files
[18.870s] Level 1:colcon.colcon_core.environment:checking '/home/pi/seav2/install/serial' for CMake config files
[18.878s] Level 1:colcon.colcon_core.shell:create_environment_hook('serial', 'cmake_prefix_path')
[18.881s] INFO:colcon.colcon_core.shell:Creating environment hook '/home/pi/seav2/install/serial/share/serial/hook/cmake_prefix_path.ps1'
[18.887s] INFO:colcon.colcon_core.shell:Creating environment descriptor '/home/pi/seav2/install/serial/share/serial/hook/cmake_prefix_path.dsv'
[18.893s] INFO:colcon.colcon_core.shell:Creating environment hook '/home/pi/seav2/install/serial/share/serial/hook/cmake_prefix_path.sh'
[18.906s] Level 1:colcon.colcon_core.environment:checking '/home/pi/seav2/install/serial/lib'
[18.909s] Level 1:colcon.colcon_core.environment:checking '/home/pi/seav2/install/serial/bin'
[18.910s] Level 1:colcon.colcon_core.environment:checking '/home/pi/seav2/install/serial/lib/pkgconfig/serial.pc'
[18.913s] Level 1:colcon.colcon_core.environment:checking '/home/pi/seav2/install/serial/lib/python3.10/site-packages'
[18.915s] Level 1:colcon.colcon_core.environment:checking '/home/pi/seav2/install/serial/bin'
[18.919s] INFO:colcon.colcon_core.shell:Creating package script '/home/pi/seav2/install/serial/share/serial/package.ps1'
[18.928s] INFO:colcon.colcon_core.shell:Creating package descriptor '/home/pi/seav2/install/serial/share/serial/package.dsv'
[18.935s] INFO:colcon.colcon_core.shell:Creating package script '/home/pi/seav2/install/serial/share/serial/package.sh'
[18.944s] INFO:colcon.colcon_core.shell:Creating package script '/home/pi/seav2/install/serial/share/serial/package.bash'
[18.954s] INFO:colcon.colcon_core.shell:Creating package script '/home/pi/seav2/install/serial/share/serial/package.zsh'
[18.963s] Level 1:colcon.colcon_core.environment:create_file_with_runtime_dependencies(/home/pi/seav2/install/serial/share/colcon-core/packages/serial)
[18.970s] Level 1:colcon.colcon_core.environment:create_environment_scripts_only(serial)
[18.973s] Level 1:colcon.colcon_core.environment:checking '/home/pi/seav2/install/serial' for CMake module files
[18.983s] Level 1:colcon.colcon_core.environment:checking '/home/pi/seav2/install/serial' for CMake config files
[18.988s] Level 1:colcon.colcon_core.shell:create_environment_hook('serial', 'cmake_prefix_path')
[18.991s] INFO:colcon.colcon_core.shell:Creating environment hook '/home/pi/seav2/install/serial/share/serial/hook/cmake_prefix_path.ps1'
[18.996s] INFO:colcon.colcon_core.shell:Creating environment descriptor '/home/pi/seav2/install/serial/share/serial/hook/cmake_prefix_path.dsv'
[19.002s] INFO:colcon.colcon_core.shell:Creating environment hook '/home/pi/seav2/install/serial/share/serial/hook/cmake_prefix_path.sh'
[19.010s] Level 1:colcon.colcon_core.environment:checking '/home/pi/seav2/install/serial/lib'
[19.011s] Level 1:colcon.colcon_core.environment:checking '/home/pi/seav2/install/serial/bin'
[19.012s] Level 1:colcon.colcon_core.environment:checking '/home/pi/seav2/install/serial/lib/pkgconfig/serial.pc'
[19.014s] Level 1:colcon.colcon_core.environment:checking '/home/pi/seav2/install/serial/lib/python3.10/site-packages'
[19.017s] Level 1:colcon.colcon_core.environment:checking '/home/pi/seav2/install/serial/bin'
[19.020s] INFO:colcon.colcon_core.shell:Creating package script '/home/pi/seav2/install/serial/share/serial/package.ps1'
[19.026s] INFO:colcon.colcon_core.shell:Creating package descriptor '/home/pi/seav2/install/serial/share/serial/package.dsv'
[19.033s] INFO:colcon.colcon_core.shell:Creating package script '/home/pi/seav2/install/serial/share/serial/package.sh'
[19.039s] INFO:colcon.colcon_core.shell:Creating package script '/home/pi/seav2/install/serial/share/serial/package.bash'
[19.045s] INFO:colcon.colcon_core.shell:Creating package script '/home/pi/seav2/install/serial/share/serial/package.zsh'
[19.051s] Level 1:colcon.colcon_core.environment:create_file_with_runtime_dependencies(/home/pi/seav2/install/serial/share/colcon-core/packages/serial)
[19.059s] INFO:colcon.colcon_ros.task.ament_cmake.build:Building ROS package in '/home/pi/seav2/src/seav-ii/seav2' with build type 'ament_cmake'
[19.062s] INFO:colcon.colcon_cmake.task.cmake.build:Building CMake package in '/home/pi/seav2/src/seav-ii/seav2'
[19.064s] INFO:colcon.colcon_core.shell:Skip shell extension 'powershell' for command environment: Not usable outside of PowerShell
[19.065s] DEBUG:colcon.colcon_core.shell:Skip shell extension 'dsv' for command environment
[19.241s] DEBUG:colcon.colcon_core.event_handler.log_command:Invoked command in '/home/pi/seav2/build/ros2_control_demo_description' returned '0': CMAKE_PREFIX_PATH=${CMAKE_PREFIX_PATH}:/home/pi/seav2/install/seav2_imu:/home/pi/seav2/install/robot_cam_ros:/home/pi/seav2/install/ball_tracker:/home/pi/ss25/install/wheel_odometry:/home/pi/ss25/install/vup_2k7:/home/pi/ss25/install/summary:/home/pi/ss25/install/safety_control:/home/pi/ss25/install/project:/home/pi/ss25/install/my_slam:/home/pi/ss25/install/my_motor_driver:/home/pi/ss25/install/final:/home/pi/ss25/install/description:/home/pi/ss25/install/bringup_pkg:/home/pi/ss25/src/summary/install/summary:/home/pi/ss25/src/install/wheel_odometry:/home/pi/ss25/src/install/summary:/home/pi/ss25/src/install/safety_control:/home/pi/ss25/src/install/project:/home/pi/ss25/src/install/my_motor_driver:/home/pi/ss25/src/install/description:/home/pi/ss25/src/install/bringup_pkg:/home/pi/install/summary:/home/pi/demo_testing_9_april/seav/install/yolov8_ros:/home/pi/demo_testing_9_april/seav/install/static_tf_publisher:/home/pi/demo_testing_9_april/seav/install/seav_test_sensors:/home/pi/demo_testing_9_april/seav/install/my_robot_controller:/opt/ros/humble /usr/bin/cmake --build /home/pi/seav2/build/ros2_control_demo_description -- -j4 -l4
[19.245s] DEBUG:colcon.colcon_core.event_handler.log_command:Invoking command in '/home/pi/seav2/build/ros2_control_demo_description': CMAKE_PREFIX_PATH=${CMAKE_PREFIX_PATH}:/home/pi/seav2/install/seav2_imu:/home/pi/seav2/install/robot_cam_ros:/home/pi/seav2/install/ball_tracker:/home/pi/ss25/install/wheel_odometry:/home/pi/ss25/install/vup_2k7:/home/pi/ss25/install/summary:/home/pi/ss25/install/safety_control:/home/pi/ss25/install/project:/home/pi/ss25/install/my_slam:/home/pi/ss25/install/my_motor_driver:/home/pi/ss25/install/final:/home/pi/ss25/install/description:/home/pi/ss25/install/bringup_pkg:/home/pi/ss25/src/summary/install/summary:/home/pi/ss25/src/install/wheel_odometry:/home/pi/ss25/src/install/summary:/home/pi/ss25/src/install/safety_control:/home/pi/ss25/src/install/project:/home/pi/ss25/src/install/my_motor_driver:/home/pi/ss25/src/install/description:/home/pi/ss25/src/install/bringup_pkg:/home/pi/install/summary:/home/pi/demo_testing_9_april/seav/install/yolov8_ros:/home/pi/demo_testing_9_april/seav/install/static_tf_publisher:/home/pi/demo_testing_9_april/seav/install/seav_test_sensors:/home/pi/demo_testing_9_april/seav/install/my_robot_controller:/opt/ros/humble /usr/bin/cmake --install /home/pi/seav2/build/ros2_control_demo_description
[19.341s] DEBUG:colcon.colcon_core.event_handler.log_command:Invoking command in '/home/pi/seav2/build/seav2': CMAKE_PREFIX_PATH=${CMAKE_PREFIX_PATH}:/home/pi/seav2/install/seav2_imu:/home/pi/seav2/install/robot_cam_ros:/home/pi/seav2/install/ball_tracker:/home/pi/ss25/install/wheel_odometry:/home/pi/ss25/install/vup_2k7:/home/pi/ss25/install/summary:/home/pi/ss25/install/safety_control:/home/pi/ss25/install/project:/home/pi/ss25/install/my_slam:/home/pi/ss25/install/my_motor_driver:/home/pi/ss25/install/final:/home/pi/ss25/install/description:/home/pi/ss25/install/bringup_pkg:/home/pi/ss25/src/summary/install/summary:/home/pi/ss25/src/install/wheel_odometry:/home/pi/ss25/src/install/summary:/home/pi/ss25/src/install/safety_control:/home/pi/ss25/src/install/project:/home/pi/ss25/src/install/my_motor_driver:/home/pi/ss25/src/install/description:/home/pi/ss25/src/install/bringup_pkg:/home/pi/install/summary:/home/pi/demo_testing_9_april/seav/install/yolov8_ros:/home/pi/demo_testing_9_april/seav/install/static_tf_publisher:/home/pi/demo_testing_9_april/seav/install/seav_test_sensors:/home/pi/demo_testing_9_april/seav/install/my_robot_controller:/opt/ros/humble /usr/bin/cmake /home/pi/seav2/src/seav-ii/seav2 -DCMAKE_INSTALL_PREFIX=/home/pi/seav2/install/seav2
[20.097s] Level 1:colcon.colcon_core.environment:create_environment_scripts_only(ros2_control_demo_description)
[20.127s] Level 1:colcon.colcon_core.environment:checking '/home/pi/seav2/install/ros2_control_demo_description' for CMake module files
[20.115s] DEBUG:colcon.colcon_core.event_handler.log_command:Invoked command in '/home/pi/seav2/build/ros2_control_demo_description' returned '0': CMAKE_PREFIX_PATH=${CMAKE_PREFIX_PATH}:/home/pi/seav2/install/seav2_imu:/home/pi/seav2/install/robot_cam_ros:/home/pi/seav2/install/ball_tracker:/home/pi/ss25/install/wheel_odometry:/home/pi/ss25/install/vup_2k7:/home/pi/ss25/install/summary:/home/pi/ss25/install/safety_control:/home/pi/ss25/install/project:/home/pi/ss25/install/my_slam:/home/pi/ss25/install/my_motor_driver:/home/pi/ss25/install/final:/home/pi/ss25/install/description:/home/pi/ss25/install/bringup_pkg:/home/pi/ss25/src/summary/install/summary:/home/pi/ss25/src/install/wheel_odometry:/home/pi/ss25/src/install/summary:/home/pi/ss25/src/install/safety_control:/home/pi/ss25/src/install/project:/home/pi/ss25/src/install/my_motor_driver:/home/pi/ss25/src/install/description:/home/pi/ss25/src/install/bringup_pkg:/home/pi/install/summary:/home/pi/demo_testing_9_april/seav/install/yolov8_ros:/home/pi/demo_testing_9_april/seav/install/static_tf_publisher:/home/pi/demo_testing_9_april/seav/install/seav_test_sensors:/home/pi/demo_testing_9_april/seav/install/my_robot_controller:/opt/ros/humble /usr/bin/cmake --install /home/pi/seav2/build/ros2_control_demo_description
[20.152s] Level 1:colcon.colcon_core.environment:checking '/home/pi/seav2/install/ros2_control_demo_description' for CMake config files
[20.213s] Level 1:colcon.colcon_core.shell:create_environment_hook('ros2_control_demo_description', 'cmake_prefix_path')
[20.232s] INFO:colcon.colcon_core.shell:Creating environment hook '/home/pi/seav2/install/ros2_control_demo_description/share/ros2_control_demo_description/hook/cmake_prefix_path.ps1'
[20.265s] INFO:colcon.colcon_core.shell:Creating environment descriptor '/home/pi/seav2/install/ros2_control_demo_description/share/ros2_control_demo_description/hook/cmake_prefix_path.dsv'
[20.283s] INFO:colcon.colcon_core.shell:Creating environment hook '/home/pi/seav2/install/ros2_control_demo_description/share/ros2_control_demo_description/hook/cmake_prefix_path.sh'
[20.302s] Level 1:colcon.colcon_core.environment:checking '/home/pi/seav2/install/ros2_control_demo_description/bin'
[20.304s] Level 1:colcon.colcon_core.environment:checking '/home/pi/seav2/install/ros2_control_demo_description/lib/pkgconfig/ros2_control_demo_description.pc'
[20.308s] Level 1:colcon.colcon_core.environment:checking '/home/pi/seav2/install/ros2_control_demo_description/lib/python3.10/site-packages'
[20.311s] Level 1:colcon.colcon_core.environment:checking '/home/pi/seav2/install/ros2_control_demo_description/bin'
[20.316s] INFO:colcon.colcon_core.shell:Creating package script '/home/pi/seav2/install/ros2_control_demo_description/share/ros2_control_demo_description/package.ps1'
[20.325s] INFO:colcon.colcon_core.shell:Creating package descriptor '/home/pi/seav2/install/ros2_control_demo_description/share/ros2_control_demo_description/package.dsv'
[20.335s] INFO:colcon.colcon_core.shell:Creating package script '/home/pi/seav2/install/ros2_control_demo_description/share/ros2_control_demo_description/package.sh'
[20.343s] INFO:colcon.colcon_core.shell:Creating package script '/home/pi/seav2/install/ros2_control_demo_description/share/ros2_control_demo_description/package.bash'
[20.351s] INFO:colcon.colcon_core.shell:Creating package script '/home/pi/seav2/install/ros2_control_demo_description/share/ros2_control_demo_description/package.zsh'
[20.360s] Level 1:colcon.colcon_core.environment:create_file_with_runtime_dependencies(/home/pi/seav2/install/ros2_control_demo_description/share/colcon-core/packages/ros2_control_demo_description)
[20.371s] Level 1:colcon.colcon_core.environment:create_environment_scripts_only(ros2_control_demo_description)
[20.374s] Level 1:colcon.colcon_core.environment:checking '/home/pi/seav2/install/ros2_control_demo_description' for CMake module files
[20.385s] Level 1:colcon.colcon_core.environment:checking '/home/pi/seav2/install/ros2_control_demo_description' for CMake config files
[20.395s] Level 1:colcon.colcon_core.shell:create_environment_hook('ros2_control_demo_description', 'cmake_prefix_path')
[20.399s] INFO:colcon.colcon_core.shell:Creating environment hook '/home/pi/seav2/install/ros2_control_demo_description/share/ros2_control_demo_description/hook/cmake_prefix_path.ps1'
[20.411s] INFO:colcon.colcon_core.shell:Creating environment descriptor '/home/pi/seav2/install/ros2_control_demo_description/share/ros2_control_demo_description/hook/cmake_prefix_path.dsv'
[20.420s] INFO:colcon.colcon_core.shell:Creating environment hook '/home/pi/seav2/install/ros2_control_demo_description/share/ros2_control_demo_description/hook/cmake_prefix_path.sh'
[20.430s] Level 1:colcon.colcon_core.environment:checking '/home/pi/seav2/install/ros2_control_demo_description/bin'
[20.432s] Level 1:colcon.colcon_core.environment:checking '/home/pi/seav2/install/ros2_control_demo_description/lib/pkgconfig/ros2_control_demo_description.pc'
[20.436s] Level 1:colcon.colcon_core.environment:checking '/home/pi/seav2/install/ros2_control_demo_description/lib/python3.10/site-packages'
[20.439s] Level 1:colcon.colcon_core.environment:checking '/home/pi/seav2/install/ros2_control_demo_description/bin'
[20.445s] INFO:colcon.colcon_core.shell:Creating package script '/home/pi/seav2/install/ros2_control_demo_description/share/ros2_control_demo_description/package.ps1'
[20.455s] INFO:colcon.colcon_core.shell:Creating package descriptor '/home/pi/seav2/install/ros2_control_demo_description/share/ros2_control_demo_description/package.dsv'
[20.465s] INFO:colcon.colcon_core.shell:Creating package script '/home/pi/seav2/install/ros2_control_demo_description/share/ros2_control_demo_description/package.sh'
[20.475s] INFO:colcon.colcon_core.shell:Creating package script '/home/pi/seav2/install/ros2_control_demo_description/share/ros2_control_demo_description/package.bash'
[20.484s] INFO:colcon.colcon_core.shell:Creating package script '/home/pi/seav2/install/ros2_control_demo_description/share/ros2_control_demo_description/package.zsh'
[20.493s] Level 1:colcon.colcon_core.environment:create_file_with_runtime_dependencies(/home/pi/seav2/install/ros2_control_demo_description/share/colcon-core/packages/ros2_control_demo_description)
[20.511s] INFO:colcon.colcon_ros.task.ament_python.build:Building ROS package in '/home/pi/seav2/src/seav2_imu' with build type 'ament_python'
[20.516s] Level 1:colcon.colcon_core.shell:create_environment_hook('seav2_imu', 'ament_prefix_path')
[20.521s] INFO:colcon.colcon_core.shell:Creating environment hook '/home/pi/seav2/install/seav2_imu/share/seav2_imu/hook/ament_prefix_path.ps1'
[20.529s] INFO:colcon.colcon_core.shell:Creating environment descriptor '/home/pi/seav2/install/seav2_imu/share/seav2_imu/hook/ament_prefix_path.dsv'
[20.537s] INFO:colcon.colcon_core.shell:Creating environment hook '/home/pi/seav2/install/seav2_imu/share/seav2_imu/hook/ament_prefix_path.sh'
[20.548s] INFO:colcon.colcon_core.shell:Skip shell extension 'powershell' for command environment: Not usable outside of PowerShell
[20.549s] DEBUG:colcon.colcon_core.shell:Skip shell extension 'dsv' for command environment
[26.776s] INFO:colcon.colcon_core.task.python.build:Building Python package in '/home/pi/seav2/src/seav2_imu'
[26.779s] INFO:colcon.colcon_core.shell:Skip shell extension 'powershell' for command environment: Not usable outside of PowerShell
[26.779s] DEBUG:colcon.colcon_core.shell:Skip shell extension 'dsv' for command environment
[26.943s] DEBUG:colcon.colcon_core.event_handler.log_command:Invoked command in '/home/pi/seav2/build/seav2' returned '0': CMAKE_PREFIX_PATH=${CMAKE_PREFIX_PATH}:/home/pi/seav2/install/seav2_imu:/home/pi/seav2/install/robot_cam_ros:/home/pi/seav2/install/ball_tracker:/home/pi/ss25/install/wheel_odometry:/home/pi/ss25/install/vup_2k7:/home/pi/ss25/install/summary:/home/pi/ss25/install/safety_control:/home/pi/ss25/install/project:/home/pi/ss25/install/my_slam:/home/pi/ss25/install/my_motor_driver:/home/pi/ss25/install/final:/home/pi/ss25/install/description:/home/pi/ss25/install/bringup_pkg:/home/pi/ss25/src/summary/install/summary:/home/pi/ss25/src/install/wheel_odometry:/home/pi/ss25/src/install/summary:/home/pi/ss25/src/install/safety_control:/home/pi/ss25/src/install/project:/home/pi/ss25/src/install/my_motor_driver:/home/pi/ss25/src/install/description:/home/pi/ss25/src/install/bringup_pkg:/home/pi/install/summary:/home/pi/demo_testing_9_april/seav/install/yolov8_ros:/home/pi/demo_testing_9_april/seav/install/static_tf_publisher:/home/pi/demo_testing_9_april/seav/install/seav_test_sensors:/home/pi/demo_testing_9_april/seav/install/my_robot_controller:/opt/ros/humble /usr/bin/cmake /home/pi/seav2/src/seav-ii/seav2 -DCMAKE_INSTALL_PREFIX=/home/pi/seav2/install/seav2
[26.955s] DEBUG:colcon.colcon_core.event_handler.log_command:Invoking command in '/home/pi/seav2/build/seav2': CMAKE_PREFIX_PATH=${CMAKE_PREFIX_PATH}:/home/pi/seav2/install/seav2_imu:/home/pi/seav2/install/robot_cam_ros:/home/pi/seav2/install/ball_tracker:/home/pi/ss25/install/wheel_odometry:/home/pi/ss25/install/vup_2k7:/home/pi/ss25/install/summary:/home/pi/ss25/install/safety_control:/home/pi/ss25/install/project:/home/pi/ss25/install/my_slam:/home/pi/ss25/install/my_motor_driver:/home/pi/ss25/install/final:/home/pi/ss25/install/description:/home/pi/ss25/install/bringup_pkg:/home/pi/ss25/src/summary/install/summary:/home/pi/ss25/src/install/wheel_odometry:/home/pi/ss25/src/install/summary:/home/pi/ss25/src/install/safety_control:/home/pi/ss25/src/install/project:/home/pi/ss25/src/install/my_motor_driver:/home/pi/ss25/src/install/description:/home/pi/ss25/src/install/bringup_pkg:/home/pi/install/summary:/home/pi/demo_testing_9_april/seav/install/yolov8_ros:/home/pi/demo_testing_9_april/seav/install/static_tf_publisher:/home/pi/demo_testing_9_april/seav/install/seav_test_sensors:/home/pi/demo_testing_9_april/seav/install/my_robot_controller:/opt/ros/humble /usr/bin/cmake --build /home/pi/seav2/build/seav2 -- -j4 -l4
[26.996s] DEBUG:colcon.colcon_core.event_handler.log_command:Invoking command in '/home/pi/seav2/build/ball_tracker': PYTHONPATH=/home/pi/seav2/build/ball_tracker/prefix_override:/usr/lib/python3/dist-packages/colcon_core/task/python/colcon_distutils_commands:/home/pi/seav2/install/ball_tracker/lib/python3.10/site-packages:${PYTHONPATH} /usr/bin/python3 -W ignore:setup.py install is deprecated -W ignore:easy_install command is deprecated setup.py develop --uninstall --editable --build-directory /home/pi/seav2/build/ball_tracker/build
[27.427s] DEBUG:colcon.colcon_core.event_handler.log_command:Invoking command in '/home/pi/seav2/build/robot_cam_ros': PYTHONPATH=/home/pi/seav2/build/robot_cam_ros/prefix_override:/usr/lib/python3/dist-packages/colcon_core/task/python/colcon_distutils_commands:/home/pi/seav2/install/robot_cam_ros/lib/python3.10/site-packages:${PYTHONPATH} /usr/bin/python3 -W ignore:setup.py install is deprecated -W ignore:easy_install command is deprecated setup.py develop --uninstall --editable --build-directory /home/pi/seav2/build/robot_cam_ros/build
[27.539s] DEBUG:colcon.colcon_core.event_handler.log_command:Invoked command in '/home/pi/seav2/build/seav2' returned '0': CMAKE_PREFIX_PATH=${CMAKE_PREFIX_PATH}:/home/pi/seav2/install/seav2_imu:/home/pi/seav2/install/robot_cam_ros:/home/pi/seav2/install/ball_tracker:/home/pi/ss25/install/wheel_odometry:/home/pi/ss25/install/vup_2k7:/home/pi/ss25/install/summary:/home/pi/ss25/install/safety_control:/home/pi/ss25/install/project:/home/pi/ss25/install/my_slam:/home/pi/ss25/install/my_motor_driver:/home/pi/ss25/install/final:/home/pi/ss25/install/description:/home/pi/ss25/install/bringup_pkg:/home/pi/ss25/src/summary/install/summary:/home/pi/ss25/src/install/wheel_odometry:/home/pi/ss25/src/install/summary:/home/pi/ss25/src/install/safety_control:/home/pi/ss25/src/install/project:/home/pi/ss25/src/install/my_motor_driver:/home/pi/ss25/src/install/description:/home/pi/ss25/src/install/bringup_pkg:/home/pi/install/summary:/home/pi/demo_testing_9_april/seav/install/yolov8_ros:/home/pi/demo_testing_9_april/seav/install/static_tf_publisher:/home/pi/demo_testing_9_april/seav/install/seav_test_sensors:/home/pi/demo_testing_9_april/seav/install/my_robot_controller:/opt/ros/humble /usr/bin/cmake --build /home/pi/seav2/build/seav2 -- -j4 -l4
[27.550s] DEBUG:colcon.colcon_core.event_handler.log_command:Invoking command in '/home/pi/seav2/build/seav2': CMAKE_PREFIX_PATH=${CMAKE_PREFIX_PATH}:/home/pi/seav2/install/seav2_imu:/home/pi/seav2/install/robot_cam_ros:/home/pi/seav2/install/ball_tracker:/home/pi/ss25/install/wheel_odometry:/home/pi/ss25/install/vup_2k7:/home/pi/ss25/install/summary:/home/pi/ss25/install/safety_control:/home/pi/ss25/install/project:/home/pi/ss25/install/my_slam:/home/pi/ss25/install/my_motor_driver:/home/pi/ss25/install/final:/home/pi/ss25/install/description:/home/pi/ss25/install/bringup_pkg:/home/pi/ss25/src/summary/install/summary:/home/pi/ss25/src/install/wheel_odometry:/home/pi/ss25/src/install/summary:/home/pi/ss25/src/install/safety_control:/home/pi/ss25/src/install/project:/home/pi/ss25/src/install/my_motor_driver:/home/pi/ss25/src/install/description:/home/pi/ss25/src/install/bringup_pkg:/home/pi/install/summary:/home/pi/demo_testing_9_april/seav/install/yolov8_ros:/home/pi/demo_testing_9_april/seav/install/static_tf_publisher:/home/pi/demo_testing_9_april/seav/install/seav_test_sensors:/home/pi/demo_testing_9_april/seav/install/my_robot_controller:/opt/ros/humble /usr/bin/cmake --install /home/pi/seav2/build/seav2
[28.557s] Level 1:colcon.colcon_core.environment:create_environment_scripts_only(seav2)
[28.560s] Level 1:colcon.colcon_core.environment:checking '/home/pi/seav2/install/seav2' for CMake module files
[28.566s] DEBUG:colcon.colcon_core.event_handler.log_command:Invoked command in '/home/pi/seav2/build/seav2' returned '0': CMAKE_PREFIX_PATH=${CMAKE_PREFIX_PATH}:/home/pi/seav2/install/seav2_imu:/home/pi/seav2/install/robot_cam_ros:/home/pi/seav2/install/ball_tracker:/home/pi/ss25/install/wheel_odometry:/home/pi/ss25/install/vup_2k7:/home/pi/ss25/install/summary:/home/pi/ss25/install/safety_control:/home/pi/ss25/install/project:/home/pi/ss25/install/my_slam:/home/pi/ss25/install/my_motor_driver:/home/pi/ss25/install/final:/home/pi/ss25/install/description:/home/pi/ss25/install/bringup_pkg:/home/pi/ss25/src/summary/install/summary:/home/pi/ss25/src/install/wheel_odometry:/home/pi/ss25/src/install/summary:/home/pi/ss25/src/install/safety_control:/home/pi/ss25/src/install/project:/home/pi/ss25/src/install/my_motor_driver:/home/pi/ss25/src/install/description:/home/pi/ss25/src/install/bringup_pkg:/home/pi/install/summary:/home/pi/demo_testing_9_april/seav/install/yolov8_ros:/home/pi/demo_testing_9_april/seav/install/static_tf_publisher:/home/pi/demo_testing_9_april/seav/install/seav_test_sensors:/home/pi/demo_testing_9_april/seav/install/my_robot_controller:/opt/ros/humble /usr/bin/cmake --install /home/pi/seav2/build/seav2
[28.575s] Level 1:colcon.colcon_core.environment:checking '/home/pi/seav2/install/seav2' for CMake config files
[28.582s] Level 1:colcon.colcon_core.shell:create_environment_hook('seav2', 'cmake_prefix_path')
[28.594s] INFO:colcon.colcon_core.shell:Creating environment hook '/home/pi/seav2/install/seav2/share/seav2/hook/cmake_prefix_path.ps1'
[28.656s] INFO:colcon.colcon_core.shell:Creating environment descriptor '/home/pi/seav2/install/seav2/share/seav2/hook/cmake_prefix_path.dsv'
[28.663s] INFO:colcon.colcon_core.shell:Creating environment hook '/home/pi/seav2/install/seav2/share/seav2/hook/cmake_prefix_path.sh'
[28.696s] Level 1:colcon.colcon_core.environment:checking '/home/pi/seav2/install/seav2/bin'
[28.699s] Level 1:colcon.colcon_core.environment:checking '/home/pi/seav2/install/seav2/lib/pkgconfig/seav2.pc'
[28.703s] Level 1:colcon.colcon_core.environment:checking '/home/pi/seav2/install/seav2/lib/python3.10/site-packages'
[28.719s] Level 1:colcon.colcon_core.environment:checking '/home/pi/seav2/install/seav2/bin'
[28.723s] INFO:colcon.colcon_core.shell:Creating package script '/home/pi/seav2/install/seav2/share/seav2/package.ps1'
[28.740s] INFO:colcon.colcon_core.shell:Creating package descriptor '/home/pi/seav2/install/seav2/share/seav2/package.dsv'
[28.763s] INFO:colcon.colcon_core.shell:Creating package script '/home/pi/seav2/install/seav2/share/seav2/package.sh'
[29.277s] INFO:colcon.colcon_core.shell:Creating package script '/home/pi/seav2/install/seav2/share/seav2/package.bash'
[29.291s] INFO:colcon.colcon_core.shell:Creating package script '/home/pi/seav2/install/seav2/share/seav2/package.zsh'
[29.296s] Level 1:colcon.colcon_core.environment:create_file_with_runtime_dependencies(/home/pi/seav2/install/seav2/share/colcon-core/packages/seav2)
[29.302s] Level 1:colcon.colcon_core.environment:create_environment_scripts_only(seav2)
[29.305s] Level 1:colcon.colcon_core.environment:checking '/home/pi/seav2/install/seav2' for CMake module files
[29.337s] Level 1:colcon.colcon_core.environment:checking '/home/pi/seav2/install/seav2' for CMake config files
[29.343s] Level 1:colcon.colcon_core.shell:create_environment_hook('seav2', 'cmake_prefix_path')
[29.346s] INFO:colcon.colcon_core.shell:Creating environment hook '/home/pi/seav2/install/seav2/share/seav2/hook/cmake_prefix_path.ps1'
[30.019s] INFO:colcon.colcon_core.shell:Creating environment descriptor '/home/pi/seav2/install/seav2/share/seav2/hook/cmake_prefix_path.dsv'
[30.024s] INFO:colcon.colcon_core.shell:Creating environment hook '/home/pi/seav2/install/seav2/share/seav2/hook/cmake_prefix_path.sh'
[30.045s] Level 1:colcon.colcon_core.environment:checking '/home/pi/seav2/install/seav2/bin'
[30.057s] Level 1:colcon.colcon_core.environment:checking '/home/pi/seav2/install/seav2/lib/pkgconfig/seav2.pc'
[30.061s] Level 1:colcon.colcon_core.environment:checking '/home/pi/seav2/install/seav2/lib/python3.10/site-packages'
[30.065s] Level 1:colcon.colcon_core.environment:checking '/home/pi/seav2/install/seav2/bin'
[30.069s] INFO:colcon.colcon_core.shell:Creating package script '/home/pi/seav2/install/seav2/share/seav2/package.ps1'
[30.247s] INFO:colcon.colcon_core.shell:Creating package descriptor '/home/pi/seav2/install/seav2/share/seav2/package.dsv'
[31.577s] INFO:colcon.colcon_core.shell:Creating package script '/home/pi/seav2/install/seav2/share/seav2/package.sh'
[31.626s] INFO:colcon.colcon_core.shell:Creating package script '/home/pi/seav2/install/seav2/share/seav2/package.bash'
[31.688s] INFO:colcon.colcon_core.shell:Creating package script '/home/pi/seav2/install/seav2/share/seav2/package.zsh'
[31.925s] Level 1:colcon.colcon_core.environment:create_file_with_runtime_dependencies(/home/pi/seav2/install/seav2/share/colcon-core/packages/seav2)
[31.969s] INFO:colcon.colcon_ros.task.ament_cmake.build:Building ROS package in '/home/pi/seav2/src/ros2_v4l2_camera' with build type 'ament_cmake'
[31.974s] INFO:colcon.colcon_cmake.task.cmake.build:Building CMake package in '/home/pi/seav2/src/ros2_v4l2_camera'
[31.992s] INFO:colcon.colcon_core.shell:Skip shell extension 'powershell' for command environment: Not usable outside of PowerShell
[32.010s] DEBUG:colcon.colcon_core.shell:Skip shell extension 'dsv' for command environment
[32.560s] DEBUG:colcon.colcon_core.event_handler.log_command:Invoking command in '/home/pi/seav2/build/v4l2_camera': CMAKE_PREFIX_PATH=${CMAKE_PREFIX_PATH}:/home/pi/seav2/install/seav2_imu:/home/pi/seav2/install/robot_cam_ros:/home/pi/seav2/install/ball_tracker:/home/pi/ss25/install/wheel_odometry:/home/pi/ss25/install/vup_2k7:/home/pi/ss25/install/summary:/home/pi/ss25/install/safety_control:/home/pi/ss25/install/project:/home/pi/ss25/install/my_slam:/home/pi/ss25/install/my_motor_driver:/home/pi/ss25/install/final:/home/pi/ss25/install/description:/home/pi/ss25/install/bringup_pkg:/home/pi/ss25/src/summary/install/summary:/home/pi/ss25/src/install/wheel_odometry:/home/pi/ss25/src/install/summary:/home/pi/ss25/src/install/safety_control:/home/pi/ss25/src/install/project:/home/pi/ss25/src/install/my_motor_driver:/home/pi/ss25/src/install/description:/home/pi/ss25/src/install/bringup_pkg:/home/pi/install/summary:/home/pi/demo_testing_9_april/seav/install/yolov8_ros:/home/pi/demo_testing_9_april/seav/install/static_tf_publisher:/home/pi/demo_testing_9_april/seav/install/seav_test_sensors:/home/pi/demo_testing_9_april/seav/install/my_robot_controller:/opt/ros/humble /usr/bin/cmake /home/pi/seav2/src/ros2_v4l2_camera -DCMAKE_INSTALL_PREFIX=/home/pi/seav2/install/v4l2_camera
[35.373s] DEBUG:colcon.colcon_core.event_handler.log_command:Invoking command in '/home/pi/seav2/build/seav2_imu': PYTHONPATH=/home/pi/seav2/build/seav2_imu/prefix_override:/usr/lib/python3/dist-packages/colcon_core/task/python/colcon_distutils_commands:/home/pi/seav2/install/seav2_imu/lib/python3.10/site-packages:${PYTHONPATH} /usr/bin/python3 -W ignore:setup.py install is deprecated -W ignore:easy_install command is deprecated setup.py develop --uninstall --editable --build-directory /home/pi/seav2/build/seav2_imu/build
[36.800s] DEBUG:colcon.colcon_core.event_handler.log_command:Invoked command in '/home/pi/seav2/build/ball_tracker' returned '0': PYTHONPATH=/home/pi/seav2/build/ball_tracker/prefix_override:/usr/lib/python3/dist-packages/colcon_core/task/python/colcon_distutils_commands:/home/pi/seav2/install/ball_tracker/lib/python3.10/site-packages:${PYTHONPATH} /usr/bin/python3 -W ignore:setup.py install is deprecated -W ignore:easy_install command is deprecated setup.py develop --uninstall --editable --build-directory /home/pi/seav2/build/ball_tracker/build
[36.825s] DEBUG:colcon.colcon_core.event_handler.log_command:Invoking command in '/home/pi/seav2/src/ball_tracker': PYTHONPATH=/home/pi/seav2/build/ball_tracker/prefix_override:/usr/lib/python3/dist-packages/colcon_core/task/python/colcon_distutils_commands:/home/pi/seav2/install/ball_tracker/lib/python3.10/site-packages:${PYTHONPATH} /usr/bin/python3 -W ignore:setup.py install is deprecated -W ignore:easy_install command is deprecated setup.py egg_info --egg-base ../../build/ball_tracker build --build-base /home/pi/seav2/build/ball_tracker/build install --record /home/pi/seav2/build/ball_tracker/install.log --install-scripts $base/lib/ball_tracker --single-version-externally-managed install_data --force
[38.287s] DEBUG:colcon.colcon_core.event_handler.log_command:Invoked command in '/home/pi/seav2/build/robot_cam_ros' returned '0': PYTHONPATH=/home/pi/seav2/build/robot_cam_ros/prefix_override:/usr/lib/python3/dist-packages/colcon_core/task/python/colcon_distutils_commands:/home/pi/seav2/install/robot_cam_ros/lib/python3.10/site-packages:${PYTHONPATH} /usr/bin/python3 -W ignore:setup.py install is deprecated -W ignore:easy_install command is deprecated setup.py develop --uninstall --editable --build-directory /home/pi/seav2/build/robot_cam_ros/build
[38.300s] DEBUG:colcon.colcon_core.event_handler.log_command:Invoking command in '/home/pi/seav2/src/robot_cam_ros': PYTHONPATH=/home/pi/seav2/build/robot_cam_ros/prefix_override:/usr/lib/python3/dist-packages/colcon_core/task/python/colcon_distutils_commands:/home/pi/seav2/install/robot_cam_ros/lib/python3.10/site-packages:${PYTHONPATH} /usr/bin/python3 -W ignore:setup.py install is deprecated -W ignore:easy_install command is deprecated setup.py egg_info --egg-base ../../build/robot_cam_ros build --build-base /home/pi/seav2/build/robot_cam_ros/build install --record /home/pi/seav2/build/robot_cam_ros/install.log --single-version-externally-managed install_data --force
[45.128s] Level 1:colcon.colcon_core.environment:checking '/home/pi/seav2/install/robot_cam_ros' for CMake module files
[45.131s] DEBUG:colcon.colcon_core.event_handler.log_command:Invoked command in '/home/pi/seav2/src/robot_cam_ros' returned '0': PYTHONPATH=/home/pi/seav2/build/robot_cam_ros/prefix_override:/usr/lib/python3/dist-packages/colcon_core/task/python/colcon_distutils_commands:/home/pi/seav2/install/robot_cam_ros/lib/python3.10/site-packages:${PYTHONPATH} /usr/bin/python3 -W ignore:setup.py install is deprecated -W ignore:easy_install command is deprecated setup.py egg_info --egg-base ../../build/robot_cam_ros build --build-base /home/pi/seav2/build/robot_cam_ros/build install --record /home/pi/seav2/build/robot_cam_ros/install.log --single-version-externally-managed install_data --force
[45.147s] Level 1:colcon.colcon_core.environment:checking '/home/pi/seav2/install/robot_cam_ros' for CMake config files
[45.180s] Level 1:colcon.colcon_core.environment:checking '/home/pi/seav2/install/robot_cam_ros/lib'
[45.186s] Level 1:colcon.colcon_core.environment:checking '/home/pi/seav2/install/robot_cam_ros/bin'
[45.187s] Level 1:colcon.colcon_core.environment:checking '/home/pi/seav2/install/robot_cam_ros/lib/pkgconfig/robot_cam_ros.pc'
[45.206s] Level 1:colcon.colcon_core.environment:checking '/home/pi/seav2/install/robot_cam_ros/lib/python3.10/site-packages'
[45.217s] Level 1:colcon.colcon_core.shell:create_environment_hook('robot_cam_ros', 'pythonpath')
[45.220s] INFO:colcon.colcon_core.shell:Creating environment hook '/home/pi/seav2/install/robot_cam_ros/share/robot_cam_ros/hook/pythonpath.ps1'
[45.232s] INFO:colcon.colcon_core.shell:Creating environment descriptor '/home/pi/seav2/install/robot_cam_ros/share/robot_cam_ros/hook/pythonpath.dsv'
[45.258s] INFO:colcon.colcon_core.shell:Creating environment hook '/home/pi/seav2/install/robot_cam_ros/share/robot_cam_ros/hook/pythonpath.sh'
[45.269s] Level 1:colcon.colcon_core.environment:checking '/home/pi/seav2/install/robot_cam_ros/bin'
[45.271s] Level 1:colcon.colcon_core.environment:create_environment_scripts_only(robot_cam_ros)
[45.275s] INFO:colcon.colcon_core.shell:Creating package script '/home/pi/seav2/install/robot_cam_ros/share/robot_cam_ros/package.ps1'
[45.285s] INFO:colcon.colcon_core.shell:Creating package descriptor '/home/pi/seav2/install/robot_cam_ros/share/robot_cam_ros/package.dsv'
[45.294s] INFO:colcon.colcon_core.shell:Creating package script '/home/pi/seav2/install/robot_cam_ros/share/robot_cam_ros/package.sh'
[45.304s] INFO:colcon.colcon_core.shell:Creating package script '/home/pi/seav2/install/robot_cam_ros/share/robot_cam_ros/package.bash'
[45.312s] INFO:colcon.colcon_core.shell:Creating package script '/home/pi/seav2/install/robot_cam_ros/share/robot_cam_ros/package.zsh'
[45.322s] Level 1:colcon.colcon_core.environment:create_file_with_runtime_dependencies(/home/pi/seav2/install/robot_cam_ros/share/colcon-core/packages/robot_cam_ros)
[45.335s] INFO:colcon.colcon_ros.task.ament_cmake.build:Building ROS package in '/home/pi/seav2/src/seav-ii/carlikebot_ros2_control/carlikebot_ros2_control' with build type 'ament_cmake'
[45.337s] INFO:colcon.colcon_cmake.task.cmake.build:Building CMake package in '/home/pi/seav2/src/seav-ii/carlikebot_ros2_control/carlikebot_ros2_control'
[45.340s] INFO:colcon.colcon_core.shell:Skip shell extension 'powershell' for command environment: Not usable outside of PowerShell
[45.341s] DEBUG:colcon.colcon_core.shell:Skip shell extension 'dsv' for command environment
[45.800s] DEBUG:colcon.colcon_core.event_handler.log_command:Invoking command in '/home/pi/seav2/build/carlikebot_ros2_control': CMAKE_PREFIX_PATH=/home/pi/seav2/install/serial:/home/pi/seav2/install/ros2_control_demo_description:/home/pi/seav2/install/carlikebot_ros2_control:/home/pi/seav2/install/seav2:/home/pi/ss25/install/sllidar_ros2:/home/pi/ss25/src/install/sllidar_ros2:/home/pi/demo_testing_9_april/seav/install/seav_simulation:/home/pi/demo_testing_9_april/seav/install/seav_description:/home/pi/demo_testing_9_april/seav/install/rplidar_ros:/home/pi/demo_testing_9_april/seav/install/my_nav2_pkg:/home/pi/seav2/install/seav2_imu:/home/pi/seav2/install/robot_cam_ros:/home/pi/seav2/install/ball_tracker:/home/pi/ss25/install/wheel_odometry:/home/pi/ss25/install/vup_2k7:/home/pi/ss25/install/summary:/home/pi/ss25/install/safety_control:/home/pi/ss25/install/project:/home/pi/ss25/install/my_slam:/home/pi/ss25/install/my_motor_driver:/home/pi/ss25/install/final:/home/pi/ss25/install/description:/home/pi/ss25/install/bringup_pkg:/home/pi/ss25/src/summary/install/summary:/home/pi/ss25/src/install/wheel_odometry:/home/pi/ss25/src/install/summary:/home/pi/ss25/src/install/safety_control:/home/pi/ss25/src/install/project:/home/pi/ss25/src/install/my_motor_driver:/home/pi/ss25/src/install/description:/home/pi/ss25/src/install/bringup_pkg:/home/pi/install/summary:/home/pi/demo_testing_9_april/seav/install/yolov8_ros:/home/pi/demo_testing_9_april/seav/install/static_tf_publisher:/home/pi/demo_testing_9_april/seav/install/seav_test_sensors:/home/pi/demo_testing_9_april/seav/install/my_robot_controller:/opt/ros/humble /usr/bin/cmake /home/pi/seav2/src/seav-ii/carlikebot_ros2_control/carlikebot_ros2_control -DCMAKE_INSTALL_PREFIX=/home/pi/seav2/install/carlikebot_ros2_control
[47.824s] Level 1:colcon.colcon_core.environment:checking '/home/pi/seav2/install/ball_tracker' for CMake module files
[47.835s] DEBUG:colcon.colcon_core.event_handler.log_command:Invoked command in '/home/pi/seav2/src/ball_tracker' returned '0': PYTHONPATH=/home/pi/seav2/build/ball_tracker/prefix_override:/usr/lib/python3/dist-packages/colcon_core/task/python/colcon_distutils_commands:/home/pi/seav2/install/ball_tracker/lib/python3.10/site-packages:${PYTHONPATH} /usr/bin/python3 -W ignore:setup.py install is deprecated -W ignore:easy_install command is deprecated setup.py egg_info --egg-base ../../build/ball_tracker build --build-base /home/pi/seav2/build/ball_tracker/build install --record /home/pi/seav2/build/ball_tracker/install.log --install-scripts $base/lib/ball_tracker --single-version-externally-managed install_data --force
[47.852s] Level 1:colcon.colcon_core.environment:checking '/home/pi/seav2/install/ball_tracker' for CMake config files
[47.910s] Level 1:colcon.colcon_core.environment:checking '/home/pi/seav2/install/ball_tracker/lib'
[47.926s] Level 1:colcon.colcon_core.environment:checking '/home/pi/seav2/install/ball_tracker/bin'
[47.929s] Level 1:colcon.colcon_core.environment:checking '/home/pi/seav2/install/ball_tracker/lib/pkgconfig/ball_tracker.pc'
[47.935s] Level 1:colcon.colcon_core.environment:checking '/home/pi/seav2/install/ball_tracker/lib/python3.10/site-packages'
[47.945s] Level 1:colcon.colcon_core.shell:create_environment_hook('ball_tracker', 'pythonpath')
[47.949s] INFO:colcon.colcon_core.shell:Creating environment hook '/home/pi/seav2/install/ball_tracker/share/ball_tracker/hook/pythonpath.ps1'
[47.971s] INFO:colcon.colcon_core.shell:Creating environment descriptor '/home/pi/seav2/install/ball_tracker/share/ball_tracker/hook/pythonpath.dsv'
[47.987s] INFO:colcon.colcon_core.shell:Creating environment hook '/home/pi/seav2/install/ball_tracker/share/ball_tracker/hook/pythonpath.sh'
[48.001s] Level 1:colcon.colcon_core.environment:checking '/home/pi/seav2/install/ball_tracker/bin'
[48.005s] Level 1:colcon.colcon_core.environment:create_environment_scripts_only(ball_tracker)
[48.019s] INFO:colcon.colcon_core.shell:Creating package script '/home/pi/seav2/install/ball_tracker/share/ball_tracker/package.ps1'
[48.031s] INFO:colcon.colcon_core.shell:Creating package descriptor '/home/pi/seav2/install/ball_tracker/share/ball_tracker/package.dsv'
[48.057s] INFO:colcon.colcon_core.shell:Creating package script '/home/pi/seav2/install/ball_tracker/share/ball_tracker/package.sh'
[48.074s] INFO:colcon.colcon_core.shell:Creating package script '/home/pi/seav2/install/ball_tracker/share/ball_tracker/package.bash'
[48.087s] INFO:colcon.colcon_core.shell:Creating package script '/home/pi/seav2/install/ball_tracker/share/ball_tracker/package.zsh'
[48.116s] Level 1:colcon.colcon_core.environment:create_file_with_runtime_dependencies(/home/pi/seav2/install/ball_tracker/share/colcon-core/packages/ball_tracker)
[50.843s] DEBUG:colcon.colcon_core.event_handler.log_command:Invoked command in '/home/pi/seav2/build/seav2_imu' returned '0': PYTHONPATH=/home/pi/seav2/build/seav2_imu/prefix_override:/usr/lib/python3/dist-packages/colcon_core/task/python/colcon_distutils_commands:/home/pi/seav2/install/seav2_imu/lib/python3.10/site-packages:${PYTHONPATH} /usr/bin/python3 -W ignore:setup.py install is deprecated -W ignore:easy_install command is deprecated setup.py develop --uninstall --editable --build-directory /home/pi/seav2/build/seav2_imu/build
[50.881s] DEBUG:colcon.colcon_core.event_handler.log_command:Invoking command in '/home/pi/seav2/src/seav2_imu': PYTHONPATH=/home/pi/seav2/build/seav2_imu/prefix_override:/usr/lib/python3/dist-packages/colcon_core/task/python/colcon_distutils_commands:/home/pi/seav2/install/seav2_imu/lib/python3.10/site-packages:${PYTHONPATH} /usr/bin/python3 -W ignore:setup.py install is deprecated -W ignore:easy_install command is deprecated setup.py egg_info --egg-base ../../build/seav2_imu build --build-base /home/pi/seav2/build/seav2_imu/build install --record /home/pi/seav2/build/seav2_imu/install.log --single-version-externally-managed install_data --force
[58.656s] Level 1:colcon.colcon_core.environment:checking '/home/pi/seav2/install/seav2_imu' for CMake module files
[58.660s] DEBUG:colcon.colcon_core.event_handler.log_command:Invoked command in '/home/pi/seav2/src/seav2_imu' returned '0': PYTHONPATH=/home/pi/seav2/build/seav2_imu/prefix_override:/usr/lib/python3/dist-packages/colcon_core/task/python/colcon_distutils_commands:/home/pi/seav2/install/seav2_imu/lib/python3.10/site-packages:${PYTHONPATH} /usr/bin/python3 -W ignore:setup.py install is deprecated -W ignore:easy_install command is deprecated setup.py egg_info --egg-base ../../build/seav2_imu build --build-base /home/pi/seav2/build/seav2_imu/build install --record /home/pi/seav2/build/seav2_imu/install.log --single-version-externally-managed install_data --force
[58.679s] Level 1:colcon.colcon_core.environment:checking '/home/pi/seav2/install/seav2_imu' for CMake config files
[58.738s] Level 1:colcon.colcon_core.environment:checking '/home/pi/seav2/install/seav2_imu/lib'
[58.750s] Level 1:colcon.colcon_core.environment:checking '/home/pi/seav2/install/seav2_imu/bin'
[58.754s] Level 1:colcon.colcon_core.environment:checking '/home/pi/seav2/install/seav2_imu/lib/pkgconfig/seav2_imu.pc'
[58.759s] Level 1:colcon.colcon_core.environment:checking '/home/pi/seav2/install/seav2_imu/lib/python3.10/site-packages'
[58.774s] Level 1:colcon.colcon_core.shell:create_environment_hook('seav2_imu', 'pythonpath')
[58.779s] INFO:colcon.colcon_core.shell:Creating environment hook '/home/pi/seav2/install/seav2_imu/share/seav2_imu/hook/pythonpath.ps1'
[58.804s] INFO:colcon.colcon_core.shell:Creating environment descriptor '/home/pi/seav2/install/seav2_imu/share/seav2_imu/hook/pythonpath.dsv'
[58.809s] INFO:colcon.colcon_core.shell:Creating environment hook '/home/pi/seav2/install/seav2_imu/share/seav2_imu/hook/pythonpath.sh'
[58.817s] Level 1:colcon.colcon_core.environment:checking '/home/pi/seav2/install/seav2_imu/bin'
[58.821s] Level 1:colcon.colcon_core.environment:create_environment_scripts_only(seav2_imu)
[58.849s] INFO:colcon.colcon_core.shell:Creating package script '/home/pi/seav2/install/seav2_imu/share/seav2_imu/package.ps1'
[58.865s] INFO:colcon.colcon_core.shell:Creating package descriptor '/home/pi/seav2/install/seav2_imu/share/seav2_imu/package.dsv'
[58.881s] INFO:colcon.colcon_core.shell:Creating package script '/home/pi/seav2/install/seav2_imu/share/seav2_imu/package.sh'
[58.891s] INFO:colcon.colcon_core.shell:Creating package script '/home/pi/seav2/install/seav2_imu/share/seav2_imu/package.bash'
[58.909s] INFO:colcon.colcon_core.shell:Creating package script '/home/pi/seav2/install/seav2_imu/share/seav2_imu/package.zsh'
[58.931s] Level 1:colcon.colcon_core.environment:create_file_with_runtime_dependencies(/home/pi/seav2/install/seav2_imu/share/colcon-core/packages/seav2_imu)
[59.963s] DEBUG:colcon.colcon_core.event_handler.log_command:Invoked command in '/home/pi/seav2/build/v4l2_camera' returned '0': CMAKE_PREFIX_PATH=${CMAKE_PREFIX_PATH}:/home/pi/seav2/install/seav2_imu:/home/pi/seav2/install/robot_cam_ros:/home/pi/seav2/install/ball_tracker:/home/pi/ss25/install/wheel_odometry:/home/pi/ss25/install/vup_2k7:/home/pi/ss25/install/summary:/home/pi/ss25/install/safety_control:/home/pi/ss25/install/project:/home/pi/ss25/install/my_slam:/home/pi/ss25/install/my_motor_driver:/home/pi/ss25/install/final:/home/pi/ss25/install/description:/home/pi/ss25/install/bringup_pkg:/home/pi/ss25/src/summary/install/summary:/home/pi/ss25/src/install/wheel_odometry:/home/pi/ss25/src/install/summary:/home/pi/ss25/src/install/safety_control:/home/pi/ss25/src/install/project:/home/pi/ss25/src/install/my_motor_driver:/home/pi/ss25/src/install/description:/home/pi/ss25/src/install/bringup_pkg:/home/pi/install/summary:/home/pi/demo_testing_9_april/seav/install/yolov8_ros:/home/pi/demo_testing_9_april/seav/install/static_tf_publisher:/home/pi/demo_testing_9_april/seav/install/seav_test_sensors:/home/pi/demo_testing_9_april/seav/install/my_robot_controller:/opt/ros/humble /usr/bin/cmake /home/pi/seav2/src/ros2_v4l2_camera -DCMAKE_INSTALL_PREFIX=/home/pi/seav2/install/v4l2_camera
[59.982s] DEBUG:colcon.colcon_core.event_handler.log_command:Invoking command in '/home/pi/seav2/build/v4l2_camera': CMAKE_PREFIX_PATH=${CMAKE_PREFIX_PATH}:/home/pi/seav2/install/seav2_imu:/home/pi/seav2/install/robot_cam_ros:/home/pi/seav2/install/ball_tracker:/home/pi/ss25/install/wheel_odometry:/home/pi/ss25/install/vup_2k7:/home/pi/ss25/install/summary:/home/pi/ss25/install/safety_control:/home/pi/ss25/install/project:/home/pi/ss25/install/my_slam:/home/pi/ss25/install/my_motor_driver:/home/pi/ss25/install/final:/home/pi/ss25/install/description:/home/pi/ss25/install/bringup_pkg:/home/pi/ss25/src/summary/install/summary:/home/pi/ss25/src/install/wheel_odometry:/home/pi/ss25/src/install/summary:/home/pi/ss25/src/install/safety_control:/home/pi/ss25/src/install/project:/home/pi/ss25/src/install/my_motor_driver:/home/pi/ss25/src/install/description:/home/pi/ss25/src/install/bringup_pkg:/home/pi/install/summary:/home/pi/demo_testing_9_april/seav/install/yolov8_ros:/home/pi/demo_testing_9_april/seav/install/static_tf_publisher:/home/pi/demo_testing_9_april/seav/install/seav_test_sensors:/home/pi/demo_testing_9_april/seav/install/my_robot_controller:/opt/ros/humble /usr/bin/cmake --build /home/pi/seav2/build/v4l2_camera -- -j4 -l4
[69.188s] Level 1:colcon.colcon_core.environment:create_environment_scripts_only(v4l2_camera)
[69.193s] DEBUG:colcon.colcon_core.event_handler.log_command:Invoked command in '/home/pi/seav2/build/v4l2_camera' returned '2': CMAKE_PREFIX_PATH=${CMAKE_PREFIX_PATH}:/home/pi/seav2/install/seav2_imu:/home/pi/seav2/install/robot_cam_ros:/home/pi/seav2/install/ball_tracker:/home/pi/ss25/install/wheel_odometry:/home/pi/ss25/install/vup_2k7:/home/pi/ss25/install/summary:/home/pi/ss25/install/safety_control:/home/pi/ss25/install/project:/home/pi/ss25/install/my_slam:/home/pi/ss25/install/my_motor_driver:/home/pi/ss25/install/final:/home/pi/ss25/install/description:/home/pi/ss25/install/bringup_pkg:/home/pi/ss25/src/summary/install/summary:/home/pi/ss25/src/install/wheel_odometry:/home/pi/ss25/src/install/summary:/home/pi/ss25/src/install/safety_control:/home/pi/ss25/src/install/project:/home/pi/ss25/src/install/my_motor_driver:/home/pi/ss25/src/install/description:/home/pi/ss25/src/install/bringup_pkg:/home/pi/install/summary:/home/pi/demo_testing_9_april/seav/install/yolov8_ros:/home/pi/demo_testing_9_april/seav/install/static_tf_publisher:/home/pi/demo_testing_9_april/seav/install/seav_test_sensors:/home/pi/demo_testing_9_april/seav/install/my_robot_controller:/opt/ros/humble /usr/bin/cmake --build /home/pi/seav2/build/v4l2_camera -- -j4 -l4
[69.199s] Level 1:colcon.colcon_core.environment:checking '/home/pi/seav2/install/v4l2_camera' for CMake module files
[69.209s] Level 1:colcon.colcon_core.environment:checking '/home/pi/seav2/install/v4l2_camera' for CMake config files
[69.218s] Level 1:colcon.colcon_core.environment:checking '/home/pi/seav2/install/v4l2_camera/bin'
[69.220s] Level 1:colcon.colcon_core.environment:checking '/home/pi/seav2/install/v4l2_camera/lib/pkgconfig/v4l2_camera.pc'
[69.223s] Level 1:colcon.colcon_core.environment:checking '/home/pi/seav2/install/v4l2_camera/lib/python3.10/site-packages'
[69.227s] Level 1:colcon.colcon_core.environment:checking '/home/pi/seav2/install/v4l2_camera/bin'
[69.231s] INFO:colcon.colcon_core.shell:Creating package script '/home/pi/seav2/install/v4l2_camera/share/v4l2_camera/package.ps1'
[69.241s] INFO:colcon.colcon_core.shell:Creating package descriptor '/home/pi/seav2/install/v4l2_camera/share/v4l2_camera/package.dsv'
[69.250s] INFO:colcon.colcon_core.shell:Creating package script '/home/pi/seav2/install/v4l2_camera/share/v4l2_camera/package.sh'
[69.259s] INFO:colcon.colcon_core.shell:Creating package script '/home/pi/seav2/install/v4l2_camera/share/v4l2_camera/package.bash'
[69.268s] INFO:colcon.colcon_core.shell:Creating package script '/home/pi/seav2/install/v4l2_camera/share/v4l2_camera/package.zsh'
[69.277s] Level 1:colcon.colcon_core.environment:create_file_with_runtime_dependencies(/home/pi/seav2/install/v4l2_camera/share/colcon-core/packages/v4l2_camera)
[83.160s] DEBUG:colcon.colcon_parallel_executor.executor.parallel:closing loop
[83.163s] DEBUG:colcon.colcon_parallel_executor.executor.parallel:loop closed
[83.165s] DEBUG:colcon.colcon_parallel_executor.executor.parallel:run_until_complete finished with '2'
[83.166s] DEBUG:colcon.colcon_core.event_reactor:joining thread
[83.236s] INFO:colcon.colcon_core.plugin_system:Skipping extension 'colcon_notification.desktop_notification.notify_send': Could not find 'notify-send'
[83.237s] INFO:colcon.colcon_core.plugin_system:Skipping extension 'colcon_notification.desktop_notification.terminal_notifier': Not used on non-Darwin systems
[83.237s] INFO:colcon.colcon_core.plugin_system:Skipping extension 'colcon_notification.desktop_notification.win32': Not used on non-Windows systems
[83.238s] INFO:colcon.colcon_notification.desktop_notification:Sending desktop notification using 'notify2'
[83.245s] DEBUG:colcon.colcon_notification.desktop_notification.notify2:Failed to initialize notify2: org.freedesktop.DBus.Error.ServiceUnknown: The name org.freedesktop.Notifications was not provided by any .service files
[83.246s] DEBUG:colcon.colcon_core.event_reactor:joined thread
[83.249s] INFO:colcon.colcon_core.shell:Creating prefix script '/home/pi/seav2/install/local_setup.ps1'
[83.260s] INFO:colcon.colcon_core.shell:Creating prefix util module '/home/pi/seav2/install/_local_setup_util_ps1.py'
[83.280s] INFO:colcon.colcon_core.shell:Creating prefix chain script '/home/pi/seav2/install/setup.ps1'
[83.323s] INFO:colcon.colcon_core.shell:Creating prefix script '/home/pi/seav2/install/local_setup.sh'
[83.330s] INFO:colcon.colcon_core.shell:Creating prefix util module '/home/pi/seav2/install/_local_setup_util_sh.py'
[83.337s] INFO:colcon.colcon_core.shell:Creating prefix chain script '/home/pi/seav2/install/setup.sh'
[83.381s] INFO:colcon.colcon_core.shell:Creating prefix script '/home/pi/seav2/install/local_setup.bash'
[83.387s] INFO:colcon.colcon_core.shell:Creating prefix chain script '/home/pi/seav2/install/setup.bash'
[83.429s] INFO:colcon.colcon_core.shell:Creating prefix script '/home/pi/seav2/install/local_setup.zsh'
[83.437s] INFO:colcon.colcon_core.shell:Creating prefix chain script '/home/pi/seav2/install/setup.zsh'
