[1.417s] DEBUG:colcon:Command line arguments: ['/usr/bin/colcon', 'build']
[1.418s] DEBUG:colcon:Parsed command line arguments: Namespace(log_base=None, log_level=None, verb_name='build', build_base='build', install_base='install', merge_install=False, symlink_install=False, test_result_base=None, continue_on_error=False, executor='parallel', parallel_workers=4, event_handlers=None, ignore_user_meta=False, metas=['./colcon.meta'], base_paths=['.'], packages_ignore=None, packages_ignore_regex=None, paths=None, packages_up_to=None, packages_up_to_regex=None, packages_above=None, packages_above_and_dependencies=None, packages_above_depth=None, packages_select_by_dep=None, packages_skip_by_dep=None, packages_skip_up_to=None, packages_select_build_failed=False, packages_skip_build_finished=False, packages_select_test_failures=False, packages_skip_test_passed=False, packages_select=None, packages_skip=None, packages_select_regex=None, packages_skip_regex=None, packages_start=None, packages_end=None, allow_overriding=[], cmake_args=None, cmake_target=None, cmake_target_skip_unavailable=False, cmake_clean_cache=False, cmake_clean_first=False, cmake_force_configure=False, ament_cmake_args=None, catkin_cmake_args=None, catkin_skip_building_tests=False, verb_parser=<colcon_defaults.argument_parser.defaults.DefaultArgumentsDecorator object at 0xffffb6181510>, verb_extension=<colcon_core.verb.build.BuildVerb object at 0xffffb631e980>, main=<bound method BuildVerb.main of <colcon_core.verb.build.BuildVerb object at 0xffffb631e980>>)
[4.141s] Level 1:colcon.colcon_core.package_discovery:discover_packages(colcon_meta) check parameters
[4.142s] Level 1:colcon.colcon_core.package_discovery:discover_packages(recursive) check parameters
[4.143s] Level 1:colcon.colcon_core.package_discovery:discover_packages(ignore) check parameters
[4.143s] Level 1:colcon.colcon_core.package_discovery:discover_packages(path) check parameters
[4.143s] Level 1:colcon.colcon_core.package_discovery:discover_packages(colcon_meta) discover
[4.144s] Level 1:colcon.colcon_core.package_discovery:discover_packages(recursive) discover
[4.145s] INFO:colcon.colcon_core.package_discovery:Crawling recursively for packages in '/home/pi/seav2'
[4.146s] Level 1:colcon.colcon_core.package_identification:_identify(.) by extensions ['ignore', 'ignore_ament_install']
[4.147s] Level 1:colcon.colcon_core.package_identification:_identify(.) by extension 'ignore'
[4.147s] Level 1:colcon.colcon_core.package_identification:_identify(.) by extension 'ignore_ament_install'
[4.148s] Level 1:colcon.colcon_core.package_identification:_identify(.) by extensions ['colcon_pkg']
[4.148s] Level 1:colcon.colcon_core.package_identification:_identify(.) by extension 'colcon_pkg'
[4.149s] Level 1:colcon.colcon_core.package_identification:_identify(.) by extensions ['colcon_meta']
[4.149s] Level 1:colcon.colcon_core.package_identification:_identify(.) by extension 'colcon_meta'
[4.150s] Level 1:colcon.colcon_core.package_identification:_identify(.) by extensions ['ros']
[4.150s] Level 1:colcon.colcon_core.package_identification:_identify(.) by extension 'ros'
[4.269s] Level 1:colcon.colcon_core.package_identification:_identify(.) by extensions ['cmake', 'python']
[4.270s] Level 1:colcon.colcon_core.package_identification:_identify(.) by extension 'cmake'
[4.271s] Level 1:colcon.colcon_core.package_identification:_identify(.) by extension 'python'
[4.272s] Level 1:colcon.colcon_core.package_identification:_identify(.) by extensions ['python_setup_py']
[4.272s] Level 1:colcon.colcon_core.package_identification:_identify(.) by extension 'python_setup_py'
[4.274s] Level 1:colcon.colcon_core.package_identification:_identify(build) by extensions ['ignore', 'ignore_ament_install']
[4.276s] Level 1:colcon.colcon_core.package_identification:_identify(build) by extension 'ignore'
[4.276s] Level 1:colcon.colcon_core.package_identification:_identify(build) ignored
[4.278s] Level 1:colcon.colcon_core.package_identification:_identify(install) by extensions ['ignore', 'ignore_ament_install']
[4.279s] Level 1:colcon.colcon_core.package_identification:_identify(install) by extension 'ignore'
[4.280s] Level 1:colcon.colcon_core.package_identification:_identify(install) ignored
[4.283s] Level 1:colcon.colcon_core.package_identification:_identify(log) by extensions ['ignore', 'ignore_ament_install']
[4.284s] Level 1:colcon.colcon_core.package_identification:_identify(log) by extension 'ignore'
[4.284s] Level 1:colcon.colcon_core.package_identification:_identify(log) ignored
[4.285s] Level 1:colcon.colcon_core.package_identification:_identify(src) by extensions ['ignore', 'ignore_ament_install']
[4.286s] Level 1:colcon.colcon_core.package_identification:_identify(src) by extension 'ignore'
[4.287s] Level 1:colcon.colcon_core.package_identification:_identify(src) by extension 'ignore_ament_install'
[4.287s] Level 1:colcon.colcon_core.package_identification:_identify(src) by extensions ['colcon_pkg']
[4.288s] Level 1:colcon.colcon_core.package_identification:_identify(src) by extension 'colcon_pkg'
[4.288s] Level 1:colcon.colcon_core.package_identification:_identify(src) by extensions ['colcon_meta']
[4.289s] Level 1:colcon.colcon_core.package_identification:_identify(src) by extension 'colcon_meta'
[4.289s] Level 1:colcon.colcon_core.package_identification:_identify(src) by extensions ['ros']
[4.290s] Level 1:colcon.colcon_core.package_identification:_identify(src) by extension 'ros'
[4.290s] Level 1:colcon.colcon_core.package_identification:_identify(src) by extensions ['cmake', 'python']
[4.291s] Level 1:colcon.colcon_core.package_identification:_identify(src) by extension 'cmake'
[4.291s] Level 1:colcon.colcon_core.package_identification:_identify(src) by extension 'python'
[4.292s] Level 1:colcon.colcon_core.package_identification:_identify(src) by extensions ['python_setup_py']
[4.292s] Level 1:colcon.colcon_core.package_identification:_identify(src) by extension 'python_setup_py'
[4.294s] Level 1:colcon.colcon_core.package_identification:_identify(src/ball_tracker) by extensions ['ignore', 'ignore_ament_install']
[4.295s] Level 1:colcon.colcon_core.package_identification:_identify(src/ball_tracker) by extension 'ignore'
[4.295s] Level 1:colcon.colcon_core.package_identification:_identify(src/ball_tracker) by extension 'ignore_ament_install'
[4.296s] Level 1:colcon.colcon_core.package_identification:_identify(src/ball_tracker) by extensions ['colcon_pkg']
[4.296s] Level 1:colcon.colcon_core.package_identification:_identify(src/ball_tracker) by extension 'colcon_pkg'
[4.297s] Level 1:colcon.colcon_core.package_identification:_identify(src/ball_tracker) by extensions ['colcon_meta']
[4.297s] Level 1:colcon.colcon_core.package_identification:_identify(src/ball_tracker) by extension 'colcon_meta'
[4.298s] Level 1:colcon.colcon_core.package_identification:_identify(src/ball_tracker) by extensions ['ros']
[4.298s] Level 1:colcon.colcon_core.package_identification:_identify(src/ball_tracker) by extension 'ros'
[4.324s] DEBUG:colcon.colcon_core.package_identification:Package 'src/ball_tracker' with type 'ros.ament_python' and name 'ball_tracker'
[4.325s] Level 1:colcon.colcon_core.package_identification:_identify(src/robot_cam_ros) by extensions ['ignore', 'ignore_ament_install']
[4.326s] Level 1:colcon.colcon_core.package_identification:_identify(src/robot_cam_ros) by extension 'ignore'
[4.327s] Level 1:colcon.colcon_core.package_identification:_identify(src/robot_cam_ros) by extension 'ignore_ament_install'
[4.328s] Level 1:colcon.colcon_core.package_identification:_identify(src/robot_cam_ros) by extensions ['colcon_pkg']
[4.328s] Level 1:colcon.colcon_core.package_identification:_identify(src/robot_cam_ros) by extension 'colcon_pkg'
[4.329s] Level 1:colcon.colcon_core.package_identification:_identify(src/robot_cam_ros) by extensions ['colcon_meta']
[4.329s] Level 1:colcon.colcon_core.package_identification:_identify(src/robot_cam_ros) by extension 'colcon_meta'
[4.330s] Level 1:colcon.colcon_core.package_identification:_identify(src/robot_cam_ros) by extensions ['ros']
[4.330s] Level 1:colcon.colcon_core.package_identification:_identify(src/robot_cam_ros) by extension 'ros'
[4.336s] DEBUG:colcon.colcon_core.package_identification:Package 'src/robot_cam_ros' with type 'ros.ament_python' and name 'robot_cam_ros'
[4.337s] Level 1:colcon.colcon_core.package_identification:_identify(src/ros2_v4l2_camera) by extensions ['ignore', 'ignore_ament_install']
[4.339s] Level 1:colcon.colcon_core.package_identification:_identify(src/ros2_v4l2_camera) by extension 'ignore'
[4.340s] Level 1:colcon.colcon_core.package_identification:_identify(src/ros2_v4l2_camera) by extension 'ignore_ament_install'
[4.341s] Level 1:colcon.colcon_core.package_identification:_identify(src/ros2_v4l2_camera) by extensions ['colcon_pkg']
[4.341s] Level 1:colcon.colcon_core.package_identification:_identify(src/ros2_v4l2_camera) by extension 'colcon_pkg'
[4.342s] Level 1:colcon.colcon_core.package_identification:_identify(src/ros2_v4l2_camera) by extensions ['colcon_meta']
[4.342s] Level 1:colcon.colcon_core.package_identification:_identify(src/ros2_v4l2_camera) by extension 'colcon_meta'
[4.343s] Level 1:colcon.colcon_core.package_identification:_identify(src/ros2_v4l2_camera) by extensions ['ros']
[4.343s] Level 1:colcon.colcon_core.package_identification:_identify(src/ros2_v4l2_camera) by extension 'ros'
[4.352s] DEBUG:colcon.colcon_core.package_identification:Package 'src/ros2_v4l2_camera' with type 'ros.ament_cmake' and name 'v4l2_camera'
[4.354s] Level 1:colcon.colcon_core.package_identification:_identify(src/seav-ii) by extensions ['ignore', 'ignore_ament_install']
[4.355s] Level 1:colcon.colcon_core.package_identification:_identify(src/seav-ii) by extension 'ignore'
[4.355s] Level 1:colcon.colcon_core.package_identification:_identify(src/seav-ii) by extension 'ignore_ament_install'
[4.356s] Level 1:colcon.colcon_core.package_identification:_identify(src/seav-ii) by extensions ['colcon_pkg']
[4.356s] Level 1:colcon.colcon_core.package_identification:_identify(src/seav-ii) by extension 'colcon_pkg'
[4.357s] Level 1:colcon.colcon_core.package_identification:_identify(src/seav-ii) by extensions ['colcon_meta']
[4.357s] Level 1:colcon.colcon_core.package_identification:_identify(src/seav-ii) by extension 'colcon_meta'
[4.358s] Level 1:colcon.colcon_core.package_identification:_identify(src/seav-ii) by extensions ['ros']
[4.358s] Level 1:colcon.colcon_core.package_identification:_identify(src/seav-ii) by extension 'ros'
[4.363s] DEBUG:colcon.colcon_core.package_identification:Failed to parse potential ROS package manifest in'src/seav-ii': Error(s) in package 'src/seav-ii/package.xml':
The manifest contains invalid XML:
junk after document element: line 21, column 0
[4.364s] Level 1:colcon.colcon_core.package_identification:_identify(src/seav-ii) by extensions ['cmake', 'python']
[4.364s] Level 1:colcon.colcon_core.package_identification:_identify(src/seav-ii) by extension 'cmake'
[4.365s] Level 1:colcon.colcon_core.package_identification:_identify(src/seav-ii) by extension 'python'
[4.365s] Level 1:colcon.colcon_core.package_identification:_identify(src/seav-ii) by extensions ['python_setup_py']
[4.366s] Level 1:colcon.colcon_core.package_identification:_identify(src/seav-ii) by extension 'python_setup_py'
[4.367s] Level 1:colcon.colcon_core.package_identification:_identify(src/seav-ii/build) by extensions ['ignore', 'ignore_ament_install']
[4.368s] Level 1:colcon.colcon_core.package_identification:_identify(src/seav-ii/build) by extension 'ignore'
[4.369s] Level 1:colcon.colcon_core.package_identification:_identify(src/seav-ii/build) ignored
[4.370s] Level 1:colcon.colcon_core.package_identification:_identify(src/seav-ii/carlikebot_ros2_control) by extensions ['ignore', 'ignore_ament_install']
[4.371s] Level 1:colcon.colcon_core.package_identification:_identify(src/seav-ii/carlikebot_ros2_control) by extension 'ignore'
[4.372s] Level 1:colcon.colcon_core.package_identification:_identify(src/seav-ii/carlikebot_ros2_control) by extension 'ignore_ament_install'
[4.372s] Level 1:colcon.colcon_core.package_identification:_identify(src/seav-ii/carlikebot_ros2_control) by extensions ['colcon_pkg']
[4.373s] Level 1:colcon.colcon_core.package_identification:_identify(src/seav-ii/carlikebot_ros2_control) by extension 'colcon_pkg'
[4.373s] Level 1:colcon.colcon_core.package_identification:_identify(src/seav-ii/carlikebot_ros2_control) by extensions ['colcon_meta']
[4.374s] Level 1:colcon.colcon_core.package_identification:_identify(src/seav-ii/carlikebot_ros2_control) by extension 'colcon_meta'
[4.374s] Level 1:colcon.colcon_core.package_identification:_identify(src/seav-ii/carlikebot_ros2_control) by extensions ['ros']
[4.375s] Level 1:colcon.colcon_core.package_identification:_identify(src/seav-ii/carlikebot_ros2_control) by extension 'ros'
[4.376s] Level 1:colcon.colcon_core.package_identification:_identify(src/seav-ii/carlikebot_ros2_control) by extensions ['cmake', 'python']
[4.377s] Level 1:colcon.colcon_core.package_identification:_identify(src/seav-ii/carlikebot_ros2_control) by extension 'cmake'
[4.377s] Level 1:colcon.colcon_core.package_identification:_identify(src/seav-ii/carlikebot_ros2_control) by extension 'python'
[4.378s] Level 1:colcon.colcon_core.package_identification:_identify(src/seav-ii/carlikebot_ros2_control) by extensions ['python_setup_py']
[4.378s] Level 1:colcon.colcon_core.package_identification:_identify(src/seav-ii/carlikebot_ros2_control) by extension 'python_setup_py'
[4.380s] Level 1:colcon.colcon_core.package_identification:_identify(src/seav-ii/carlikebot_ros2_control/carlikebot_ros2_control) by extensions ['ignore', 'ignore_ament_install']
[4.381s] Level 1:colcon.colcon_core.package_identification:_identify(src/seav-ii/carlikebot_ros2_control/carlikebot_ros2_control) by extension 'ignore'
[4.382s] Level 1:colcon.colcon_core.package_identification:_identify(src/seav-ii/carlikebot_ros2_control/carlikebot_ros2_control) by extension 'ignore_ament_install'
[4.383s] Level 1:colcon.colcon_core.package_identification:_identify(src/seav-ii/carlikebot_ros2_control/carlikebot_ros2_control) by extensions ['colcon_pkg']
[4.383s] Level 1:colcon.colcon_core.package_identification:_identify(src/seav-ii/carlikebot_ros2_control/carlikebot_ros2_control) by extension 'colcon_pkg'
[4.383s] Level 1:colcon.colcon_core.package_identification:_identify(src/seav-ii/carlikebot_ros2_control/carlikebot_ros2_control) by extensions ['colcon_meta']
[4.384s] Level 1:colcon.colcon_core.package_identification:_identify(src/seav-ii/carlikebot_ros2_control/carlikebot_ros2_control) by extension 'colcon_meta'
[4.385s] Level 1:colcon.colcon_core.package_identification:_identify(src/seav-ii/carlikebot_ros2_control/carlikebot_ros2_control) by extensions ['ros']
[4.385s] Level 1:colcon.colcon_core.package_identification:_identify(src/seav-ii/carlikebot_ros2_control/carlikebot_ros2_control) by extension 'ros'
[4.399s] DEBUG:colcon.colcon_core.package_identification:Package 'src/seav-ii/carlikebot_ros2_control/carlikebot_ros2_control' with type 'ros.ament_cmake' and name 'carlikebot_ros2_control'
[4.401s] Level 1:colcon.colcon_core.package_identification:_identify(src/seav-ii/carlikebot_ros2_control/ros2_control_demo_description) by extensions ['ignore', 'ignore_ament_install']
[4.402s] Level 1:colcon.colcon_core.package_identification:_identify(src/seav-ii/carlikebot_ros2_control/ros2_control_demo_description) by extension 'ignore'
[4.402s] Level 1:colcon.colcon_core.package_identification:_identify(src/seav-ii/carlikebot_ros2_control/ros2_control_demo_description) by extension 'ignore_ament_install'
[4.403s] Level 1:colcon.colcon_core.package_identification:_identify(src/seav-ii/carlikebot_ros2_control/ros2_control_demo_description) by extensions ['colcon_pkg']
[4.403s] Level 1:colcon.colcon_core.package_identification:_identify(src/seav-ii/carlikebot_ros2_control/ros2_control_demo_description) by extension 'colcon_pkg'
[4.404s] Level 1:colcon.colcon_core.package_identification:_identify(src/seav-ii/carlikebot_ros2_control/ros2_control_demo_description) by extensions ['colcon_meta']
[4.404s] Level 1:colcon.colcon_core.package_identification:_identify(src/seav-ii/carlikebot_ros2_control/ros2_control_demo_description) by extension 'colcon_meta'
[4.405s] Level 1:colcon.colcon_core.package_identification:_identify(src/seav-ii/carlikebot_ros2_control/ros2_control_demo_description) by extensions ['ros']
[4.406s] Level 1:colcon.colcon_core.package_identification:_identify(src/seav-ii/carlikebot_ros2_control/ros2_control_demo_description) by extension 'ros'
[4.411s] DEBUG:colcon.colcon_core.package_identification:Package 'src/seav-ii/carlikebot_ros2_control/ros2_control_demo_description' with type 'ros.ament_cmake' and name 'ros2_control_demo_description'
[4.413s] Level 1:colcon.colcon_core.package_identification:_identify(src/seav-ii/install) by extensions ['ignore', 'ignore_ament_install']
[4.415s] Level 1:colcon.colcon_core.package_identification:_identify(src/seav-ii/install) by extension 'ignore'
[4.415s] Level 1:colcon.colcon_core.package_identification:_identify(src/seav-ii/install) ignored
[4.417s] Level 1:colcon.colcon_core.package_identification:_identify(src/seav-ii/log) by extensions ['ignore', 'ignore_ament_install']
[4.418s] Level 1:colcon.colcon_core.package_identification:_identify(src/seav-ii/log) by extension 'ignore'
[4.418s] Level 1:colcon.colcon_core.package_identification:_identify(src/seav-ii/log) ignored
[4.420s] Level 1:colcon.colcon_core.package_identification:_identify(src/seav-ii/ros_arduino_bridge) by extensions ['ignore', 'ignore_ament_install']
[4.420s] Level 1:colcon.colcon_core.package_identification:_identify(src/seav-ii/ros_arduino_bridge) by extension 'ignore'
[4.421s] Level 1:colcon.colcon_core.package_identification:_identify(src/seav-ii/ros_arduino_bridge) ignored
[4.422s] Level 1:colcon.colcon_core.package_identification:_identify(src/seav-ii/seav2) by extensions ['ignore', 'ignore_ament_install']
[4.423s] Level 1:colcon.colcon_core.package_identification:_identify(src/seav-ii/seav2) by extension 'ignore'
[4.424s] Level 1:colcon.colcon_core.package_identification:_identify(src/seav-ii/seav2) by extension 'ignore_ament_install'
[4.424s] Level 1:colcon.colcon_core.package_identification:_identify(src/seav-ii/seav2) by extensions ['colcon_pkg']
[4.425s] Level 1:colcon.colcon_core.package_identification:_identify(src/seav-ii/seav2) by extension 'colcon_pkg'
[4.425s] Level 1:colcon.colcon_core.package_identification:_identify(src/seav-ii/seav2) by extensions ['colcon_meta']
[4.426s] Level 1:colcon.colcon_core.package_identification:_identify(src/seav-ii/seav2) by extension 'colcon_meta'
[4.426s] Level 1:colcon.colcon_core.package_identification:_identify(src/seav-ii/seav2) by extensions ['ros']
[4.427s] Level 1:colcon.colcon_core.package_identification:_identify(src/seav-ii/seav2) by extension 'ros'
[4.432s] DEBUG:colcon.colcon_core.package_identification:Package 'src/seav-ii/seav2' with type 'ros.ament_cmake' and name 'seav2'
[4.433s] Level 1:colcon.colcon_core.package_identification:_identify(src/seav2_imu) by extensions ['ignore', 'ignore_ament_install']
[4.434s] Level 1:colcon.colcon_core.package_identification:_identify(src/seav2_imu) by extension 'ignore'
[4.435s] Level 1:colcon.colcon_core.package_identification:_identify(src/seav2_imu) by extension 'ignore_ament_install'
[4.435s] Level 1:colcon.colcon_core.package_identification:_identify(src/seav2_imu) by extensions ['colcon_pkg']
[4.436s] Level 1:colcon.colcon_core.package_identification:_identify(src/seav2_imu) by extension 'colcon_pkg'
[4.436s] Level 1:colcon.colcon_core.package_identification:_identify(src/seav2_imu) by extensions ['colcon_meta']
[4.436s] Level 1:colcon.colcon_core.package_identification:_identify(src/seav2_imu) by extension 'colcon_meta'
[4.437s] Level 1:colcon.colcon_core.package_identification:_identify(src/seav2_imu) by extensions ['ros']
[4.438s] Level 1:colcon.colcon_core.package_identification:_identify(src/seav2_imu) by extension 'ros'
[4.444s] DEBUG:colcon.colcon_core.package_identification:Package 'src/seav2_imu' with type 'ros.ament_python' and name 'seav2_imu'
[4.446s] Level 1:colcon.colcon_core.package_identification:_identify(src/serial) by extensions ['ignore', 'ignore_ament_install']
[4.447s] Level 1:colcon.colcon_core.package_identification:_identify(src/serial) by extension 'ignore'
[4.447s] Level 1:colcon.colcon_core.package_identification:_identify(src/serial) by extension 'ignore_ament_install'
[4.448s] Level 1:colcon.colcon_core.package_identification:_identify(src/serial) by extensions ['colcon_pkg']
[4.448s] Level 1:colcon.colcon_core.package_identification:_identify(src/serial) by extension 'colcon_pkg'
[4.449s] Level 1:colcon.colcon_core.package_identification:_identify(src/serial) by extensions ['colcon_meta']
[4.449s] Level 1:colcon.colcon_core.package_identification:_identify(src/serial) by extension 'colcon_meta'
[4.450s] Level 1:colcon.colcon_core.package_identification:_identify(src/serial) by extensions ['ros']
[4.450s] Level 1:colcon.colcon_core.package_identification:_identify(src/serial) by extension 'ros'
[4.456s] DEBUG:colcon.colcon_core.package_identification:Package 'src/serial' with type 'ros.ament_cmake' and name 'serial'
[4.457s] Level 1:colcon.colcon_core.package_discovery:discover_packages(recursive) using defaults
[4.457s] Level 1:colcon.colcon_core.package_discovery:discover_packages(ignore) discover
[4.458s] Level 1:colcon.colcon_core.package_discovery:discover_packages(ignore) using defaults
[4.458s] Level 1:colcon.colcon_core.package_discovery:discover_packages(path) discover
[4.458s] Level 1:colcon.colcon_core.package_discovery:discover_packages(path) using defaults
[4.783s] Level 1:colcon.colcon_core.package_discovery:discover_packages(prefix_path) check parameters
[4.784s] Level 1:colcon.colcon_core.package_discovery:discover_packages(prefix_path) discover
[4.833s] DEBUG:colcon.colcon_installed_package_information.package_discovery:Found 8 installed packages in /home/pi/seav2/install
[4.844s] DEBUG:colcon.colcon_installed_package_information.package_discovery:Found 11 installed packages in /home/pi/ss25/install
[4.852s] DEBUG:colcon.colcon_installed_package_information.package_discovery:Found 0 installed packages in /home/pi/ss25/src/description/description/install
[4.857s] DEBUG:colcon.colcon_installed_package_information.package_discovery:Found 1 installed packages in /home/pi/ss25/src/summary/install
[4.867s] DEBUG:colcon.colcon_installed_package_information.package_discovery:Found 8 installed packages in /home/pi/ss25/src/install
[4.885s] DEBUG:colcon.colcon_installed_package_information.package_discovery:Found 8 installed packages in /home/pi/demo_testing_9_april/seav/install
[4.890s] DEBUG:colcon.colcon_installed_package_information.package_discovery:Found 1 installed packages in /home/pi/install
[4.927s] DEBUG:colcon.colcon_installed_package_information.package_discovery:Found 369 installed packages in /opt/ros/humble
[4.952s] Level 1:colcon.colcon_core.package_discovery:discover_packages(prefix_path) using defaults
[5.592s] Level 5:colcon.colcon_core.verb:set package 'ball_tracker' build argument 'cmake_args' from command line to 'None'
[5.593s] Level 5:colcon.colcon_core.verb:set package 'ball_tracker' build argument 'cmake_target' from command line to 'None'
[5.593s] Level 5:colcon.colcon_core.verb:set package 'ball_tracker' build argument 'cmake_target_skip_unavailable' from command line to 'False'
[5.594s] Level 5:colcon.colcon_core.verb:set package 'ball_tracker' build argument 'cmake_clean_cache' from command line to 'False'
[5.594s] Level 5:colcon.colcon_core.verb:set package 'ball_tracker' build argument 'cmake_clean_first' from command line to 'False'
[5.594s] Level 5:colcon.colcon_core.verb:set package 'ball_tracker' build argument 'cmake_force_configure' from command line to 'False'
[5.595s] Level 5:colcon.colcon_core.verb:set package 'ball_tracker' build argument 'ament_cmake_args' from command line to 'None'
[5.595s] Level 5:colcon.colcon_core.verb:set package 'ball_tracker' build argument 'catkin_cmake_args' from command line to 'None'
[5.595s] Level 5:colcon.colcon_core.verb:set package 'ball_tracker' build argument 'catkin_skip_building_tests' from command line to 'False'
[5.596s] DEBUG:colcon.colcon_core.verb:Building package 'ball_tracker' with the following arguments: {'ament_cmake_args': None, 'build_base': '/home/pi/seav2/build/ball_tracker', 'catkin_cmake_args': None, 'catkin_skip_building_tests': False, 'cmake_args': None, 'cmake_clean_cache': False, 'cmake_clean_first': False, 'cmake_force_configure': False, 'cmake_target': None, 'cmake_target_skip_unavailable': False, 'install_base': '/home/pi/seav2/install/ball_tracker', 'merge_install': False, 'path': '/home/pi/seav2/src/ball_tracker', 'symlink_install': False, 'test_result_base': None}
[5.600s] Level 5:colcon.colcon_core.verb:set package 'robot_cam_ros' build argument 'cmake_args' from command line to 'None'
[5.601s] Level 5:colcon.colcon_core.verb:set package 'robot_cam_ros' build argument 'cmake_target' from command line to 'None'
[5.601s] Level 5:colcon.colcon_core.verb:set package 'robot_cam_ros' build argument 'cmake_target_skip_unavailable' from command line to 'False'
[5.601s] Level 5:colcon.colcon_core.verb:set package 'robot_cam_ros' build argument 'cmake_clean_cache' from command line to 'False'
[5.602s] Level 5:colcon.colcon_core.verb:set package 'robot_cam_ros' build argument 'cmake_clean_first' from command line to 'False'
[5.602s] Level 5:colcon.colcon_core.verb:set package 'robot_cam_ros' build argument 'cmake_force_configure' from command line to 'False'
[5.602s] Level 5:colcon.colcon_core.verb:set package 'robot_cam_ros' build argument 'ament_cmake_args' from command line to 'None'
[5.603s] Level 5:colcon.colcon_core.verb:set package 'robot_cam_ros' build argument 'catkin_cmake_args' from command line to 'None'
[5.603s] Level 5:colcon.colcon_core.verb:set package 'robot_cam_ros' build argument 'catkin_skip_building_tests' from command line to 'False'
[5.603s] DEBUG:colcon.colcon_core.verb:Building package 'robot_cam_ros' with the following arguments: {'ament_cmake_args': None, 'build_base': '/home/pi/seav2/build/robot_cam_ros', 'catkin_cmake_args': None, 'catkin_skip_building_tests': False, 'cmake_args': None, 'cmake_clean_cache': False, 'cmake_clean_first': False, 'cmake_force_configure': False, 'cmake_target': None, 'cmake_target_skip_unavailable': False, 'install_base': '/home/pi/seav2/install/robot_cam_ros', 'merge_install': False, 'path': '/home/pi/seav2/src/robot_cam_ros', 'symlink_install': False, 'test_result_base': None}
[5.607s] Level 5:colcon.colcon_core.verb:set package 'ros2_control_demo_description' build argument 'cmake_args' from command line to 'None'
[5.608s] Level 5:colcon.colcon_core.verb:set package 'ros2_control_demo_description' build argument 'cmake_target' from command line to 'None'
[5.608s] Level 5:colcon.colcon_core.verb:set package 'ros2_control_demo_description' build argument 'cmake_target_skip_unavailable' from command line to 'False'
[5.608s] Level 5:colcon.colcon_core.verb:set package 'ros2_control_demo_description' build argument 'cmake_clean_cache' from command line to 'False'
[5.609s] Level 5:colcon.colcon_core.verb:set package 'ros2_control_demo_description' build argument 'cmake_clean_first' from command line to 'False'
[5.609s] Level 5:colcon.colcon_core.verb:set package 'ros2_control_demo_description' build argument 'cmake_force_configure' from command line to 'False'
[5.609s] Level 5:colcon.colcon_core.verb:set package 'ros2_control_demo_description' build argument 'ament_cmake_args' from command line to 'None'
[5.610s] Level 5:colcon.colcon_core.verb:set package 'ros2_control_demo_description' build argument 'catkin_cmake_args' from command line to 'None'
[5.610s] Level 5:colcon.colcon_core.verb:set package 'ros2_control_demo_description' build argument 'catkin_skip_building_tests' from command line to 'False'
[5.610s] DEBUG:colcon.colcon_core.verb:Building package 'ros2_control_demo_description' with the following arguments: {'ament_cmake_args': None, 'build_base': '/home/pi/seav2/build/ros2_control_demo_description', 'catkin_cmake_args': None, 'catkin_skip_building_tests': False, 'cmake_args': None, 'cmake_clean_cache': False, 'cmake_clean_first': False, 'cmake_force_configure': False, 'cmake_target': None, 'cmake_target_skip_unavailable': False, 'install_base': '/home/pi/seav2/install/ros2_control_demo_description', 'merge_install': False, 'path': '/home/pi/seav2/src/seav-ii/carlikebot_ros2_control/ros2_control_demo_description', 'symlink_install': False, 'test_result_base': None}
[5.615s] Level 5:colcon.colcon_core.verb:set package 'seav2' build argument 'cmake_args' from command line to 'None'
[5.615s] Level 5:colcon.colcon_core.verb:set package 'seav2' build argument 'cmake_target' from command line to 'None'
[5.615s] Level 5:colcon.colcon_core.verb:set package 'seav2' build argument 'cmake_target_skip_unavailable' from command line to 'False'
[5.616s] Level 5:colcon.colcon_core.verb:set package 'seav2' build argument 'cmake_clean_cache' from command line to 'False'
[5.616s] Level 5:colcon.colcon_core.verb:set package 'seav2' build argument 'cmake_clean_first' from command line to 'False'
[5.616s] Level 5:colcon.colcon_core.verb:set package 'seav2' build argument 'cmake_force_configure' from command line to 'False'
[5.617s] Level 5:colcon.colcon_core.verb:set package 'seav2' build argument 'ament_cmake_args' from command line to 'None'
[5.617s] Level 5:colcon.colcon_core.verb:set package 'seav2' build argument 'catkin_cmake_args' from command line to 'None'
[5.617s] Level 5:colcon.colcon_core.verb:set package 'seav2' build argument 'catkin_skip_building_tests' from command line to 'False'
[5.618s] DEBUG:colcon.colcon_core.verb:Building package 'seav2' with the following arguments: {'ament_cmake_args': None, 'build_base': '/home/pi/seav2/build/seav2', 'catkin_cmake_args': None, 'catkin_skip_building_tests': False, 'cmake_args': None, 'cmake_clean_cache': False, 'cmake_clean_first': False, 'cmake_force_configure': False, 'cmake_target': None, 'cmake_target_skip_unavailable': False, 'install_base': '/home/pi/seav2/install/seav2', 'merge_install': False, 'path': '/home/pi/seav2/src/seav-ii/seav2', 'symlink_install': False, 'test_result_base': None}
[5.622s] Level 5:colcon.colcon_core.verb:set package 'seav2_imu' build argument 'cmake_args' from command line to 'None'
[5.622s] Level 5:colcon.colcon_core.verb:set package 'seav2_imu' build argument 'cmake_target' from command line to 'None'
[5.622s] Level 5:colcon.colcon_core.verb:set package 'seav2_imu' build argument 'cmake_target_skip_unavailable' from command line to 'False'
[5.623s] Level 5:colcon.colcon_core.verb:set package 'seav2_imu' build argument 'cmake_clean_cache' from command line to 'False'
[5.623s] Level 5:colcon.colcon_core.verb:set package 'seav2_imu' build argument 'cmake_clean_first' from command line to 'False'
[5.623s] Level 5:colcon.colcon_core.verb:set package 'seav2_imu' build argument 'cmake_force_configure' from command line to 'False'
[5.624s] Level 5:colcon.colcon_core.verb:set package 'seav2_imu' build argument 'ament_cmake_args' from command line to 'None'
[5.624s] Level 5:colcon.colcon_core.verb:set package 'seav2_imu' build argument 'catkin_cmake_args' from command line to 'None'
[5.624s] Level 5:colcon.colcon_core.verb:set package 'seav2_imu' build argument 'catkin_skip_building_tests' from command line to 'False'
[5.625s] DEBUG:colcon.colcon_core.verb:Building package 'seav2_imu' with the following arguments: {'ament_cmake_args': None, 'build_base': '/home/pi/seav2/build/seav2_imu', 'catkin_cmake_args': None, 'catkin_skip_building_tests': False, 'cmake_args': None, 'cmake_clean_cache': False, 'cmake_clean_first': False, 'cmake_force_configure': False, 'cmake_target': None, 'cmake_target_skip_unavailable': False, 'install_base': '/home/pi/seav2/install/seav2_imu', 'merge_install': False, 'path': '/home/pi/seav2/src/seav2_imu', 'symlink_install': False, 'test_result_base': None}
[5.629s] Level 5:colcon.colcon_core.verb:set package 'serial' build argument 'cmake_args' from command line to 'None'
[5.629s] Level 5:colcon.colcon_core.verb:set package 'serial' build argument 'cmake_target' from command line to 'None'
[5.629s] Level 5:colcon.colcon_core.verb:set package 'serial' build argument 'cmake_target_skip_unavailable' from command line to 'False'
[5.630s] Level 5:colcon.colcon_core.verb:set package 'serial' build argument 'cmake_clean_cache' from command line to 'False'
[5.630s] Level 5:colcon.colcon_core.verb:set package 'serial' build argument 'cmake_clean_first' from command line to 'False'
[5.630s] Level 5:colcon.colcon_core.verb:set package 'serial' build argument 'cmake_force_configure' from command line to 'False'
[5.631s] Level 5:colcon.colcon_core.verb:set package 'serial' build argument 'ament_cmake_args' from command line to 'None'
[5.631s] Level 5:colcon.colcon_core.verb:set package 'serial' build argument 'catkin_cmake_args' from command line to 'None'
[5.631s] Level 5:colcon.colcon_core.verb:set package 'serial' build argument 'catkin_skip_building_tests' from command line to 'False'
[5.632s] DEBUG:colcon.colcon_core.verb:Building package 'serial' with the following arguments: {'ament_cmake_args': None, 'build_base': '/home/pi/seav2/build/serial', 'catkin_cmake_args': None, 'catkin_skip_building_tests': False, 'cmake_args': None, 'cmake_clean_cache': False, 'cmake_clean_first': False, 'cmake_force_configure': False, 'cmake_target': None, 'cmake_target_skip_unavailable': False, 'install_base': '/home/pi/seav2/install/serial', 'merge_install': False, 'path': '/home/pi/seav2/src/serial', 'symlink_install': False, 'test_result_base': None}
[5.636s] Level 5:colcon.colcon_core.verb:set package 'v4l2_camera' build argument 'cmake_args' from command line to 'None'
[5.636s] Level 5:colcon.colcon_core.verb:set package 'v4l2_camera' build argument 'cmake_target' from command line to 'None'
[5.637s] Level 5:colcon.colcon_core.verb:set package 'v4l2_camera' build argument 'cmake_target_skip_unavailable' from command line to 'False'
[5.637s] Level 5:colcon.colcon_core.verb:set package 'v4l2_camera' build argument 'cmake_clean_cache' from command line to 'False'
[5.637s] Level 5:colcon.colcon_core.verb:set package 'v4l2_camera' build argument 'cmake_clean_first' from command line to 'False'
[5.637s] Level 5:colcon.colcon_core.verb:set package 'v4l2_camera' build argument 'cmake_force_configure' from command line to 'False'
[5.638s] Level 5:colcon.colcon_core.verb:set package 'v4l2_camera' build argument 'ament_cmake_args' from command line to 'None'
[5.638s] Level 5:colcon.colcon_core.verb:set package 'v4l2_camera' build argument 'catkin_cmake_args' from command line to 'None'
[5.638s] Level 5:colcon.colcon_core.verb:set package 'v4l2_camera' build argument 'catkin_skip_building_tests' from command line to 'False'
[5.639s] DEBUG:colcon.colcon_core.verb:Building package 'v4l2_camera' with the following arguments: {'ament_cmake_args': None, 'build_base': '/home/pi/seav2/build/v4l2_camera', 'catkin_cmake_args': None, 'catkin_skip_building_tests': False, 'cmake_args': None, 'cmake_clean_cache': False, 'cmake_clean_first': False, 'cmake_force_configure': False, 'cmake_target': None, 'cmake_target_skip_unavailable': False, 'install_base': '/home/pi/seav2/install/v4l2_camera', 'merge_install': False, 'path': '/home/pi/seav2/src/ros2_v4l2_camera', 'symlink_install': False, 'test_result_base': None}
[5.643s] Level 5:colcon.colcon_core.verb:set package 'carlikebot_ros2_control' build argument 'cmake_args' from command line to 'None'
[5.643s] Level 5:colcon.colcon_core.verb:set package 'carlikebot_ros2_control' build argument 'cmake_target' from command line to 'None'
[5.643s] Level 5:colcon.colcon_core.verb:set package 'carlikebot_ros2_control' build argument 'cmake_target_skip_unavailable' from command line to 'False'
[5.644s] Level 5:colcon.colcon_core.verb:set package 'carlikebot_ros2_control' build argument 'cmake_clean_cache' from command line to 'False'
[5.644s] Level 5:colcon.colcon_core.verb:set package 'carlikebot_ros2_control' build argument 'cmake_clean_first' from command line to 'False'
[5.644s] Level 5:colcon.colcon_core.verb:set package 'carlikebot_ros2_control' build argument 'cmake_force_configure' from command line to 'False'
[5.645s] Level 5:colcon.colcon_core.verb:set package 'carlikebot_ros2_control' build argument 'ament_cmake_args' from command line to 'None'
[5.645s] Level 5:colcon.colcon_core.verb:set package 'carlikebot_ros2_control' build argument 'catkin_cmake_args' from command line to 'None'
[5.645s] Level 5:colcon.colcon_core.verb:set package 'carlikebot_ros2_control' build argument 'catkin_skip_building_tests' from command line to 'False'
[5.646s] DEBUG:colcon.colcon_core.verb:Building package 'carlikebot_ros2_control' with the following arguments: {'ament_cmake_args': None, 'build_base': '/home/pi/seav2/build/carlikebot_ros2_control', 'catkin_cmake_args': None, 'catkin_skip_building_tests': False, 'cmake_args': None, 'cmake_clean_cache': False, 'cmake_clean_first': False, 'cmake_force_configure': False, 'cmake_target': None, 'cmake_target_skip_unavailable': False, 'install_base': '/home/pi/seav2/install/carlikebot_ros2_control', 'merge_install': False, 'path': '/home/pi/seav2/src/seav-ii/carlikebot_ros2_control/carlikebot_ros2_control', 'symlink_install': False, 'test_result_base': None}
[5.647s] INFO:colcon.colcon_core.executor:Executing jobs using 'parallel' executor
[5.655s] DEBUG:colcon.colcon_parallel_executor.executor.parallel:run_until_complete
[5.657s] INFO:colcon.colcon_ros.task.ament_cmake.build:Building ROS package in '/home/pi/seav2/src/seav-ii/carlikebot_ros2_control/ros2_control_demo_description' with build type 'ament_cmake'
[5.658s] INFO:colcon.colcon_cmake.task.cmake.build:Building CMake package in '/home/pi/seav2/src/seav-ii/carlikebot_ros2_control/ros2_control_demo_description'
[5.692s] INFO:colcon.colcon_core.plugin_system:Skipping extension 'colcon_core.shell.bat': Not used on non-Windows systems
[5.694s] INFO:colcon.colcon_core.shell:Skip shell extension 'powershell' for command environment: Not usable outside of PowerShell
[5.695s] DEBUG:colcon.colcon_core.shell:Skip shell extension 'dsv' for command environment
[5.822s] INFO:colcon.colcon_ros.task.ament_cmake.build:Building ROS package in '/home/pi/seav2/src/serial' with build type 'ament_cmake'
[5.824s] INFO:colcon.colcon_cmake.task.cmake.build:Building CMake package in '/home/pi/seav2/src/serial'
[5.826s] INFO:colcon.colcon_core.shell:Skip shell extension 'powershell' for command environment: Not usable outside of PowerShell
[5.827s] DEBUG:colcon.colcon_core.shell:Skip shell extension 'dsv' for command environment
[5.955s] INFO:colcon.colcon_ros.task.ament_python.build:Building ROS package in '/home/pi/seav2/src/ball_tracker' with build type 'ament_python'
[5.957s] Level 1:colcon.colcon_core.shell:create_environment_hook('ball_tracker', 'ament_prefix_path')
[5.961s] INFO:colcon.colcon_core.shell:Creating environment hook '/home/pi/seav2/install/ball_tracker/share/ball_tracker/hook/ament_prefix_path.ps1'
[5.967s] INFO:colcon.colcon_core.shell:Creating environment descriptor '/home/pi/seav2/install/ball_tracker/share/ball_tracker/hook/ament_prefix_path.dsv'
[5.972s] INFO:colcon.colcon_core.shell:Creating environment hook '/home/pi/seav2/install/ball_tracker/share/ball_tracker/hook/ament_prefix_path.sh'
[5.982s] INFO:colcon.colcon_core.shell:Skip shell extension 'powershell' for command environment: Not usable outside of PowerShell
[5.982s] DEBUG:colcon.colcon_core.shell:Skip shell extension 'dsv' for command environment
[6.108s] INFO:colcon.colcon_ros.task.ament_python.build:Building ROS package in '/home/pi/seav2/src/robot_cam_ros' with build type 'ament_python'
[6.110s] Level 1:colcon.colcon_core.shell:create_environment_hook('robot_cam_ros', 'ament_prefix_path')
[6.113s] INFO:colcon.colcon_core.shell:Creating environment hook '/home/pi/seav2/install/robot_cam_ros/share/robot_cam_ros/hook/ament_prefix_path.ps1'
[6.120s] INFO:colcon.colcon_core.shell:Creating environment descriptor '/home/pi/seav2/install/robot_cam_ros/share/robot_cam_ros/hook/ament_prefix_path.dsv'
[6.125s] INFO:colcon.colcon_core.shell:Creating environment hook '/home/pi/seav2/install/robot_cam_ros/share/robot_cam_ros/hook/ament_prefix_path.sh'
[6.133s] INFO:colcon.colcon_core.shell:Skip shell extension 'powershell' for command environment: Not usable outside of PowerShell
[6.134s] DEBUG:colcon.colcon_core.shell:Skip shell extension 'dsv' for command environment
[6.301s] DEBUG:colcon.colcon_core.event_handler.log_command:Invoking command in '/home/pi/seav2/build/ros2_control_demo_description': CMAKE_PREFIX_PATH=${CMAKE_PREFIX_PATH}:/home/pi/seav2/install/seav2_imu:/home/pi/seav2/install/robot_cam_ros:/home/pi/seav2/install/ball_tracker:/home/pi/ss25/install/wheel_odometry:/home/pi/ss25/install/vup_2k7:/home/pi/ss25/install/summary:/home/pi/ss25/install/safety_control:/home/pi/ss25/install/project:/home/pi/ss25/install/my_slam:/home/pi/ss25/install/my_motor_driver:/home/pi/ss25/install/final:/home/pi/ss25/install/description:/home/pi/ss25/install/bringup_pkg:/home/pi/ss25/src/summary/install/summary:/home/pi/ss25/src/install/wheel_odometry:/home/pi/ss25/src/install/summary:/home/pi/ss25/src/install/safety_control:/home/pi/ss25/src/install/project:/home/pi/ss25/src/install/my_motor_driver:/home/pi/ss25/src/install/description:/home/pi/ss25/src/install/bringup_pkg:/home/pi/install/summary:/home/pi/demo_testing_9_april/seav/install/yolov8_ros:/home/pi/demo_testing_9_april/seav/install/static_tf_publisher:/home/pi/demo_testing_9_april/seav/install/seav_test_sensors:/home/pi/demo_testing_9_april/seav/install/my_robot_controller:/opt/ros/humble /usr/bin/cmake --build /home/pi/seav2/build/ros2_control_demo_description -- -j4 -l4
[6.382s] DEBUG:colcon.colcon_core.event_handler.log_command:Invoking command in '/home/pi/seav2/build/serial': CMAKE_PREFIX_PATH=${CMAKE_PREFIX_PATH}:/home/pi/seav2/install/seav2_imu:/home/pi/seav2/install/robot_cam_ros:/home/pi/seav2/install/ball_tracker:/home/pi/ss25/install/wheel_odometry:/home/pi/ss25/install/vup_2k7:/home/pi/ss25/install/summary:/home/pi/ss25/install/safety_control:/home/pi/ss25/install/project:/home/pi/ss25/install/my_slam:/home/pi/ss25/install/my_motor_driver:/home/pi/ss25/install/final:/home/pi/ss25/install/description:/home/pi/ss25/install/bringup_pkg:/home/pi/ss25/src/summary/install/summary:/home/pi/ss25/src/install/wheel_odometry:/home/pi/ss25/src/install/summary:/home/pi/ss25/src/install/safety_control:/home/pi/ss25/src/install/project:/home/pi/ss25/src/install/my_motor_driver:/home/pi/ss25/src/install/description:/home/pi/ss25/src/install/bringup_pkg:/home/pi/install/summary:/home/pi/demo_testing_9_april/seav/install/yolov8_ros:/home/pi/demo_testing_9_april/seav/install/static_tf_publisher:/home/pi/demo_testing_9_april/seav/install/seav_test_sensors:/home/pi/demo_testing_9_april/seav/install/my_robot_controller:/opt/ros/humble /usr/bin/cmake --build /home/pi/seav2/build/serial -- -j4 -l4
[10.370s] INFO:colcon.colcon_core.task.python.build:Building Python package in '/home/pi/seav2/src/ball_tracker'
[10.372s] INFO:colcon.colcon_core.shell:Skip shell extension 'powershell' for command environment: Not usable outside of PowerShell
[10.372s] DEBUG:colcon.colcon_core.shell:Skip shell extension 'dsv' for command environment
[10.534s] DEBUG:colcon.colcon_core.event_handler.log_command:Invoked command in '/home/pi/seav2/build/ros2_control_demo_description' returned '0': CMAKE_PREFIX_PATH=${CMAKE_PREFIX_PATH}:/home/pi/seav2/install/seav2_imu:/home/pi/seav2/install/robot_cam_ros:/home/pi/seav2/install/ball_tracker:/home/pi/ss25/install/wheel_odometry:/home/pi/ss25/install/vup_2k7:/home/pi/ss25/install/summary:/home/pi/ss25/install/safety_control:/home/pi/ss25/install/project:/home/pi/ss25/install/my_slam:/home/pi/ss25/install/my_motor_driver:/home/pi/ss25/install/final:/home/pi/ss25/install/description:/home/pi/ss25/install/bringup_pkg:/home/pi/ss25/src/summary/install/summary:/home/pi/ss25/src/install/wheel_odometry:/home/pi/ss25/src/install/summary:/home/pi/ss25/src/install/safety_control:/home/pi/ss25/src/install/project:/home/pi/ss25/src/install/my_motor_driver:/home/pi/ss25/src/install/description:/home/pi/ss25/src/install/bringup_pkg:/home/pi/install/summary:/home/pi/demo_testing_9_april/seav/install/yolov8_ros:/home/pi/demo_testing_9_april/seav/install/static_tf_publisher:/home/pi/demo_testing_9_april/seav/install/seav_test_sensors:/home/pi/demo_testing_9_april/seav/install/my_robot_controller:/opt/ros/humble /usr/bin/cmake --build /home/pi/seav2/build/ros2_control_demo_description -- -j4 -l4
[10.641s] DEBUG:colcon.colcon_core.event_handler.log_command:Invoking command in '/home/pi/seav2/build/ros2_control_demo_description': CMAKE_PREFIX_PATH=${CMAKE_PREFIX_PATH}:/home/pi/seav2/install/seav2_imu:/home/pi/seav2/install/robot_cam_ros:/home/pi/seav2/install/ball_tracker:/home/pi/ss25/install/wheel_odometry:/home/pi/ss25/install/vup_2k7:/home/pi/ss25/install/summary:/home/pi/ss25/install/safety_control:/home/pi/ss25/install/project:/home/pi/ss25/install/my_slam:/home/pi/ss25/install/my_motor_driver:/home/pi/ss25/install/final:/home/pi/ss25/install/description:/home/pi/ss25/install/bringup_pkg:/home/pi/ss25/src/summary/install/summary:/home/pi/ss25/src/install/wheel_odometry:/home/pi/ss25/src/install/summary:/home/pi/ss25/src/install/safety_control:/home/pi/ss25/src/install/project:/home/pi/ss25/src/install/my_motor_driver:/home/pi/ss25/src/install/description:/home/pi/ss25/src/install/bringup_pkg:/home/pi/install/summary:/home/pi/demo_testing_9_april/seav/install/yolov8_ros:/home/pi/demo_testing_9_april/seav/install/static_tf_publisher:/home/pi/demo_testing_9_april/seav/install/seav_test_sensors:/home/pi/demo_testing_9_april/seav/install/my_robot_controller:/opt/ros/humble /usr/bin/cmake --install /home/pi/seav2/build/ros2_control_demo_description
[14.593s] INFO:colcon.colcon_core.task.python.build:Building Python package in '/home/pi/seav2/src/robot_cam_ros'
[14.596s] INFO:colcon.colcon_core.shell:Skip shell extension 'powershell' for command environment: Not usable outside of PowerShell
[14.596s] DEBUG:colcon.colcon_core.shell:Skip shell extension 'dsv' for command environment
[14.728s] DEBUG:colcon.colcon_core.event_handler.log_command:Invoked command in '/home/pi/seav2/build/serial' returned '0': CMAKE_PREFIX_PATH=${CMAKE_PREFIX_PATH}:/home/pi/seav2/install/seav2_imu:/home/pi/seav2/install/robot_cam_ros:/home/pi/seav2/install/ball_tracker:/home/pi/ss25/install/wheel_odometry:/home/pi/ss25/install/vup_2k7:/home/pi/ss25/install/summary:/home/pi/ss25/install/safety_control:/home/pi/ss25/install/project:/home/pi/ss25/install/my_slam:/home/pi/ss25/install/my_motor_driver:/home/pi/ss25/install/final:/home/pi/ss25/install/description:/home/pi/ss25/install/bringup_pkg:/home/pi/ss25/src/summary/install/summary:/home/pi/ss25/src/install/wheel_odometry:/home/pi/ss25/src/install/summary:/home/pi/ss25/src/install/safety_control:/home/pi/ss25/src/install/project:/home/pi/ss25/src/install/my_motor_driver:/home/pi/ss25/src/install/description:/home/pi/ss25/src/install/bringup_pkg:/home/pi/install/summary:/home/pi/demo_testing_9_april/seav/install/yolov8_ros:/home/pi/demo_testing_9_april/seav/install/static_tf_publisher:/home/pi/demo_testing_9_april/seav/install/seav_test_sensors:/home/pi/demo_testing_9_april/seav/install/my_robot_controller:/opt/ros/humble /usr/bin/cmake --build /home/pi/seav2/build/serial -- -j4 -l4
[14.752s] DEBUG:colcon.colcon_core.event_handler.log_command:Invoking command in '/home/pi/seav2/build/serial': CMAKE_PREFIX_PATH=${CMAKE_PREFIX_PATH}:/home/pi/seav2/install/seav2_imu:/home/pi/seav2/install/robot_cam_ros:/home/pi/seav2/install/ball_tracker:/home/pi/ss25/install/wheel_odometry:/home/pi/ss25/install/vup_2k7:/home/pi/ss25/install/summary:/home/pi/ss25/install/safety_control:/home/pi/ss25/install/project:/home/pi/ss25/install/my_slam:/home/pi/ss25/install/my_motor_driver:/home/pi/ss25/install/final:/home/pi/ss25/install/description:/home/pi/ss25/install/bringup_pkg:/home/pi/ss25/src/summary/install/summary:/home/pi/ss25/src/install/wheel_odometry:/home/pi/ss25/src/install/summary:/home/pi/ss25/src/install/safety_control:/home/pi/ss25/src/install/project:/home/pi/ss25/src/install/my_motor_driver:/home/pi/ss25/src/install/description:/home/pi/ss25/src/install/bringup_pkg:/home/pi/install/summary:/home/pi/demo_testing_9_april/seav/install/yolov8_ros:/home/pi/demo_testing_9_april/seav/install/static_tf_publisher:/home/pi/demo_testing_9_april/seav/install/seav_test_sensors:/home/pi/demo_testing_9_april/seav/install/my_robot_controller:/opt/ros/humble /usr/bin/cmake --install /home/pi/seav2/build/serial
[14.832s] Level 1:colcon.colcon_core.environment:create_environment_scripts_only(ros2_control_demo_description)
[14.902s] DEBUG:colcon.colcon_core.event_handler.log_command:Invoked command in '/home/pi/seav2/build/ros2_control_demo_description' returned '0': CMAKE_PREFIX_PATH=${CMAKE_PREFIX_PATH}:/home/pi/seav2/install/seav2_imu:/home/pi/seav2/install/robot_cam_ros:/home/pi/seav2/install/ball_tracker:/home/pi/ss25/install/wheel_odometry:/home/pi/ss25/install/vup_2k7:/home/pi/ss25/install/summary:/home/pi/ss25/install/safety_control:/home/pi/ss25/install/project:/home/pi/ss25/install/my_slam:/home/pi/ss25/install/my_motor_driver:/home/pi/ss25/install/final:/home/pi/ss25/install/description:/home/pi/ss25/install/bringup_pkg:/home/pi/ss25/src/summary/install/summary:/home/pi/ss25/src/install/wheel_odometry:/home/pi/ss25/src/install/summary:/home/pi/ss25/src/install/safety_control:/home/pi/ss25/src/install/project:/home/pi/ss25/src/install/my_motor_driver:/home/pi/ss25/src/install/description:/home/pi/ss25/src/install/bringup_pkg:/home/pi/install/summary:/home/pi/demo_testing_9_april/seav/install/yolov8_ros:/home/pi/demo_testing_9_april/seav/install/static_tf_publisher:/home/pi/demo_testing_9_april/seav/install/seav_test_sensors:/home/pi/demo_testing_9_april/seav/install/my_robot_controller:/opt/ros/humble /usr/bin/cmake --install /home/pi/seav2/build/ros2_control_demo_description
[14.909s] Level 1:colcon.colcon_core.environment:checking '/home/pi/seav2/install/ros2_control_demo_description' for CMake module files
[14.920s] Level 1:colcon.colcon_core.environment:checking '/home/pi/seav2/install/ros2_control_demo_description' for CMake config files
[14.938s] Level 1:colcon.colcon_core.shell:create_environment_hook('ros2_control_demo_description', 'cmake_prefix_path')
[14.940s] INFO:colcon.colcon_core.shell:Creating environment hook '/home/pi/seav2/install/ros2_control_demo_description/share/ros2_control_demo_description/hook/cmake_prefix_path.ps1'
[14.955s] INFO:colcon.colcon_core.shell:Creating environment descriptor '/home/pi/seav2/install/ros2_control_demo_description/share/ros2_control_demo_description/hook/cmake_prefix_path.dsv'
[14.961s] INFO:colcon.colcon_core.shell:Creating environment hook '/home/pi/seav2/install/ros2_control_demo_description/share/ros2_control_demo_description/hook/cmake_prefix_path.sh'
[14.969s] Level 1:colcon.colcon_core.environment:checking '/home/pi/seav2/install/ros2_control_demo_description/bin'
[14.970s] Level 1:colcon.colcon_core.environment:checking '/home/pi/seav2/install/ros2_control_demo_description/lib/pkgconfig/ros2_control_demo_description.pc'
[14.973s] Level 1:colcon.colcon_core.environment:checking '/home/pi/seav2/install/ros2_control_demo_description/lib/python3.10/site-packages'
[14.976s] Level 1:colcon.colcon_core.environment:checking '/home/pi/seav2/install/ros2_control_demo_description/bin'
[14.979s] INFO:colcon.colcon_core.shell:Creating package script '/home/pi/seav2/install/ros2_control_demo_description/share/ros2_control_demo_description/package.ps1'
[14.990s] INFO:colcon.colcon_core.shell:Creating package descriptor '/home/pi/seav2/install/ros2_control_demo_description/share/ros2_control_demo_description/package.dsv'
[15.001s] INFO:colcon.colcon_core.shell:Creating package script '/home/pi/seav2/install/ros2_control_demo_description/share/ros2_control_demo_description/package.sh'
[15.010s] INFO:colcon.colcon_core.shell:Creating package script '/home/pi/seav2/install/ros2_control_demo_description/share/ros2_control_demo_description/package.bash'
[15.036s] INFO:colcon.colcon_core.shell:Creating package script '/home/pi/seav2/install/ros2_control_demo_description/share/ros2_control_demo_description/package.zsh'
[15.045s] Level 1:colcon.colcon_core.environment:create_file_with_runtime_dependencies(/home/pi/seav2/install/ros2_control_demo_description/share/colcon-core/packages/ros2_control_demo_description)
[15.053s] Level 1:colcon.colcon_core.environment:create_environment_scripts_only(ros2_control_demo_description)
[15.056s] Level 1:colcon.colcon_core.environment:checking '/home/pi/seav2/install/ros2_control_demo_description' for CMake module files
[15.065s] Level 1:colcon.colcon_core.environment:checking '/home/pi/seav2/install/ros2_control_demo_description' for CMake config files
[15.074s] Level 1:colcon.colcon_core.shell:create_environment_hook('ros2_control_demo_description', 'cmake_prefix_path')
[15.077s] INFO:colcon.colcon_core.shell:Creating environment hook '/home/pi/seav2/install/ros2_control_demo_description/share/ros2_control_demo_description/hook/cmake_prefix_path.ps1'
[15.082s] INFO:colcon.colcon_core.shell:Creating environment descriptor '/home/pi/seav2/install/ros2_control_demo_description/share/ros2_control_demo_description/hook/cmake_prefix_path.dsv'
[15.088s] INFO:colcon.colcon_core.shell:Creating environment hook '/home/pi/seav2/install/ros2_control_demo_description/share/ros2_control_demo_description/hook/cmake_prefix_path.sh'
[15.095s] Level 1:colcon.colcon_core.environment:checking '/home/pi/seav2/install/ros2_control_demo_description/bin'
[15.096s] Level 1:colcon.colcon_core.environment:checking '/home/pi/seav2/install/ros2_control_demo_description/lib/pkgconfig/ros2_control_demo_description.pc'
[15.099s] Level 1:colcon.colcon_core.environment:checking '/home/pi/seav2/install/ros2_control_demo_description/lib/python3.10/site-packages'
[15.102s] Level 1:colcon.colcon_core.environment:checking '/home/pi/seav2/install/ros2_control_demo_description/bin'
[15.105s] INFO:colcon.colcon_core.shell:Creating package script '/home/pi/seav2/install/ros2_control_demo_description/share/ros2_control_demo_description/package.ps1'
[15.111s] INFO:colcon.colcon_core.shell:Creating package descriptor '/home/pi/seav2/install/ros2_control_demo_description/share/ros2_control_demo_description/package.dsv'
[15.118s] INFO:colcon.colcon_core.shell:Creating package script '/home/pi/seav2/install/ros2_control_demo_description/share/ros2_control_demo_description/package.sh'
[15.124s] INFO:colcon.colcon_core.shell:Creating package script '/home/pi/seav2/install/ros2_control_demo_description/share/ros2_control_demo_description/package.bash'
[15.129s] INFO:colcon.colcon_core.shell:Creating package script '/home/pi/seav2/install/ros2_control_demo_description/share/ros2_control_demo_description/package.zsh'
[15.137s] Level 1:colcon.colcon_core.environment:create_file_with_runtime_dependencies(/home/pi/seav2/install/ros2_control_demo_description/share/colcon-core/packages/ros2_control_demo_description)
[15.146s] INFO:colcon.colcon_ros.task.ament_cmake.build:Building ROS package in '/home/pi/seav2/src/seav-ii/seav2' with build type 'ament_cmake'
[15.150s] INFO:colcon.colcon_cmake.task.cmake.build:Building CMake package in '/home/pi/seav2/src/seav-ii/seav2'
[15.155s] INFO:colcon.colcon_core.shell:Skip shell extension 'powershell' for command environment: Not usable outside of PowerShell
[15.156s] DEBUG:colcon.colcon_core.shell:Skip shell extension 'dsv' for command environment
[15.388s] Level 1:colcon.colcon_core.environment:create_environment_scripts_only(serial)
[15.392s] DEBUG:colcon.colcon_core.event_handler.log_command:Invoked command in '/home/pi/seav2/build/serial' returned '0': CMAKE_PREFIX_PATH=${CMAKE_PREFIX_PATH}:/home/pi/seav2/install/seav2_imu:/home/pi/seav2/install/robot_cam_ros:/home/pi/seav2/install/ball_tracker:/home/pi/ss25/install/wheel_odometry:/home/pi/ss25/install/vup_2k7:/home/pi/ss25/install/summary:/home/pi/ss25/install/safety_control:/home/pi/ss25/install/project:/home/pi/ss25/install/my_slam:/home/pi/ss25/install/my_motor_driver:/home/pi/ss25/install/final:/home/pi/ss25/install/description:/home/pi/ss25/install/bringup_pkg:/home/pi/ss25/src/summary/install/summary:/home/pi/ss25/src/install/wheel_odometry:/home/pi/ss25/src/install/summary:/home/pi/ss25/src/install/safety_control:/home/pi/ss25/src/install/project:/home/pi/ss25/src/install/my_motor_driver:/home/pi/ss25/src/install/description:/home/pi/ss25/src/install/bringup_pkg:/home/pi/install/summary:/home/pi/demo_testing_9_april/seav/install/yolov8_ros:/home/pi/demo_testing_9_april/seav/install/static_tf_publisher:/home/pi/demo_testing_9_april/seav/install/seav_test_sensors:/home/pi/demo_testing_9_april/seav/install/my_robot_controller:/opt/ros/humble /usr/bin/cmake --install /home/pi/seav2/build/serial
[15.398s] Level 1:colcon.colcon_core.environment:checking '/home/pi/seav2/install/serial' for CMake module files
[15.409s] Level 1:colcon.colcon_core.environment:checking '/home/pi/seav2/install/serial' for CMake config files
[15.415s] Level 1:colcon.colcon_core.shell:create_environment_hook('serial', 'cmake_prefix_path')
[15.419s] INFO:colcon.colcon_core.shell:Creating environment hook '/home/pi/seav2/install/serial/share/serial/hook/cmake_prefix_path.ps1'
[15.426s] INFO:colcon.colcon_core.shell:Creating environment descriptor '/home/pi/seav2/install/serial/share/serial/hook/cmake_prefix_path.dsv'
[15.433s] INFO:colcon.colcon_core.shell:Creating environment hook '/home/pi/seav2/install/serial/share/serial/hook/cmake_prefix_path.sh'
[15.443s] Level 1:colcon.colcon_core.environment:checking '/home/pi/seav2/install/serial/lib'
[15.445s] Level 1:colcon.colcon_core.environment:checking '/home/pi/seav2/install/serial/bin'
[15.447s] Level 1:colcon.colcon_core.environment:checking '/home/pi/seav2/install/serial/lib/pkgconfig/serial.pc'
[15.451s] Level 1:colcon.colcon_core.environment:checking '/home/pi/seav2/install/serial/lib/python3.10/site-packages'
[15.454s] Level 1:colcon.colcon_core.environment:checking '/home/pi/seav2/install/serial/bin'
[15.458s] INFO:colcon.colcon_core.shell:Creating package script '/home/pi/seav2/install/serial/share/serial/package.ps1'
[15.466s] INFO:colcon.colcon_core.shell:Creating package descriptor '/home/pi/seav2/install/serial/share/serial/package.dsv'
[15.474s] INFO:colcon.colcon_core.shell:Creating package script '/home/pi/seav2/install/serial/share/serial/package.sh'
[15.482s] INFO:colcon.colcon_core.shell:Creating package script '/home/pi/seav2/install/serial/share/serial/package.bash'
[15.489s] INFO:colcon.colcon_core.shell:Creating package script '/home/pi/seav2/install/serial/share/serial/package.zsh'
[15.496s] Level 1:colcon.colcon_core.environment:create_file_with_runtime_dependencies(/home/pi/seav2/install/serial/share/colcon-core/packages/serial)
[15.504s] Level 1:colcon.colcon_core.environment:create_environment_scripts_only(serial)
[15.507s] Level 1:colcon.colcon_core.environment:checking '/home/pi/seav2/install/serial' for CMake module files
[15.516s] Level 1:colcon.colcon_core.environment:checking '/home/pi/seav2/install/serial' for CMake config files
[15.521s] Level 1:colcon.colcon_core.shell:create_environment_hook('serial', 'cmake_prefix_path')
[15.524s] INFO:colcon.colcon_core.shell:Creating environment hook '/home/pi/seav2/install/serial/share/serial/hook/cmake_prefix_path.ps1'
[15.529s] INFO:colcon.colcon_core.shell:Creating environment descriptor '/home/pi/seav2/install/serial/share/serial/hook/cmake_prefix_path.dsv'
[15.534s] INFO:colcon.colcon_core.shell:Creating environment hook '/home/pi/seav2/install/serial/share/serial/hook/cmake_prefix_path.sh'
[15.546s] Level 1:colcon.colcon_core.environment:checking '/home/pi/seav2/install/serial/lib'
[15.547s] Level 1:colcon.colcon_core.environment:checking '/home/pi/seav2/install/serial/bin'
[15.548s] Level 1:colcon.colcon_core.environment:checking '/home/pi/seav2/install/serial/lib/pkgconfig/serial.pc'
[15.551s] Level 1:colcon.colcon_core.environment:checking '/home/pi/seav2/install/serial/lib/python3.10/site-packages'
[15.554s] Level 1:colcon.colcon_core.environment:checking '/home/pi/seav2/install/serial/bin'
[15.558s] INFO:colcon.colcon_core.shell:Creating package script '/home/pi/seav2/install/serial/share/serial/package.ps1'
[15.564s] INFO:colcon.colcon_core.shell:Creating package descriptor '/home/pi/seav2/install/serial/share/serial/package.dsv'
[15.571s] INFO:colcon.colcon_core.shell:Creating package script '/home/pi/seav2/install/serial/share/serial/package.sh'
[15.577s] INFO:colcon.colcon_core.shell:Creating package script '/home/pi/seav2/install/serial/share/serial/package.bash'
[15.583s] INFO:colcon.colcon_core.shell:Creating package script '/home/pi/seav2/install/serial/share/serial/package.zsh'
[15.590s] Level 1:colcon.colcon_core.environment:create_file_with_runtime_dependencies(/home/pi/seav2/install/serial/share/colcon-core/packages/serial)
[15.595s] INFO:colcon.colcon_ros.task.ament_python.build:Building ROS package in '/home/pi/seav2/src/seav2_imu' with build type 'ament_python'
[15.597s] Level 1:colcon.colcon_core.shell:create_environment_hook('seav2_imu', 'ament_prefix_path')
[15.603s] INFO:colcon.colcon_core.shell:Creating environment hook '/home/pi/seav2/install/seav2_imu/share/seav2_imu/hook/ament_prefix_path.ps1'
[15.611s] INFO:colcon.colcon_core.shell:Creating environment descriptor '/home/pi/seav2/install/seav2_imu/share/seav2_imu/hook/ament_prefix_path.dsv'
[15.616s] INFO:colcon.colcon_core.shell:Creating environment hook '/home/pi/seav2/install/seav2_imu/share/seav2_imu/hook/ament_prefix_path.sh'
[15.624s] INFO:colcon.colcon_core.shell:Skip shell extension 'powershell' for command environment: Not usable outside of PowerShell
[15.625s] DEBUG:colcon.colcon_core.shell:Skip shell extension 'dsv' for command environment
[15.915s] DEBUG:colcon.colcon_core.event_handler.log_command:Invoking command in '/home/pi/seav2/build/seav2': CMAKE_PREFIX_PATH=${CMAKE_PREFIX_PATH}:/home/pi/seav2/install/seav2_imu:/home/pi/seav2/install/robot_cam_ros:/home/pi/seav2/install/ball_tracker:/home/pi/ss25/install/wheel_odometry:/home/pi/ss25/install/vup_2k7:/home/pi/ss25/install/summary:/home/pi/ss25/install/safety_control:/home/pi/ss25/install/project:/home/pi/ss25/install/my_slam:/home/pi/ss25/install/my_motor_driver:/home/pi/ss25/install/final:/home/pi/ss25/install/description:/home/pi/ss25/install/bringup_pkg:/home/pi/ss25/src/summary/install/summary:/home/pi/ss25/src/install/wheel_odometry:/home/pi/ss25/src/install/summary:/home/pi/ss25/src/install/safety_control:/home/pi/ss25/src/install/project:/home/pi/ss25/src/install/my_motor_driver:/home/pi/ss25/src/install/description:/home/pi/ss25/src/install/bringup_pkg:/home/pi/install/summary:/home/pi/demo_testing_9_april/seav/install/yolov8_ros:/home/pi/demo_testing_9_april/seav/install/static_tf_publisher:/home/pi/demo_testing_9_april/seav/install/seav_test_sensors:/home/pi/demo_testing_9_april/seav/install/my_robot_controller:/opt/ros/humble /usr/bin/cmake --build /home/pi/seav2/build/seav2 -- -j4 -l4
[20.561s] INFO:colcon.colcon_core.task.python.build:Building Python package in '/home/pi/seav2/src/seav2_imu'
[20.565s] INFO:colcon.colcon_core.shell:Skip shell extension 'powershell' for command environment: Not usable outside of PowerShell
[20.567s] DEBUG:colcon.colcon_core.shell:Skip shell extension 'dsv' for command environment
[20.726s] DEBUG:colcon.colcon_core.event_handler.log_command:Invoked command in '/home/pi/seav2/build/seav2' returned '0': CMAKE_PREFIX_PATH=${CMAKE_PREFIX_PATH}:/home/pi/seav2/install/seav2_imu:/home/pi/seav2/install/robot_cam_ros:/home/pi/seav2/install/ball_tracker:/home/pi/ss25/install/wheel_odometry:/home/pi/ss25/install/vup_2k7:/home/pi/ss25/install/summary:/home/pi/ss25/install/safety_control:/home/pi/ss25/install/project:/home/pi/ss25/install/my_slam:/home/pi/ss25/install/my_motor_driver:/home/pi/ss25/install/final:/home/pi/ss25/install/description:/home/pi/ss25/install/bringup_pkg:/home/pi/ss25/src/summary/install/summary:/home/pi/ss25/src/install/wheel_odometry:/home/pi/ss25/src/install/summary:/home/pi/ss25/src/install/safety_control:/home/pi/ss25/src/install/project:/home/pi/ss25/src/install/my_motor_driver:/home/pi/ss25/src/install/description:/home/pi/ss25/src/install/bringup_pkg:/home/pi/install/summary:/home/pi/demo_testing_9_april/seav/install/yolov8_ros:/home/pi/demo_testing_9_april/seav/install/static_tf_publisher:/home/pi/demo_testing_9_april/seav/install/seav_test_sensors:/home/pi/demo_testing_9_april/seav/install/my_robot_controller:/opt/ros/humble /usr/bin/cmake --build /home/pi/seav2/build/seav2 -- -j4 -l4
[20.754s] DEBUG:colcon.colcon_core.event_handler.log_command:Invoking command in '/home/pi/seav2/build/seav2': CMAKE_PREFIX_PATH=${CMAKE_PREFIX_PATH}:/home/pi/seav2/install/seav2_imu:/home/pi/seav2/install/robot_cam_ros:/home/pi/seav2/install/ball_tracker:/home/pi/ss25/install/wheel_odometry:/home/pi/ss25/install/vup_2k7:/home/pi/ss25/install/summary:/home/pi/ss25/install/safety_control:/home/pi/ss25/install/project:/home/pi/ss25/install/my_slam:/home/pi/ss25/install/my_motor_driver:/home/pi/ss25/install/final:/home/pi/ss25/install/description:/home/pi/ss25/install/bringup_pkg:/home/pi/ss25/src/summary/install/summary:/home/pi/ss25/src/install/wheel_odometry:/home/pi/ss25/src/install/summary:/home/pi/ss25/src/install/safety_control:/home/pi/ss25/src/install/project:/home/pi/ss25/src/install/my_motor_driver:/home/pi/ss25/src/install/description:/home/pi/ss25/src/install/bringup_pkg:/home/pi/install/summary:/home/pi/demo_testing_9_april/seav/install/yolov8_ros:/home/pi/demo_testing_9_april/seav/install/static_tf_publisher:/home/pi/demo_testing_9_april/seav/install/seav_test_sensors:/home/pi/demo_testing_9_april/seav/install/my_robot_controller:/opt/ros/humble /usr/bin/cmake --install /home/pi/seav2/build/seav2
[20.790s] DEBUG:colcon.colcon_core.event_handler.log_command:Invoking command in '/home/pi/seav2/src/ball_tracker': PYTHONPATH=/home/pi/seav2/build/ball_tracker/prefix_override:/usr/lib/python3/dist-packages/colcon_core/task/python/colcon_distutils_commands:/home/pi/seav2/install/ball_tracker/lib/python3.10/site-packages:${PYTHONPATH} /usr/bin/python3 -W ignore:setup.py install is deprecated -W ignore:easy_install command is deprecated setup.py egg_info --egg-base ../../build/ball_tracker build --build-base /home/pi/seav2/build/ball_tracker/build install --record /home/pi/seav2/build/ball_tracker/install.log --install-scripts $base/lib/ball_tracker --single-version-externally-managed install_data
[21.373s] DEBUG:colcon.colcon_core.event_handler.log_command:Invoking command in '/home/pi/seav2/src/robot_cam_ros': PYTHONPATH=/home/pi/seav2/build/robot_cam_ros/prefix_override:/usr/lib/python3/dist-packages/colcon_core/task/python/colcon_distutils_commands:/home/pi/seav2/install/robot_cam_ros/lib/python3.10/site-packages:${PYTHONPATH} /usr/bin/python3 -W ignore:setup.py install is deprecated -W ignore:easy_install command is deprecated setup.py egg_info --egg-base ../../build/robot_cam_ros build --build-base /home/pi/seav2/build/robot_cam_ros/build install --record /home/pi/seav2/build/robot_cam_ros/install.log --single-version-externally-managed install_data
[21.435s] Level 1:colcon.colcon_core.environment:create_environment_scripts_only(seav2)
[21.438s] Level 1:colcon.colcon_core.environment:checking '/home/pi/seav2/install/seav2' for CMake module files
[21.442s] DEBUG:colcon.colcon_core.event_handler.log_command:Invoked command in '/home/pi/seav2/build/seav2' returned '0': CMAKE_PREFIX_PATH=${CMAKE_PREFIX_PATH}:/home/pi/seav2/install/seav2_imu:/home/pi/seav2/install/robot_cam_ros:/home/pi/seav2/install/ball_tracker:/home/pi/ss25/install/wheel_odometry:/home/pi/ss25/install/vup_2k7:/home/pi/ss25/install/summary:/home/pi/ss25/install/safety_control:/home/pi/ss25/install/project:/home/pi/ss25/install/my_slam:/home/pi/ss25/install/my_motor_driver:/home/pi/ss25/install/final:/home/pi/ss25/install/description:/home/pi/ss25/install/bringup_pkg:/home/pi/ss25/src/summary/install/summary:/home/pi/ss25/src/install/wheel_odometry:/home/pi/ss25/src/install/summary:/home/pi/ss25/src/install/safety_control:/home/pi/ss25/src/install/project:/home/pi/ss25/src/install/my_motor_driver:/home/pi/ss25/src/install/description:/home/pi/ss25/src/install/bringup_pkg:/home/pi/install/summary:/home/pi/demo_testing_9_april/seav/install/yolov8_ros:/home/pi/demo_testing_9_april/seav/install/static_tf_publisher:/home/pi/demo_testing_9_april/seav/install/seav_test_sensors:/home/pi/demo_testing_9_april/seav/install/my_robot_controller:/opt/ros/humble /usr/bin/cmake --install /home/pi/seav2/build/seav2
[21.452s] Level 1:colcon.colcon_core.environment:checking '/home/pi/seav2/install/seav2' for CMake config files
[21.458s] Level 1:colcon.colcon_core.shell:create_environment_hook('seav2', 'cmake_prefix_path')
[21.461s] INFO:colcon.colcon_core.shell:Creating environment hook '/home/pi/seav2/install/seav2/share/seav2/hook/cmake_prefix_path.ps1'
[21.466s] INFO:colcon.colcon_core.shell:Creating environment descriptor '/home/pi/seav2/install/seav2/share/seav2/hook/cmake_prefix_path.dsv'
[21.472s] INFO:colcon.colcon_core.shell:Creating environment hook '/home/pi/seav2/install/seav2/share/seav2/hook/cmake_prefix_path.sh'
[21.479s] Level 1:colcon.colcon_core.environment:checking '/home/pi/seav2/install/seav2/bin'
[21.480s] Level 1:colcon.colcon_core.environment:checking '/home/pi/seav2/install/seav2/lib/pkgconfig/seav2.pc'
[21.483s] Level 1:colcon.colcon_core.environment:checking '/home/pi/seav2/install/seav2/lib/python3.10/site-packages'
[21.486s] Level 1:colcon.colcon_core.environment:checking '/home/pi/seav2/install/seav2/bin'
[21.490s] INFO:colcon.colcon_core.shell:Creating package script '/home/pi/seav2/install/seav2/share/seav2/package.ps1'
[21.496s] INFO:colcon.colcon_core.shell:Creating package descriptor '/home/pi/seav2/install/seav2/share/seav2/package.dsv'
[21.502s] INFO:colcon.colcon_core.shell:Creating package script '/home/pi/seav2/install/seav2/share/seav2/package.sh'
[21.508s] INFO:colcon.colcon_core.shell:Creating package script '/home/pi/seav2/install/seav2/share/seav2/package.bash'
[21.515s] INFO:colcon.colcon_core.shell:Creating package script '/home/pi/seav2/install/seav2/share/seav2/package.zsh'
[21.521s] Level 1:colcon.colcon_core.environment:create_file_with_runtime_dependencies(/home/pi/seav2/install/seav2/share/colcon-core/packages/seav2)
[21.527s] Level 1:colcon.colcon_core.environment:create_environment_scripts_only(seav2)
[21.530s] Level 1:colcon.colcon_core.environment:checking '/home/pi/seav2/install/seav2' for CMake module files
[21.539s] Level 1:colcon.colcon_core.environment:checking '/home/pi/seav2/install/seav2' for CMake config files
[21.544s] Level 1:colcon.colcon_core.shell:create_environment_hook('seav2', 'cmake_prefix_path')
[21.547s] INFO:colcon.colcon_core.shell:Creating environment hook '/home/pi/seav2/install/seav2/share/seav2/hook/cmake_prefix_path.ps1'
[21.553s] INFO:colcon.colcon_core.shell:Creating environment descriptor '/home/pi/seav2/install/seav2/share/seav2/hook/cmake_prefix_path.dsv'
[21.559s] INFO:colcon.colcon_core.shell:Creating environment hook '/home/pi/seav2/install/seav2/share/seav2/hook/cmake_prefix_path.sh'
[21.566s] Level 1:colcon.colcon_core.environment:checking '/home/pi/seav2/install/seav2/bin'
[21.568s] Level 1:colcon.colcon_core.environment:checking '/home/pi/seav2/install/seav2/lib/pkgconfig/seav2.pc'
[21.572s] Level 1:colcon.colcon_core.environment:checking '/home/pi/seav2/install/seav2/lib/python3.10/site-packages'
[21.575s] Level 1:colcon.colcon_core.environment:checking '/home/pi/seav2/install/seav2/bin'
[21.580s] INFO:colcon.colcon_core.shell:Creating package script '/home/pi/seav2/install/seav2/share/seav2/package.ps1'
[21.588s] INFO:colcon.colcon_core.shell:Creating package descriptor '/home/pi/seav2/install/seav2/share/seav2/package.dsv'
[21.597s] INFO:colcon.colcon_core.shell:Creating package script '/home/pi/seav2/install/seav2/share/seav2/package.sh'
[21.605s] INFO:colcon.colcon_core.shell:Creating package script '/home/pi/seav2/install/seav2/share/seav2/package.bash'
[21.613s] INFO:colcon.colcon_core.shell:Creating package script '/home/pi/seav2/install/seav2/share/seav2/package.zsh'
[21.624s] Level 1:colcon.colcon_core.environment:create_file_with_runtime_dependencies(/home/pi/seav2/install/seav2/share/colcon-core/packages/seav2)
[21.636s] INFO:colcon.colcon_ros.task.ament_cmake.build:Building ROS package in '/home/pi/seav2/src/ros2_v4l2_camera' with build type 'ament_cmake'
[21.639s] INFO:colcon.colcon_cmake.task.cmake.build:Building CMake package in '/home/pi/seav2/src/ros2_v4l2_camera'
[21.643s] INFO:colcon.colcon_core.shell:Skip shell extension 'powershell' for command environment: Not usable outside of PowerShell
[21.644s] DEBUG:colcon.colcon_core.shell:Skip shell extension 'dsv' for command environment
[21.906s] DEBUG:colcon.colcon_core.event_handler.log_command:Invoking command in '/home/pi/seav2/build/v4l2_camera': CMAKE_PREFIX_PATH=${CMAKE_PREFIX_PATH}:/home/pi/seav2/install/seav2_imu:/home/pi/seav2/install/robot_cam_ros:/home/pi/seav2/install/ball_tracker:/home/pi/ss25/install/wheel_odometry:/home/pi/ss25/install/vup_2k7:/home/pi/ss25/install/summary:/home/pi/ss25/install/safety_control:/home/pi/ss25/install/project:/home/pi/ss25/install/my_slam:/home/pi/ss25/install/my_motor_driver:/home/pi/ss25/install/final:/home/pi/ss25/install/description:/home/pi/ss25/install/bringup_pkg:/home/pi/ss25/src/summary/install/summary:/home/pi/ss25/src/install/wheel_odometry:/home/pi/ss25/src/install/summary:/home/pi/ss25/src/install/safety_control:/home/pi/ss25/src/install/project:/home/pi/ss25/src/install/my_motor_driver:/home/pi/ss25/src/install/description:/home/pi/ss25/src/install/bringup_pkg:/home/pi/install/summary:/home/pi/demo_testing_9_april/seav/install/yolov8_ros:/home/pi/demo_testing_9_april/seav/install/static_tf_publisher:/home/pi/demo_testing_9_april/seav/install/seav_test_sensors:/home/pi/demo_testing_9_april/seav/install/my_robot_controller:/opt/ros/humble /usr/bin/cmake --build /home/pi/seav2/build/v4l2_camera -- -j4 -l4
[26.319s] Level 1:colcon.colcon_core.environment:checking '/home/pi/seav2/install/ball_tracker' for CMake module files
[26.324s] DEBUG:colcon.colcon_core.event_handler.log_command:Invoked command in '/home/pi/seav2/src/ball_tracker' returned '0': PYTHONPATH=/home/pi/seav2/build/ball_tracker/prefix_override:/usr/lib/python3/dist-packages/colcon_core/task/python/colcon_distutils_commands:/home/pi/seav2/install/ball_tracker/lib/python3.10/site-packages:${PYTHONPATH} /usr/bin/python3 -W ignore:setup.py install is deprecated -W ignore:easy_install command is deprecated setup.py egg_info --egg-base ../../build/ball_tracker build --build-base /home/pi/seav2/build/ball_tracker/build install --record /home/pi/seav2/build/ball_tracker/install.log --install-scripts $base/lib/ball_tracker --single-version-externally-managed install_data
[26.331s] Level 1:colcon.colcon_core.environment:checking '/home/pi/seav2/install/ball_tracker' for CMake config files
[26.343s] Level 1:colcon.colcon_core.environment:checking '/home/pi/seav2/install/ball_tracker/lib'
[26.345s] Level 1:colcon.colcon_core.environment:checking '/home/pi/seav2/install/ball_tracker/bin'
[26.346s] Level 1:colcon.colcon_core.environment:checking '/home/pi/seav2/install/ball_tracker/lib/pkgconfig/ball_tracker.pc'
[26.348s] Level 1:colcon.colcon_core.environment:checking '/home/pi/seav2/install/ball_tracker/lib/python3.10/site-packages'
[26.349s] Level 1:colcon.colcon_core.shell:create_environment_hook('ball_tracker', 'pythonpath')
[26.352s] INFO:colcon.colcon_core.shell:Creating environment hook '/home/pi/seav2/install/ball_tracker/share/ball_tracker/hook/pythonpath.ps1'
[26.360s] INFO:colcon.colcon_core.shell:Creating environment descriptor '/home/pi/seav2/install/ball_tracker/share/ball_tracker/hook/pythonpath.dsv'
[26.365s] INFO:colcon.colcon_core.shell:Creating environment hook '/home/pi/seav2/install/ball_tracker/share/ball_tracker/hook/pythonpath.sh'
[26.372s] Level 1:colcon.colcon_core.environment:checking '/home/pi/seav2/install/ball_tracker/bin'
[26.374s] Level 1:colcon.colcon_core.environment:create_environment_scripts_only(ball_tracker)
[26.377s] INFO:colcon.colcon_core.shell:Creating package script '/home/pi/seav2/install/ball_tracker/share/ball_tracker/package.ps1'
[26.383s] INFO:colcon.colcon_core.shell:Creating package descriptor '/home/pi/seav2/install/ball_tracker/share/ball_tracker/package.dsv'
[26.389s] INFO:colcon.colcon_core.shell:Creating package script '/home/pi/seav2/install/ball_tracker/share/ball_tracker/package.sh'
[26.396s] INFO:colcon.colcon_core.shell:Creating package script '/home/pi/seav2/install/ball_tracker/share/ball_tracker/package.bash'
[26.401s] INFO:colcon.colcon_core.shell:Creating package script '/home/pi/seav2/install/ball_tracker/share/ball_tracker/package.zsh'
[26.407s] Level 1:colcon.colcon_core.environment:create_file_with_runtime_dependencies(/home/pi/seav2/install/ball_tracker/share/colcon-core/packages/ball_tracker)
[26.420s] INFO:colcon.colcon_ros.task.ament_cmake.build:Building ROS package in '/home/pi/seav2/src/seav-ii/carlikebot_ros2_control/carlikebot_ros2_control' with build type 'ament_cmake'
[26.423s] INFO:colcon.colcon_cmake.task.cmake.build:Building CMake package in '/home/pi/seav2/src/seav-ii/carlikebot_ros2_control/carlikebot_ros2_control'
[26.426s] INFO:colcon.colcon_core.shell:Skip shell extension 'powershell' for command environment: Not usable outside of PowerShell
[26.426s] DEBUG:colcon.colcon_core.shell:Skip shell extension 'dsv' for command environment
[26.686s] Level 1:colcon.colcon_core.environment:checking '/home/pi/seav2/install/robot_cam_ros' for CMake module files
[26.690s] DEBUG:colcon.colcon_core.event_handler.log_command:Invoked command in '/home/pi/seav2/src/robot_cam_ros' returned '0': PYTHONPATH=/home/pi/seav2/build/robot_cam_ros/prefix_override:/usr/lib/python3/dist-packages/colcon_core/task/python/colcon_distutils_commands:/home/pi/seav2/install/robot_cam_ros/lib/python3.10/site-packages:${PYTHONPATH} /usr/bin/python3 -W ignore:setup.py install is deprecated -W ignore:easy_install command is deprecated setup.py egg_info --egg-base ../../build/robot_cam_ros build --build-base /home/pi/seav2/build/robot_cam_ros/build install --record /home/pi/seav2/build/robot_cam_ros/install.log --single-version-externally-managed install_data
[26.701s] Level 1:colcon.colcon_core.environment:checking '/home/pi/seav2/install/robot_cam_ros' for CMake config files
[26.714s] Level 1:colcon.colcon_core.environment:checking '/home/pi/seav2/install/robot_cam_ros/lib'
[26.716s] Level 1:colcon.colcon_core.environment:checking '/home/pi/seav2/install/robot_cam_ros/bin'
[26.718s] Level 1:colcon.colcon_core.environment:checking '/home/pi/seav2/install/robot_cam_ros/lib/pkgconfig/robot_cam_ros.pc'
[26.722s] Level 1:colcon.colcon_core.environment:checking '/home/pi/seav2/install/robot_cam_ros/lib/python3.10/site-packages'
[26.723s] Level 1:colcon.colcon_core.shell:create_environment_hook('robot_cam_ros', 'pythonpath')
[26.727s] INFO:colcon.colcon_core.shell:Creating environment hook '/home/pi/seav2/install/robot_cam_ros/share/robot_cam_ros/hook/pythonpath.ps1'
[26.735s] INFO:colcon.colcon_core.shell:Creating environment descriptor '/home/pi/seav2/install/robot_cam_ros/share/robot_cam_ros/hook/pythonpath.dsv'
[26.743s] INFO:colcon.colcon_core.shell:Creating environment hook '/home/pi/seav2/install/robot_cam_ros/share/robot_cam_ros/hook/pythonpath.sh'
[26.753s] Level 1:colcon.colcon_core.environment:checking '/home/pi/seav2/install/robot_cam_ros/bin'
[26.755s] Level 1:colcon.colcon_core.environment:create_environment_scripts_only(robot_cam_ros)
[26.759s] INFO:colcon.colcon_core.shell:Creating package script '/home/pi/seav2/install/robot_cam_ros/share/robot_cam_ros/package.ps1'
[26.771s] INFO:colcon.colcon_core.shell:Creating package descriptor '/home/pi/seav2/install/robot_cam_ros/share/robot_cam_ros/package.dsv'
[26.780s] INFO:colcon.colcon_core.shell:Creating package script '/home/pi/seav2/install/robot_cam_ros/share/robot_cam_ros/package.sh'
[26.788s] INFO:colcon.colcon_core.shell:Creating package script '/home/pi/seav2/install/robot_cam_ros/share/robot_cam_ros/package.bash'
[26.793s] INFO:colcon.colcon_core.shell:Creating package script '/home/pi/seav2/install/robot_cam_ros/share/robot_cam_ros/package.zsh'
[26.798s] Level 1:colcon.colcon_core.environment:create_file_with_runtime_dependencies(/home/pi/seav2/install/robot_cam_ros/share/colcon-core/packages/robot_cam_ros)
[26.853s] DEBUG:colcon.colcon_core.event_handler.log_command:Invoking command in '/home/pi/seav2/build/carlikebot_ros2_control': CMAKE_PREFIX_PATH=/home/pi/seav2/install/serial:/home/pi/seav2/install/ros2_control_demo_description:/home/pi/seav2/install/carlikebot_ros2_control:/home/pi/seav2/install/seav2:/home/pi/ss25/install/sllidar_ros2:/home/pi/ss25/src/install/sllidar_ros2:/home/pi/demo_testing_9_april/seav/install/seav_simulation:/home/pi/demo_testing_9_april/seav/install/seav_description:/home/pi/demo_testing_9_april/seav/install/rplidar_ros:/home/pi/demo_testing_9_april/seav/install/my_nav2_pkg:/home/pi/seav2/install/seav2_imu:/home/pi/seav2/install/robot_cam_ros:/home/pi/seav2/install/ball_tracker:/home/pi/ss25/install/wheel_odometry:/home/pi/ss25/install/vup_2k7:/home/pi/ss25/install/summary:/home/pi/ss25/install/safety_control:/home/pi/ss25/install/project:/home/pi/ss25/install/my_slam:/home/pi/ss25/install/my_motor_driver:/home/pi/ss25/install/final:/home/pi/ss25/install/description:/home/pi/ss25/install/bringup_pkg:/home/pi/ss25/src/summary/install/summary:/home/pi/ss25/src/install/wheel_odometry:/home/pi/ss25/src/install/summary:/home/pi/ss25/src/install/safety_control:/home/pi/ss25/src/install/project:/home/pi/ss25/src/install/my_motor_driver:/home/pi/ss25/src/install/description:/home/pi/ss25/src/install/bringup_pkg:/home/pi/install/summary:/home/pi/demo_testing_9_april/seav/install/yolov8_ros:/home/pi/demo_testing_9_april/seav/install/static_tf_publisher:/home/pi/demo_testing_9_april/seav/install/seav_test_sensors:/home/pi/demo_testing_9_april/seav/install/my_robot_controller:/opt/ros/humble /usr/bin/cmake --build /home/pi/seav2/build/carlikebot_ros2_control -- -j4 -l4
[27.351s] DEBUG:colcon.colcon_core.event_handler.log_command:Invoking command in '/home/pi/seav2/src/seav2_imu': PYTHONPATH=/home/pi/seav2/build/seav2_imu/prefix_override:/usr/lib/python3/dist-packages/colcon_core/task/python/colcon_distutils_commands:/home/pi/seav2/install/seav2_imu/lib/python3.10/site-packages:${PYTHONPATH} /usr/bin/python3 -W ignore:setup.py install is deprecated -W ignore:easy_install command is deprecated setup.py egg_info --egg-base ../../build/seav2_imu build --build-base /home/pi/seav2/build/seav2_imu/build install --record /home/pi/seav2/build/seav2_imu/install.log --single-version-externally-managed install_data
[27.768s] DEBUG:colcon.colcon_core.event_handler.log_command:Invoked command in '/home/pi/seav2/build/carlikebot_ros2_control' returned '0': CMAKE_PREFIX_PATH=/home/pi/seav2/install/serial:/home/pi/seav2/install/ros2_control_demo_description:/home/pi/seav2/install/carlikebot_ros2_control:/home/pi/seav2/install/seav2:/home/pi/ss25/install/sllidar_ros2:/home/pi/ss25/src/install/sllidar_ros2:/home/pi/demo_testing_9_april/seav/install/seav_simulation:/home/pi/demo_testing_9_april/seav/install/seav_description:/home/pi/demo_testing_9_april/seav/install/rplidar_ros:/home/pi/demo_testing_9_april/seav/install/my_nav2_pkg:/home/pi/seav2/install/seav2_imu:/home/pi/seav2/install/robot_cam_ros:/home/pi/seav2/install/ball_tracker:/home/pi/ss25/install/wheel_odometry:/home/pi/ss25/install/vup_2k7:/home/pi/ss25/install/summary:/home/pi/ss25/install/safety_control:/home/pi/ss25/install/project:/home/pi/ss25/install/my_slam:/home/pi/ss25/install/my_motor_driver:/home/pi/ss25/install/final:/home/pi/ss25/install/description:/home/pi/ss25/install/bringup_pkg:/home/pi/ss25/src/summary/install/summary:/home/pi/ss25/src/install/wheel_odometry:/home/pi/ss25/src/install/summary:/home/pi/ss25/src/install/safety_control:/home/pi/ss25/src/install/project:/home/pi/ss25/src/install/my_motor_driver:/home/pi/ss25/src/install/description:/home/pi/ss25/src/install/bringup_pkg:/home/pi/install/summary:/home/pi/demo_testing_9_april/seav/install/yolov8_ros:/home/pi/demo_testing_9_april/seav/install/static_tf_publisher:/home/pi/demo_testing_9_april/seav/install/seav_test_sensors:/home/pi/demo_testing_9_april/seav/install/my_robot_controller:/opt/ros/humble /usr/bin/cmake --build /home/pi/seav2/build/carlikebot_ros2_control -- -j4 -l4
[27.773s] DEBUG:colcon.colcon_core.event_handler.log_command:Invoking command in '/home/pi/seav2/build/carlikebot_ros2_control': CMAKE_PREFIX_PATH=/home/pi/seav2/install/serial:/home/pi/seav2/install/ros2_control_demo_description:/home/pi/seav2/install/carlikebot_ros2_control:/home/pi/seav2/install/seav2:/home/pi/ss25/install/sllidar_ros2:/home/pi/ss25/src/install/sllidar_ros2:/home/pi/demo_testing_9_april/seav/install/seav_simulation:/home/pi/demo_testing_9_april/seav/install/seav_description:/home/pi/demo_testing_9_april/seav/install/rplidar_ros:/home/pi/demo_testing_9_april/seav/install/my_nav2_pkg:/home/pi/seav2/install/seav2_imu:/home/pi/seav2/install/robot_cam_ros:/home/pi/seav2/install/ball_tracker:/home/pi/ss25/install/wheel_odometry:/home/pi/ss25/install/vup_2k7:/home/pi/ss25/install/summary:/home/pi/ss25/install/safety_control:/home/pi/ss25/install/project:/home/pi/ss25/install/my_slam:/home/pi/ss25/install/my_motor_driver:/home/pi/ss25/install/final:/home/pi/ss25/install/description:/home/pi/ss25/install/bringup_pkg:/home/pi/ss25/src/summary/install/summary:/home/pi/ss25/src/install/wheel_odometry:/home/pi/ss25/src/install/summary:/home/pi/ss25/src/install/safety_control:/home/pi/ss25/src/install/project:/home/pi/ss25/src/install/my_motor_driver:/home/pi/ss25/src/install/description:/home/pi/ss25/src/install/bringup_pkg:/home/pi/install/summary:/home/pi/demo_testing_9_april/seav/install/yolov8_ros:/home/pi/demo_testing_9_april/seav/install/static_tf_publisher:/home/pi/demo_testing_9_april/seav/install/seav_test_sensors:/home/pi/demo_testing_9_april/seav/install/my_robot_controller:/opt/ros/humble /usr/bin/cmake --install /home/pi/seav2/build/carlikebot_ros2_control
[28.089s] Level 1:colcon.colcon_core.environment:create_environment_scripts_only(carlikebot_ros2_control)
[28.091s] Level 1:colcon.colcon_core.environment:checking '/home/pi/seav2/install/carlikebot_ros2_control' for CMake module files
[28.099s] DEBUG:colcon.colcon_core.event_handler.log_command:Invoked command in '/home/pi/seav2/build/carlikebot_ros2_control' returned '0': CMAKE_PREFIX_PATH=/home/pi/seav2/install/serial:/home/pi/seav2/install/ros2_control_demo_description:/home/pi/seav2/install/carlikebot_ros2_control:/home/pi/seav2/install/seav2:/home/pi/ss25/install/sllidar_ros2:/home/pi/ss25/src/install/sllidar_ros2:/home/pi/demo_testing_9_april/seav/install/seav_simulation:/home/pi/demo_testing_9_april/seav/install/seav_description:/home/pi/demo_testing_9_april/seav/install/rplidar_ros:/home/pi/demo_testing_9_april/seav/install/my_nav2_pkg:/home/pi/seav2/install/seav2_imu:/home/pi/seav2/install/robot_cam_ros:/home/pi/seav2/install/ball_tracker:/home/pi/ss25/install/wheel_odometry:/home/pi/ss25/install/vup_2k7:/home/pi/ss25/install/summary:/home/pi/ss25/install/safety_control:/home/pi/ss25/install/project:/home/pi/ss25/install/my_slam:/home/pi/ss25/install/my_motor_driver:/home/pi/ss25/install/final:/home/pi/ss25/install/description:/home/pi/ss25/install/bringup_pkg:/home/pi/ss25/src/summary/install/summary:/home/pi/ss25/src/install/wheel_odometry:/home/pi/ss25/src/install/summary:/home/pi/ss25/src/install/safety_control:/home/pi/ss25/src/install/project:/home/pi/ss25/src/install/my_motor_driver:/home/pi/ss25/src/install/description:/home/pi/ss25/src/install/bringup_pkg:/home/pi/install/summary:/home/pi/demo_testing_9_april/seav/install/yolov8_ros:/home/pi/demo_testing_9_april/seav/install/static_tf_publisher:/home/pi/demo_testing_9_april/seav/install/seav_test_sensors:/home/pi/demo_testing_9_april/seav/install/my_robot_controller:/opt/ros/humble /usr/bin/cmake --install /home/pi/seav2/build/carlikebot_ros2_control
[28.107s] Level 1:colcon.colcon_core.environment:checking '/home/pi/seav2/install/carlikebot_ros2_control' for CMake config files
[28.113s] Level 1:colcon.colcon_core.shell:create_environment_hook('carlikebot_ros2_control', 'cmake_prefix_path')
[28.115s] INFO:colcon.colcon_core.shell:Creating environment hook '/home/pi/seav2/install/carlikebot_ros2_control/share/carlikebot_ros2_control/hook/cmake_prefix_path.ps1'
[28.121s] INFO:colcon.colcon_core.shell:Creating environment descriptor '/home/pi/seav2/install/carlikebot_ros2_control/share/carlikebot_ros2_control/hook/cmake_prefix_path.dsv'
[28.126s] INFO:colcon.colcon_core.shell:Creating environment hook '/home/pi/seav2/install/carlikebot_ros2_control/share/carlikebot_ros2_control/hook/cmake_prefix_path.sh'
[28.133s] Level 1:colcon.colcon_core.environment:checking '/home/pi/seav2/install/carlikebot_ros2_control/lib'
[28.135s] Level 1:colcon.colcon_core.shell:create_environment_hook('carlikebot_ros2_control', 'ld_library_path_lib')
[28.137s] INFO:colcon.colcon_core.shell:Creating environment hook '/home/pi/seav2/install/carlikebot_ros2_control/share/carlikebot_ros2_control/hook/ld_library_path_lib.ps1'
[28.143s] INFO:colcon.colcon_core.shell:Creating environment descriptor '/home/pi/seav2/install/carlikebot_ros2_control/share/carlikebot_ros2_control/hook/ld_library_path_lib.dsv'
[28.148s] INFO:colcon.colcon_core.shell:Creating environment hook '/home/pi/seav2/install/carlikebot_ros2_control/share/carlikebot_ros2_control/hook/ld_library_path_lib.sh'
[28.153s] Level 1:colcon.colcon_core.environment:checking '/home/pi/seav2/install/carlikebot_ros2_control/bin'
[28.154s] Level 1:colcon.colcon_core.environment:checking '/home/pi/seav2/install/carlikebot_ros2_control/lib/pkgconfig/carlikebot_ros2_control.pc'
[28.156s] Level 1:colcon.colcon_core.environment:checking '/home/pi/seav2/install/carlikebot_ros2_control/lib/python3.10/site-packages'
[28.158s] Level 1:colcon.colcon_core.environment:checking '/home/pi/seav2/install/carlikebot_ros2_control/bin'
[28.162s] INFO:colcon.colcon_core.shell:Creating package script '/home/pi/seav2/install/carlikebot_ros2_control/share/carlikebot_ros2_control/package.ps1'
[28.168s] INFO:colcon.colcon_core.shell:Creating package descriptor '/home/pi/seav2/install/carlikebot_ros2_control/share/carlikebot_ros2_control/package.dsv'
[28.179s] INFO:colcon.colcon_core.shell:Creating package script '/home/pi/seav2/install/carlikebot_ros2_control/share/carlikebot_ros2_control/package.sh'
[28.189s] INFO:colcon.colcon_core.shell:Creating package script '/home/pi/seav2/install/carlikebot_ros2_control/share/carlikebot_ros2_control/package.bash'
[28.194s] INFO:colcon.colcon_core.shell:Creating package script '/home/pi/seav2/install/carlikebot_ros2_control/share/carlikebot_ros2_control/package.zsh'
[28.198s] Level 1:colcon.colcon_core.environment:create_file_with_runtime_dependencies(/home/pi/seav2/install/carlikebot_ros2_control/share/colcon-core/packages/carlikebot_ros2_control)
[28.205s] Level 1:colcon.colcon_core.environment:create_environment_scripts_only(carlikebot_ros2_control)
[28.207s] Level 1:colcon.colcon_core.environment:checking '/home/pi/seav2/install/carlikebot_ros2_control' for CMake module files
[28.217s] Level 1:colcon.colcon_core.environment:checking '/home/pi/seav2/install/carlikebot_ros2_control' for CMake config files
[28.222s] Level 1:colcon.colcon_core.shell:create_environment_hook('carlikebot_ros2_control', 'cmake_prefix_path')
[28.225s] INFO:colcon.colcon_core.shell:Creating environment hook '/home/pi/seav2/install/carlikebot_ros2_control/share/carlikebot_ros2_control/hook/cmake_prefix_path.ps1'
[28.230s] INFO:colcon.colcon_core.shell:Creating environment descriptor '/home/pi/seav2/install/carlikebot_ros2_control/share/carlikebot_ros2_control/hook/cmake_prefix_path.dsv'
[28.235s] INFO:colcon.colcon_core.shell:Creating environment hook '/home/pi/seav2/install/carlikebot_ros2_control/share/carlikebot_ros2_control/hook/cmake_prefix_path.sh'
[28.241s] Level 1:colcon.colcon_core.environment:checking '/home/pi/seav2/install/carlikebot_ros2_control/lib'
[28.242s] Level 1:colcon.colcon_core.shell:create_environment_hook('carlikebot_ros2_control', 'ld_library_path_lib')
[28.245s] INFO:colcon.colcon_core.shell:Creating environment hook '/home/pi/seav2/install/carlikebot_ros2_control/share/carlikebot_ros2_control/hook/ld_library_path_lib.ps1'
[28.250s] INFO:colcon.colcon_core.shell:Creating environment descriptor '/home/pi/seav2/install/carlikebot_ros2_control/share/carlikebot_ros2_control/hook/ld_library_path_lib.dsv'
[28.254s] INFO:colcon.colcon_core.shell:Creating environment hook '/home/pi/seav2/install/carlikebot_ros2_control/share/carlikebot_ros2_control/hook/ld_library_path_lib.sh'
[28.259s] Level 1:colcon.colcon_core.environment:checking '/home/pi/seav2/install/carlikebot_ros2_control/bin'
[28.260s] Level 1:colcon.colcon_core.environment:checking '/home/pi/seav2/install/carlikebot_ros2_control/lib/pkgconfig/carlikebot_ros2_control.pc'
[28.263s] Level 1:colcon.colcon_core.environment:checking '/home/pi/seav2/install/carlikebot_ros2_control/lib/python3.10/site-packages'
[28.265s] Level 1:colcon.colcon_core.environment:checking '/home/pi/seav2/install/carlikebot_ros2_control/bin'
[28.269s] INFO:colcon.colcon_core.shell:Creating package script '/home/pi/seav2/install/carlikebot_ros2_control/share/carlikebot_ros2_control/package.ps1'
[28.275s] INFO:colcon.colcon_core.shell:Creating package descriptor '/home/pi/seav2/install/carlikebot_ros2_control/share/carlikebot_ros2_control/package.dsv'
[28.282s] INFO:colcon.colcon_core.shell:Creating package script '/home/pi/seav2/install/carlikebot_ros2_control/share/carlikebot_ros2_control/package.sh'
[28.288s] INFO:colcon.colcon_core.shell:Creating package script '/home/pi/seav2/install/carlikebot_ros2_control/share/carlikebot_ros2_control/package.bash'
[28.295s] INFO:colcon.colcon_core.shell:Creating package script '/home/pi/seav2/install/carlikebot_ros2_control/share/carlikebot_ros2_control/package.zsh'
[28.300s] Level 1:colcon.colcon_core.environment:create_file_with_runtime_dependencies(/home/pi/seav2/install/carlikebot_ros2_control/share/colcon-core/packages/carlikebot_ros2_control)
[28.944s] DEBUG:colcon.colcon_core.event_handler.log_command:Invoked command in '/home/pi/seav2/build/v4l2_camera' returned '2': CMAKE_PREFIX_PATH=${CMAKE_PREFIX_PATH}:/home/pi/seav2/install/seav2_imu:/home/pi/seav2/install/robot_cam_ros:/home/pi/seav2/install/ball_tracker:/home/pi/ss25/install/wheel_odometry:/home/pi/ss25/install/vup_2k7:/home/pi/ss25/install/summary:/home/pi/ss25/install/safety_control:/home/pi/ss25/install/project:/home/pi/ss25/install/my_slam:/home/pi/ss25/install/my_motor_driver:/home/pi/ss25/install/final:/home/pi/ss25/install/description:/home/pi/ss25/install/bringup_pkg:/home/pi/ss25/src/summary/install/summary:/home/pi/ss25/src/install/wheel_odometry:/home/pi/ss25/src/install/summary:/home/pi/ss25/src/install/safety_control:/home/pi/ss25/src/install/project:/home/pi/ss25/src/install/my_motor_driver:/home/pi/ss25/src/install/description:/home/pi/ss25/src/install/bringup_pkg:/home/pi/install/summary:/home/pi/demo_testing_9_april/seav/install/yolov8_ros:/home/pi/demo_testing_9_april/seav/install/static_tf_publisher:/home/pi/demo_testing_9_april/seav/install/seav_test_sensors:/home/pi/demo_testing_9_april/seav/install/my_robot_controller:/opt/ros/humble /usr/bin/cmake --build /home/pi/seav2/build/v4l2_camera -- -j4 -l4
[28.949s] Level 1:colcon.colcon_core.environment:create_environment_scripts_only(v4l2_camera)
[28.951s] Level 1:colcon.colcon_core.environment:checking '/home/pi/seav2/install/v4l2_camera' for CMake module files
[28.956s] Level 1:colcon.colcon_core.environment:checking '/home/pi/seav2/install/v4l2_camera' for CMake config files
[28.961s] Level 1:colcon.colcon_core.environment:checking '/home/pi/seav2/install/v4l2_camera/bin'
[28.962s] Level 1:colcon.colcon_core.environment:checking '/home/pi/seav2/install/v4l2_camera/lib/pkgconfig/v4l2_camera.pc'
[28.964s] Level 1:colcon.colcon_core.environment:checking '/home/pi/seav2/install/v4l2_camera/lib/python3.10/site-packages'
[28.966s] Level 1:colcon.colcon_core.environment:checking '/home/pi/seav2/install/v4l2_camera/bin'
[28.969s] INFO:colcon.colcon_core.shell:Creating package script '/home/pi/seav2/install/v4l2_camera/share/v4l2_camera/package.ps1'
[28.974s] INFO:colcon.colcon_core.shell:Creating package descriptor '/home/pi/seav2/install/v4l2_camera/share/v4l2_camera/package.dsv'
[28.980s] INFO:colcon.colcon_core.shell:Creating package script '/home/pi/seav2/install/v4l2_camera/share/v4l2_camera/package.sh'
[28.985s] INFO:colcon.colcon_core.shell:Creating package script '/home/pi/seav2/install/v4l2_camera/share/v4l2_camera/package.bash'
[28.990s] INFO:colcon.colcon_core.shell:Creating package script '/home/pi/seav2/install/v4l2_camera/share/v4l2_camera/package.zsh'
[28.995s] Level 1:colcon.colcon_core.environment:create_file_with_runtime_dependencies(/home/pi/seav2/install/v4l2_camera/share/colcon-core/packages/v4l2_camera)
[31.834s] DEBUG:colcon.colcon_parallel_executor.executor.parallel:closing loop
[31.837s] DEBUG:colcon.colcon_parallel_executor.executor.parallel:loop closed
[31.839s] DEBUG:colcon.colcon_parallel_executor.executor.parallel:run_until_complete finished with '2'
[31.840s] DEBUG:colcon.colcon_core.event_reactor:joining thread
[31.903s] INFO:colcon.colcon_core.plugin_system:Skipping extension 'colcon_notification.desktop_notification.notify_send': Could not find 'notify-send'
[31.904s] INFO:colcon.colcon_core.plugin_system:Skipping extension 'colcon_notification.desktop_notification.terminal_notifier': Not used on non-Darwin systems
[31.905s] INFO:colcon.colcon_core.plugin_system:Skipping extension 'colcon_notification.desktop_notification.win32': Not used on non-Windows systems
[31.905s] INFO:colcon.colcon_notification.desktop_notification:Sending desktop notification using 'notify2'
[31.913s] DEBUG:colcon.colcon_notification.desktop_notification.notify2:Failed to initialize notify2: org.freedesktop.DBus.Error.ServiceUnknown: The name org.freedesktop.Notifications was not provided by any .service files
[31.914s] DEBUG:colcon.colcon_core.event_reactor:joined thread
[31.916s] INFO:colcon.colcon_core.shell:Creating prefix script '/home/pi/seav2/install/local_setup.ps1'
[31.926s] INFO:colcon.colcon_core.shell:Creating prefix util module '/home/pi/seav2/install/_local_setup_util_ps1.py'
[31.942s] INFO:colcon.colcon_core.shell:Creating prefix chain script '/home/pi/seav2/install/setup.ps1'
[31.983s] INFO:colcon.colcon_core.shell:Creating prefix script '/home/pi/seav2/install/local_setup.sh'
[31.989s] INFO:colcon.colcon_core.shell:Creating prefix util module '/home/pi/seav2/install/_local_setup_util_sh.py'
[31.996s] INFO:colcon.colcon_core.shell:Creating prefix chain script '/home/pi/seav2/install/setup.sh'
[32.036s] INFO:colcon.colcon_core.shell:Creating prefix script '/home/pi/seav2/install/local_setup.bash'
[32.042s] INFO:colcon.colcon_core.shell:Creating prefix chain script '/home/pi/seav2/install/setup.bash'
[32.081s] INFO:colcon.colcon_core.shell:Creating prefix script '/home/pi/seav2/install/local_setup.zsh'
[32.088s] INFO:colcon.colcon_core.shell:Creating prefix chain script '/home/pi/seav2/install/setup.zsh'
