[0.000000] (-) TimerEvent: {}
[0.002002] (ball_tracker) JobQueued: {'identifier': 'ball_tracker', 'dependencies': OrderedDict()}
[0.002789] (robot_cam_ros) JobQueued: {'identifier': 'robot_cam_ros', 'dependencies': OrderedDict()}
[0.003220] (ros2_control_demo_description) JobQueued: {'identifier': 'ros2_control_demo_description', 'dependencies': OrderedDict()}
[0.003466] (seav2) JobQueued: {'identifier': 'seav2', 'dependencies': OrderedDict()}
[0.003697] (seav2_imu) JobQueued: {'identifier': 'seav2_imu', 'dependencies': OrderedDict()}
[0.003931] (serial) JobQueued: {'identifier': 'serial', 'dependencies': OrderedDict()}
[0.004164] (v4l2_camera) JobQueued: {'identifier': 'v4l2_camera', 'dependencies': OrderedDict()}
[0.004391] (carlikebot_ros2_control) JobQueued: {'identifier': 'carlikebot_ros2_control', 'dependencies': OrderedDict([('ros2_control_demo_description', '/home/pi/seav2/install/ros2_control_demo_description'), ('serial', '/home/pi/seav2/install/serial')])}
[0.004650] (ros2_control_demo_description) JobStarted: {'identifier': 'ros2_control_demo_description'}
[0.094062] (-) TimerEvent: {}
[0.167266] (serial) JobStarted: {'identifier': 'serial'}
[0.194488] (-) TimerEvent: {}
[0.286995] (ball_tracker) JobStarted: {'identifier': 'ball_tracker'}
[0.297558] (-) TimerEvent: {}
[0.398794] (-) TimerEvent: {}
[0.429553] (robot_cam_ros) JobStarted: {'identifier': 'robot_cam_ros'}
[0.499093] (-) TimerEvent: {}
[0.578581] (ros2_control_demo_description) JobProgress: {'identifier': 'ros2_control_demo_description', 'progress': 'cmake'}
[0.587765] (ros2_control_demo_description) JobProgress: {'identifier': 'ros2_control_demo_description', 'progress': 'build'}
[0.593922] (ros2_control_demo_description) Command: {'cmd': ['/usr/bin/cmake', '--build', '/home/pi/seav2/build/ros2_control_demo_description', '--', '-j4', '-l4'], 'cwd': '/home/pi/seav2/build/ros2_control_demo_description', 'env': OrderedDict([('LESSOPEN', '| /usr/bin/lesspipe %s'), ('USER', 'pi'), ('SSH_CLIENT', '192.168.0.105 44486 22'), ('LC_TIME', 'en_US.UTF-8'), ('XDG_SESSION_TYPE', 'tty'), ('SHLVL', '1'), ('LD_LIBRARY_PATH', '/opt/ros/humble/opt/rviz_ogre_vendor/lib:/opt/ros/humble/lib/aarch64-linux-gnu:/opt/ros/humble/lib'), ('MOTD_SHOWN', 'pam'), ('HOME', '/home/pi'), ('OLDPWD', '/home/pi'), ('SSH_TTY', '/dev/pts/0'), ('ROS_PYTHON_VERSION', '3'), ('LC_MONETARY', 'en_US.UTF-8'), ('ROS_IP', '192.168.137.192'), ('DBUS_SESSION_BUS_ADDRESS', 'unix:path=/run/user/1000/bus'), ('QT_QPA_PLATFORM_PLUGIN_PATH', '/home/your_username/.local/lib/python3.10/site-packages/cv2/qt/plugins'), ('COLCON_PREFIX_PATH', '/home/pi/ss25/install:/home/pi/ss25/src/description/description/install:/home/pi/ss25/src/summary/install:/home/pi/ss25/src/install:/home/pi/demo_testing_9_april/seav/install:/home/pi/install'), ('ROS_DISTRO', 'humble'), ('LOGNAME', 'pi'), ('_', '/usr/bin/colcon'), ('ROS_VERSION', '2'), ('XDG_SESSION_CLASS', 'user'), ('TERM', 'xterm-256color'), ('XDG_SESSION_ID', '1'), ('ROS_LOCALHOST_ONLY', '0'), ('PATH', '/home/pi/.local/bin:/home/pi/.local/bin:/opt/ros/humble/bin:/usr/local/sbin:/usr/local/bin:/usr/sbin:/usr/bin:/sbin:/bin:/usr/games:/usr/local/games:/snap/bin'), ('LC_ADDRESS', 'en_US.UTF-8'), ('XDG_RUNTIME_DIR', '/run/user/1000'), ('DISPLAY', 'localhost:10.0'), ('LANG', 'en_US.UTF-8'), ('LC_TELEPHONE', 'en_US.UTF-8'), ('LS_COLORS', 'rs=0:di=01;34:ln=01;36:mh=00:pi=40;33:so=01;35:do=01;35:bd=40;33;01:cd=40;33;01:or=40;31;01:mi=00:su=37;41:sg=30;43:ca=30;41:tw=30;42:ow=34;42:st=37;44:ex=01;32:*.tar=01;31:*.tgz=01;31:*.arc=01;31:*.arj=01;31:*.taz=01;31:*.lha=01;31:*.lz4=01;31:*.lzh=01;31:*.lzma=01;31:*.tlz=01;31:*.txz=01;31:*.tzo=01;31:*.t7z=01;31:*.zip=01;31:*.z=01;31:*.dz=01;31:*.gz=01;31:*.lrz=01;31:*.lz=01;31:*.lzo=01;31:*.xz=01;31:*.zst=01;31:*.tzst=01;31:*.bz2=01;31:*.bz=01;31:*.tbz=01;31:*.tbz2=01;31:*.tz=01;31:*.deb=01;31:*.rpm=01;31:*.jar=01;31:*.war=01;31:*.ear=01;31:*.sar=01;31:*.rar=01;31:*.alz=01;31:*.ace=01;31:*.zoo=01;31:*.cpio=01;31:*.7z=01;31:*.rz=01;31:*.cab=01;31:*.wim=01;31:*.swm=01;31:*.dwm=01;31:*.esd=01;31:*.jpg=01;35:*.jpeg=01;35:*.mjpg=01;35:*.mjpeg=01;35:*.gif=01;35:*.bmp=01;35:*.pbm=01;35:*.pgm=01;35:*.ppm=01;35:*.tga=01;35:*.xbm=01;35:*.xpm=01;35:*.tif=01;35:*.tiff=01;35:*.png=01;35:*.svg=01;35:*.svgz=01;35:*.mng=01;35:*.pcx=01;35:*.mov=01;35:*.mpg=01;35:*.mpeg=01;35:*.m2v=01;35:*.mkv=01;35:*.webm=01;35:*.webp=01;35:*.ogm=01;35:*.mp4=01;35:*.m4v=01;35:*.mp4v=01;35:*.vob=01;35:*.qt=01;35:*.nuv=01;35:*.wmv=01;35:*.asf=01;35:*.rm=01;35:*.rmvb=01;35:*.flc=01;35:*.avi=01;35:*.fli=01;35:*.flv=01;35:*.gl=01;35:*.dl=01;35:*.xcf=01;35:*.xwd=01;35:*.yuv=01;35:*.cgm=01;35:*.emf=01;35:*.ogv=01;35:*.ogx=01;35:*.aac=00;36:*.au=00;36:*.flac=00;36:*.m4a=00;36:*.mid=00;36:*.midi=00;36:*.mka=00;36:*.mp3=00;36:*.mpc=00;36:*.ogg=00;36:*.ra=00;36:*.wav=00;36:*.oga=00;36:*.opus=00;36:*.spx=00;36:*.xspf=00;36:'), ('ROS_DOMAIN_ID', '0'), ('AMENT_PREFIX_PATH', '/home/pi/ss25/install/wheel_odometry:/home/pi/ss25/install/vup_2k7:/home/pi/ss25/install/summary:/home/pi/ss25/install/sllidar_ros2:/home/pi/ss25/install/safety_control:/home/pi/ss25/install/project:/home/pi/ss25/install/my_slam:/home/pi/ss25/install/my_motor_driver:/home/pi/ss25/install/final:/home/pi/ss25/install/description:/home/pi/ss25/install/bringup_pkg:/home/pi/ss25/src/summary/install/summary:/home/pi/ss25/src/install/wheel_odometry:/home/pi/ss25/src/install/summary:/home/pi/ss25/src/install/sllidar_ros2:/home/pi/ss25/src/install/safety_control:/home/pi/ss25/src/install/project:/home/pi/ss25/src/install/my_motor_driver:/home/pi/ss25/src/install/description:/home/pi/ss25/src/install/bringup_pkg:/home/pi/install/summary:/home/pi/demo_testing_9_april/seav/install/yolov8_ros:/home/pi/demo_testing_9_april/seav/install/static_tf_publisher:/home/pi/demo_testing_9_april/seav/install/seav_test_sensors:/home/pi/demo_testing_9_april/seav/install/seav_simulation:/home/pi/demo_testing_9_april/seav/install/seav_description:/home/pi/demo_testing_9_april/seav/install/rplidar_ros:/home/pi/demo_testing_9_april/seav/install/my_robot_controller:/home/pi/demo_testing_9_april/seav/install/my_nav2_pkg:/opt/ros/humble'), ('SHELL', '/bin/bash'), ('LC_NAME', 'en_US.UTF-8'), ('LESSCLOSE', '/usr/bin/lesspipe %s %s'), ('LC_MEASUREMENT', 'en_US.UTF-8'), ('LC_IDENTIFICATION', 'en_US.UTF-8'), ('PWD', '/home/pi/seav2/build/ros2_control_demo_description'), ('LC_ALL', 'en_US.UTF-8'), ('SSH_CONNECTION', '192.168.0.105 44486 192.168.0.210 22'), ('XDG_DATA_DIRS', '/usr/local/share:/usr/share:/var/lib/snapd/desktop'), ('PYTHONPATH', '/home/pi/ss25/install/wheel_odometry/lib/python3.10/site-packages:/home/pi/ss25/install/vup_2k7/lib/python3.10/site-packages:/home/pi/ss25/install/summary/lib/python3.10/site-packages:/home/pi/ss25/install/safety_control/lib/python3.10/site-packages:/home/pi/ss25/install/project/lib/python3.10/site-packages:/home/pi/ss25/install/my_slam/lib/python3.10/site-packages:/home/pi/ss25/install/my_motor_driver/lib/python3.10/site-packages:/home/pi/ss25/install/final/lib/python3.10/site-packages:/home/pi/ss25/install/description/lib/python3.10/site-packages:/home/pi/ss25/install/bringup_pkg/lib/python3.10/site-packages:/home/pi/ss25/src/summary/install/summary/lib/python3.10/site-packages:/home/pi/ss25/src/install/wheel_odometry/lib/python3.10/site-packages:/home/pi/ss25/src/install/summary/lib/python3.10/site-packages:/home/pi/ss25/src/install/safety_control/lib/python3.10/site-packages:/home/pi/ss25/src/install/project/lib/python3.10/site-packages:/home/pi/ss25/src/install/my_motor_driver/lib/python3.10/site-packages:/home/pi/ss25/src/install/description/lib/python3.10/site-packages:/home/pi/ss25/src/install/bringup_pkg/lib/python3.10/site-packages:/home/pi/install/summary/lib/python3.10/site-packages:/home/pi/demo_testing_9_april/seav/install/yolov8_ros/lib/python3.10/site-packages:/home/pi/demo_testing_9_april/seav/install/static_tf_publisher/lib/python3.10/site-packages:/home/pi/demo_testing_9_april/seav/install/seav_test_sensors/lib/python3.10/site-packages:/home/pi/demo_testing_9_april/seav/install/my_robot_controller/lib/python3.10/site-packages:/opt/ros/humble/lib/python3.10/site-packages:/opt/ros/humble/local/lib/python3.10/dist-packages'), ('ROS_HOSTNAME', '192.168.137.192'), ('LC_NUMERIC', 'en_US.UTF-8'), ('LC_PAPER', 'en_US.UTF-8'), ('COLCON', '1'), ('CMAKE_PREFIX_PATH', '/home/pi/ss25/install/sllidar_ros2:/home/pi/ss25/src/install/sllidar_ros2:/home/pi/demo_testing_9_april/seav/install/seav_simulation:/home/pi/demo_testing_9_april/seav/install/seav_description:/home/pi/demo_testing_9_april/seav/install/rplidar_ros:/home/pi/demo_testing_9_april/seav/install/my_nav2_pkg:/home/pi/ss25/install/wheel_odometry:/home/pi/ss25/install/vup_2k7:/home/pi/ss25/install/summary:/home/pi/ss25/install/safety_control:/home/pi/ss25/install/project:/home/pi/ss25/install/my_slam:/home/pi/ss25/install/my_motor_driver:/home/pi/ss25/install/final:/home/pi/ss25/install/description:/home/pi/ss25/install/bringup_pkg:/home/pi/ss25/src/summary/install/summary:/home/pi/ss25/src/install/wheel_odometry:/home/pi/ss25/src/install/summary:/home/pi/ss25/src/install/safety_control:/home/pi/ss25/src/install/project:/home/pi/ss25/src/install/my_motor_driver:/home/pi/ss25/src/install/description:/home/pi/ss25/src/install/bringup_pkg:/home/pi/install/summary:/home/pi/demo_testing_9_april/seav/install/yolov8_ros:/home/pi/demo_testing_9_april/seav/install/static_tf_publisher:/home/pi/demo_testing_9_april/seav/install/seav_test_sensors:/home/pi/demo_testing_9_april/seav/install/my_robot_controller:/opt/ros/humble')]), 'shell': False}
[0.601662] (-) TimerEvent: {}
[0.636735] (serial) JobProgress: {'identifier': 'serial', 'progress': 'cmake'}
[0.646718] (serial) JobProgress: {'identifier': 'serial', 'progress': 'build'}
[0.648939] (serial) Command: {'cmd': ['/usr/bin/cmake', '--build', '/home/pi/seav2/build/serial', '--', '-j4', '-l4'], 'cwd': '/home/pi/seav2/build/serial', 'env': OrderedDict([('LESSOPEN', '| /usr/bin/lesspipe %s'), ('USER', 'pi'), ('SSH_CLIENT', '192.168.0.105 44486 22'), ('LC_TIME', 'en_US.UTF-8'), ('XDG_SESSION_TYPE', 'tty'), ('SHLVL', '1'), ('LD_LIBRARY_PATH', '/opt/ros/humble/opt/rviz_ogre_vendor/lib:/opt/ros/humble/lib/aarch64-linux-gnu:/opt/ros/humble/lib'), ('MOTD_SHOWN', 'pam'), ('HOME', '/home/pi'), ('OLDPWD', '/home/pi'), ('SSH_TTY', '/dev/pts/0'), ('ROS_PYTHON_VERSION', '3'), ('LC_MONETARY', 'en_US.UTF-8'), ('ROS_IP', '192.168.137.192'), ('DBUS_SESSION_BUS_ADDRESS', 'unix:path=/run/user/1000/bus'), ('QT_QPA_PLATFORM_PLUGIN_PATH', '/home/your_username/.local/lib/python3.10/site-packages/cv2/qt/plugins'), ('COLCON_PREFIX_PATH', '/home/pi/ss25/install:/home/pi/ss25/src/description/description/install:/home/pi/ss25/src/summary/install:/home/pi/ss25/src/install:/home/pi/demo_testing_9_april/seav/install:/home/pi/install'), ('ROS_DISTRO', 'humble'), ('LOGNAME', 'pi'), ('_', '/usr/bin/colcon'), ('ROS_VERSION', '2'), ('XDG_SESSION_CLASS', 'user'), ('TERM', 'xterm-256color'), ('XDG_SESSION_ID', '1'), ('ROS_LOCALHOST_ONLY', '0'), ('PATH', '/home/pi/.local/bin:/home/pi/.local/bin:/opt/ros/humble/bin:/usr/local/sbin:/usr/local/bin:/usr/sbin:/usr/bin:/sbin:/bin:/usr/games:/usr/local/games:/snap/bin'), ('LC_ADDRESS', 'en_US.UTF-8'), ('XDG_RUNTIME_DIR', '/run/user/1000'), ('DISPLAY', 'localhost:10.0'), ('LANG', 'en_US.UTF-8'), ('LC_TELEPHONE', 'en_US.UTF-8'), ('LS_COLORS', 'rs=0:di=01;34:ln=01;36:mh=00:pi=40;33:so=01;35:do=01;35:bd=40;33;01:cd=40;33;01:or=40;31;01:mi=00:su=37;41:sg=30;43:ca=30;41:tw=30;42:ow=34;42:st=37;44:ex=01;32:*.tar=01;31:*.tgz=01;31:*.arc=01;31:*.arj=01;31:*.taz=01;31:*.lha=01;31:*.lz4=01;31:*.lzh=01;31:*.lzma=01;31:*.tlz=01;31:*.txz=01;31:*.tzo=01;31:*.t7z=01;31:*.zip=01;31:*.z=01;31:*.dz=01;31:*.gz=01;31:*.lrz=01;31:*.lz=01;31:*.lzo=01;31:*.xz=01;31:*.zst=01;31:*.tzst=01;31:*.bz2=01;31:*.bz=01;31:*.tbz=01;31:*.tbz2=01;31:*.tz=01;31:*.deb=01;31:*.rpm=01;31:*.jar=01;31:*.war=01;31:*.ear=01;31:*.sar=01;31:*.rar=01;31:*.alz=01;31:*.ace=01;31:*.zoo=01;31:*.cpio=01;31:*.7z=01;31:*.rz=01;31:*.cab=01;31:*.wim=01;31:*.swm=01;31:*.dwm=01;31:*.esd=01;31:*.jpg=01;35:*.jpeg=01;35:*.mjpg=01;35:*.mjpeg=01;35:*.gif=01;35:*.bmp=01;35:*.pbm=01;35:*.pgm=01;35:*.ppm=01;35:*.tga=01;35:*.xbm=01;35:*.xpm=01;35:*.tif=01;35:*.tiff=01;35:*.png=01;35:*.svg=01;35:*.svgz=01;35:*.mng=01;35:*.pcx=01;35:*.mov=01;35:*.mpg=01;35:*.mpeg=01;35:*.m2v=01;35:*.mkv=01;35:*.webm=01;35:*.webp=01;35:*.ogm=01;35:*.mp4=01;35:*.m4v=01;35:*.mp4v=01;35:*.vob=01;35:*.qt=01;35:*.nuv=01;35:*.wmv=01;35:*.asf=01;35:*.rm=01;35:*.rmvb=01;35:*.flc=01;35:*.avi=01;35:*.fli=01;35:*.flv=01;35:*.gl=01;35:*.dl=01;35:*.xcf=01;35:*.xwd=01;35:*.yuv=01;35:*.cgm=01;35:*.emf=01;35:*.ogv=01;35:*.ogx=01;35:*.aac=00;36:*.au=00;36:*.flac=00;36:*.m4a=00;36:*.mid=00;36:*.midi=00;36:*.mka=00;36:*.mp3=00;36:*.mpc=00;36:*.ogg=00;36:*.ra=00;36:*.wav=00;36:*.oga=00;36:*.opus=00;36:*.spx=00;36:*.xspf=00;36:'), ('ROS_DOMAIN_ID', '0'), ('AMENT_PREFIX_PATH', '/home/pi/ss25/install/wheel_odometry:/home/pi/ss25/install/vup_2k7:/home/pi/ss25/install/summary:/home/pi/ss25/install/sllidar_ros2:/home/pi/ss25/install/safety_control:/home/pi/ss25/install/project:/home/pi/ss25/install/my_slam:/home/pi/ss25/install/my_motor_driver:/home/pi/ss25/install/final:/home/pi/ss25/install/description:/home/pi/ss25/install/bringup_pkg:/home/pi/ss25/src/summary/install/summary:/home/pi/ss25/src/install/wheel_odometry:/home/pi/ss25/src/install/summary:/home/pi/ss25/src/install/sllidar_ros2:/home/pi/ss25/src/install/safety_control:/home/pi/ss25/src/install/project:/home/pi/ss25/src/install/my_motor_driver:/home/pi/ss25/src/install/description:/home/pi/ss25/src/install/bringup_pkg:/home/pi/install/summary:/home/pi/demo_testing_9_april/seav/install/yolov8_ros:/home/pi/demo_testing_9_april/seav/install/static_tf_publisher:/home/pi/demo_testing_9_april/seav/install/seav_test_sensors:/home/pi/demo_testing_9_april/seav/install/seav_simulation:/home/pi/demo_testing_9_april/seav/install/seav_description:/home/pi/demo_testing_9_april/seav/install/rplidar_ros:/home/pi/demo_testing_9_april/seav/install/my_robot_controller:/home/pi/demo_testing_9_april/seav/install/my_nav2_pkg:/opt/ros/humble'), ('SHELL', '/bin/bash'), ('LC_NAME', 'en_US.UTF-8'), ('LESSCLOSE', '/usr/bin/lesspipe %s %s'), ('LC_MEASUREMENT', 'en_US.UTF-8'), ('LC_IDENTIFICATION', 'en_US.UTF-8'), ('PWD', '/home/pi/seav2/build/serial'), ('LC_ALL', 'en_US.UTF-8'), ('SSH_CONNECTION', '192.168.0.105 44486 192.168.0.210 22'), ('XDG_DATA_DIRS', '/usr/local/share:/usr/share:/var/lib/snapd/desktop'), ('PYTHONPATH', '/home/pi/ss25/install/wheel_odometry/lib/python3.10/site-packages:/home/pi/ss25/install/vup_2k7/lib/python3.10/site-packages:/home/pi/ss25/install/summary/lib/python3.10/site-packages:/home/pi/ss25/install/safety_control/lib/python3.10/site-packages:/home/pi/ss25/install/project/lib/python3.10/site-packages:/home/pi/ss25/install/my_slam/lib/python3.10/site-packages:/home/pi/ss25/install/my_motor_driver/lib/python3.10/site-packages:/home/pi/ss25/install/final/lib/python3.10/site-packages:/home/pi/ss25/install/description/lib/python3.10/site-packages:/home/pi/ss25/install/bringup_pkg/lib/python3.10/site-packages:/home/pi/ss25/src/summary/install/summary/lib/python3.10/site-packages:/home/pi/ss25/src/install/wheel_odometry/lib/python3.10/site-packages:/home/pi/ss25/src/install/summary/lib/python3.10/site-packages:/home/pi/ss25/src/install/safety_control/lib/python3.10/site-packages:/home/pi/ss25/src/install/project/lib/python3.10/site-packages:/home/pi/ss25/src/install/my_motor_driver/lib/python3.10/site-packages:/home/pi/ss25/src/install/description/lib/python3.10/site-packages:/home/pi/ss25/src/install/bringup_pkg/lib/python3.10/site-packages:/home/pi/install/summary/lib/python3.10/site-packages:/home/pi/demo_testing_9_april/seav/install/yolov8_ros/lib/python3.10/site-packages:/home/pi/demo_testing_9_april/seav/install/static_tf_publisher/lib/python3.10/site-packages:/home/pi/demo_testing_9_april/seav/install/seav_test_sensors/lib/python3.10/site-packages:/home/pi/demo_testing_9_april/seav/install/my_robot_controller/lib/python3.10/site-packages:/opt/ros/humble/lib/python3.10/site-packages:/opt/ros/humble/local/lib/python3.10/dist-packages'), ('ROS_HOSTNAME', '192.168.137.192'), ('LC_NUMERIC', 'en_US.UTF-8'), ('LC_PAPER', 'en_US.UTF-8'), ('COLCON', '1'), ('CMAKE_PREFIX_PATH', '/home/pi/ss25/install/sllidar_ros2:/home/pi/ss25/src/install/sllidar_ros2:/home/pi/demo_testing_9_april/seav/install/seav_simulation:/home/pi/demo_testing_9_april/seav/install/seav_description:/home/pi/demo_testing_9_april/seav/install/rplidar_ros:/home/pi/demo_testing_9_april/seav/install/my_nav2_pkg:/home/pi/ss25/install/wheel_odometry:/home/pi/ss25/install/vup_2k7:/home/pi/ss25/install/summary:/home/pi/ss25/install/safety_control:/home/pi/ss25/install/project:/home/pi/ss25/install/my_slam:/home/pi/ss25/install/my_motor_driver:/home/pi/ss25/install/final:/home/pi/ss25/install/description:/home/pi/ss25/install/bringup_pkg:/home/pi/ss25/src/summary/install/summary:/home/pi/ss25/src/install/wheel_odometry:/home/pi/ss25/src/install/summary:/home/pi/ss25/src/install/safety_control:/home/pi/ss25/src/install/project:/home/pi/ss25/src/install/my_motor_driver:/home/pi/ss25/src/install/description:/home/pi/ss25/src/install/bringup_pkg:/home/pi/install/summary:/home/pi/demo_testing_9_april/seav/install/yolov8_ros:/home/pi/demo_testing_9_april/seav/install/static_tf_publisher:/home/pi/demo_testing_9_april/seav/install/seav_test_sensors:/home/pi/demo_testing_9_april/seav/install/my_robot_controller:/opt/ros/humble')]), 'shell': False}
[0.702182] (-) TimerEvent: {}
[0.804052] (-) TimerEvent: {}
[0.905583] (-) TimerEvent: {}
[1.007197] (-) TimerEvent: {}
[1.108754] (-) TimerEvent: {}
[1.210604] (-) TimerEvent: {}
[1.312127] (-) TimerEvent: {}
[1.413718] (-) TimerEvent: {}
[1.515518] (-) TimerEvent: {}
[1.617337] (-) TimerEvent: {}
[1.720489] (-) TimerEvent: {}
[1.824211] (-) TimerEvent: {}
[1.928241] (-) TimerEvent: {}
[2.032196] (-) TimerEvent: {}
[2.133766] (-) TimerEvent: {}
[2.235372] (-) TimerEvent: {}
[2.336694] (-) TimerEvent: {}
[2.438082] (-) TimerEvent: {}
[2.539318] (-) TimerEvent: {}
[2.640566] (-) TimerEvent: {}
[2.741905] (-) TimerEvent: {}
[2.843123] (-) TimerEvent: {}
[2.944371] (-) TimerEvent: {}
[3.045651] (-) TimerEvent: {}
[3.146873] (-) TimerEvent: {}
[3.248087] (-) TimerEvent: {}
[3.349321] (-) TimerEvent: {}
[3.450550] (-) TimerEvent: {}
[3.551791] (-) TimerEvent: {}
[3.653090] (-) TimerEvent: {}
[3.754388] (-) TimerEvent: {}
[3.855644] (-) TimerEvent: {}
[3.956884] (-) TimerEvent: {}
[4.058186] (-) TimerEvent: {}
[4.159430] (-) TimerEvent: {}
[4.260643] (-) TimerEvent: {}
[4.361938] (-) TimerEvent: {}
[4.463323] (-) TimerEvent: {}
[4.565200] (-) TimerEvent: {}
[4.666666] (-) TimerEvent: {}
[4.708553] (serial) StdoutLine: {'line': b'[ 28%] Built target serial\n'}
[4.716990] (serial) StdoutLine: {'line': b'[ 42%] Built target gtest_main\n'}
[4.718612] (serial) StdoutLine: {'line': b'[ 57%] Built target gtest\n'}
[4.719545] (serial) StdoutLine: {'line': b'[ 71%] Built target serial_example\n'}
[4.720474] (serial) StdoutLine: {'line': b'[ 85%] Built target serial-test-timer\n'}
[4.721649] (serial) StdoutLine: {'line': b'[100%] Built target serial-test\n'}
[4.722916] (ros2_control_demo_description) CommandEnded: {'returncode': 0}
[4.727800] (ros2_control_demo_description) JobProgress: {'identifier': 'ros2_control_demo_description', 'progress': 'install'}
[4.766993] (-) TimerEvent: {}
[4.807049] (ros2_control_demo_description) Command: {'cmd': ['/usr/bin/cmake', '--install', '/home/pi/seav2/build/ros2_control_demo_description'], 'cwd': '/home/pi/seav2/build/ros2_control_demo_description', 'env': OrderedDict([('LESSOPEN', '| /usr/bin/lesspipe %s'), ('USER', 'pi'), ('SSH_CLIENT', '192.168.0.105 44486 22'), ('LC_TIME', 'en_US.UTF-8'), ('XDG_SESSION_TYPE', 'tty'), ('SHLVL', '1'), ('LD_LIBRARY_PATH', '/opt/ros/humble/opt/rviz_ogre_vendor/lib:/opt/ros/humble/lib/aarch64-linux-gnu:/opt/ros/humble/lib'), ('MOTD_SHOWN', 'pam'), ('HOME', '/home/pi'), ('OLDPWD', '/home/pi'), ('SSH_TTY', '/dev/pts/0'), ('ROS_PYTHON_VERSION', '3'), ('LC_MONETARY', 'en_US.UTF-8'), ('ROS_IP', '192.168.137.192'), ('DBUS_SESSION_BUS_ADDRESS', 'unix:path=/run/user/1000/bus'), ('QT_QPA_PLATFORM_PLUGIN_PATH', '/home/your_username/.local/lib/python3.10/site-packages/cv2/qt/plugins'), ('COLCON_PREFIX_PATH', '/home/pi/ss25/install:/home/pi/ss25/src/description/description/install:/home/pi/ss25/src/summary/install:/home/pi/ss25/src/install:/home/pi/demo_testing_9_april/seav/install:/home/pi/install'), ('ROS_DISTRO', 'humble'), ('LOGNAME', 'pi'), ('_', '/usr/bin/colcon'), ('ROS_VERSION', '2'), ('XDG_SESSION_CLASS', 'user'), ('TERM', 'xterm-256color'), ('XDG_SESSION_ID', '1'), ('ROS_LOCALHOST_ONLY', '0'), ('PATH', '/home/pi/.local/bin:/home/pi/.local/bin:/opt/ros/humble/bin:/usr/local/sbin:/usr/local/bin:/usr/sbin:/usr/bin:/sbin:/bin:/usr/games:/usr/local/games:/snap/bin'), ('LC_ADDRESS', 'en_US.UTF-8'), ('XDG_RUNTIME_DIR', '/run/user/1000'), ('DISPLAY', 'localhost:10.0'), ('LANG', 'en_US.UTF-8'), ('LC_TELEPHONE', 'en_US.UTF-8'), ('LS_COLORS', 'rs=0:di=01;34:ln=01;36:mh=00:pi=40;33:so=01;35:do=01;35:bd=40;33;01:cd=40;33;01:or=40;31;01:mi=00:su=37;41:sg=30;43:ca=30;41:tw=30;42:ow=34;42:st=37;44:ex=01;32:*.tar=01;31:*.tgz=01;31:*.arc=01;31:*.arj=01;31:*.taz=01;31:*.lha=01;31:*.lz4=01;31:*.lzh=01;31:*.lzma=01;31:*.tlz=01;31:*.txz=01;31:*.tzo=01;31:*.t7z=01;31:*.zip=01;31:*.z=01;31:*.dz=01;31:*.gz=01;31:*.lrz=01;31:*.lz=01;31:*.lzo=01;31:*.xz=01;31:*.zst=01;31:*.tzst=01;31:*.bz2=01;31:*.bz=01;31:*.tbz=01;31:*.tbz2=01;31:*.tz=01;31:*.deb=01;31:*.rpm=01;31:*.jar=01;31:*.war=01;31:*.ear=01;31:*.sar=01;31:*.rar=01;31:*.alz=01;31:*.ace=01;31:*.zoo=01;31:*.cpio=01;31:*.7z=01;31:*.rz=01;31:*.cab=01;31:*.wim=01;31:*.swm=01;31:*.dwm=01;31:*.esd=01;31:*.jpg=01;35:*.jpeg=01;35:*.mjpg=01;35:*.mjpeg=01;35:*.gif=01;35:*.bmp=01;35:*.pbm=01;35:*.pgm=01;35:*.ppm=01;35:*.tga=01;35:*.xbm=01;35:*.xpm=01;35:*.tif=01;35:*.tiff=01;35:*.png=01;35:*.svg=01;35:*.svgz=01;35:*.mng=01;35:*.pcx=01;35:*.mov=01;35:*.mpg=01;35:*.mpeg=01;35:*.m2v=01;35:*.mkv=01;35:*.webm=01;35:*.webp=01;35:*.ogm=01;35:*.mp4=01;35:*.m4v=01;35:*.mp4v=01;35:*.vob=01;35:*.qt=01;35:*.nuv=01;35:*.wmv=01;35:*.asf=01;35:*.rm=01;35:*.rmvb=01;35:*.flc=01;35:*.avi=01;35:*.fli=01;35:*.flv=01;35:*.gl=01;35:*.dl=01;35:*.xcf=01;35:*.xwd=01;35:*.yuv=01;35:*.cgm=01;35:*.emf=01;35:*.ogv=01;35:*.ogx=01;35:*.aac=00;36:*.au=00;36:*.flac=00;36:*.m4a=00;36:*.mid=00;36:*.midi=00;36:*.mka=00;36:*.mp3=00;36:*.mpc=00;36:*.ogg=00;36:*.ra=00;36:*.wav=00;36:*.oga=00;36:*.opus=00;36:*.spx=00;36:*.xspf=00;36:'), ('ROS_DOMAIN_ID', '0'), ('AMENT_PREFIX_PATH', '/home/pi/ss25/install/wheel_odometry:/home/pi/ss25/install/vup_2k7:/home/pi/ss25/install/summary:/home/pi/ss25/install/sllidar_ros2:/home/pi/ss25/install/safety_control:/home/pi/ss25/install/project:/home/pi/ss25/install/my_slam:/home/pi/ss25/install/my_motor_driver:/home/pi/ss25/install/final:/home/pi/ss25/install/description:/home/pi/ss25/install/bringup_pkg:/home/pi/ss25/src/summary/install/summary:/home/pi/ss25/src/install/wheel_odometry:/home/pi/ss25/src/install/summary:/home/pi/ss25/src/install/sllidar_ros2:/home/pi/ss25/src/install/safety_control:/home/pi/ss25/src/install/project:/home/pi/ss25/src/install/my_motor_driver:/home/pi/ss25/src/install/description:/home/pi/ss25/src/install/bringup_pkg:/home/pi/install/summary:/home/pi/demo_testing_9_april/seav/install/yolov8_ros:/home/pi/demo_testing_9_april/seav/install/static_tf_publisher:/home/pi/demo_testing_9_april/seav/install/seav_test_sensors:/home/pi/demo_testing_9_april/seav/install/seav_simulation:/home/pi/demo_testing_9_april/seav/install/seav_description:/home/pi/demo_testing_9_april/seav/install/rplidar_ros:/home/pi/demo_testing_9_april/seav/install/my_robot_controller:/home/pi/demo_testing_9_april/seav/install/my_nav2_pkg:/opt/ros/humble'), ('SHELL', '/bin/bash'), ('LC_NAME', 'en_US.UTF-8'), ('LESSCLOSE', '/usr/bin/lesspipe %s %s'), ('LC_MEASUREMENT', 'en_US.UTF-8'), ('LC_IDENTIFICATION', 'en_US.UTF-8'), ('PWD', '/home/pi/seav2/build/ros2_control_demo_description'), ('LC_ALL', 'en_US.UTF-8'), ('SSH_CONNECTION', '192.168.0.105 44486 192.168.0.210 22'), ('XDG_DATA_DIRS', '/usr/local/share:/usr/share:/var/lib/snapd/desktop'), ('PYTHONPATH', '/home/pi/ss25/install/wheel_odometry/lib/python3.10/site-packages:/home/pi/ss25/install/vup_2k7/lib/python3.10/site-packages:/home/pi/ss25/install/summary/lib/python3.10/site-packages:/home/pi/ss25/install/safety_control/lib/python3.10/site-packages:/home/pi/ss25/install/project/lib/python3.10/site-packages:/home/pi/ss25/install/my_slam/lib/python3.10/site-packages:/home/pi/ss25/install/my_motor_driver/lib/python3.10/site-packages:/home/pi/ss25/install/final/lib/python3.10/site-packages:/home/pi/ss25/install/description/lib/python3.10/site-packages:/home/pi/ss25/install/bringup_pkg/lib/python3.10/site-packages:/home/pi/ss25/src/summary/install/summary/lib/python3.10/site-packages:/home/pi/ss25/src/install/wheel_odometry/lib/python3.10/site-packages:/home/pi/ss25/src/install/summary/lib/python3.10/site-packages:/home/pi/ss25/src/install/safety_control/lib/python3.10/site-packages:/home/pi/ss25/src/install/project/lib/python3.10/site-packages:/home/pi/ss25/src/install/my_motor_driver/lib/python3.10/site-packages:/home/pi/ss25/src/install/description/lib/python3.10/site-packages:/home/pi/ss25/src/install/bringup_pkg/lib/python3.10/site-packages:/home/pi/install/summary/lib/python3.10/site-packages:/home/pi/demo_testing_9_april/seav/install/yolov8_ros/lib/python3.10/site-packages:/home/pi/demo_testing_9_april/seav/install/static_tf_publisher/lib/python3.10/site-packages:/home/pi/demo_testing_9_april/seav/install/seav_test_sensors/lib/python3.10/site-packages:/home/pi/demo_testing_9_april/seav/install/my_robot_controller/lib/python3.10/site-packages:/opt/ros/humble/lib/python3.10/site-packages:/opt/ros/humble/local/lib/python3.10/dist-packages'), ('ROS_HOSTNAME', '192.168.137.192'), ('LC_NUMERIC', 'en_US.UTF-8'), ('LC_PAPER', 'en_US.UTF-8'), ('COLCON', '1'), ('CMAKE_PREFIX_PATH', '/home/pi/ss25/install/sllidar_ros2:/home/pi/ss25/src/install/sllidar_ros2:/home/pi/demo_testing_9_april/seav/install/seav_simulation:/home/pi/demo_testing_9_april/seav/install/seav_description:/home/pi/demo_testing_9_april/seav/install/rplidar_ros:/home/pi/demo_testing_9_april/seav/install/my_nav2_pkg:/home/pi/ss25/install/wheel_odometry:/home/pi/ss25/install/vup_2k7:/home/pi/ss25/install/summary:/home/pi/ss25/install/safety_control:/home/pi/ss25/install/project:/home/pi/ss25/install/my_slam:/home/pi/ss25/install/my_motor_driver:/home/pi/ss25/install/final:/home/pi/ss25/install/description:/home/pi/ss25/install/bringup_pkg:/home/pi/ss25/src/summary/install/summary:/home/pi/ss25/src/install/wheel_odometry:/home/pi/ss25/src/install/summary:/home/pi/ss25/src/install/safety_control:/home/pi/ss25/src/install/project:/home/pi/ss25/src/install/my_motor_driver:/home/pi/ss25/src/install/description:/home/pi/ss25/src/install/bringup_pkg:/home/pi/install/summary:/home/pi/demo_testing_9_april/seav/install/yolov8_ros:/home/pi/demo_testing_9_april/seav/install/static_tf_publisher:/home/pi/demo_testing_9_april/seav/install/seav_test_sensors:/home/pi/demo_testing_9_april/seav/install/my_robot_controller:/opt/ros/humble')]), 'shell': False}
[4.867317] (-) TimerEvent: {}
[4.968909] (-) TimerEvent: {}
[5.071127] (-) TimerEvent: {}
[5.173013] (-) TimerEvent: {}
[5.274488] (-) TimerEvent: {}
[5.376038] (-) TimerEvent: {}
[5.477383] (-) TimerEvent: {}
[5.578714] (-) TimerEvent: {}
[5.680499] (-) TimerEvent: {}
[5.781842] (-) TimerEvent: {}
[5.883131] (-) TimerEvent: {}
[5.984582] (-) TimerEvent: {}
[6.086243] (-) TimerEvent: {}
[6.187548] (-) TimerEvent: {}
[6.288796] (-) TimerEvent: {}
[6.390161] (-) TimerEvent: {}
[6.491417] (-) TimerEvent: {}
[6.592713] (-) TimerEvent: {}
[6.694070] (-) TimerEvent: {}
[6.795416] (-) TimerEvent: {}
[6.896702] (-) TimerEvent: {}
[6.998048] (-) TimerEvent: {}
[7.099314] (-) TimerEvent: {}
[7.200569] (-) TimerEvent: {}
[7.301962] (-) TimerEvent: {}
[7.403196] (-) TimerEvent: {}
[7.504454] (-) TimerEvent: {}
[7.605756] (-) TimerEvent: {}
[7.706989] (-) TimerEvent: {}
[7.808240] (-) TimerEvent: {}
[7.909562] (-) TimerEvent: {}
[8.010804] (-) TimerEvent: {}
[8.112058] (-) TimerEvent: {}
[8.213335] (-) TimerEvent: {}
[8.314594] (-) TimerEvent: {}
[8.415955] (-) TimerEvent: {}
[8.517426] (-) TimerEvent: {}
[8.618860] (-) TimerEvent: {}
[8.707363] (serial) CommandEnded: {'returncode': 0}
[8.712995] (ros2_control_demo_description) StdoutLine: {'line': b'-- Install configuration: ""\n'}
[8.715348] (ros2_control_demo_description) StdoutLine: {'line': b'-- Execute custom install script\n'}
[8.716878] (ros2_control_demo_description) StdoutLine: {'line': b'-- Up-to-date symlink: /home/pi/seav2/install/ros2_control_demo_description/share/ros2_control_demo_description/rrbot/urdf/rrbot.materials.xacro\n'}
[8.718450] (ros2_control_demo_description) StdoutLine: {'line': b'-- Up-to-date symlink: /home/pi/seav2/install/ros2_control_demo_description/share/ros2_control_demo_description/rrbot/urdf/rrbot_description.urdf.xacro\n'}
[8.720802] (-) TimerEvent: {}
[8.729178] (ros2_control_demo_description) StdoutLine: {'line': b'-- Up-to-date symlink: /home/pi/seav2/install/ros2_control_demo_description/share/ros2_control_demo_description/rrbot/rviz/rrbot.rviz\n'}
[8.741370] (ros2_control_demo_description) StdoutLine: {'line': b'-- Up-to-date symlink: /home/pi/seav2/install/ros2_control_demo_description/share/ros2_control_demo_description/diffbot/urdf/diffbot.materials.xacro\n'}
[8.744389] (ros2_control_demo_description) StdoutLine: {'line': b'-- Up-to-date symlink: /home/pi/seav2/install/ros2_control_demo_description/share/ros2_control_demo_description/diffbot/urdf/diffbot_description.urdf.xacro\n'}
[8.752940] (ros2_control_demo_description) StdoutLine: {'line': b'-- Up-to-date symlink: /home/pi/seav2/install/ros2_control_demo_description/share/ros2_control_demo_description/diffbot/rviz/diffbot.rviz\n'}
[8.754966] (ros2_control_demo_description) StdoutLine: {'line': b'-- Up-to-date symlink: /home/pi/seav2/install/ros2_control_demo_description/share/ros2_control_demo_description/diffbot/rviz/diffbot_view.rviz\n'}
[8.757420] (ros2_control_demo_description) StdoutLine: {'line': b'-- Up-to-date symlink: /home/pi/seav2/install/ros2_control_demo_description/share/ros2_control_demo_description/carlikebot/urdf/carlikebot.materials.xacro\n'}
[8.758835] (ros2_control_demo_description) StdoutLine: {'line': b'-- Up-to-date symlink: /home/pi/seav2/install/ros2_control_demo_description/share/ros2_control_demo_description/carlikebot/urdf/carlikebot_description.urdf.xacro\n'}
[8.760019] (ros2_control_demo_description) StdoutLine: {'line': b'-- Up-to-date symlink: /home/pi/seav2/install/ros2_control_demo_description/share/ros2_control_demo_description/carlikebot/rviz/carlikebot.rviz\n'}
[8.763492] (ros2_control_demo_description) StdoutLine: {'line': b'-- Up-to-date symlink: /home/pi/seav2/install/ros2_control_demo_description/share/ros2_control_demo_description/carlikebot/rviz/carlikebot_view.rviz\n'}
[8.764938] (ros2_control_demo_description) StdoutLine: {'line': b'-- Up-to-date symlink: /home/pi/seav2/install/ros2_control_demo_description/share/ros2_control_demo_description/r3bot/urdf/threedofbot_description.urdf.xacro\n'}
[8.766453] (ros2_control_demo_description) StdoutLine: {'line': b'-- Up-to-date symlink: /home/pi/seav2/install/ros2_control_demo_description/share/ros2_control_demo_description/r6bot/meshes/collision/link_0.stl\n'}
[8.771095] (ros2_control_demo_description) StdoutLine: {'line': b'-- Up-to-date symlink: /home/pi/seav2/install/ros2_control_demo_description/share/ros2_control_demo_description/r6bot/meshes/collision/link_1.stl\n'}
[8.773565] (ros2_control_demo_description) StdoutLine: {'line': b'-- Up-to-date symlink: /home/pi/seav2/install/ros2_control_demo_description/share/ros2_control_demo_description/r6bot/meshes/collision/link_2.stl\n'}
[8.774661] (ros2_control_demo_description) StdoutLine: {'line': b'-- Up-to-date symlink: /home/pi/seav2/install/ros2_control_demo_description/share/ros2_control_demo_description/r6bot/meshes/collision/link_3.stl\n'}
[8.775567] (ros2_control_demo_description) StdoutLine: {'line': b'-- Up-to-date symlink: /home/pi/seav2/install/ros2_control_demo_description/share/ros2_control_demo_description/r6bot/meshes/collision/link_4.stl\n'}
[8.776502] (ros2_control_demo_description) StdoutLine: {'line': b'-- Up-to-date symlink: /home/pi/seav2/install/ros2_control_demo_description/share/ros2_control_demo_description/r6bot/meshes/collision/link_5.stl\n'}
[8.777435] (ros2_control_demo_description) StdoutLine: {'line': b'-- Up-to-date symlink: /home/pi/seav2/install/ros2_control_demo_description/share/ros2_control_demo_description/r6bot/meshes/collision/link_6.stl\n'}
[8.787152] (ros2_control_demo_description) StdoutLine: {'line': b'-- Up-to-date symlink: /home/pi/seav2/install/ros2_control_demo_description/share/ros2_control_demo_description/r6bot/meshes/visual/link_0.dae\n'}
[8.789306] (ros2_control_demo_description) StdoutLine: {'line': b'-- Up-to-date symlink: /home/pi/seav2/install/ros2_control_demo_description/share/ros2_control_demo_description/r6bot/meshes/visual/link_1.dae\n'}
[8.794152] (ros2_control_demo_description) StdoutLine: {'line': b'-- Up-to-date symlink: /home/pi/seav2/install/ros2_control_demo_description/share/ros2_control_demo_description/r6bot/meshes/visual/link_2.dae\n'}
[8.796112] (ros2_control_demo_description) StdoutLine: {'line': b'-- Up-to-date symlink: /home/pi/seav2/install/ros2_control_demo_description/share/ros2_control_demo_description/r6bot/meshes/visual/link_3.dae\n'}
[8.798510] (ros2_control_demo_description) StdoutLine: {'line': b'-- Up-to-date symlink: /home/pi/seav2/install/ros2_control_demo_description/share/ros2_control_demo_description/r6bot/meshes/visual/link_4.dae\n'}
[8.799971] (ros2_control_demo_description) StdoutLine: {'line': b'-- Up-to-date symlink: /home/pi/seav2/install/ros2_control_demo_description/share/ros2_control_demo_description/r6bot/meshes/visual/link_5.dae\n'}
[8.801046] (ros2_control_demo_description) StdoutLine: {'line': b'-- Up-to-date symlink: /home/pi/seav2/install/ros2_control_demo_description/share/ros2_control_demo_description/r6bot/meshes/visual/link_6.dae\n'}
[8.804481] (ros2_control_demo_description) StdoutLine: {'line': b'-- Up-to-date symlink: /home/pi/seav2/install/ros2_control_demo_description/share/ros2_control_demo_description/r6bot/srdf/r6bot.srdf\n'}
[8.806104] (ros2_control_demo_description) StdoutLine: {'line': b'-- Up-to-date symlink: /home/pi/seav2/install/ros2_control_demo_description/share/ros2_control_demo_description/r6bot/urdf/inc/create_link.xacro\n'}
[8.809788] (ros2_control_demo_description) StdoutLine: {'line': b'-- Up-to-date symlink: /home/pi/seav2/install/ros2_control_demo_description/share/ros2_control_demo_description/r6bot/urdf/r6bot_description.urdf.xacro\n'}
[8.811486] (ros2_control_demo_description) StdoutLine: {'line': b'-- Up-to-date symlink: /home/pi/seav2/install/ros2_control_demo_description/share/ros2_control_demo_description/r6bot/rviz/view_robot.rviz\n'}
[8.812416] (ros2_control_demo_description) StdoutLine: {'line': b'-- Up-to-date symlink: /home/pi/seav2/install/ros2_control_demo_description/share/ament_index/resource_index/package_run_dependencies/ros2_control_demo_description\n'}
[8.813974] (ros2_control_demo_description) StdoutLine: {'line': b'-- Up-to-date symlink: /home/pi/seav2/install/ros2_control_demo_description/share/ament_index/resource_index/parent_prefix_path/ros2_control_demo_description\n'}
[8.816407] (ros2_control_demo_description) StdoutLine: {'line': b'-- Up-to-date symlink: /home/pi/seav2/install/ros2_control_demo_description/share/ros2_control_demo_description/environment/ament_prefix_path.sh\n'}
[8.818766] (ros2_control_demo_description) StdoutLine: {'line': b'-- Up-to-date symlink: /home/pi/seav2/install/ros2_control_demo_description/share/ros2_control_demo_description/environment/ament_prefix_path.dsv\n'}
[8.820574] (ros2_control_demo_description) StdoutLine: {'line': b'-- Up-to-date symlink: /home/pi/seav2/install/ros2_control_demo_description/share/ros2_control_demo_description/environment/path.sh\n'}
[8.823273] (-) TimerEvent: {}
[8.827177] (ros2_control_demo_description) StdoutLine: {'line': b'-- Up-to-date symlink: /home/pi/seav2/install/ros2_control_demo_description/share/ros2_control_demo_description/environment/path.dsv\n'}
[8.829284] (ros2_control_demo_description) StdoutLine: {'line': b'-- Up-to-date symlink: /home/pi/seav2/install/ros2_control_demo_description/share/ros2_control_demo_description/local_setup.bash\n'}
[8.830584] (ros2_control_demo_description) StdoutLine: {'line': b'-- Up-to-date symlink: /home/pi/seav2/install/ros2_control_demo_description/share/ros2_control_demo_description/local_setup.sh\n'}
[8.832373] (ros2_control_demo_description) StdoutLine: {'line': b'-- Up-to-date symlink: /home/pi/seav2/install/ros2_control_demo_description/share/ros2_control_demo_description/local_setup.zsh\n'}
[8.833618] (ros2_control_demo_description) StdoutLine: {'line': b'-- Up-to-date symlink: /home/pi/seav2/install/ros2_control_demo_description/share/ros2_control_demo_description/local_setup.dsv\n'}
[8.835500] (ros2_control_demo_description) StdoutLine: {'line': b'-- Symlinking: /home/pi/seav2/install/ros2_control_demo_description/share/ros2_control_demo_description/package.dsv\n'}
[8.836636] (ros2_control_demo_description) StdoutLine: {'line': b'-- Up-to-date symlink: /home/pi/seav2/install/ros2_control_demo_description/share/ament_index/resource_index/packages/ros2_control_demo_description\n'}
[8.838963] (ros2_control_demo_description) StdoutLine: {'line': b'-- Up-to-date symlink: /home/pi/seav2/install/ros2_control_demo_description/share/ros2_control_demo_description/cmake/ros2_control_demo_descriptionConfig.cmake\n'}
[8.839921] (ros2_control_demo_description) StdoutLine: {'line': b'-- Up-to-date symlink: /home/pi/seav2/install/ros2_control_demo_description/share/ros2_control_demo_description/cmake/ros2_control_demo_descriptionConfig-version.cmake\n'}
[8.840828] (ros2_control_demo_description) StdoutLine: {'line': b'-- Up-to-date symlink: /home/pi/seav2/install/ros2_control_demo_description/share/ros2_control_demo_description/package.xml\n'}
[8.841891] (serial) JobProgress: {'identifier': 'serial', 'progress': 'install'}
[8.842207] (serial) Command: {'cmd': ['/usr/bin/cmake', '--install', '/home/pi/seav2/build/serial'], 'cwd': '/home/pi/seav2/build/serial', 'env': OrderedDict([('LESSOPEN', '| /usr/bin/lesspipe %s'), ('USER', 'pi'), ('SSH_CLIENT', '192.168.0.105 44486 22'), ('LC_TIME', 'en_US.UTF-8'), ('XDG_SESSION_TYPE', 'tty'), ('SHLVL', '1'), ('LD_LIBRARY_PATH', '/opt/ros/humble/opt/rviz_ogre_vendor/lib:/opt/ros/humble/lib/aarch64-linux-gnu:/opt/ros/humble/lib'), ('MOTD_SHOWN', 'pam'), ('HOME', '/home/pi'), ('OLDPWD', '/home/pi'), ('SSH_TTY', '/dev/pts/0'), ('ROS_PYTHON_VERSION', '3'), ('LC_MONETARY', 'en_US.UTF-8'), ('ROS_IP', '192.168.137.192'), ('DBUS_SESSION_BUS_ADDRESS', 'unix:path=/run/user/1000/bus'), ('QT_QPA_PLATFORM_PLUGIN_PATH', '/home/your_username/.local/lib/python3.10/site-packages/cv2/qt/plugins'), ('COLCON_PREFIX_PATH', '/home/pi/ss25/install:/home/pi/ss25/src/description/description/install:/home/pi/ss25/src/summary/install:/home/pi/ss25/src/install:/home/pi/demo_testing_9_april/seav/install:/home/pi/install'), ('ROS_DISTRO', 'humble'), ('LOGNAME', 'pi'), ('_', '/usr/bin/colcon'), ('ROS_VERSION', '2'), ('XDG_SESSION_CLASS', 'user'), ('TERM', 'xterm-256color'), ('XDG_SESSION_ID', '1'), ('ROS_LOCALHOST_ONLY', '0'), ('PATH', '/home/pi/.local/bin:/home/pi/.local/bin:/opt/ros/humble/bin:/usr/local/sbin:/usr/local/bin:/usr/sbin:/usr/bin:/sbin:/bin:/usr/games:/usr/local/games:/snap/bin'), ('LC_ADDRESS', 'en_US.UTF-8'), ('XDG_RUNTIME_DIR', '/run/user/1000'), ('DISPLAY', 'localhost:10.0'), ('LANG', 'en_US.UTF-8'), ('LC_TELEPHONE', 'en_US.UTF-8'), ('LS_COLORS', 'rs=0:di=01;34:ln=01;36:mh=00:pi=40;33:so=01;35:do=01;35:bd=40;33;01:cd=40;33;01:or=40;31;01:mi=00:su=37;41:sg=30;43:ca=30;41:tw=30;42:ow=34;42:st=37;44:ex=01;32:*.tar=01;31:*.tgz=01;31:*.arc=01;31:*.arj=01;31:*.taz=01;31:*.lha=01;31:*.lz4=01;31:*.lzh=01;31:*.lzma=01;31:*.tlz=01;31:*.txz=01;31:*.tzo=01;31:*.t7z=01;31:*.zip=01;31:*.z=01;31:*.dz=01;31:*.gz=01;31:*.lrz=01;31:*.lz=01;31:*.lzo=01;31:*.xz=01;31:*.zst=01;31:*.tzst=01;31:*.bz2=01;31:*.bz=01;31:*.tbz=01;31:*.tbz2=01;31:*.tz=01;31:*.deb=01;31:*.rpm=01;31:*.jar=01;31:*.war=01;31:*.ear=01;31:*.sar=01;31:*.rar=01;31:*.alz=01;31:*.ace=01;31:*.zoo=01;31:*.cpio=01;31:*.7z=01;31:*.rz=01;31:*.cab=01;31:*.wim=01;31:*.swm=01;31:*.dwm=01;31:*.esd=01;31:*.jpg=01;35:*.jpeg=01;35:*.mjpg=01;35:*.mjpeg=01;35:*.gif=01;35:*.bmp=01;35:*.pbm=01;35:*.pgm=01;35:*.ppm=01;35:*.tga=01;35:*.xbm=01;35:*.xpm=01;35:*.tif=01;35:*.tiff=01;35:*.png=01;35:*.svg=01;35:*.svgz=01;35:*.mng=01;35:*.pcx=01;35:*.mov=01;35:*.mpg=01;35:*.mpeg=01;35:*.m2v=01;35:*.mkv=01;35:*.webm=01;35:*.webp=01;35:*.ogm=01;35:*.mp4=01;35:*.m4v=01;35:*.mp4v=01;35:*.vob=01;35:*.qt=01;35:*.nuv=01;35:*.wmv=01;35:*.asf=01;35:*.rm=01;35:*.rmvb=01;35:*.flc=01;35:*.avi=01;35:*.fli=01;35:*.flv=01;35:*.gl=01;35:*.dl=01;35:*.xcf=01;35:*.xwd=01;35:*.yuv=01;35:*.cgm=01;35:*.emf=01;35:*.ogv=01;35:*.ogx=01;35:*.aac=00;36:*.au=00;36:*.flac=00;36:*.m4a=00;36:*.mid=00;36:*.midi=00;36:*.mka=00;36:*.mp3=00;36:*.mpc=00;36:*.ogg=00;36:*.ra=00;36:*.wav=00;36:*.oga=00;36:*.opus=00;36:*.spx=00;36:*.xspf=00;36:'), ('ROS_DOMAIN_ID', '0'), ('AMENT_PREFIX_PATH', '/home/pi/ss25/install/wheel_odometry:/home/pi/ss25/install/vup_2k7:/home/pi/ss25/install/summary:/home/pi/ss25/install/sllidar_ros2:/home/pi/ss25/install/safety_control:/home/pi/ss25/install/project:/home/pi/ss25/install/my_slam:/home/pi/ss25/install/my_motor_driver:/home/pi/ss25/install/final:/home/pi/ss25/install/description:/home/pi/ss25/install/bringup_pkg:/home/pi/ss25/src/summary/install/summary:/home/pi/ss25/src/install/wheel_odometry:/home/pi/ss25/src/install/summary:/home/pi/ss25/src/install/sllidar_ros2:/home/pi/ss25/src/install/safety_control:/home/pi/ss25/src/install/project:/home/pi/ss25/src/install/my_motor_driver:/home/pi/ss25/src/install/description:/home/pi/ss25/src/install/bringup_pkg:/home/pi/install/summary:/home/pi/demo_testing_9_april/seav/install/yolov8_ros:/home/pi/demo_testing_9_april/seav/install/static_tf_publisher:/home/pi/demo_testing_9_april/seav/install/seav_test_sensors:/home/pi/demo_testing_9_april/seav/install/seav_simulation:/home/pi/demo_testing_9_april/seav/install/seav_description:/home/pi/demo_testing_9_april/seav/install/rplidar_ros:/home/pi/demo_testing_9_april/seav/install/my_robot_controller:/home/pi/demo_testing_9_april/seav/install/my_nav2_pkg:/opt/ros/humble'), ('SHELL', '/bin/bash'), ('LC_NAME', 'en_US.UTF-8'), ('LESSCLOSE', '/usr/bin/lesspipe %s %s'), ('LC_MEASUREMENT', 'en_US.UTF-8'), ('LC_IDENTIFICATION', 'en_US.UTF-8'), ('PWD', '/home/pi/seav2/build/serial'), ('LC_ALL', 'en_US.UTF-8'), ('SSH_CONNECTION', '192.168.0.105 44486 192.168.0.210 22'), ('XDG_DATA_DIRS', '/usr/local/share:/usr/share:/var/lib/snapd/desktop'), ('PYTHONPATH', '/home/pi/ss25/install/wheel_odometry/lib/python3.10/site-packages:/home/pi/ss25/install/vup_2k7/lib/python3.10/site-packages:/home/pi/ss25/install/summary/lib/python3.10/site-packages:/home/pi/ss25/install/safety_control/lib/python3.10/site-packages:/home/pi/ss25/install/project/lib/python3.10/site-packages:/home/pi/ss25/install/my_slam/lib/python3.10/site-packages:/home/pi/ss25/install/my_motor_driver/lib/python3.10/site-packages:/home/pi/ss25/install/final/lib/python3.10/site-packages:/home/pi/ss25/install/description/lib/python3.10/site-packages:/home/pi/ss25/install/bringup_pkg/lib/python3.10/site-packages:/home/pi/ss25/src/summary/install/summary/lib/python3.10/site-packages:/home/pi/ss25/src/install/wheel_odometry/lib/python3.10/site-packages:/home/pi/ss25/src/install/summary/lib/python3.10/site-packages:/home/pi/ss25/src/install/safety_control/lib/python3.10/site-packages:/home/pi/ss25/src/install/project/lib/python3.10/site-packages:/home/pi/ss25/src/install/my_motor_driver/lib/python3.10/site-packages:/home/pi/ss25/src/install/description/lib/python3.10/site-packages:/home/pi/ss25/src/install/bringup_pkg/lib/python3.10/site-packages:/home/pi/install/summary/lib/python3.10/site-packages:/home/pi/demo_testing_9_april/seav/install/yolov8_ros/lib/python3.10/site-packages:/home/pi/demo_testing_9_april/seav/install/static_tf_publisher/lib/python3.10/site-packages:/home/pi/demo_testing_9_april/seav/install/seav_test_sensors/lib/python3.10/site-packages:/home/pi/demo_testing_9_april/seav/install/my_robot_controller/lib/python3.10/site-packages:/opt/ros/humble/lib/python3.10/site-packages:/opt/ros/humble/local/lib/python3.10/dist-packages'), ('ROS_HOSTNAME', '192.168.137.192'), ('LC_NUMERIC', 'en_US.UTF-8'), ('LC_PAPER', 'en_US.UTF-8'), ('COLCON', '1'), ('CMAKE_PREFIX_PATH', '/home/pi/ss25/install/sllidar_ros2:/home/pi/ss25/src/install/sllidar_ros2:/home/pi/demo_testing_9_april/seav/install/seav_simulation:/home/pi/demo_testing_9_april/seav/install/seav_description:/home/pi/demo_testing_9_april/seav/install/rplidar_ros:/home/pi/demo_testing_9_april/seav/install/my_nav2_pkg:/home/pi/ss25/install/wheel_odometry:/home/pi/ss25/install/vup_2k7:/home/pi/ss25/install/summary:/home/pi/ss25/install/safety_control:/home/pi/ss25/install/project:/home/pi/ss25/install/my_slam:/home/pi/ss25/install/my_motor_driver:/home/pi/ss25/install/final:/home/pi/ss25/install/description:/home/pi/ss25/install/bringup_pkg:/home/pi/ss25/src/summary/install/summary:/home/pi/ss25/src/install/wheel_odometry:/home/pi/ss25/src/install/summary:/home/pi/ss25/src/install/safety_control:/home/pi/ss25/src/install/project:/home/pi/ss25/src/install/my_motor_driver:/home/pi/ss25/src/install/description:/home/pi/ss25/src/install/bringup_pkg:/home/pi/install/summary:/home/pi/demo_testing_9_april/seav/install/yolov8_ros:/home/pi/demo_testing_9_april/seav/install/static_tf_publisher:/home/pi/demo_testing_9_april/seav/install/seav_test_sensors:/home/pi/demo_testing_9_april/seav/install/my_robot_controller:/opt/ros/humble')]), 'shell': False}
[8.847215] (ros2_control_demo_description) CommandEnded: {'returncode': 0}
[8.851271] (serial) StdoutLine: {'line': b'-- Install configuration: ""\n'}
[8.853517] (serial) StdoutLine: {'line': b'-- Execute custom install script\n'}
[8.854564] (serial) StdoutLine: {'line': b'-- Up-to-date symlink: /home/pi/seav2/install/serial/lib/libserial.a\n'}
[8.856656] (serial) StdoutLine: {'line': b'-- Up-to-date symlink: /home/pi/seav2/install/serial/include/serial/serial.h\n'}
[8.858470] (serial) StdoutLine: {'line': b'-- Up-to-date symlink: /home/pi/seav2/install/serial/include/serial/v8stdint.h\n'}
[8.860609] (serial) StdoutLine: {'line': b'-- Up-to-date symlink: /home/pi/seav2/install/serial/share/serial/environment/library_path.sh\n'}
[8.862303] (serial) StdoutLine: {'line': b'-- Up-to-date symlink: /home/pi/seav2/install/serial/share/serial/environment/library_path.dsv\n'}
[8.863366] (serial) StdoutLine: {'line': b'-- Up-to-date symlink: /home/pi/seav2/install/serial/share/ament_index/resource_index/package_run_dependencies/serial\n'}
[8.865744] (serial) StdoutLine: {'line': b'-- Up-to-date symlink: /home/pi/seav2/install/serial/share/ament_index/resource_index/parent_prefix_path/serial\n'}
[8.867236] (serial) StdoutLine: {'line': b'-- Up-to-date symlink: /home/pi/seav2/install/serial/share/serial/environment/ament_prefix_path.sh\n'}
[8.869585] (serial) StdoutLine: {'line': b'-- Up-to-date symlink: /home/pi/seav2/install/serial/share/serial/environment/ament_prefix_path.dsv\n'}
[8.870637] (serial) StdoutLine: {'line': b'-- Up-to-date symlink: /home/pi/seav2/install/serial/share/serial/environment/path.sh\n'}
[8.871990] (serial) StdoutLine: {'line': b'-- Up-to-date symlink: /home/pi/seav2/install/serial/share/serial/environment/path.dsv\n'}
[8.874160] (serial) StdoutLine: {'line': b'-- Up-to-date symlink: /home/pi/seav2/install/serial/share/serial/local_setup.bash\n'}
[8.876792] (serial) StdoutLine: {'line': b'-- Up-to-date symlink: /home/pi/seav2/install/serial/share/serial/local_setup.sh\n'}
[8.881080] (serial) StdoutLine: {'line': b'-- Up-to-date symlink: /home/pi/seav2/install/serial/share/serial/local_setup.zsh\n'}
[8.888188] (serial) StdoutLine: {'line': b'-- Up-to-date symlink: /home/pi/seav2/install/serial/share/serial/local_setup.dsv\n'}
[8.890471] (serial) StdoutLine: {'line': b'-- Symlinking: /home/pi/seav2/install/serial/share/serial/package.dsv\n'}
[8.923964] (-) TimerEvent: {}
[8.974818] (serial) StdoutLine: {'line': b'-- Up-to-date symlink: /home/pi/seav2/install/serial/share/ament_index/resource_index/packages/serial\n'}
[8.977713] (serial) StdoutLine: {'line': b'-- Up-to-date symlink: /home/pi/seav2/install/serial/share/serial/cmake/ament_cmake_export_include_directories-extras.cmake\n'}
[8.981471] (serial) StdoutLine: {'line': b'-- Up-to-date symlink: /home/pi/seav2/install/serial/share/serial/cmake/ament_cmake_export_libraries-extras.cmake\n'}
[8.989937] (serial) StdoutLine: {'line': b'-- Up-to-date symlink: /home/pi/seav2/install/serial/share/serial/cmake/serialConfig.cmake\n'}
[8.991191] (serial) StdoutLine: {'line': b'-- Up-to-date symlink: /home/pi/seav2/install/serial/share/serial/cmake/serialConfig-version.cmake\n'}
[8.995874] (serial) StdoutLine: {'line': b'-- Up-to-date symlink: /home/pi/seav2/install/serial/share/serial/package.xml\n'}
[9.024411] (-) TimerEvent: {}
[9.105308] (ros2_control_demo_description) JobEnded: {'identifier': 'ros2_control_demo_description', 'rc': 0}
[9.128005] (-) TimerEvent: {}
[9.132680] (seav2) JobStarted: {'identifier': 'seav2'}
[9.228290] (-) TimerEvent: {}
[9.276608] (serial) CommandEnded: {'returncode': 0}
[9.329483] (-) TimerEvent: {}
[9.432583] (-) TimerEvent: {}
[9.449343] (serial) JobEnded: {'identifier': 'serial', 'rc': 0}
[9.463337] (seav2_imu) JobStarted: {'identifier': 'seav2_imu'}
[9.534159] (-) TimerEvent: {}
[9.624897] (seav2) JobProgress: {'identifier': 'seav2', 'progress': 'cmake'}
[9.634435] (-) TimerEvent: {}
[9.639701] (seav2) JobProgress: {'identifier': 'seav2', 'progress': 'build'}
[9.642689] (seav2) Command: {'cmd': ['/usr/bin/cmake', '--build', '/home/pi/seav2/build/seav2', '--', '-j4', '-l4'], 'cwd': '/home/pi/seav2/build/seav2', 'env': OrderedDict([('LESSOPEN', '| /usr/bin/lesspipe %s'), ('USER', 'pi'), ('SSH_CLIENT', '192.168.0.105 44486 22'), ('LC_TIME', 'en_US.UTF-8'), ('XDG_SESSION_TYPE', 'tty'), ('SHLVL', '1'), ('LD_LIBRARY_PATH', '/opt/ros/humble/opt/rviz_ogre_vendor/lib:/opt/ros/humble/lib/aarch64-linux-gnu:/opt/ros/humble/lib'), ('MOTD_SHOWN', 'pam'), ('HOME', '/home/pi'), ('OLDPWD', '/home/pi'), ('SSH_TTY', '/dev/pts/0'), ('ROS_PYTHON_VERSION', '3'), ('LC_MONETARY', 'en_US.UTF-8'), ('ROS_IP', '192.168.137.192'), ('DBUS_SESSION_BUS_ADDRESS', 'unix:path=/run/user/1000/bus'), ('QT_QPA_PLATFORM_PLUGIN_PATH', '/home/your_username/.local/lib/python3.10/site-packages/cv2/qt/plugins'), ('COLCON_PREFIX_PATH', '/home/pi/ss25/install:/home/pi/ss25/src/description/description/install:/home/pi/ss25/src/summary/install:/home/pi/ss25/src/install:/home/pi/demo_testing_9_april/seav/install:/home/pi/install'), ('ROS_DISTRO', 'humble'), ('LOGNAME', 'pi'), ('_', '/usr/bin/colcon'), ('ROS_VERSION', '2'), ('XDG_SESSION_CLASS', 'user'), ('TERM', 'xterm-256color'), ('XDG_SESSION_ID', '1'), ('ROS_LOCALHOST_ONLY', '0'), ('PATH', '/home/pi/.local/bin:/home/pi/.local/bin:/opt/ros/humble/bin:/usr/local/sbin:/usr/local/bin:/usr/sbin:/usr/bin:/sbin:/bin:/usr/games:/usr/local/games:/snap/bin'), ('LC_ADDRESS', 'en_US.UTF-8'), ('XDG_RUNTIME_DIR', '/run/user/1000'), ('DISPLAY', 'localhost:10.0'), ('LANG', 'en_US.UTF-8'), ('LC_TELEPHONE', 'en_US.UTF-8'), ('LS_COLORS', 'rs=0:di=01;34:ln=01;36:mh=00:pi=40;33:so=01;35:do=01;35:bd=40;33;01:cd=40;33;01:or=40;31;01:mi=00:su=37;41:sg=30;43:ca=30;41:tw=30;42:ow=34;42:st=37;44:ex=01;32:*.tar=01;31:*.tgz=01;31:*.arc=01;31:*.arj=01;31:*.taz=01;31:*.lha=01;31:*.lz4=01;31:*.lzh=01;31:*.lzma=01;31:*.tlz=01;31:*.txz=01;31:*.tzo=01;31:*.t7z=01;31:*.zip=01;31:*.z=01;31:*.dz=01;31:*.gz=01;31:*.lrz=01;31:*.lz=01;31:*.lzo=01;31:*.xz=01;31:*.zst=01;31:*.tzst=01;31:*.bz2=01;31:*.bz=01;31:*.tbz=01;31:*.tbz2=01;31:*.tz=01;31:*.deb=01;31:*.rpm=01;31:*.jar=01;31:*.war=01;31:*.ear=01;31:*.sar=01;31:*.rar=01;31:*.alz=01;31:*.ace=01;31:*.zoo=01;31:*.cpio=01;31:*.7z=01;31:*.rz=01;31:*.cab=01;31:*.wim=01;31:*.swm=01;31:*.dwm=01;31:*.esd=01;31:*.jpg=01;35:*.jpeg=01;35:*.mjpg=01;35:*.mjpeg=01;35:*.gif=01;35:*.bmp=01;35:*.pbm=01;35:*.pgm=01;35:*.ppm=01;35:*.tga=01;35:*.xbm=01;35:*.xpm=01;35:*.tif=01;35:*.tiff=01;35:*.png=01;35:*.svg=01;35:*.svgz=01;35:*.mng=01;35:*.pcx=01;35:*.mov=01;35:*.mpg=01;35:*.mpeg=01;35:*.m2v=01;35:*.mkv=01;35:*.webm=01;35:*.webp=01;35:*.ogm=01;35:*.mp4=01;35:*.m4v=01;35:*.mp4v=01;35:*.vob=01;35:*.qt=01;35:*.nuv=01;35:*.wmv=01;35:*.asf=01;35:*.rm=01;35:*.rmvb=01;35:*.flc=01;35:*.avi=01;35:*.fli=01;35:*.flv=01;35:*.gl=01;35:*.dl=01;35:*.xcf=01;35:*.xwd=01;35:*.yuv=01;35:*.cgm=01;35:*.emf=01;35:*.ogv=01;35:*.ogx=01;35:*.aac=00;36:*.au=00;36:*.flac=00;36:*.m4a=00;36:*.mid=00;36:*.midi=00;36:*.mka=00;36:*.mp3=00;36:*.mpc=00;36:*.ogg=00;36:*.ra=00;36:*.wav=00;36:*.oga=00;36:*.opus=00;36:*.spx=00;36:*.xspf=00;36:'), ('ROS_DOMAIN_ID', '0'), ('AMENT_PREFIX_PATH', '/home/pi/ss25/install/wheel_odometry:/home/pi/ss25/install/vup_2k7:/home/pi/ss25/install/summary:/home/pi/ss25/install/sllidar_ros2:/home/pi/ss25/install/safety_control:/home/pi/ss25/install/project:/home/pi/ss25/install/my_slam:/home/pi/ss25/install/my_motor_driver:/home/pi/ss25/install/final:/home/pi/ss25/install/description:/home/pi/ss25/install/bringup_pkg:/home/pi/ss25/src/summary/install/summary:/home/pi/ss25/src/install/wheel_odometry:/home/pi/ss25/src/install/summary:/home/pi/ss25/src/install/sllidar_ros2:/home/pi/ss25/src/install/safety_control:/home/pi/ss25/src/install/project:/home/pi/ss25/src/install/my_motor_driver:/home/pi/ss25/src/install/description:/home/pi/ss25/src/install/bringup_pkg:/home/pi/install/summary:/home/pi/demo_testing_9_april/seav/install/yolov8_ros:/home/pi/demo_testing_9_april/seav/install/static_tf_publisher:/home/pi/demo_testing_9_april/seav/install/seav_test_sensors:/home/pi/demo_testing_9_april/seav/install/seav_simulation:/home/pi/demo_testing_9_april/seav/install/seav_description:/home/pi/demo_testing_9_april/seav/install/rplidar_ros:/home/pi/demo_testing_9_april/seav/install/my_robot_controller:/home/pi/demo_testing_9_april/seav/install/my_nav2_pkg:/opt/ros/humble'), ('SHELL', '/bin/bash'), ('LC_NAME', 'en_US.UTF-8'), ('LESSCLOSE', '/usr/bin/lesspipe %s %s'), ('LC_MEASUREMENT', 'en_US.UTF-8'), ('LC_IDENTIFICATION', 'en_US.UTF-8'), ('PWD', '/home/pi/seav2/build/seav2'), ('LC_ALL', 'en_US.UTF-8'), ('SSH_CONNECTION', '192.168.0.105 44486 192.168.0.210 22'), ('XDG_DATA_DIRS', '/usr/local/share:/usr/share:/var/lib/snapd/desktop'), ('PYTHONPATH', '/home/pi/ss25/install/wheel_odometry/lib/python3.10/site-packages:/home/pi/ss25/install/vup_2k7/lib/python3.10/site-packages:/home/pi/ss25/install/summary/lib/python3.10/site-packages:/home/pi/ss25/install/safety_control/lib/python3.10/site-packages:/home/pi/ss25/install/project/lib/python3.10/site-packages:/home/pi/ss25/install/my_slam/lib/python3.10/site-packages:/home/pi/ss25/install/my_motor_driver/lib/python3.10/site-packages:/home/pi/ss25/install/final/lib/python3.10/site-packages:/home/pi/ss25/install/description/lib/python3.10/site-packages:/home/pi/ss25/install/bringup_pkg/lib/python3.10/site-packages:/home/pi/ss25/src/summary/install/summary/lib/python3.10/site-packages:/home/pi/ss25/src/install/wheel_odometry/lib/python3.10/site-packages:/home/pi/ss25/src/install/summary/lib/python3.10/site-packages:/home/pi/ss25/src/install/safety_control/lib/python3.10/site-packages:/home/pi/ss25/src/install/project/lib/python3.10/site-packages:/home/pi/ss25/src/install/my_motor_driver/lib/python3.10/site-packages:/home/pi/ss25/src/install/description/lib/python3.10/site-packages:/home/pi/ss25/src/install/bringup_pkg/lib/python3.10/site-packages:/home/pi/install/summary/lib/python3.10/site-packages:/home/pi/demo_testing_9_april/seav/install/yolov8_ros/lib/python3.10/site-packages:/home/pi/demo_testing_9_april/seav/install/static_tf_publisher/lib/python3.10/site-packages:/home/pi/demo_testing_9_april/seav/install/seav_test_sensors/lib/python3.10/site-packages:/home/pi/demo_testing_9_april/seav/install/my_robot_controller/lib/python3.10/site-packages:/opt/ros/humble/lib/python3.10/site-packages:/opt/ros/humble/local/lib/python3.10/dist-packages'), ('ROS_HOSTNAME', '192.168.137.192'), ('LC_NUMERIC', 'en_US.UTF-8'), ('LC_PAPER', 'en_US.UTF-8'), ('COLCON', '1'), ('CMAKE_PREFIX_PATH', '/home/pi/ss25/install/sllidar_ros2:/home/pi/ss25/src/install/sllidar_ros2:/home/pi/demo_testing_9_april/seav/install/seav_simulation:/home/pi/demo_testing_9_april/seav/install/seav_description:/home/pi/demo_testing_9_april/seav/install/rplidar_ros:/home/pi/demo_testing_9_april/seav/install/my_nav2_pkg:/home/pi/ss25/install/wheel_odometry:/home/pi/ss25/install/vup_2k7:/home/pi/ss25/install/summary:/home/pi/ss25/install/safety_control:/home/pi/ss25/install/project:/home/pi/ss25/install/my_slam:/home/pi/ss25/install/my_motor_driver:/home/pi/ss25/install/final:/home/pi/ss25/install/description:/home/pi/ss25/install/bringup_pkg:/home/pi/ss25/src/summary/install/summary:/home/pi/ss25/src/install/wheel_odometry:/home/pi/ss25/src/install/summary:/home/pi/ss25/src/install/safety_control:/home/pi/ss25/src/install/project:/home/pi/ss25/src/install/my_motor_driver:/home/pi/ss25/src/install/description:/home/pi/ss25/src/install/bringup_pkg:/home/pi/install/summary:/home/pi/demo_testing_9_april/seav/install/yolov8_ros:/home/pi/demo_testing_9_april/seav/install/static_tf_publisher:/home/pi/demo_testing_9_april/seav/install/seav_test_sensors:/home/pi/demo_testing_9_april/seav/install/my_robot_controller:/opt/ros/humble')]), 'shell': False}
[9.734747] (-) TimerEvent: {}
[9.836238] (-) TimerEvent: {}
[9.937846] (-) TimerEvent: {}
[10.039439] (-) TimerEvent: {}
[10.140966] (-) TimerEvent: {}
[10.242458] (-) TimerEvent: {}
[10.343929] (-) TimerEvent: {}
[10.446950] (-) TimerEvent: {}
[10.556501] (-) TimerEvent: {}
[10.659617] (-) TimerEvent: {}
[10.762790] (-) TimerEvent: {}
[10.865923] (-) TimerEvent: {}
[10.969339] (-) TimerEvent: {}
[11.072761] (-) TimerEvent: {}
[11.176433] (-) TimerEvent: {}
[11.279743] (-) TimerEvent: {}
[11.383709] (-) TimerEvent: {}
[11.487045] (-) TimerEvent: {}
[11.590412] (-) TimerEvent: {}
[11.693651] (-) TimerEvent: {}
[11.796919] (-) TimerEvent: {}
[11.900447] (-) TimerEvent: {}
[12.003838] (-) TimerEvent: {}
[12.107096] (-) TimerEvent: {}
[12.210485] (-) TimerEvent: {}
[12.313860] (-) TimerEvent: {}
[12.417087] (-) TimerEvent: {}
[12.520367] (-) TimerEvent: {}
[12.623839] (-) TimerEvent: {}
[12.727277] (-) TimerEvent: {}
[12.830726] (-) TimerEvent: {}
[12.934234] (-) TimerEvent: {}
[13.037614] (-) TimerEvent: {}
[13.141105] (-) TimerEvent: {}
[13.244691] (-) TimerEvent: {}
[13.347980] (-) TimerEvent: {}
[13.451316] (-) TimerEvent: {}
[13.554722] (-) TimerEvent: {}
[13.657956] (-) TimerEvent: {}
[13.761432] (-) TimerEvent: {}
[13.864668] (-) TimerEvent: {}
[13.969742] (-) TimerEvent: {}
[14.077364] (-) TimerEvent: {}
[14.136711] (seav2) CommandEnded: {'returncode': 0}
[14.150833] (seav2) JobProgress: {'identifier': 'seav2', 'progress': 'install'}
[14.152658] (seav2) Command: {'cmd': ['/usr/bin/cmake', '--install', '/home/pi/seav2/build/seav2'], 'cwd': '/home/pi/seav2/build/seav2', 'env': OrderedDict([('LESSOPEN', '| /usr/bin/lesspipe %s'), ('USER', 'pi'), ('SSH_CLIENT', '192.168.0.105 44486 22'), ('LC_TIME', 'en_US.UTF-8'), ('XDG_SESSION_TYPE', 'tty'), ('SHLVL', '1'), ('LD_LIBRARY_PATH', '/opt/ros/humble/opt/rviz_ogre_vendor/lib:/opt/ros/humble/lib/aarch64-linux-gnu:/opt/ros/humble/lib'), ('MOTD_SHOWN', 'pam'), ('HOME', '/home/pi'), ('OLDPWD', '/home/pi'), ('SSH_TTY', '/dev/pts/0'), ('ROS_PYTHON_VERSION', '3'), ('LC_MONETARY', 'en_US.UTF-8'), ('ROS_IP', '192.168.137.192'), ('DBUS_SESSION_BUS_ADDRESS', 'unix:path=/run/user/1000/bus'), ('QT_QPA_PLATFORM_PLUGIN_PATH', '/home/your_username/.local/lib/python3.10/site-packages/cv2/qt/plugins'), ('COLCON_PREFIX_PATH', '/home/pi/ss25/install:/home/pi/ss25/src/description/description/install:/home/pi/ss25/src/summary/install:/home/pi/ss25/src/install:/home/pi/demo_testing_9_april/seav/install:/home/pi/install'), ('ROS_DISTRO', 'humble'), ('LOGNAME', 'pi'), ('_', '/usr/bin/colcon'), ('ROS_VERSION', '2'), ('XDG_SESSION_CLASS', 'user'), ('TERM', 'xterm-256color'), ('XDG_SESSION_ID', '1'), ('ROS_LOCALHOST_ONLY', '0'), ('PATH', '/home/pi/.local/bin:/home/pi/.local/bin:/opt/ros/humble/bin:/usr/local/sbin:/usr/local/bin:/usr/sbin:/usr/bin:/sbin:/bin:/usr/games:/usr/local/games:/snap/bin'), ('LC_ADDRESS', 'en_US.UTF-8'), ('XDG_RUNTIME_DIR', '/run/user/1000'), ('DISPLAY', 'localhost:10.0'), ('LANG', 'en_US.UTF-8'), ('LC_TELEPHONE', 'en_US.UTF-8'), ('LS_COLORS', 'rs=0:di=01;34:ln=01;36:mh=00:pi=40;33:so=01;35:do=01;35:bd=40;33;01:cd=40;33;01:or=40;31;01:mi=00:su=37;41:sg=30;43:ca=30;41:tw=30;42:ow=34;42:st=37;44:ex=01;32:*.tar=01;31:*.tgz=01;31:*.arc=01;31:*.arj=01;31:*.taz=01;31:*.lha=01;31:*.lz4=01;31:*.lzh=01;31:*.lzma=01;31:*.tlz=01;31:*.txz=01;31:*.tzo=01;31:*.t7z=01;31:*.zip=01;31:*.z=01;31:*.dz=01;31:*.gz=01;31:*.lrz=01;31:*.lz=01;31:*.lzo=01;31:*.xz=01;31:*.zst=01;31:*.tzst=01;31:*.bz2=01;31:*.bz=01;31:*.tbz=01;31:*.tbz2=01;31:*.tz=01;31:*.deb=01;31:*.rpm=01;31:*.jar=01;31:*.war=01;31:*.ear=01;31:*.sar=01;31:*.rar=01;31:*.alz=01;31:*.ace=01;31:*.zoo=01;31:*.cpio=01;31:*.7z=01;31:*.rz=01;31:*.cab=01;31:*.wim=01;31:*.swm=01;31:*.dwm=01;31:*.esd=01;31:*.jpg=01;35:*.jpeg=01;35:*.mjpg=01;35:*.mjpeg=01;35:*.gif=01;35:*.bmp=01;35:*.pbm=01;35:*.pgm=01;35:*.ppm=01;35:*.tga=01;35:*.xbm=01;35:*.xpm=01;35:*.tif=01;35:*.tiff=01;35:*.png=01;35:*.svg=01;35:*.svgz=01;35:*.mng=01;35:*.pcx=01;35:*.mov=01;35:*.mpg=01;35:*.mpeg=01;35:*.m2v=01;35:*.mkv=01;35:*.webm=01;35:*.webp=01;35:*.ogm=01;35:*.mp4=01;35:*.m4v=01;35:*.mp4v=01;35:*.vob=01;35:*.qt=01;35:*.nuv=01;35:*.wmv=01;35:*.asf=01;35:*.rm=01;35:*.rmvb=01;35:*.flc=01;35:*.avi=01;35:*.fli=01;35:*.flv=01;35:*.gl=01;35:*.dl=01;35:*.xcf=01;35:*.xwd=01;35:*.yuv=01;35:*.cgm=01;35:*.emf=01;35:*.ogv=01;35:*.ogx=01;35:*.aac=00;36:*.au=00;36:*.flac=00;36:*.m4a=00;36:*.mid=00;36:*.midi=00;36:*.mka=00;36:*.mp3=00;36:*.mpc=00;36:*.ogg=00;36:*.ra=00;36:*.wav=00;36:*.oga=00;36:*.opus=00;36:*.spx=00;36:*.xspf=00;36:'), ('ROS_DOMAIN_ID', '0'), ('AMENT_PREFIX_PATH', '/home/pi/ss25/install/wheel_odometry:/home/pi/ss25/install/vup_2k7:/home/pi/ss25/install/summary:/home/pi/ss25/install/sllidar_ros2:/home/pi/ss25/install/safety_control:/home/pi/ss25/install/project:/home/pi/ss25/install/my_slam:/home/pi/ss25/install/my_motor_driver:/home/pi/ss25/install/final:/home/pi/ss25/install/description:/home/pi/ss25/install/bringup_pkg:/home/pi/ss25/src/summary/install/summary:/home/pi/ss25/src/install/wheel_odometry:/home/pi/ss25/src/install/summary:/home/pi/ss25/src/install/sllidar_ros2:/home/pi/ss25/src/install/safety_control:/home/pi/ss25/src/install/project:/home/pi/ss25/src/install/my_motor_driver:/home/pi/ss25/src/install/description:/home/pi/ss25/src/install/bringup_pkg:/home/pi/install/summary:/home/pi/demo_testing_9_april/seav/install/yolov8_ros:/home/pi/demo_testing_9_april/seav/install/static_tf_publisher:/home/pi/demo_testing_9_april/seav/install/seav_test_sensors:/home/pi/demo_testing_9_april/seav/install/seav_simulation:/home/pi/demo_testing_9_april/seav/install/seav_description:/home/pi/demo_testing_9_april/seav/install/rplidar_ros:/home/pi/demo_testing_9_april/seav/install/my_robot_controller:/home/pi/demo_testing_9_april/seav/install/my_nav2_pkg:/opt/ros/humble'), ('SHELL', '/bin/bash'), ('LC_NAME', 'en_US.UTF-8'), ('LESSCLOSE', '/usr/bin/lesspipe %s %s'), ('LC_MEASUREMENT', 'en_US.UTF-8'), ('LC_IDENTIFICATION', 'en_US.UTF-8'), ('PWD', '/home/pi/seav2/build/seav2'), ('LC_ALL', 'en_US.UTF-8'), ('SSH_CONNECTION', '192.168.0.105 44486 192.168.0.210 22'), ('XDG_DATA_DIRS', '/usr/local/share:/usr/share:/var/lib/snapd/desktop'), ('PYTHONPATH', '/home/pi/ss25/install/wheel_odometry/lib/python3.10/site-packages:/home/pi/ss25/install/vup_2k7/lib/python3.10/site-packages:/home/pi/ss25/install/summary/lib/python3.10/site-packages:/home/pi/ss25/install/safety_control/lib/python3.10/site-packages:/home/pi/ss25/install/project/lib/python3.10/site-packages:/home/pi/ss25/install/my_slam/lib/python3.10/site-packages:/home/pi/ss25/install/my_motor_driver/lib/python3.10/site-packages:/home/pi/ss25/install/final/lib/python3.10/site-packages:/home/pi/ss25/install/description/lib/python3.10/site-packages:/home/pi/ss25/install/bringup_pkg/lib/python3.10/site-packages:/home/pi/ss25/src/summary/install/summary/lib/python3.10/site-packages:/home/pi/ss25/src/install/wheel_odometry/lib/python3.10/site-packages:/home/pi/ss25/src/install/summary/lib/python3.10/site-packages:/home/pi/ss25/src/install/safety_control/lib/python3.10/site-packages:/home/pi/ss25/src/install/project/lib/python3.10/site-packages:/home/pi/ss25/src/install/my_motor_driver/lib/python3.10/site-packages:/home/pi/ss25/src/install/description/lib/python3.10/site-packages:/home/pi/ss25/src/install/bringup_pkg/lib/python3.10/site-packages:/home/pi/install/summary/lib/python3.10/site-packages:/home/pi/demo_testing_9_april/seav/install/yolov8_ros/lib/python3.10/site-packages:/home/pi/demo_testing_9_april/seav/install/static_tf_publisher/lib/python3.10/site-packages:/home/pi/demo_testing_9_april/seav/install/seav_test_sensors/lib/python3.10/site-packages:/home/pi/demo_testing_9_april/seav/install/my_robot_controller/lib/python3.10/site-packages:/opt/ros/humble/lib/python3.10/site-packages:/opt/ros/humble/local/lib/python3.10/dist-packages'), ('ROS_HOSTNAME', '192.168.137.192'), ('LC_NUMERIC', 'en_US.UTF-8'), ('LC_PAPER', 'en_US.UTF-8'), ('COLCON', '1'), ('CMAKE_PREFIX_PATH', '/home/pi/ss25/install/sllidar_ros2:/home/pi/ss25/src/install/sllidar_ros2:/home/pi/demo_testing_9_april/seav/install/seav_simulation:/home/pi/demo_testing_9_april/seav/install/seav_description:/home/pi/demo_testing_9_april/seav/install/rplidar_ros:/home/pi/demo_testing_9_april/seav/install/my_nav2_pkg:/home/pi/ss25/install/wheel_odometry:/home/pi/ss25/install/vup_2k7:/home/pi/ss25/install/summary:/home/pi/ss25/install/safety_control:/home/pi/ss25/install/project:/home/pi/ss25/install/my_slam:/home/pi/ss25/install/my_motor_driver:/home/pi/ss25/install/final:/home/pi/ss25/install/description:/home/pi/ss25/install/bringup_pkg:/home/pi/ss25/src/summary/install/summary:/home/pi/ss25/src/install/wheel_odometry:/home/pi/ss25/src/install/summary:/home/pi/ss25/src/install/safety_control:/home/pi/ss25/src/install/project:/home/pi/ss25/src/install/my_motor_driver:/home/pi/ss25/src/install/description:/home/pi/ss25/src/install/bringup_pkg:/home/pi/install/summary:/home/pi/demo_testing_9_april/seav/install/yolov8_ros:/home/pi/demo_testing_9_april/seav/install/static_tf_publisher:/home/pi/demo_testing_9_april/seav/install/seav_test_sensors:/home/pi/demo_testing_9_april/seav/install/my_robot_controller:/opt/ros/humble')]), 'shell': False}
[14.177604] (-) TimerEvent: {}
[14.248197] (seav2) StdoutLine: {'line': b'-- Install configuration: ""\n'}
[14.254030] (seav2) StdoutLine: {'line': b'-- Execute custom install script\n'}
[14.265909] (seav2) StdoutLine: {'line': b'-- Up-to-date symlink: /home/pi/seav2/install/seav2/share/seav2/config/drive_car.rviz\n'}
[14.267891] (seav2) StdoutLine: {'line': b'-- Up-to-date symlink: /home/pi/seav2/install/seav2/share/seav2/config/ekf.yaml\n'}
[14.269921] (seav2) StdoutLine: {'line': b'-- Up-to-date symlink: /home/pi/seav2/install/seav2/share/seav2/config/ekf_odom.yaml\n'}
[14.273217] (seav2) StdoutLine: {'line': b'-- Up-to-date symlink: /home/pi/seav2/install/seav2/share/seav2/config/gaz_ros2_ctl_use_sim.yaml\n'}
[14.275229] (seav2) StdoutLine: {'line': b'-- Up-to-date symlink: /home/pi/seav2/install/seav2/share/seav2/config/gazebo_params.yaml\n'}
[14.278284] (seav2) StdoutLine: {'line': b'-- Up-to-date symlink: /home/pi/seav2/install/seav2/share/seav2/config/imu_filter_madgwick.yaml\n'}
[14.279530] (-) TimerEvent: {}
[14.283633] (seav2) StdoutLine: {'line': b'-- Up-to-date symlink: /home/pi/seav2/install/seav2/share/seav2/config/joystick.yaml\n'}
[14.286107] (seav2) StdoutLine: {'line': b'-- Up-to-date symlink: /home/pi/seav2/install/seav2/share/seav2/config/main.rviz\n'}
[14.290993] (seav2) StdoutLine: {'line': b'-- Up-to-date symlink: /home/pi/seav2/install/seav2/share/seav2/config/mapper_params_online_async.yaml\n'}
[14.292781] (seav2) StdoutLine: {'line': b'-- Up-to-date symlink: /home/pi/seav2/install/seav2/share/seav2/config/my_controllers.yaml\n'}
[14.294349] (seav2) StdoutLine: {'line': b'-- Up-to-date symlink: /home/pi/seav2/install/seav2/share/seav2/config/nav2_params.yaml\n'}
[14.295342] (seav2) StdoutLine: {'line': b'-- Up-to-date symlink: /home/pi/seav2/install/seav2/share/seav2/config/twist_mux.yaml\n'}
[14.296946] (seav2) StdoutLine: {'line': b'-- Up-to-date symlink: /home/pi/seav2/install/seav2/share/seav2/config/view_car.rviz\n'}
[14.312056] (seav2) StdoutLine: {'line': b'-- Up-to-date symlink: /home/pi/seav2/install/seav2/share/seav2/description/camera.xacro\n'}
[14.319737] (seav2) StdoutLine: {'line': b'-- Up-to-date symlink: /home/pi/seav2/install/seav2/share/seav2/description/depth_camera.xacro\n'}
[14.327531] (seav2) StdoutLine: {'line': b'-- Up-to-date symlink: /home/pi/seav2/install/seav2/share/seav2/description/gazebo_control.xacro\n'}
[14.334618] (seav2) StdoutLine: {'line': b'-- Up-to-date symlink: /home/pi/seav2/install/seav2/share/seav2/description/inertial_macros.xacro\n'}
[14.340568] (seav2) StdoutLine: {'line': b'-- Up-to-date symlink: /home/pi/seav2/install/seav2/share/seav2/description/lidar.xacro\n'}
[14.348613] (seav2) StdoutLine: {'line': b'-- Up-to-date symlink: /home/pi/seav2/install/seav2/share/seav2/description/robot.urdf.xacro\n'}
[14.355722] (seav2) StdoutLine: {'line': b'-- Up-to-date symlink: /home/pi/seav2/install/seav2/share/seav2/description/robot_core.xacro\n'}
[14.363324] (seav2) StdoutLine: {'line': b'-- Up-to-date symlink: /home/pi/seav2/install/seav2/share/seav2/description/ros2_control.xacro\n'}
[14.379449] (seav2) StdoutLine: {'line': b'-- Symlinking: /home/pi/seav2/install/seav2/share/seav2/launch/__pycache__/launch_robot.launch.cpython-310.pyc\n'}
[14.382146] (-) TimerEvent: {}
[14.486738] (-) TimerEvent: {}
[14.522184] (seav2) StdoutLine: {'line': b'-- Up-to-date symlink: /home/pi/seav2/install/seav2/share/seav2/launch/ekf.launch.py\n'}
[14.525040] (seav2) StdoutLine: {'line': b'-- Up-to-date symlink: /home/pi/seav2/install/seav2/share/seav2/launch/imu_tf.launch.py\n'}
[14.527854] (seav2) StdoutLine: {'line': b'-- Up-to-date symlink: /home/pi/seav2/install/seav2/share/seav2/launch/joystick.launch.py\n'}
[14.536086] (seav2) StdoutLine: {'line': b'-- Up-to-date symlink: /home/pi/seav2/install/seav2/share/seav2/launch/launch_robot.launch.py\n'}
[14.544045] (seav2) StdoutLine: {'line': b'-- Up-to-date symlink: /home/pi/seav2/install/seav2/share/seav2/launch/launch_sim.launch.py\n'}
[14.549649] (seav2) StdoutLine: {'line': b'-- Up-to-date symlink: /home/pi/seav2/install/seav2/share/seav2/launch/localization_launch.py\n'}
[14.558224] (seav2) StdoutLine: {'line': b'-- Up-to-date symlink: /home/pi/seav2/install/seav2/share/seav2/launch/navigation_launch.py\n'}
[14.567429] (seav2) StdoutLine: {'line': b'-- Up-to-date symlink: /home/pi/seav2/install/seav2/share/seav2/launch/online_async_launch.py\n'}
[14.575308] (seav2) StdoutLine: {'line': b'-- Up-to-date symlink: /home/pi/seav2/install/seav2/share/seav2/launch/rplidar.launch.py\n'}
[14.581960] (seav2) StdoutLine: {'line': b'-- Up-to-date symlink: /home/pi/seav2/install/seav2/share/seav2/launch/rsp.launch.py\n'}
[14.587155] (-) TimerEvent: {}
[14.597488] (seav2) StdoutLine: {'line': b'-- Up-to-date symlink: /home/pi/seav2/install/seav2/share/seav2/worlds/empty.world\n'}
[14.604979] (seav2) StdoutLine: {'line': b'-- Up-to-date symlink: /home/pi/seav2/install/seav2/share/seav2/worlds/obstacles.world\n'}
[14.617603] (seav2) StdoutLine: {'line': b'-- Up-to-date symlink: /home/pi/seav2/install/seav2/share/ament_index/resource_index/package_run_dependencies/seav2\n'}
[14.628437] (seav2) StdoutLine: {'line': b'-- Up-to-date symlink: /home/pi/seav2/install/seav2/share/ament_index/resource_index/parent_prefix_path/seav2\n'}
[14.639096] (seav2) StdoutLine: {'line': b'-- Up-to-date symlink: /home/pi/seav2/install/seav2/share/seav2/environment/ament_prefix_path.sh\n'}
[14.648170] (seav2) StdoutLine: {'line': b'-- Up-to-date symlink: /home/pi/seav2/install/seav2/share/seav2/environment/ament_prefix_path.dsv\n'}
[14.659099] (seav2) StdoutLine: {'line': b'-- Up-to-date symlink: /home/pi/seav2/install/seav2/share/seav2/environment/path.sh\n'}
[14.669654] (seav2) StdoutLine: {'line': b'-- Up-to-date symlink: /home/pi/seav2/install/seav2/share/seav2/environment/path.dsv\n'}
[14.677749] (seav2) StdoutLine: {'line': b'-- Up-to-date symlink: /home/pi/seav2/install/seav2/share/seav2/local_setup.bash\n'}
[14.684549] (seav2) StdoutLine: {'line': b'-- Up-to-date symlink: /home/pi/seav2/install/seav2/share/seav2/local_setup.sh\n'}
[14.687484] (-) TimerEvent: {}
[14.698226] (seav2) StdoutLine: {'line': b'-- Up-to-date symlink: /home/pi/seav2/install/seav2/share/seav2/local_setup.zsh\n'}
[14.702928] (seav2) StdoutLine: {'line': b'-- Up-to-date symlink: /home/pi/seav2/install/seav2/share/seav2/local_setup.dsv\n'}
[14.706548] (seav2) StdoutLine: {'line': b'-- Symlinking: /home/pi/seav2/install/seav2/share/seav2/package.dsv\n'}
[14.718565] (ball_tracker) Command: {'cmd': ['/usr/bin/python3', '-W', 'ignore:setup.py install is deprecated', '-W', 'ignore:easy_install command is deprecated', 'setup.py', 'develop', '--editable', '--build-directory', '/home/pi/seav2/build/ball_tracker/build', '--no-deps', 'symlink_data'], 'cwd': '/home/pi/seav2/build/ball_tracker', 'env': {'LESSOPEN': '| /usr/bin/lesspipe %s', 'USER': 'pi', 'SSH_CLIENT': '192.168.0.105 44486 22', 'LC_TIME': 'en_US.UTF-8', 'XDG_SESSION_TYPE': 'tty', 'SHLVL': '1', 'LD_LIBRARY_PATH': '/opt/ros/humble/opt/rviz_ogre_vendor/lib:/opt/ros/humble/lib/aarch64-linux-gnu:/opt/ros/humble/lib', 'MOTD_SHOWN': 'pam', 'HOME': '/home/pi', 'OLDPWD': '/home/pi', 'SSH_TTY': '/dev/pts/0', 'ROS_PYTHON_VERSION': '3', 'LC_MONETARY': 'en_US.UTF-8', 'ROS_IP': '192.168.137.192', 'DBUS_SESSION_BUS_ADDRESS': 'unix:path=/run/user/1000/bus', 'QT_QPA_PLATFORM_PLUGIN_PATH': '/home/your_username/.local/lib/python3.10/site-packages/cv2/qt/plugins', 'COLCON_PREFIX_PATH': '/home/pi/ss25/install:/home/pi/ss25/src/description/description/install:/home/pi/ss25/src/summary/install:/home/pi/ss25/src/install:/home/pi/demo_testing_9_april/seav/install:/home/pi/install', 'ROS_DISTRO': 'humble', 'LOGNAME': 'pi', '_': '/usr/bin/colcon', 'ROS_VERSION': '2', 'XDG_SESSION_CLASS': 'user', 'TERM': 'xterm-256color', 'XDG_SESSION_ID': '1', 'ROS_LOCALHOST_ONLY': '0', 'PATH': '/home/pi/.local/bin:/home/pi/.local/bin:/opt/ros/humble/bin:/usr/local/sbin:/usr/local/bin:/usr/sbin:/usr/bin:/sbin:/bin:/usr/games:/usr/local/games:/snap/bin', 'LC_ADDRESS': 'en_US.UTF-8', 'XDG_RUNTIME_DIR': '/run/user/1000', 'DISPLAY': 'localhost:10.0', 'LANG': 'en_US.UTF-8', 'LC_TELEPHONE': 'en_US.UTF-8', 'LS_COLORS': 'rs=0:di=01;34:ln=01;36:mh=00:pi=40;33:so=01;35:do=01;35:bd=40;33;01:cd=40;33;01:or=40;31;01:mi=00:su=37;41:sg=30;43:ca=30;41:tw=30;42:ow=34;42:st=37;44:ex=01;32:*.tar=01;31:*.tgz=01;31:*.arc=01;31:*.arj=01;31:*.taz=01;31:*.lha=01;31:*.lz4=01;31:*.lzh=01;31:*.lzma=01;31:*.tlz=01;31:*.txz=01;31:*.tzo=01;31:*.t7z=01;31:*.zip=01;31:*.z=01;31:*.dz=01;31:*.gz=01;31:*.lrz=01;31:*.lz=01;31:*.lzo=01;31:*.xz=01;31:*.zst=01;31:*.tzst=01;31:*.bz2=01;31:*.bz=01;31:*.tbz=01;31:*.tbz2=01;31:*.tz=01;31:*.deb=01;31:*.rpm=01;31:*.jar=01;31:*.war=01;31:*.ear=01;31:*.sar=01;31:*.rar=01;31:*.alz=01;31:*.ace=01;31:*.zoo=01;31:*.cpio=01;31:*.7z=01;31:*.rz=01;31:*.cab=01;31:*.wim=01;31:*.swm=01;31:*.dwm=01;31:*.esd=01;31:*.jpg=01;35:*.jpeg=01;35:*.mjpg=01;35:*.mjpeg=01;35:*.gif=01;35:*.bmp=01;35:*.pbm=01;35:*.pgm=01;35:*.ppm=01;35:*.tga=01;35:*.xbm=01;35:*.xpm=01;35:*.tif=01;35:*.tiff=01;35:*.png=01;35:*.svg=01;35:*.svgz=01;35:*.mng=01;35:*.pcx=01;35:*.mov=01;35:*.mpg=01;35:*.mpeg=01;35:*.m2v=01;35:*.mkv=01;35:*.webm=01;35:*.webp=01;35:*.ogm=01;35:*.mp4=01;35:*.m4v=01;35:*.mp4v=01;35:*.vob=01;35:*.qt=01;35:*.nuv=01;35:*.wmv=01;35:*.asf=01;35:*.rm=01;35:*.rmvb=01;35:*.flc=01;35:*.avi=01;35:*.fli=01;35:*.flv=01;35:*.gl=01;35:*.dl=01;35:*.xcf=01;35:*.xwd=01;35:*.yuv=01;35:*.cgm=01;35:*.emf=01;35:*.ogv=01;35:*.ogx=01;35:*.aac=00;36:*.au=00;36:*.flac=00;36:*.m4a=00;36:*.mid=00;36:*.midi=00;36:*.mka=00;36:*.mp3=00;36:*.mpc=00;36:*.ogg=00;36:*.ra=00;36:*.wav=00;36:*.oga=00;36:*.opus=00;36:*.spx=00;36:*.xspf=00;36:', 'ROS_DOMAIN_ID': '0', 'AMENT_PREFIX_PATH': '/home/pi/ss25/install/wheel_odometry:/home/pi/ss25/install/vup_2k7:/home/pi/ss25/install/summary:/home/pi/ss25/install/sllidar_ros2:/home/pi/ss25/install/safety_control:/home/pi/ss25/install/project:/home/pi/ss25/install/my_slam:/home/pi/ss25/install/my_motor_driver:/home/pi/ss25/install/final:/home/pi/ss25/install/description:/home/pi/ss25/install/bringup_pkg:/home/pi/ss25/src/summary/install/summary:/home/pi/ss25/src/install/wheel_odometry:/home/pi/ss25/src/install/summary:/home/pi/ss25/src/install/sllidar_ros2:/home/pi/ss25/src/install/safety_control:/home/pi/ss25/src/install/project:/home/pi/ss25/src/install/my_motor_driver:/home/pi/ss25/src/install/description:/home/pi/ss25/src/install/bringup_pkg:/home/pi/install/summary:/home/pi/demo_testing_9_april/seav/install/yolov8_ros:/home/pi/demo_testing_9_april/seav/install/static_tf_publisher:/home/pi/demo_testing_9_april/seav/install/seav_test_sensors:/home/pi/demo_testing_9_april/seav/install/seav_simulation:/home/pi/demo_testing_9_april/seav/install/seav_description:/home/pi/demo_testing_9_april/seav/install/rplidar_ros:/home/pi/demo_testing_9_april/seav/install/my_robot_controller:/home/pi/demo_testing_9_april/seav/install/my_nav2_pkg:/opt/ros/humble', 'SHELL': '/bin/bash', 'LC_NAME': 'en_US.UTF-8', 'LESSCLOSE': '/usr/bin/lesspipe %s %s', 'LC_MEASUREMENT': 'en_US.UTF-8', 'LC_IDENTIFICATION': 'en_US.UTF-8', 'PWD': '/home/pi/seav2/build/ball_tracker', 'LC_ALL': 'en_US.UTF-8', 'SSH_CONNECTION': '192.168.0.105 44486 192.168.0.210 22', 'XDG_DATA_DIRS': '/usr/local/share:/usr/share:/var/lib/snapd/desktop', 'PYTHONPATH': '/home/pi/seav2/build/ball_tracker/prefix_override:/usr/lib/python3/dist-packages/colcon_core/task/python/colcon_distutils_commands:/home/pi/seav2/install/ball_tracker/lib/python3.10/site-packages:/home/pi/ss25/install/wheel_odometry/lib/python3.10/site-packages:/home/pi/ss25/install/vup_2k7/lib/python3.10/site-packages:/home/pi/ss25/install/summary/lib/python3.10/site-packages:/home/pi/ss25/install/safety_control/lib/python3.10/site-packages:/home/pi/ss25/install/project/lib/python3.10/site-packages:/home/pi/ss25/install/my_slam/lib/python3.10/site-packages:/home/pi/ss25/install/my_motor_driver/lib/python3.10/site-packages:/home/pi/ss25/install/final/lib/python3.10/site-packages:/home/pi/ss25/install/description/lib/python3.10/site-packages:/home/pi/ss25/install/bringup_pkg/lib/python3.10/site-packages:/home/pi/ss25/src/summary/install/summary/lib/python3.10/site-packages:/home/pi/ss25/src/install/wheel_odometry/lib/python3.10/site-packages:/home/pi/ss25/src/install/summary/lib/python3.10/site-packages:/home/pi/ss25/src/install/safety_control/lib/python3.10/site-packages:/home/pi/ss25/src/install/project/lib/python3.10/site-packages:/home/pi/ss25/src/install/my_motor_driver/lib/python3.10/site-packages:/home/pi/ss25/src/install/description/lib/python3.10/site-packages:/home/pi/ss25/src/install/bringup_pkg/lib/python3.10/site-packages:/home/pi/install/summary/lib/python3.10/site-packages:/home/pi/demo_testing_9_april/seav/install/yolov8_ros/lib/python3.10/site-packages:/home/pi/demo_testing_9_april/seav/install/static_tf_publisher/lib/python3.10/site-packages:/home/pi/demo_testing_9_april/seav/install/seav_test_sensors/lib/python3.10/site-packages:/home/pi/demo_testing_9_april/seav/install/my_robot_controller/lib/python3.10/site-packages:/opt/ros/humble/lib/python3.10/site-packages:/opt/ros/humble/local/lib/python3.10/dist-packages', 'ROS_HOSTNAME': '192.168.137.192', 'LC_NUMERIC': 'en_US.UTF-8', 'LC_PAPER': 'en_US.UTF-8', 'COLCON': '1', 'CMAKE_PREFIX_PATH': '/home/pi/ss25/install/sllidar_ros2:/home/pi/ss25/src/install/sllidar_ros2:/home/pi/demo_testing_9_april/seav/install/seav_simulation:/home/pi/demo_testing_9_april/seav/install/seav_description:/home/pi/demo_testing_9_april/seav/install/rplidar_ros:/home/pi/demo_testing_9_april/seav/install/my_nav2_pkg'}, 'shell': False}
[14.759536] (robot_cam_ros) Command: {'cmd': ['/usr/bin/python3', '-W', 'ignore:setup.py install is deprecated', '-W', 'ignore:easy_install command is deprecated', 'setup.py', 'develop', '--editable', '--build-directory', '/home/pi/seav2/build/robot_cam_ros/build', '--no-deps', 'symlink_data'], 'cwd': '/home/pi/seav2/build/robot_cam_ros', 'env': {'LESSOPEN': '| /usr/bin/lesspipe %s', 'USER': 'pi', 'SSH_CLIENT': '192.168.0.105 44486 22', 'LC_TIME': 'en_US.UTF-8', 'XDG_SESSION_TYPE': 'tty', 'SHLVL': '1', 'LD_LIBRARY_PATH': '/opt/ros/humble/opt/rviz_ogre_vendor/lib:/opt/ros/humble/lib/aarch64-linux-gnu:/opt/ros/humble/lib', 'MOTD_SHOWN': 'pam', 'HOME': '/home/pi', 'OLDPWD': '/home/pi', 'SSH_TTY': '/dev/pts/0', 'ROS_PYTHON_VERSION': '3', 'LC_MONETARY': 'en_US.UTF-8', 'ROS_IP': '192.168.137.192', 'DBUS_SESSION_BUS_ADDRESS': 'unix:path=/run/user/1000/bus', 'QT_QPA_PLATFORM_PLUGIN_PATH': '/home/your_username/.local/lib/python3.10/site-packages/cv2/qt/plugins', 'COLCON_PREFIX_PATH': '/home/pi/ss25/install:/home/pi/ss25/src/description/description/install:/home/pi/ss25/src/summary/install:/home/pi/ss25/src/install:/home/pi/demo_testing_9_april/seav/install:/home/pi/install', 'ROS_DISTRO': 'humble', 'LOGNAME': 'pi', '_': '/usr/bin/colcon', 'ROS_VERSION': '2', 'XDG_SESSION_CLASS': 'user', 'TERM': 'xterm-256color', 'XDG_SESSION_ID': '1', 'ROS_LOCALHOST_ONLY': '0', 'PATH': '/home/pi/.local/bin:/home/pi/.local/bin:/opt/ros/humble/bin:/usr/local/sbin:/usr/local/bin:/usr/sbin:/usr/bin:/sbin:/bin:/usr/games:/usr/local/games:/snap/bin', 'LC_ADDRESS': 'en_US.UTF-8', 'XDG_RUNTIME_DIR': '/run/user/1000', 'DISPLAY': 'localhost:10.0', 'LANG': 'en_US.UTF-8', 'LC_TELEPHONE': 'en_US.UTF-8', 'LS_COLORS': 'rs=0:di=01;34:ln=01;36:mh=00:pi=40;33:so=01;35:do=01;35:bd=40;33;01:cd=40;33;01:or=40;31;01:mi=00:su=37;41:sg=30;43:ca=30;41:tw=30;42:ow=34;42:st=37;44:ex=01;32:*.tar=01;31:*.tgz=01;31:*.arc=01;31:*.arj=01;31:*.taz=01;31:*.lha=01;31:*.lz4=01;31:*.lzh=01;31:*.lzma=01;31:*.tlz=01;31:*.txz=01;31:*.tzo=01;31:*.t7z=01;31:*.zip=01;31:*.z=01;31:*.dz=01;31:*.gz=01;31:*.lrz=01;31:*.lz=01;31:*.lzo=01;31:*.xz=01;31:*.zst=01;31:*.tzst=01;31:*.bz2=01;31:*.bz=01;31:*.tbz=01;31:*.tbz2=01;31:*.tz=01;31:*.deb=01;31:*.rpm=01;31:*.jar=01;31:*.war=01;31:*.ear=01;31:*.sar=01;31:*.rar=01;31:*.alz=01;31:*.ace=01;31:*.zoo=01;31:*.cpio=01;31:*.7z=01;31:*.rz=01;31:*.cab=01;31:*.wim=01;31:*.swm=01;31:*.dwm=01;31:*.esd=01;31:*.jpg=01;35:*.jpeg=01;35:*.mjpg=01;35:*.mjpeg=01;35:*.gif=01;35:*.bmp=01;35:*.pbm=01;35:*.pgm=01;35:*.ppm=01;35:*.tga=01;35:*.xbm=01;35:*.xpm=01;35:*.tif=01;35:*.tiff=01;35:*.png=01;35:*.svg=01;35:*.svgz=01;35:*.mng=01;35:*.pcx=01;35:*.mov=01;35:*.mpg=01;35:*.mpeg=01;35:*.m2v=01;35:*.mkv=01;35:*.webm=01;35:*.webp=01;35:*.ogm=01;35:*.mp4=01;35:*.m4v=01;35:*.mp4v=01;35:*.vob=01;35:*.qt=01;35:*.nuv=01;35:*.wmv=01;35:*.asf=01;35:*.rm=01;35:*.rmvb=01;35:*.flc=01;35:*.avi=01;35:*.fli=01;35:*.flv=01;35:*.gl=01;35:*.dl=01;35:*.xcf=01;35:*.xwd=01;35:*.yuv=01;35:*.cgm=01;35:*.emf=01;35:*.ogv=01;35:*.ogx=01;35:*.aac=00;36:*.au=00;36:*.flac=00;36:*.m4a=00;36:*.mid=00;36:*.midi=00;36:*.mka=00;36:*.mp3=00;36:*.mpc=00;36:*.ogg=00;36:*.ra=00;36:*.wav=00;36:*.oga=00;36:*.opus=00;36:*.spx=00;36:*.xspf=00;36:', 'ROS_DOMAIN_ID': '0', 'AMENT_PREFIX_PATH': '/home/pi/ss25/install/wheel_odometry:/home/pi/ss25/install/vup_2k7:/home/pi/ss25/install/summary:/home/pi/ss25/install/sllidar_ros2:/home/pi/ss25/install/safety_control:/home/pi/ss25/install/project:/home/pi/ss25/install/my_slam:/home/pi/ss25/install/my_motor_driver:/home/pi/ss25/install/final:/home/pi/ss25/install/description:/home/pi/ss25/install/bringup_pkg:/home/pi/ss25/src/summary/install/summary:/home/pi/ss25/src/install/wheel_odometry:/home/pi/ss25/src/install/summary:/home/pi/ss25/src/install/sllidar_ros2:/home/pi/ss25/src/install/safety_control:/home/pi/ss25/src/install/project:/home/pi/ss25/src/install/my_motor_driver:/home/pi/ss25/src/install/description:/home/pi/ss25/src/install/bringup_pkg:/home/pi/install/summary:/home/pi/demo_testing_9_april/seav/install/yolov8_ros:/home/pi/demo_testing_9_april/seav/install/static_tf_publisher:/home/pi/demo_testing_9_april/seav/install/seav_test_sensors:/home/pi/demo_testing_9_april/seav/install/seav_simulation:/home/pi/demo_testing_9_april/seav/install/seav_description:/home/pi/demo_testing_9_april/seav/install/rplidar_ros:/home/pi/demo_testing_9_april/seav/install/my_robot_controller:/home/pi/demo_testing_9_april/seav/install/my_nav2_pkg:/opt/ros/humble', 'SHELL': '/bin/bash', 'LC_NAME': 'en_US.UTF-8', 'LESSCLOSE': '/usr/bin/lesspipe %s %s', 'LC_MEASUREMENT': 'en_US.UTF-8', 'LC_IDENTIFICATION': 'en_US.UTF-8', 'PWD': '/home/pi/seav2/build/robot_cam_ros', 'LC_ALL': 'en_US.UTF-8', 'SSH_CONNECTION': '192.168.0.105 44486 192.168.0.210 22', 'XDG_DATA_DIRS': '/usr/local/share:/usr/share:/var/lib/snapd/desktop', 'PYTHONPATH': '/home/pi/seav2/build/robot_cam_ros/prefix_override:/usr/lib/python3/dist-packages/colcon_core/task/python/colcon_distutils_commands:/home/pi/seav2/install/robot_cam_ros/lib/python3.10/site-packages:/home/pi/ss25/install/wheel_odometry/lib/python3.10/site-packages:/home/pi/ss25/install/vup_2k7/lib/python3.10/site-packages:/home/pi/ss25/install/summary/lib/python3.10/site-packages:/home/pi/ss25/install/safety_control/lib/python3.10/site-packages:/home/pi/ss25/install/project/lib/python3.10/site-packages:/home/pi/ss25/install/my_slam/lib/python3.10/site-packages:/home/pi/ss25/install/my_motor_driver/lib/python3.10/site-packages:/home/pi/ss25/install/final/lib/python3.10/site-packages:/home/pi/ss25/install/description/lib/python3.10/site-packages:/home/pi/ss25/install/bringup_pkg/lib/python3.10/site-packages:/home/pi/ss25/src/summary/install/summary/lib/python3.10/site-packages:/home/pi/ss25/src/install/wheel_odometry/lib/python3.10/site-packages:/home/pi/ss25/src/install/summary/lib/python3.10/site-packages:/home/pi/ss25/src/install/safety_control/lib/python3.10/site-packages:/home/pi/ss25/src/install/project/lib/python3.10/site-packages:/home/pi/ss25/src/install/my_motor_driver/lib/python3.10/site-packages:/home/pi/ss25/src/install/description/lib/python3.10/site-packages:/home/pi/ss25/src/install/bringup_pkg/lib/python3.10/site-packages:/home/pi/install/summary/lib/python3.10/site-packages:/home/pi/demo_testing_9_april/seav/install/yolov8_ros/lib/python3.10/site-packages:/home/pi/demo_testing_9_april/seav/install/static_tf_publisher/lib/python3.10/site-packages:/home/pi/demo_testing_9_april/seav/install/seav_test_sensors/lib/python3.10/site-packages:/home/pi/demo_testing_9_april/seav/install/my_robot_controller/lib/python3.10/site-packages:/opt/ros/humble/lib/python3.10/site-packages:/opt/ros/humble/local/lib/python3.10/dist-packages', 'ROS_HOSTNAME': '192.168.137.192', 'LC_NUMERIC': 'en_US.UTF-8', 'LC_PAPER': 'en_US.UTF-8', 'COLCON': '1', 'CMAKE_PREFIX_PATH': '/home/pi/ss25/install/sllidar_ros2:/home/pi/ss25/src/install/sllidar_ros2:/home/pi/demo_testing_9_april/seav/install/seav_simulation:/home/pi/demo_testing_9_april/seav/install/seav_description:/home/pi/demo_testing_9_april/seav/install/rplidar_ros:/home/pi/demo_testing_9_april/seav/install/my_nav2_pkg'}, 'shell': False}
[14.788535] (-) TimerEvent: {}
[14.804909] (seav2) StdoutLine: {'line': b'-- Up-to-date symlink: /home/pi/seav2/install/seav2/share/ament_index/resource_index/packages/seav2\n'}
[14.810977] (seav2) StdoutLine: {'line': b'-- Up-to-date symlink: /home/pi/seav2/install/seav2/share/seav2/cmake/seav2Config.cmake\n'}
[14.813264] (seav2) StdoutLine: {'line': b'-- Up-to-date symlink: /home/pi/seav2/install/seav2/share/seav2/cmake/seav2Config-version.cmake\n'}
[14.815681] (seav2) StdoutLine: {'line': b'-- Up-to-date symlink: /home/pi/seav2/install/seav2/share/seav2/package.xml\n'}
[14.837384] (seav2) CommandEnded: {'returncode': 0}
[14.890363] (-) TimerEvent: {}
[14.995309] (-) TimerEvent: {}
[15.000830] (seav2) JobEnded: {'identifier': 'seav2', 'rc': 0}
[15.007927] (v4l2_camera) JobStarted: {'identifier': 'v4l2_camera'}
[15.095610] (-) TimerEvent: {}
[15.184410] (v4l2_camera) JobProgress: {'identifier': 'v4l2_camera', 'progress': 'cmake'}
[15.195035] (v4l2_camera) JobProgress: {'identifier': 'v4l2_camera', 'progress': 'build'}
[15.196039] (-) TimerEvent: {}
[15.201322] (v4l2_camera) Command: {'cmd': ['/usr/bin/cmake', '--build', '/home/pi/seav2/build/v4l2_camera', '--', '-j4', '-l4'], 'cwd': '/home/pi/seav2/build/v4l2_camera', 'env': OrderedDict([('LESSOPEN', '| /usr/bin/lesspipe %s'), ('USER', 'pi'), ('SSH_CLIENT', '192.168.0.105 44486 22'), ('LC_TIME', 'en_US.UTF-8'), ('XDG_SESSION_TYPE', 'tty'), ('SHLVL', '1'), ('LD_LIBRARY_PATH', '/opt/ros/humble/opt/rviz_ogre_vendor/lib:/opt/ros/humble/lib/aarch64-linux-gnu:/opt/ros/humble/lib'), ('MOTD_SHOWN', 'pam'), ('HOME', '/home/pi'), ('OLDPWD', '/home/pi'), ('SSH_TTY', '/dev/pts/0'), ('ROS_PYTHON_VERSION', '3'), ('LC_MONETARY', 'en_US.UTF-8'), ('ROS_IP', '192.168.137.192'), ('DBUS_SESSION_BUS_ADDRESS', 'unix:path=/run/user/1000/bus'), ('QT_QPA_PLATFORM_PLUGIN_PATH', '/home/your_username/.local/lib/python3.10/site-packages/cv2/qt/plugins'), ('COLCON_PREFIX_PATH', '/home/pi/ss25/install:/home/pi/ss25/src/description/description/install:/home/pi/ss25/src/summary/install:/home/pi/ss25/src/install:/home/pi/demo_testing_9_april/seav/install:/home/pi/install'), ('ROS_DISTRO', 'humble'), ('LOGNAME', 'pi'), ('_', '/usr/bin/colcon'), ('ROS_VERSION', '2'), ('XDG_SESSION_CLASS', 'user'), ('TERM', 'xterm-256color'), ('XDG_SESSION_ID', '1'), ('ROS_LOCALHOST_ONLY', '0'), ('PATH', '/home/pi/.local/bin:/home/pi/.local/bin:/opt/ros/humble/bin:/usr/local/sbin:/usr/local/bin:/usr/sbin:/usr/bin:/sbin:/bin:/usr/games:/usr/local/games:/snap/bin'), ('LC_ADDRESS', 'en_US.UTF-8'), ('XDG_RUNTIME_DIR', '/run/user/1000'), ('DISPLAY', 'localhost:10.0'), ('LANG', 'en_US.UTF-8'), ('LC_TELEPHONE', 'en_US.UTF-8'), ('LS_COLORS', 'rs=0:di=01;34:ln=01;36:mh=00:pi=40;33:so=01;35:do=01;35:bd=40;33;01:cd=40;33;01:or=40;31;01:mi=00:su=37;41:sg=30;43:ca=30;41:tw=30;42:ow=34;42:st=37;44:ex=01;32:*.tar=01;31:*.tgz=01;31:*.arc=01;31:*.arj=01;31:*.taz=01;31:*.lha=01;31:*.lz4=01;31:*.lzh=01;31:*.lzma=01;31:*.tlz=01;31:*.txz=01;31:*.tzo=01;31:*.t7z=01;31:*.zip=01;31:*.z=01;31:*.dz=01;31:*.gz=01;31:*.lrz=01;31:*.lz=01;31:*.lzo=01;31:*.xz=01;31:*.zst=01;31:*.tzst=01;31:*.bz2=01;31:*.bz=01;31:*.tbz=01;31:*.tbz2=01;31:*.tz=01;31:*.deb=01;31:*.rpm=01;31:*.jar=01;31:*.war=01;31:*.ear=01;31:*.sar=01;31:*.rar=01;31:*.alz=01;31:*.ace=01;31:*.zoo=01;31:*.cpio=01;31:*.7z=01;31:*.rz=01;31:*.cab=01;31:*.wim=01;31:*.swm=01;31:*.dwm=01;31:*.esd=01;31:*.jpg=01;35:*.jpeg=01;35:*.mjpg=01;35:*.mjpeg=01;35:*.gif=01;35:*.bmp=01;35:*.pbm=01;35:*.pgm=01;35:*.ppm=01;35:*.tga=01;35:*.xbm=01;35:*.xpm=01;35:*.tif=01;35:*.tiff=01;35:*.png=01;35:*.svg=01;35:*.svgz=01;35:*.mng=01;35:*.pcx=01;35:*.mov=01;35:*.mpg=01;35:*.mpeg=01;35:*.m2v=01;35:*.mkv=01;35:*.webm=01;35:*.webp=01;35:*.ogm=01;35:*.mp4=01;35:*.m4v=01;35:*.mp4v=01;35:*.vob=01;35:*.qt=01;35:*.nuv=01;35:*.wmv=01;35:*.asf=01;35:*.rm=01;35:*.rmvb=01;35:*.flc=01;35:*.avi=01;35:*.fli=01;35:*.flv=01;35:*.gl=01;35:*.dl=01;35:*.xcf=01;35:*.xwd=01;35:*.yuv=01;35:*.cgm=01;35:*.emf=01;35:*.ogv=01;35:*.ogx=01;35:*.aac=00;36:*.au=00;36:*.flac=00;36:*.m4a=00;36:*.mid=00;36:*.midi=00;36:*.mka=00;36:*.mp3=00;36:*.mpc=00;36:*.ogg=00;36:*.ra=00;36:*.wav=00;36:*.oga=00;36:*.opus=00;36:*.spx=00;36:*.xspf=00;36:'), ('ROS_DOMAIN_ID', '0'), ('AMENT_PREFIX_PATH', '/home/pi/ss25/install/wheel_odometry:/home/pi/ss25/install/vup_2k7:/home/pi/ss25/install/summary:/home/pi/ss25/install/sllidar_ros2:/home/pi/ss25/install/safety_control:/home/pi/ss25/install/project:/home/pi/ss25/install/my_slam:/home/pi/ss25/install/my_motor_driver:/home/pi/ss25/install/final:/home/pi/ss25/install/description:/home/pi/ss25/install/bringup_pkg:/home/pi/ss25/src/summary/install/summary:/home/pi/ss25/src/install/wheel_odometry:/home/pi/ss25/src/install/summary:/home/pi/ss25/src/install/sllidar_ros2:/home/pi/ss25/src/install/safety_control:/home/pi/ss25/src/install/project:/home/pi/ss25/src/install/my_motor_driver:/home/pi/ss25/src/install/description:/home/pi/ss25/src/install/bringup_pkg:/home/pi/install/summary:/home/pi/demo_testing_9_april/seav/install/yolov8_ros:/home/pi/demo_testing_9_april/seav/install/static_tf_publisher:/home/pi/demo_testing_9_april/seav/install/seav_test_sensors:/home/pi/demo_testing_9_april/seav/install/seav_simulation:/home/pi/demo_testing_9_april/seav/install/seav_description:/home/pi/demo_testing_9_april/seav/install/rplidar_ros:/home/pi/demo_testing_9_april/seav/install/my_robot_controller:/home/pi/demo_testing_9_april/seav/install/my_nav2_pkg:/opt/ros/humble'), ('SHELL', '/bin/bash'), ('LC_NAME', 'en_US.UTF-8'), ('LESSCLOSE', '/usr/bin/lesspipe %s %s'), ('LC_MEASUREMENT', 'en_US.UTF-8'), ('LC_IDENTIFICATION', 'en_US.UTF-8'), ('PWD', '/home/pi/seav2/build/v4l2_camera'), ('LC_ALL', 'en_US.UTF-8'), ('SSH_CONNECTION', '192.168.0.105 44486 192.168.0.210 22'), ('XDG_DATA_DIRS', '/usr/local/share:/usr/share:/var/lib/snapd/desktop'), ('PYTHONPATH', '/home/pi/ss25/install/wheel_odometry/lib/python3.10/site-packages:/home/pi/ss25/install/vup_2k7/lib/python3.10/site-packages:/home/pi/ss25/install/summary/lib/python3.10/site-packages:/home/pi/ss25/install/safety_control/lib/python3.10/site-packages:/home/pi/ss25/install/project/lib/python3.10/site-packages:/home/pi/ss25/install/my_slam/lib/python3.10/site-packages:/home/pi/ss25/install/my_motor_driver/lib/python3.10/site-packages:/home/pi/ss25/install/final/lib/python3.10/site-packages:/home/pi/ss25/install/description/lib/python3.10/site-packages:/home/pi/ss25/install/bringup_pkg/lib/python3.10/site-packages:/home/pi/ss25/src/summary/install/summary/lib/python3.10/site-packages:/home/pi/ss25/src/install/wheel_odometry/lib/python3.10/site-packages:/home/pi/ss25/src/install/summary/lib/python3.10/site-packages:/home/pi/ss25/src/install/safety_control/lib/python3.10/site-packages:/home/pi/ss25/src/install/project/lib/python3.10/site-packages:/home/pi/ss25/src/install/my_motor_driver/lib/python3.10/site-packages:/home/pi/ss25/src/install/description/lib/python3.10/site-packages:/home/pi/ss25/src/install/bringup_pkg/lib/python3.10/site-packages:/home/pi/install/summary/lib/python3.10/site-packages:/home/pi/demo_testing_9_april/seav/install/yolov8_ros/lib/python3.10/site-packages:/home/pi/demo_testing_9_april/seav/install/static_tf_publisher/lib/python3.10/site-packages:/home/pi/demo_testing_9_april/seav/install/seav_test_sensors/lib/python3.10/site-packages:/home/pi/demo_testing_9_april/seav/install/my_robot_controller/lib/python3.10/site-packages:/opt/ros/humble/lib/python3.10/site-packages:/opt/ros/humble/local/lib/python3.10/dist-packages'), ('ROS_HOSTNAME', '192.168.137.192'), ('LC_NUMERIC', 'en_US.UTF-8'), ('LC_PAPER', 'en_US.UTF-8'), ('COLCON', '1'), ('CMAKE_PREFIX_PATH', '/home/pi/ss25/install/sllidar_ros2:/home/pi/ss25/src/install/sllidar_ros2:/home/pi/demo_testing_9_april/seav/install/seav_simulation:/home/pi/demo_testing_9_april/seav/install/seav_description:/home/pi/demo_testing_9_april/seav/install/rplidar_ros:/home/pi/demo_testing_9_april/seav/install/my_nav2_pkg:/home/pi/ss25/install/wheel_odometry:/home/pi/ss25/install/vup_2k7:/home/pi/ss25/install/summary:/home/pi/ss25/install/safety_control:/home/pi/ss25/install/project:/home/pi/ss25/install/my_slam:/home/pi/ss25/install/my_motor_driver:/home/pi/ss25/install/final:/home/pi/ss25/install/description:/home/pi/ss25/install/bringup_pkg:/home/pi/ss25/src/summary/install/summary:/home/pi/ss25/src/install/wheel_odometry:/home/pi/ss25/src/install/summary:/home/pi/ss25/src/install/safety_control:/home/pi/ss25/src/install/project:/home/pi/ss25/src/install/my_motor_driver:/home/pi/ss25/src/install/description:/home/pi/ss25/src/install/bringup_pkg:/home/pi/install/summary:/home/pi/demo_testing_9_april/seav/install/yolov8_ros:/home/pi/demo_testing_9_april/seav/install/static_tf_publisher:/home/pi/demo_testing_9_april/seav/install/seav_test_sensors:/home/pi/demo_testing_9_april/seav/install/my_robot_controller:/opt/ros/humble')]), 'shell': False}
[15.296391] (-) TimerEvent: {}
[15.397978] (-) TimerEvent: {}
[15.499574] (-) TimerEvent: {}
[15.601398] (-) TimerEvent: {}
[15.703279] (-) TimerEvent: {}
[15.805016] (-) TimerEvent: {}
[15.907915] (-) TimerEvent: {}
[16.011013] (-) TimerEvent: {}
[16.114007] (-) TimerEvent: {}
[16.218156] (-) TimerEvent: {}
[16.252770] (v4l2_camera) StdoutLine: {'line': b'[ 12%] \x1b[32mBuilding CXX object CMakeFiles/v4l2_camera.dir/src/v4l2_camera.cpp.o\x1b[0m\n'}
[16.318458] (-) TimerEvent: {}
[16.420170] (-) TimerEvent: {}
[16.521871] (-) TimerEvent: {}
[16.623507] (-) TimerEvent: {}
[16.725245] (-) TimerEvent: {}
[16.826987] (-) TimerEvent: {}
[16.929966] (-) TimerEvent: {}
[17.033610] (-) TimerEvent: {}
[17.136966] (-) TimerEvent: {}
[17.240477] (-) TimerEvent: {}
[17.342024] (-) TimerEvent: {}
[17.443638] (-) TimerEvent: {}
[17.545177] (-) TimerEvent: {}
[17.646660] (-) TimerEvent: {}
[17.748119] (-) TimerEvent: {}
[17.849985] (-) TimerEvent: {}
[17.951539] (-) TimerEvent: {}
[18.053059] (-) TimerEvent: {}
[18.154613] (-) TimerEvent: {}
[18.256041] (-) TimerEvent: {}
[18.357849] (-) TimerEvent: {}
[18.459535] (-) TimerEvent: {}
[18.561278] (-) TimerEvent: {}
[18.663056] (-) TimerEvent: {}
[18.764706] (-) TimerEvent: {}
[18.866789] (-) TimerEvent: {}
[18.910581] (ball_tracker) StderrLine: {'line': b"/usr/lib/python3/dist-packages/setuptools/dist.py:723: UserWarning: Usage of dash-separated 'script-dir' will not be supported in future versions. Please use the underscore name 'script_dir' instead\n"}
[18.912787] (ball_tracker) StderrLine: {'line': b'  warnings.warn(\n'}
[18.967082] (-) TimerEvent: {}
[19.068839] (-) TimerEvent: {}
[19.171907] (-) TimerEvent: {}
[19.273424] (-) TimerEvent: {}
[19.301823] (ball_tracker) StdoutLine: {'line': b'running develop\n'}
[19.373724] (-) TimerEvent: {}
[19.476504] (-) TimerEvent: {}
[19.492471] (robot_cam_ros) StdoutLine: {'line': b'running develop\n'}
[19.576871] (-) TimerEvent: {}
[19.680137] (-) TimerEvent: {}
[19.783140] (-) TimerEvent: {}
[19.886884] (-) TimerEvent: {}
[19.979049] (seav2_imu) Command: {'cmd': ['/usr/bin/python3', '-W', 'ignore:setup.py install is deprecated', '-W', 'ignore:easy_install command is deprecated', 'setup.py', 'develop', '--editable', '--build-directory', '/home/pi/seav2/build/seav2_imu/build', '--no-deps', 'symlink_data'], 'cwd': '/home/pi/seav2/build/seav2_imu', 'env': {'LESSOPEN': '| /usr/bin/lesspipe %s', 'USER': 'pi', 'SSH_CLIENT': '192.168.0.105 44486 22', 'LC_TIME': 'en_US.UTF-8', 'XDG_SESSION_TYPE': 'tty', 'SHLVL': '1', 'LD_LIBRARY_PATH': '/opt/ros/humble/opt/rviz_ogre_vendor/lib:/opt/ros/humble/lib/aarch64-linux-gnu:/opt/ros/humble/lib', 'MOTD_SHOWN': 'pam', 'HOME': '/home/pi', 'OLDPWD': '/home/pi', 'SSH_TTY': '/dev/pts/0', 'ROS_PYTHON_VERSION': '3', 'LC_MONETARY': 'en_US.UTF-8', 'ROS_IP': '192.168.137.192', 'DBUS_SESSION_BUS_ADDRESS': 'unix:path=/run/user/1000/bus', 'QT_QPA_PLATFORM_PLUGIN_PATH': '/home/your_username/.local/lib/python3.10/site-packages/cv2/qt/plugins', 'COLCON_PREFIX_PATH': '/home/pi/ss25/install:/home/pi/ss25/src/description/description/install:/home/pi/ss25/src/summary/install:/home/pi/ss25/src/install:/home/pi/demo_testing_9_april/seav/install:/home/pi/install', 'ROS_DISTRO': 'humble', 'LOGNAME': 'pi', '_': '/usr/bin/colcon', 'ROS_VERSION': '2', 'XDG_SESSION_CLASS': 'user', 'TERM': 'xterm-256color', 'XDG_SESSION_ID': '1', 'ROS_LOCALHOST_ONLY': '0', 'PATH': '/home/pi/.local/bin:/home/pi/.local/bin:/opt/ros/humble/bin:/usr/local/sbin:/usr/local/bin:/usr/sbin:/usr/bin:/sbin:/bin:/usr/games:/usr/local/games:/snap/bin', 'LC_ADDRESS': 'en_US.UTF-8', 'XDG_RUNTIME_DIR': '/run/user/1000', 'DISPLAY': 'localhost:10.0', 'LANG': 'en_US.UTF-8', 'LC_TELEPHONE': 'en_US.UTF-8', 'LS_COLORS': 'rs=0:di=01;34:ln=01;36:mh=00:pi=40;33:so=01;35:do=01;35:bd=40;33;01:cd=40;33;01:or=40;31;01:mi=00:su=37;41:sg=30;43:ca=30;41:tw=30;42:ow=34;42:st=37;44:ex=01;32:*.tar=01;31:*.tgz=01;31:*.arc=01;31:*.arj=01;31:*.taz=01;31:*.lha=01;31:*.lz4=01;31:*.lzh=01;31:*.lzma=01;31:*.tlz=01;31:*.txz=01;31:*.tzo=01;31:*.t7z=01;31:*.zip=01;31:*.z=01;31:*.dz=01;31:*.gz=01;31:*.lrz=01;31:*.lz=01;31:*.lzo=01;31:*.xz=01;31:*.zst=01;31:*.tzst=01;31:*.bz2=01;31:*.bz=01;31:*.tbz=01;31:*.tbz2=01;31:*.tz=01;31:*.deb=01;31:*.rpm=01;31:*.jar=01;31:*.war=01;31:*.ear=01;31:*.sar=01;31:*.rar=01;31:*.alz=01;31:*.ace=01;31:*.zoo=01;31:*.cpio=01;31:*.7z=01;31:*.rz=01;31:*.cab=01;31:*.wim=01;31:*.swm=01;31:*.dwm=01;31:*.esd=01;31:*.jpg=01;35:*.jpeg=01;35:*.mjpg=01;35:*.mjpeg=01;35:*.gif=01;35:*.bmp=01;35:*.pbm=01;35:*.pgm=01;35:*.ppm=01;35:*.tga=01;35:*.xbm=01;35:*.xpm=01;35:*.tif=01;35:*.tiff=01;35:*.png=01;35:*.svg=01;35:*.svgz=01;35:*.mng=01;35:*.pcx=01;35:*.mov=01;35:*.mpg=01;35:*.mpeg=01;35:*.m2v=01;35:*.mkv=01;35:*.webm=01;35:*.webp=01;35:*.ogm=01;35:*.mp4=01;35:*.m4v=01;35:*.mp4v=01;35:*.vob=01;35:*.qt=01;35:*.nuv=01;35:*.wmv=01;35:*.asf=01;35:*.rm=01;35:*.rmvb=01;35:*.flc=01;35:*.avi=01;35:*.fli=01;35:*.flv=01;35:*.gl=01;35:*.dl=01;35:*.xcf=01;35:*.xwd=01;35:*.yuv=01;35:*.cgm=01;35:*.emf=01;35:*.ogv=01;35:*.ogx=01;35:*.aac=00;36:*.au=00;36:*.flac=00;36:*.m4a=00;36:*.mid=00;36:*.midi=00;36:*.mka=00;36:*.mp3=00;36:*.mpc=00;36:*.ogg=00;36:*.ra=00;36:*.wav=00;36:*.oga=00;36:*.opus=00;36:*.spx=00;36:*.xspf=00;36:', 'ROS_DOMAIN_ID': '0', 'AMENT_PREFIX_PATH': '/home/pi/ss25/install/wheel_odometry:/home/pi/ss25/install/vup_2k7:/home/pi/ss25/install/summary:/home/pi/ss25/install/sllidar_ros2:/home/pi/ss25/install/safety_control:/home/pi/ss25/install/project:/home/pi/ss25/install/my_slam:/home/pi/ss25/install/my_motor_driver:/home/pi/ss25/install/final:/home/pi/ss25/install/description:/home/pi/ss25/install/bringup_pkg:/home/pi/ss25/src/summary/install/summary:/home/pi/ss25/src/install/wheel_odometry:/home/pi/ss25/src/install/summary:/home/pi/ss25/src/install/sllidar_ros2:/home/pi/ss25/src/install/safety_control:/home/pi/ss25/src/install/project:/home/pi/ss25/src/install/my_motor_driver:/home/pi/ss25/src/install/description:/home/pi/ss25/src/install/bringup_pkg:/home/pi/install/summary:/home/pi/demo_testing_9_april/seav/install/yolov8_ros:/home/pi/demo_testing_9_april/seav/install/static_tf_publisher:/home/pi/demo_testing_9_april/seav/install/seav_test_sensors:/home/pi/demo_testing_9_april/seav/install/seav_simulation:/home/pi/demo_testing_9_april/seav/install/seav_description:/home/pi/demo_testing_9_april/seav/install/rplidar_ros:/home/pi/demo_testing_9_april/seav/install/my_robot_controller:/home/pi/demo_testing_9_april/seav/install/my_nav2_pkg:/opt/ros/humble', 'SHELL': '/bin/bash', 'LC_NAME': 'en_US.UTF-8', 'LESSCLOSE': '/usr/bin/lesspipe %s %s', 'LC_MEASUREMENT': 'en_US.UTF-8', 'LC_IDENTIFICATION': 'en_US.UTF-8', 'PWD': '/home/pi/seav2/build/seav2_imu', 'LC_ALL': 'en_US.UTF-8', 'SSH_CONNECTION': '192.168.0.105 44486 192.168.0.210 22', 'XDG_DATA_DIRS': '/usr/local/share:/usr/share:/var/lib/snapd/desktop', 'PYTHONPATH': '/home/pi/seav2/build/seav2_imu/prefix_override:/usr/lib/python3/dist-packages/colcon_core/task/python/colcon_distutils_commands:/home/pi/seav2/install/seav2_imu/lib/python3.10/site-packages:/home/pi/ss25/install/wheel_odometry/lib/python3.10/site-packages:/home/pi/ss25/install/vup_2k7/lib/python3.10/site-packages:/home/pi/ss25/install/summary/lib/python3.10/site-packages:/home/pi/ss25/install/safety_control/lib/python3.10/site-packages:/home/pi/ss25/install/project/lib/python3.10/site-packages:/home/pi/ss25/install/my_slam/lib/python3.10/site-packages:/home/pi/ss25/install/my_motor_driver/lib/python3.10/site-packages:/home/pi/ss25/install/final/lib/python3.10/site-packages:/home/pi/ss25/install/description/lib/python3.10/site-packages:/home/pi/ss25/install/bringup_pkg/lib/python3.10/site-packages:/home/pi/ss25/src/summary/install/summary/lib/python3.10/site-packages:/home/pi/ss25/src/install/wheel_odometry/lib/python3.10/site-packages:/home/pi/ss25/src/install/summary/lib/python3.10/site-packages:/home/pi/ss25/src/install/safety_control/lib/python3.10/site-packages:/home/pi/ss25/src/install/project/lib/python3.10/site-packages:/home/pi/ss25/src/install/my_motor_driver/lib/python3.10/site-packages:/home/pi/ss25/src/install/description/lib/python3.10/site-packages:/home/pi/ss25/src/install/bringup_pkg/lib/python3.10/site-packages:/home/pi/install/summary/lib/python3.10/site-packages:/home/pi/demo_testing_9_april/seav/install/yolov8_ros/lib/python3.10/site-packages:/home/pi/demo_testing_9_april/seav/install/static_tf_publisher/lib/python3.10/site-packages:/home/pi/demo_testing_9_april/seav/install/seav_test_sensors/lib/python3.10/site-packages:/home/pi/demo_testing_9_april/seav/install/my_robot_controller/lib/python3.10/site-packages:/opt/ros/humble/lib/python3.10/site-packages:/opt/ros/humble/local/lib/python3.10/dist-packages', 'ROS_HOSTNAME': '192.168.137.192', 'LC_NUMERIC': 'en_US.UTF-8', 'LC_PAPER': 'en_US.UTF-8', 'COLCON': '1', 'CMAKE_PREFIX_PATH': '/home/pi/ss25/install/sllidar_ros2:/home/pi/ss25/src/install/sllidar_ros2:/home/pi/demo_testing_9_april/seav/install/seav_simulation:/home/pi/demo_testing_9_april/seav/install/seav_description:/home/pi/demo_testing_9_april/seav/install/rplidar_ros:/home/pi/demo_testing_9_april/seav/install/my_nav2_pkg'}, 'shell': False}
[19.992932] (-) TimerEvent: {}
[20.096303] (-) TimerEvent: {}
[20.199527] (-) TimerEvent: {}
[20.302998] (-) TimerEvent: {}
[20.406318] (-) TimerEvent: {}
[20.510215] (-) TimerEvent: {}
[20.613601] (-) TimerEvent: {}
[20.722451] (-) TimerEvent: {}
[20.826640] (-) TimerEvent: {}
[20.930643] (-) TimerEvent: {}
[21.034045] (-) TimerEvent: {}
[21.137342] (-) TimerEvent: {}
[21.238847] (-) TimerEvent: {}
[21.340548] (-) TimerEvent: {}
[21.442476] (-) TimerEvent: {}
[21.544029] (-) TimerEvent: {}
[21.645739] (-) TimerEvent: {}
[21.747289] (-) TimerEvent: {}
[21.848788] (-) TimerEvent: {}
[21.950387] (-) TimerEvent: {}
[22.051892] (-) TimerEvent: {}
[22.153490] (-) TimerEvent: {}
[22.255056] (-) TimerEvent: {}
[22.356549] (-) TimerEvent: {}
[22.458107] (-) TimerEvent: {}
[22.499495] (ball_tracker) StdoutLine: {'line': b'running egg_info\n'}
[22.501627] (ball_tracker) StdoutLine: {'line': b'writing ball_tracker.egg-info/PKG-INFO\n'}
[22.504328] (ball_tracker) StdoutLine: {'line': b'writing dependency_links to ball_tracker.egg-info/dependency_links.txt\n'}
[22.506467] (ball_tracker) StdoutLine: {'line': b'writing entry points to ball_tracker.egg-info/entry_points.txt\n'}
[22.508530] (ball_tracker) StdoutLine: {'line': b'writing requirements to ball_tracker.egg-info/requires.txt\n'}
[22.510561] (ball_tracker) StdoutLine: {'line': b'writing top-level names to ball_tracker.egg-info/top_level.txt\n'}
[22.531851] (ball_tracker) StdoutLine: {'line': b"reading manifest file 'ball_tracker.egg-info/SOURCES.txt'\n"}
[22.545351] (ball_tracker) StdoutLine: {'line': b"writing manifest file 'ball_tracker.egg-info/SOURCES.txt'\n"}
[22.558399] (-) TimerEvent: {}
[22.572379] (ball_tracker) StdoutLine: {'line': b'running build_ext\n'}
[22.576694] (ball_tracker) StdoutLine: {'line': b'Creating /home/pi/seav2/install/ball_tracker/lib/python3.10/site-packages/ball-tracker.egg-link (link to .)\n'}
[22.588501] (ball_tracker) StdoutLine: {'line': b'Installing detect_ball script to /home/pi/seav2/install/ball_tracker/lib/ball_tracker\n'}
[22.592429] (ball_tracker) StdoutLine: {'line': b'Installing detect_ball_3d script to /home/pi/seav2/install/ball_tracker/lib/ball_tracker\n'}
[22.596632] (ball_tracker) StdoutLine: {'line': b'Installing follow_ball script to /home/pi/seav2/install/ball_tracker/lib/ball_tracker\n'}
[22.600851] (ball_tracker) StdoutLine: {'line': b'\n'}
[22.602491] (ball_tracker) StdoutLine: {'line': b'Installed /home/pi/seav2/build/ball_tracker\n'}
[22.603699] (ball_tracker) StdoutLine: {'line': b'running symlink_data\n'}
[22.658700] (-) TimerEvent: {}
[22.760338] (-) TimerEvent: {}
[22.821590] (robot_cam_ros) StdoutLine: {'line': b'running egg_info\n'}
[22.824398] (robot_cam_ros) StdoutLine: {'line': b'writing robot_cam_ros.egg-info/PKG-INFO\n'}
[22.827692] (robot_cam_ros) StdoutLine: {'line': b'writing dependency_links to robot_cam_ros.egg-info/dependency_links.txt\n'}
[22.830312] (robot_cam_ros) StdoutLine: {'line': b'writing entry points to robot_cam_ros.egg-info/entry_points.txt\n'}
[22.832533] (robot_cam_ros) StdoutLine: {'line': b'writing requirements to robot_cam_ros.egg-info/requires.txt\n'}
[22.834776] (robot_cam_ros) StdoutLine: {'line': b'writing top-level names to robot_cam_ros.egg-info/top_level.txt\n'}
[22.858571] (robot_cam_ros) StdoutLine: {'line': b"reading manifest file 'robot_cam_ros.egg-info/SOURCES.txt'\n"}
[22.860697] (-) TimerEvent: {}
[22.874626] (robot_cam_ros) StdoutLine: {'line': b"writing manifest file 'robot_cam_ros.egg-info/SOURCES.txt'\n"}
[22.898129] (ball_tracker) CommandEnded: {'returncode': 0}
[22.901297] (robot_cam_ros) StdoutLine: {'line': b'running build_ext\n'}
[22.902894] (robot_cam_ros) StdoutLine: {'line': b'Creating /home/pi/seav2/install/robot_cam_ros/lib/python3.10/site-packages/robot-cam-ros.egg-link (link to .)\n'}
[22.910994] (robot_cam_ros) StdoutLine: {'line': b'Installing follow_cam script to /home/pi/seav2/install/robot_cam_ros/lib/robot_cam_ros\n'}
[22.915188] (robot_cam_ros) StdoutLine: {'line': b'\n'}
[22.919056] (robot_cam_ros) StdoutLine: {'line': b'Installed /home/pi/seav2/build/robot_cam_ros\n'}
[22.920103] (robot_cam_ros) StdoutLine: {'line': b'running symlink_data\n'}
[22.961040] (-) TimerEvent: {}
[23.046158] (ball_tracker) JobEnded: {'identifier': 'ball_tracker', 'rc': 0}
[23.054890] (carlikebot_ros2_control) JobStarted: {'identifier': 'carlikebot_ros2_control'}
[23.061980] (-) TimerEvent: {}
[23.165367] (-) TimerEvent: {}
[23.224131] (robot_cam_ros) CommandEnded: {'returncode': 0}
[23.266181] (-) TimerEvent: {}
[23.329342] (robot_cam_ros) JobEnded: {'identifier': 'robot_cam_ros', 'rc': 0}
[23.340143] (carlikebot_ros2_control) JobProgress: {'identifier': 'carlikebot_ros2_control', 'progress': 'cmake'}
[23.349806] (carlikebot_ros2_control) JobProgress: {'identifier': 'carlikebot_ros2_control', 'progress': 'build'}
[23.352679] (carlikebot_ros2_control) Command: {'cmd': ['/usr/bin/cmake', '--build', '/home/pi/seav2/build/carlikebot_ros2_control', '--', '-j4', '-l4'], 'cwd': '/home/pi/seav2/build/carlikebot_ros2_control', 'env': OrderedDict([('LESSOPEN', '| /usr/bin/lesspipe %s'), ('USER', 'pi'), ('SSH_CLIENT', '192.168.0.105 44486 22'), ('LC_TIME', 'en_US.UTF-8'), ('XDG_SESSION_TYPE', 'tty'), ('SHLVL', '1'), ('LD_LIBRARY_PATH', '/home/pi/seav2/install/serial/lib:/opt/ros/humble/opt/rviz_ogre_vendor/lib:/opt/ros/humble/lib/aarch64-linux-gnu:/opt/ros/humble/lib'), ('MOTD_SHOWN', 'pam'), ('HOME', '/home/pi'), ('OLDPWD', '/home/pi'), ('SSH_TTY', '/dev/pts/0'), ('ROS_PYTHON_VERSION', '3'), ('LC_MONETARY', 'en_US.UTF-8'), ('ROS_IP', '192.168.137.192'), ('DBUS_SESSION_BUS_ADDRESS', 'unix:path=/run/user/1000/bus'), ('QT_QPA_PLATFORM_PLUGIN_PATH', '/home/your_username/.local/lib/python3.10/site-packages/cv2/qt/plugins'), ('COLCON_PREFIX_PATH', '/home/pi/ss25/install:/home/pi/ss25/src/description/description/install:/home/pi/ss25/src/summary/install:/home/pi/ss25/src/install:/home/pi/demo_testing_9_april/seav/install:/home/pi/install'), ('ROS_DISTRO', 'humble'), ('LOGNAME', 'pi'), ('_', '/usr/bin/colcon'), ('ROS_VERSION', '2'), ('XDG_SESSION_CLASS', 'user'), ('TERM', 'xterm-256color'), ('XDG_SESSION_ID', '1'), ('ROS_LOCALHOST_ONLY', '0'), ('PATH', '/home/pi/.local/bin:/home/pi/.local/bin:/opt/ros/humble/bin:/usr/local/sbin:/usr/local/bin:/usr/sbin:/usr/bin:/sbin:/bin:/usr/games:/usr/local/games:/snap/bin'), ('LC_ADDRESS', 'en_US.UTF-8'), ('XDG_RUNTIME_DIR', '/run/user/1000'), ('DISPLAY', 'localhost:10.0'), ('LANG', 'en_US.UTF-8'), ('LC_TELEPHONE', 'en_US.UTF-8'), ('LS_COLORS', 'rs=0:di=01;34:ln=01;36:mh=00:pi=40;33:so=01;35:do=01;35:bd=40;33;01:cd=40;33;01:or=40;31;01:mi=00:su=37;41:sg=30;43:ca=30;41:tw=30;42:ow=34;42:st=37;44:ex=01;32:*.tar=01;31:*.tgz=01;31:*.arc=01;31:*.arj=01;31:*.taz=01;31:*.lha=01;31:*.lz4=01;31:*.lzh=01;31:*.lzma=01;31:*.tlz=01;31:*.txz=01;31:*.tzo=01;31:*.t7z=01;31:*.zip=01;31:*.z=01;31:*.dz=01;31:*.gz=01;31:*.lrz=01;31:*.lz=01;31:*.lzo=01;31:*.xz=01;31:*.zst=01;31:*.tzst=01;31:*.bz2=01;31:*.bz=01;31:*.tbz=01;31:*.tbz2=01;31:*.tz=01;31:*.deb=01;31:*.rpm=01;31:*.jar=01;31:*.war=01;31:*.ear=01;31:*.sar=01;31:*.rar=01;31:*.alz=01;31:*.ace=01;31:*.zoo=01;31:*.cpio=01;31:*.7z=01;31:*.rz=01;31:*.cab=01;31:*.wim=01;31:*.swm=01;31:*.dwm=01;31:*.esd=01;31:*.jpg=01;35:*.jpeg=01;35:*.mjpg=01;35:*.mjpeg=01;35:*.gif=01;35:*.bmp=01;35:*.pbm=01;35:*.pgm=01;35:*.ppm=01;35:*.tga=01;35:*.xbm=01;35:*.xpm=01;35:*.tif=01;35:*.tiff=01;35:*.png=01;35:*.svg=01;35:*.svgz=01;35:*.mng=01;35:*.pcx=01;35:*.mov=01;35:*.mpg=01;35:*.mpeg=01;35:*.m2v=01;35:*.mkv=01;35:*.webm=01;35:*.webp=01;35:*.ogm=01;35:*.mp4=01;35:*.m4v=01;35:*.mp4v=01;35:*.vob=01;35:*.qt=01;35:*.nuv=01;35:*.wmv=01;35:*.asf=01;35:*.rm=01;35:*.rmvb=01;35:*.flc=01;35:*.avi=01;35:*.fli=01;35:*.flv=01;35:*.gl=01;35:*.dl=01;35:*.xcf=01;35:*.xwd=01;35:*.yuv=01;35:*.cgm=01;35:*.emf=01;35:*.ogv=01;35:*.ogx=01;35:*.aac=00;36:*.au=00;36:*.flac=00;36:*.m4a=00;36:*.mid=00;36:*.midi=00;36:*.mka=00;36:*.mp3=00;36:*.mpc=00;36:*.ogg=00;36:*.ra=00;36:*.wav=00;36:*.oga=00;36:*.opus=00;36:*.spx=00;36:*.xspf=00;36:'), ('ROS_DOMAIN_ID', '0'), ('AMENT_PREFIX_PATH', '/home/pi/seav2/install/serial:/home/pi/seav2/install/ros2_control_demo_description:/home/pi/ss25/install/wheel_odometry:/home/pi/ss25/install/vup_2k7:/home/pi/ss25/install/summary:/home/pi/ss25/install/sllidar_ros2:/home/pi/ss25/install/safety_control:/home/pi/ss25/install/project:/home/pi/ss25/install/my_slam:/home/pi/ss25/install/my_motor_driver:/home/pi/ss25/install/final:/home/pi/ss25/install/description:/home/pi/ss25/install/bringup_pkg:/home/pi/ss25/src/summary/install/summary:/home/pi/ss25/src/install/wheel_odometry:/home/pi/ss25/src/install/summary:/home/pi/ss25/src/install/sllidar_ros2:/home/pi/ss25/src/install/safety_control:/home/pi/ss25/src/install/project:/home/pi/ss25/src/install/my_motor_driver:/home/pi/ss25/src/install/description:/home/pi/ss25/src/install/bringup_pkg:/home/pi/install/summary:/home/pi/demo_testing_9_april/seav/install/yolov8_ros:/home/pi/demo_testing_9_april/seav/install/static_tf_publisher:/home/pi/demo_testing_9_april/seav/install/seav_test_sensors:/home/pi/demo_testing_9_april/seav/install/seav_simulation:/home/pi/demo_testing_9_april/seav/install/seav_description:/home/pi/demo_testing_9_april/seav/install/rplidar_ros:/home/pi/demo_testing_9_april/seav/install/my_robot_controller:/home/pi/demo_testing_9_april/seav/install/my_nav2_pkg:/opt/ros/humble'), ('SHELL', '/bin/bash'), ('LC_NAME', 'en_US.UTF-8'), ('LESSCLOSE', '/usr/bin/lesspipe %s %s'), ('LC_MEASUREMENT', 'en_US.UTF-8'), ('LC_IDENTIFICATION', 'en_US.UTF-8'), ('PWD', '/home/pi/seav2/build/carlikebot_ros2_control'), ('LC_ALL', 'en_US.UTF-8'), ('SSH_CONNECTION', '192.168.0.105 44486 192.168.0.210 22'), ('XDG_DATA_DIRS', '/usr/local/share:/usr/share:/var/lib/snapd/desktop'), ('PYTHONPATH', '/home/pi/ss25/install/wheel_odometry/lib/python3.10/site-packages:/home/pi/ss25/install/vup_2k7/lib/python3.10/site-packages:/home/pi/ss25/install/summary/lib/python3.10/site-packages:/home/pi/ss25/install/safety_control/lib/python3.10/site-packages:/home/pi/ss25/install/project/lib/python3.10/site-packages:/home/pi/ss25/install/my_slam/lib/python3.10/site-packages:/home/pi/ss25/install/my_motor_driver/lib/python3.10/site-packages:/home/pi/ss25/install/final/lib/python3.10/site-packages:/home/pi/ss25/install/description/lib/python3.10/site-packages:/home/pi/ss25/install/bringup_pkg/lib/python3.10/site-packages:/home/pi/ss25/src/summary/install/summary/lib/python3.10/site-packages:/home/pi/ss25/src/install/wheel_odometry/lib/python3.10/site-packages:/home/pi/ss25/src/install/summary/lib/python3.10/site-packages:/home/pi/ss25/src/install/safety_control/lib/python3.10/site-packages:/home/pi/ss25/src/install/project/lib/python3.10/site-packages:/home/pi/ss25/src/install/my_motor_driver/lib/python3.10/site-packages:/home/pi/ss25/src/install/description/lib/python3.10/site-packages:/home/pi/ss25/src/install/bringup_pkg/lib/python3.10/site-packages:/home/pi/install/summary/lib/python3.10/site-packages:/home/pi/demo_testing_9_april/seav/install/yolov8_ros/lib/python3.10/site-packages:/home/pi/demo_testing_9_april/seav/install/static_tf_publisher/lib/python3.10/site-packages:/home/pi/demo_testing_9_april/seav/install/seav_test_sensors/lib/python3.10/site-packages:/home/pi/demo_testing_9_april/seav/install/my_robot_controller/lib/python3.10/site-packages:/opt/ros/humble/lib/python3.10/site-packages:/opt/ros/humble/local/lib/python3.10/dist-packages'), ('ROS_HOSTNAME', '192.168.137.192'), ('LC_NUMERIC', 'en_US.UTF-8'), ('LC_PAPER', 'en_US.UTF-8'), ('COLCON', '1'), ('CMAKE_PREFIX_PATH', '/home/pi/seav2/install/serial:/home/pi/seav2/install/ros2_control_demo_description:/home/pi/ss25/install/sllidar_ros2:/home/pi/ss25/src/install/sllidar_ros2:/home/pi/demo_testing_9_april/seav/install/seav_simulation:/home/pi/demo_testing_9_april/seav/install/seav_description:/home/pi/demo_testing_9_april/seav/install/rplidar_ros:/home/pi/demo_testing_9_april/seav/install/my_nav2_pkg:/home/pi/ss25/install/wheel_odometry:/home/pi/ss25/install/vup_2k7:/home/pi/ss25/install/summary:/home/pi/ss25/install/safety_control:/home/pi/ss25/install/project:/home/pi/ss25/install/my_slam:/home/pi/ss25/install/my_motor_driver:/home/pi/ss25/install/final:/home/pi/ss25/install/description:/home/pi/ss25/install/bringup_pkg:/home/pi/ss25/src/summary/install/summary:/home/pi/ss25/src/install/wheel_odometry:/home/pi/ss25/src/install/summary:/home/pi/ss25/src/install/safety_control:/home/pi/ss25/src/install/project:/home/pi/ss25/src/install/my_motor_driver:/home/pi/ss25/src/install/description:/home/pi/ss25/src/install/bringup_pkg:/home/pi/install/summary:/home/pi/demo_testing_9_april/seav/install/yolov8_ros:/home/pi/demo_testing_9_april/seav/install/static_tf_publisher:/home/pi/demo_testing_9_april/seav/install/seav_test_sensors:/home/pi/demo_testing_9_april/seav/install/my_robot_controller:/opt/ros/humble')]), 'shell': False}
[23.377396] (-) TimerEvent: {}
[23.480684] (-) TimerEvent: {}
[23.583785] (-) TimerEvent: {}
[23.645040] (v4l2_camera) StderrLine: {'line': b'\x1b[01m\x1b[K/home/pi/seav2/src/ros2_v4l2_camera/src/v4l2_camera.cpp:23:10:\x1b[m\x1b[K \x1b[01;31m\x1b[Kfatal error: \x1b[m\x1b[Kcv_bridge/cv_bridge.hpp: No such file or directory\n'}
[23.646481] (v4l2_camera) StderrLine: {'line': b'   23 | #include \x1b[01;31m\x1b[K<cv_bridge/cv_bridge.hpp>\x1b[m\x1b[K\n'}
[23.647400] (v4l2_camera) StderrLine: {'line': b'      |          \x1b[01;31m\x1b[K^~~~~~~~~~~~~~~~~~~~~~~~~\x1b[m\x1b[K\n'}
[23.648245] (v4l2_camera) StderrLine: {'line': b'compilation terminated.\n'}
[23.677231] (v4l2_camera) StderrLine: {'line': b'gmake[2]: *** [CMakeFiles/v4l2_camera.dir/build.make:90: CMakeFiles/v4l2_camera.dir/src/v4l2_camera.cpp.o] Error 1\n'}
[23.679822] (v4l2_camera) StderrLine: {'line': b'gmake[1]: *** [CMakeFiles/Makefile2:141: CMakeFiles/v4l2_camera.dir/all] Error 2\n'}
[23.682989] (v4l2_camera) StderrLine: {'line': b'gmake: *** [Makefile:146: all] Error 2\n'}
[23.684129] (-) TimerEvent: {}
[23.699280] (v4l2_camera) CommandEnded: {'returncode': 2}
[23.768270] (v4l2_camera) JobEnded: {'identifier': 'v4l2_camera', 'rc': 2}
[23.784427] (-) TimerEvent: {}
[23.885820] (-) TimerEvent: {}
[23.917843] (carlikebot_ros2_control) StdoutLine: {'line': b'\x1b[35m\x1b[1mConsolidate compiler generated dependencies of target carlikebot_ros2_control\x1b[0m\n'}
[23.986030] (-) TimerEvent: {}
[24.088516] (-) TimerEvent: {}
[24.191094] (-) TimerEvent: {}
[24.210842] (carlikebot_ros2_control) StdoutLine: {'line': b'[100%] Built target carlikebot_ros2_control\n'}
[24.291373] (-) TimerEvent: {}
[24.312791] (carlikebot_ros2_control) JobEnded: {'identifier': 'carlikebot_ros2_control', 'rc': 'SIGINT'}
[24.391654] (-) TimerEvent: {}
[24.492760] (-) TimerEvent: {}
[24.593969] (-) TimerEvent: {}
[24.606758] (seav2_imu) StdoutLine: {'line': b'running develop\n'}
[24.694197] (-) TimerEvent: {}
[24.795455] (-) TimerEvent: {}
[24.896573] (-) TimerEvent: {}
[24.997718] (-) TimerEvent: {}
[25.098796] (-) TimerEvent: {}
[25.199879] (-) TimerEvent: {}
[25.301044] (-) TimerEvent: {}
[25.402244] (-) TimerEvent: {}
[25.503420] (-) TimerEvent: {}
[25.604542] (-) TimerEvent: {}
[25.705690] (-) TimerEvent: {}
[25.807196] (-) TimerEvent: {}
[25.908398] (-) TimerEvent: {}
[26.009660] (-) TimerEvent: {}
[26.110799] (-) TimerEvent: {}
[26.211963] (-) TimerEvent: {}
[26.313191] (-) TimerEvent: {}
[26.414311] (-) TimerEvent: {}
[26.515453] (-) TimerEvent: {}
[26.616564] (-) TimerEvent: {}
[26.717744] (-) TimerEvent: {}
[26.818819] (-) TimerEvent: {}
[26.919944] (-) TimerEvent: {}
[27.021094] (-) TimerEvent: {}
[27.122255] (-) TimerEvent: {}
[27.162386] (seav2_imu) StdoutLine: {'line': b'running egg_info\n'}
[27.164246] (seav2_imu) StdoutLine: {'line': b'writing seav2_imu.egg-info/PKG-INFO\n'}
[27.166616] (seav2_imu) StdoutLine: {'line': b'writing dependency_links to seav2_imu.egg-info/dependency_links.txt\n'}
[27.168422] (seav2_imu) StdoutLine: {'line': b'writing entry points to seav2_imu.egg-info/entry_points.txt\n'}
[27.170578] (seav2_imu) StdoutLine: {'line': b'writing requirements to seav2_imu.egg-info/requires.txt\n'}
[27.171997] (seav2_imu) StdoutLine: {'line': b'writing top-level names to seav2_imu.egg-info/top_level.txt\n'}
[27.191078] (seav2_imu) StdoutLine: {'line': b"reading manifest file 'seav2_imu.egg-info/SOURCES.txt'\n"}
[27.201343] (seav2_imu) StdoutLine: {'line': b"writing manifest file 'seav2_imu.egg-info/SOURCES.txt'\n"}
[27.221721] (seav2_imu) StdoutLine: {'line': b'running build_ext\n'}
[27.222829] (-) TimerEvent: {}
[27.223942] (seav2_imu) StdoutLine: {'line': b'Creating /home/pi/seav2/install/seav2_imu/lib/python3.10/site-packages/seav2-imu.egg-link (link to .)\n'}
[27.232238] (seav2_imu) StdoutLine: {'line': b'Installing mpu6050_node script to /home/pi/seav2/install/seav2_imu/lib/seav2_imu\n'}
[27.235171] (seav2_imu) StdoutLine: {'line': b'\n'}
[27.236417] (seav2_imu) StdoutLine: {'line': b'Installed /home/pi/seav2/build/seav2_imu\n'}
[27.237319] (seav2_imu) StdoutLine: {'line': b'running symlink_data\n'}
[27.323233] (-) TimerEvent: {}
[27.424874] (-) TimerEvent: {}
[27.465956] (seav2_imu) JobEnded: {'identifier': 'seav2_imu', 'rc': 'SIGINT'}
[27.473671] (-) EventReactorShutdown: {}
