[0.000000] (-) TimerEvent: {}
[0.002116] (ball_tracker) JobQueued: {'identifier': 'ball_tracker', 'dependencies': OrderedDict()}
[0.002935] (robot_cam_ros) JobQueued: {'identifier': 'robot_cam_ros', 'dependencies': OrderedDict()}
[0.003390] (ros2_control_demo_description) JobQueued: {'identifier': 'ros2_control_demo_description', 'dependencies': OrderedDict()}
[0.003663] (seav2) JobQueued: {'identifier': 'seav2', 'dependencies': OrderedDict()}
[0.003941] (seav2_imu) JobQueued: {'identifier': 'seav2_imu', 'dependencies': OrderedDict()}
[0.004292] (serial) JobQueued: {'identifier': 'serial', 'dependencies': OrderedDict()}
[0.004577] (v4l2_camera) JobQueued: {'identifier': 'v4l2_camera', 'dependencies': OrderedDict()}
[0.006182] (carlikebot_ros2_control) JobQueued: {'identifier': 'carlikebot_ros2_control', 'dependencies': OrderedDict([('ros2_control_demo_description', '/home/pi/seav2/install/ros2_control_demo_description'), ('serial', '/home/pi/seav2/install/serial')])}
[0.006703] (ros2_control_demo_description) JobStarted: {'identifier': 'ros2_control_demo_description'}
[0.093967] (-) TimerEvent: {}
[0.167672] (serial) JobStarted: {'identifier': 'serial'}
[0.194235] (-) TimerEvent: {}
[0.299389] (-) TimerEvent: {}
[0.302591] (ball_tracker) JobStarted: {'identifier': 'ball_tracker'}
[0.399854] (-) TimerEvent: {}
[0.454199] (robot_cam_ros) JobStarted: {'identifier': 'robot_cam_ros'}
[0.500207] (-) TimerEvent: {}
[0.602575] (-) TimerEvent: {}
[0.632598] (ros2_control_demo_description) JobProgress: {'identifier': 'ros2_control_demo_description', 'progress': 'cmake'}
[0.639089] (ros2_control_demo_description) JobProgress: {'identifier': 'ros2_control_demo_description', 'progress': 'build'}
[0.645979] (ros2_control_demo_description) Command: {'cmd': ['/usr/bin/cmake', '--build', '/home/pi/seav2/build/ros2_control_demo_description', '--', '-j4', '-l4'], 'cwd': '/home/pi/seav2/build/ros2_control_demo_description', 'env': OrderedDict([('LESSOPEN', '| /usr/bin/lesspipe %s'), ('USER', 'pi'), ('SSH_CLIENT', '192.168.0.105 55666 22'), ('LC_TIME', 'en_US.UTF-8'), ('XDG_SESSION_TYPE', 'tty'), ('SHLVL', '1'), ('LD_LIBRARY_PATH', '/home/pi/seav2/install/carlikebot_ros2_control/lib:/home/pi/seav2/install/serial/lib:/opt/ros/humble/opt/rviz_ogre_vendor/lib:/opt/ros/humble/lib/aarch64-linux-gnu:/opt/ros/humble/lib'), ('MOTD_SHOWN', 'pam'), ('HOME', '/home/pi'), ('OLDPWD', '/home/pi/seav2'), ('SSH_TTY', '/dev/pts/0'), ('ROS_PYTHON_VERSION', '3'), ('LC_MONETARY', 'en_US.UTF-8'), ('ROS_IP', '192.168.137.192'), ('DBUS_SESSION_BUS_ADDRESS', 'unix:path=/run/user/1000/bus'), ('QT_QPA_PLATFORM_PLUGIN_PATH', '/home/your_username/.local/lib/python3.10/site-packages/cv2/qt/plugins'), ('COLCON_PREFIX_PATH', '/home/pi/seav2/install:/home/pi/ss25/install:/home/pi/ss25/src/description/description/install:/home/pi/ss25/src/summary/install:/home/pi/ss25/src/install:/home/pi/demo_testing_9_april/seav/install:/home/pi/install'), ('ROS_DISTRO', 'humble'), ('LOGNAME', 'pi'), ('_', '/usr/bin/colcon'), ('ROS_VERSION', '2'), ('XDG_SESSION_CLASS', 'user'), ('TERM', 'xterm-256color'), ('XDG_SESSION_ID', '1'), ('ROS_LOCALHOST_ONLY', '0'), ('PATH', '/home/pi/.local/bin:/home/pi/.local/bin:/opt/ros/humble/bin:/usr/local/sbin:/usr/local/bin:/usr/sbin:/usr/bin:/sbin:/bin:/usr/games:/usr/local/games:/snap/bin'), ('LC_ADDRESS', 'en_US.UTF-8'), ('XDG_RUNTIME_DIR', '/run/user/1000'), ('DISPLAY', 'localhost:10.0'), ('LANG', 'en_US.UTF-8'), ('LC_TELEPHONE', 'en_US.UTF-8'), ('LS_COLORS', 'rs=0:di=01;34:ln=01;36:mh=00:pi=40;33:so=01;35:do=01;35:bd=40;33;01:cd=40;33;01:or=40;31;01:mi=00:su=37;41:sg=30;43:ca=30;41:tw=30;42:ow=34;42:st=37;44:ex=01;32:*.tar=01;31:*.tgz=01;31:*.arc=01;31:*.arj=01;31:*.taz=01;31:*.lha=01;31:*.lz4=01;31:*.lzh=01;31:*.lzma=01;31:*.tlz=01;31:*.txz=01;31:*.tzo=01;31:*.t7z=01;31:*.zip=01;31:*.z=01;31:*.dz=01;31:*.gz=01;31:*.lrz=01;31:*.lz=01;31:*.lzo=01;31:*.xz=01;31:*.zst=01;31:*.tzst=01;31:*.bz2=01;31:*.bz=01;31:*.tbz=01;31:*.tbz2=01;31:*.tz=01;31:*.deb=01;31:*.rpm=01;31:*.jar=01;31:*.war=01;31:*.ear=01;31:*.sar=01;31:*.rar=01;31:*.alz=01;31:*.ace=01;31:*.zoo=01;31:*.cpio=01;31:*.7z=01;31:*.rz=01;31:*.cab=01;31:*.wim=01;31:*.swm=01;31:*.dwm=01;31:*.esd=01;31:*.jpg=01;35:*.jpeg=01;35:*.mjpg=01;35:*.mjpeg=01;35:*.gif=01;35:*.bmp=01;35:*.pbm=01;35:*.pgm=01;35:*.ppm=01;35:*.tga=01;35:*.xbm=01;35:*.xpm=01;35:*.tif=01;35:*.tiff=01;35:*.png=01;35:*.svg=01;35:*.svgz=01;35:*.mng=01;35:*.pcx=01;35:*.mov=01;35:*.mpg=01;35:*.mpeg=01;35:*.m2v=01;35:*.mkv=01;35:*.webm=01;35:*.webp=01;35:*.ogm=01;35:*.mp4=01;35:*.m4v=01;35:*.mp4v=01;35:*.vob=01;35:*.qt=01;35:*.nuv=01;35:*.wmv=01;35:*.asf=01;35:*.rm=01;35:*.rmvb=01;35:*.flc=01;35:*.avi=01;35:*.fli=01;35:*.flv=01;35:*.gl=01;35:*.dl=01;35:*.xcf=01;35:*.xwd=01;35:*.yuv=01;35:*.cgm=01;35:*.emf=01;35:*.ogv=01;35:*.ogx=01;35:*.aac=00;36:*.au=00;36:*.flac=00;36:*.m4a=00;36:*.mid=00;36:*.midi=00;36:*.mka=00;36:*.mp3=00;36:*.mpc=00;36:*.ogg=00;36:*.ra=00;36:*.wav=00;36:*.oga=00;36:*.opus=00;36:*.spx=00;36:*.xspf=00;36:'), ('ROS_DOMAIN_ID', '0'), ('AMENT_PREFIX_PATH', '/home/pi/seav2/install/carlikebot_ros2_control:/home/pi/seav2/install/serial:/home/pi/seav2/install/seav2_imu:/home/pi/seav2/install/seav2:/home/pi/seav2/install/ros2_control_demo_description:/home/pi/seav2/install/robot_cam_ros:/home/pi/seav2/install/ball_tracker:/home/pi/ss25/install/wheel_odometry:/home/pi/ss25/install/vup_2k7:/home/pi/ss25/install/summary:/home/pi/ss25/install/sllidar_ros2:/home/pi/ss25/install/safety_control:/home/pi/ss25/install/project:/home/pi/ss25/install/my_slam:/home/pi/ss25/install/my_motor_driver:/home/pi/ss25/install/final:/home/pi/ss25/install/description:/home/pi/ss25/install/bringup_pkg:/home/pi/ss25/src/summary/install/summary:/home/pi/ss25/src/install/wheel_odometry:/home/pi/ss25/src/install/summary:/home/pi/ss25/src/install/sllidar_ros2:/home/pi/ss25/src/install/safety_control:/home/pi/ss25/src/install/project:/home/pi/ss25/src/install/my_motor_driver:/home/pi/ss25/src/install/description:/home/pi/ss25/src/install/bringup_pkg:/home/pi/install/summary:/home/pi/demo_testing_9_april/seav/install/yolov8_ros:/home/pi/demo_testing_9_april/seav/install/static_tf_publisher:/home/pi/demo_testing_9_april/seav/install/seav_test_sensors:/home/pi/demo_testing_9_april/seav/install/seav_simulation:/home/pi/demo_testing_9_april/seav/install/seav_description:/home/pi/demo_testing_9_april/seav/install/rplidar_ros:/home/pi/demo_testing_9_april/seav/install/my_robot_controller:/home/pi/demo_testing_9_april/seav/install/my_nav2_pkg:/opt/ros/humble'), ('SHELL', '/bin/bash'), ('LC_NAME', 'en_US.UTF-8'), ('LESSCLOSE', '/usr/bin/lesspipe %s %s'), ('LC_MEASUREMENT', 'en_US.UTF-8'), ('LC_IDENTIFICATION', 'en_US.UTF-8'), ('PWD', '/home/pi/seav2/build/ros2_control_demo_description'), ('LC_ALL', 'en_US.UTF-8'), ('SSH_CONNECTION', '192.168.0.105 55666 192.168.0.210 22'), ('XDG_DATA_DIRS', '/usr/local/share:/usr/share:/var/lib/snapd/desktop'), ('PYTHONPATH', '/home/pi/seav2/build/seav2_imu:/home/pi/seav2/install/seav2_imu/lib/python3.10/site-packages:/home/pi/seav2/build/robot_cam_ros:/home/pi/seav2/install/robot_cam_ros/lib/python3.10/site-packages:/home/pi/seav2/build/ball_tracker:/home/pi/seav2/install/ball_tracker/lib/python3.10/site-packages:/home/pi/ss25/install/wheel_odometry/lib/python3.10/site-packages:/home/pi/ss25/install/vup_2k7/lib/python3.10/site-packages:/home/pi/ss25/install/summary/lib/python3.10/site-packages:/home/pi/ss25/install/safety_control/lib/python3.10/site-packages:/home/pi/ss25/install/project/lib/python3.10/site-packages:/home/pi/ss25/install/my_slam/lib/python3.10/site-packages:/home/pi/ss25/install/my_motor_driver/lib/python3.10/site-packages:/home/pi/ss25/install/final/lib/python3.10/site-packages:/home/pi/ss25/install/description/lib/python3.10/site-packages:/home/pi/ss25/install/bringup_pkg/lib/python3.10/site-packages:/home/pi/ss25/src/summary/install/summary/lib/python3.10/site-packages:/home/pi/ss25/src/install/wheel_odometry/lib/python3.10/site-packages:/home/pi/ss25/src/install/summary/lib/python3.10/site-packages:/home/pi/ss25/src/install/safety_control/lib/python3.10/site-packages:/home/pi/ss25/src/install/project/lib/python3.10/site-packages:/home/pi/ss25/src/install/my_motor_driver/lib/python3.10/site-packages:/home/pi/ss25/src/install/description/lib/python3.10/site-packages:/home/pi/ss25/src/install/bringup_pkg/lib/python3.10/site-packages:/home/pi/install/summary/lib/python3.10/site-packages:/home/pi/demo_testing_9_april/seav/install/yolov8_ros/lib/python3.10/site-packages:/home/pi/demo_testing_9_april/seav/install/static_tf_publisher/lib/python3.10/site-packages:/home/pi/demo_testing_9_april/seav/install/seav_test_sensors/lib/python3.10/site-packages:/home/pi/demo_testing_9_april/seav/install/my_robot_controller/lib/python3.10/site-packages:/opt/ros/humble/lib/python3.10/site-packages:/opt/ros/humble/local/lib/python3.10/dist-packages'), ('ROS_HOSTNAME', '192.168.137.192'), ('LC_NUMERIC', 'en_US.UTF-8'), ('LC_PAPER', 'en_US.UTF-8'), ('COLCON', '1'), ('CMAKE_PREFIX_PATH', '/home/pi/seav2/install/carlikebot_ros2_control:/home/pi/seav2/install/serial:/home/pi/seav2/install/seav2:/home/pi/seav2/install/ros2_control_demo_description:/home/pi/ss25/install/sllidar_ros2:/home/pi/ss25/src/install/sllidar_ros2:/home/pi/demo_testing_9_april/seav/install/seav_simulation:/home/pi/demo_testing_9_april/seav/install/seav_description:/home/pi/demo_testing_9_april/seav/install/rplidar_ros:/home/pi/demo_testing_9_april/seav/install/my_nav2_pkg:/home/pi/seav2/install/seav2_imu:/home/pi/seav2/install/robot_cam_ros:/home/pi/seav2/install/ball_tracker:/home/pi/ss25/install/wheel_odometry:/home/pi/ss25/install/vup_2k7:/home/pi/ss25/install/summary:/home/pi/ss25/install/safety_control:/home/pi/ss25/install/project:/home/pi/ss25/install/my_slam:/home/pi/ss25/install/my_motor_driver:/home/pi/ss25/install/final:/home/pi/ss25/install/description:/home/pi/ss25/install/bringup_pkg:/home/pi/ss25/src/summary/install/summary:/home/pi/ss25/src/install/wheel_odometry:/home/pi/ss25/src/install/summary:/home/pi/ss25/src/install/safety_control:/home/pi/ss25/src/install/project:/home/pi/ss25/src/install/my_motor_driver:/home/pi/ss25/src/install/description:/home/pi/ss25/src/install/bringup_pkg:/home/pi/install/summary:/home/pi/demo_testing_9_april/seav/install/yolov8_ros:/home/pi/demo_testing_9_april/seav/install/static_tf_publisher:/home/pi/demo_testing_9_april/seav/install/seav_test_sensors:/home/pi/demo_testing_9_april/seav/install/my_robot_controller:/opt/ros/humble')]), 'shell': False}
[0.691161] (serial) JobProgress: {'identifier': 'serial', 'progress': 'cmake'}
[0.696921] (serial) JobProgress: {'identifier': 'serial', 'progress': 'build'}
[0.699269] (serial) Command: {'cmd': ['/usr/bin/cmake', '--build', '/home/pi/seav2/build/serial', '--', '-j4', '-l4'], 'cwd': '/home/pi/seav2/build/serial', 'env': OrderedDict([('LESSOPEN', '| /usr/bin/lesspipe %s'), ('USER', 'pi'), ('SSH_CLIENT', '192.168.0.105 55666 22'), ('LC_TIME', 'en_US.UTF-8'), ('XDG_SESSION_TYPE', 'tty'), ('SHLVL', '1'), ('LD_LIBRARY_PATH', '/home/pi/seav2/install/carlikebot_ros2_control/lib:/home/pi/seav2/install/serial/lib:/opt/ros/humble/opt/rviz_ogre_vendor/lib:/opt/ros/humble/lib/aarch64-linux-gnu:/opt/ros/humble/lib'), ('MOTD_SHOWN', 'pam'), ('HOME', '/home/pi'), ('OLDPWD', '/home/pi/seav2'), ('SSH_TTY', '/dev/pts/0'), ('ROS_PYTHON_VERSION', '3'), ('LC_MONETARY', 'en_US.UTF-8'), ('ROS_IP', '192.168.137.192'), ('DBUS_SESSION_BUS_ADDRESS', 'unix:path=/run/user/1000/bus'), ('QT_QPA_PLATFORM_PLUGIN_PATH', '/home/your_username/.local/lib/python3.10/site-packages/cv2/qt/plugins'), ('COLCON_PREFIX_PATH', '/home/pi/seav2/install:/home/pi/ss25/install:/home/pi/ss25/src/description/description/install:/home/pi/ss25/src/summary/install:/home/pi/ss25/src/install:/home/pi/demo_testing_9_april/seav/install:/home/pi/install'), ('ROS_DISTRO', 'humble'), ('LOGNAME', 'pi'), ('_', '/usr/bin/colcon'), ('ROS_VERSION', '2'), ('XDG_SESSION_CLASS', 'user'), ('TERM', 'xterm-256color'), ('XDG_SESSION_ID', '1'), ('ROS_LOCALHOST_ONLY', '0'), ('PATH', '/home/pi/.local/bin:/home/pi/.local/bin:/opt/ros/humble/bin:/usr/local/sbin:/usr/local/bin:/usr/sbin:/usr/bin:/sbin:/bin:/usr/games:/usr/local/games:/snap/bin'), ('LC_ADDRESS', 'en_US.UTF-8'), ('XDG_RUNTIME_DIR', '/run/user/1000'), ('DISPLAY', 'localhost:10.0'), ('LANG', 'en_US.UTF-8'), ('LC_TELEPHONE', 'en_US.UTF-8'), ('LS_COLORS', 'rs=0:di=01;34:ln=01;36:mh=00:pi=40;33:so=01;35:do=01;35:bd=40;33;01:cd=40;33;01:or=40;31;01:mi=00:su=37;41:sg=30;43:ca=30;41:tw=30;42:ow=34;42:st=37;44:ex=01;32:*.tar=01;31:*.tgz=01;31:*.arc=01;31:*.arj=01;31:*.taz=01;31:*.lha=01;31:*.lz4=01;31:*.lzh=01;31:*.lzma=01;31:*.tlz=01;31:*.txz=01;31:*.tzo=01;31:*.t7z=01;31:*.zip=01;31:*.z=01;31:*.dz=01;31:*.gz=01;31:*.lrz=01;31:*.lz=01;31:*.lzo=01;31:*.xz=01;31:*.zst=01;31:*.tzst=01;31:*.bz2=01;31:*.bz=01;31:*.tbz=01;31:*.tbz2=01;31:*.tz=01;31:*.deb=01;31:*.rpm=01;31:*.jar=01;31:*.war=01;31:*.ear=01;31:*.sar=01;31:*.rar=01;31:*.alz=01;31:*.ace=01;31:*.zoo=01;31:*.cpio=01;31:*.7z=01;31:*.rz=01;31:*.cab=01;31:*.wim=01;31:*.swm=01;31:*.dwm=01;31:*.esd=01;31:*.jpg=01;35:*.jpeg=01;35:*.mjpg=01;35:*.mjpeg=01;35:*.gif=01;35:*.bmp=01;35:*.pbm=01;35:*.pgm=01;35:*.ppm=01;35:*.tga=01;35:*.xbm=01;35:*.xpm=01;35:*.tif=01;35:*.tiff=01;35:*.png=01;35:*.svg=01;35:*.svgz=01;35:*.mng=01;35:*.pcx=01;35:*.mov=01;35:*.mpg=01;35:*.mpeg=01;35:*.m2v=01;35:*.mkv=01;35:*.webm=01;35:*.webp=01;35:*.ogm=01;35:*.mp4=01;35:*.m4v=01;35:*.mp4v=01;35:*.vob=01;35:*.qt=01;35:*.nuv=01;35:*.wmv=01;35:*.asf=01;35:*.rm=01;35:*.rmvb=01;35:*.flc=01;35:*.avi=01;35:*.fli=01;35:*.flv=01;35:*.gl=01;35:*.dl=01;35:*.xcf=01;35:*.xwd=01;35:*.yuv=01;35:*.cgm=01;35:*.emf=01;35:*.ogv=01;35:*.ogx=01;35:*.aac=00;36:*.au=00;36:*.flac=00;36:*.m4a=00;36:*.mid=00;36:*.midi=00;36:*.mka=00;36:*.mp3=00;36:*.mpc=00;36:*.ogg=00;36:*.ra=00;36:*.wav=00;36:*.oga=00;36:*.opus=00;36:*.spx=00;36:*.xspf=00;36:'), ('ROS_DOMAIN_ID', '0'), ('AMENT_PREFIX_PATH', '/home/pi/seav2/install/carlikebot_ros2_control:/home/pi/seav2/install/serial:/home/pi/seav2/install/seav2_imu:/home/pi/seav2/install/seav2:/home/pi/seav2/install/ros2_control_demo_description:/home/pi/seav2/install/robot_cam_ros:/home/pi/seav2/install/ball_tracker:/home/pi/ss25/install/wheel_odometry:/home/pi/ss25/install/vup_2k7:/home/pi/ss25/install/summary:/home/pi/ss25/install/sllidar_ros2:/home/pi/ss25/install/safety_control:/home/pi/ss25/install/project:/home/pi/ss25/install/my_slam:/home/pi/ss25/install/my_motor_driver:/home/pi/ss25/install/final:/home/pi/ss25/install/description:/home/pi/ss25/install/bringup_pkg:/home/pi/ss25/src/summary/install/summary:/home/pi/ss25/src/install/wheel_odometry:/home/pi/ss25/src/install/summary:/home/pi/ss25/src/install/sllidar_ros2:/home/pi/ss25/src/install/safety_control:/home/pi/ss25/src/install/project:/home/pi/ss25/src/install/my_motor_driver:/home/pi/ss25/src/install/description:/home/pi/ss25/src/install/bringup_pkg:/home/pi/install/summary:/home/pi/demo_testing_9_april/seav/install/yolov8_ros:/home/pi/demo_testing_9_april/seav/install/static_tf_publisher:/home/pi/demo_testing_9_april/seav/install/seav_test_sensors:/home/pi/demo_testing_9_april/seav/install/seav_simulation:/home/pi/demo_testing_9_april/seav/install/seav_description:/home/pi/demo_testing_9_april/seav/install/rplidar_ros:/home/pi/demo_testing_9_april/seav/install/my_robot_controller:/home/pi/demo_testing_9_april/seav/install/my_nav2_pkg:/opt/ros/humble'), ('SHELL', '/bin/bash'), ('LC_NAME', 'en_US.UTF-8'), ('LESSCLOSE', '/usr/bin/lesspipe %s %s'), ('LC_MEASUREMENT', 'en_US.UTF-8'), ('LC_IDENTIFICATION', 'en_US.UTF-8'), ('PWD', '/home/pi/seav2/build/serial'), ('LC_ALL', 'en_US.UTF-8'), ('SSH_CONNECTION', '192.168.0.105 55666 192.168.0.210 22'), ('XDG_DATA_DIRS', '/usr/local/share:/usr/share:/var/lib/snapd/desktop'), ('PYTHONPATH', '/home/pi/seav2/build/seav2_imu:/home/pi/seav2/install/seav2_imu/lib/python3.10/site-packages:/home/pi/seav2/build/robot_cam_ros:/home/pi/seav2/install/robot_cam_ros/lib/python3.10/site-packages:/home/pi/seav2/build/ball_tracker:/home/pi/seav2/install/ball_tracker/lib/python3.10/site-packages:/home/pi/ss25/install/wheel_odometry/lib/python3.10/site-packages:/home/pi/ss25/install/vup_2k7/lib/python3.10/site-packages:/home/pi/ss25/install/summary/lib/python3.10/site-packages:/home/pi/ss25/install/safety_control/lib/python3.10/site-packages:/home/pi/ss25/install/project/lib/python3.10/site-packages:/home/pi/ss25/install/my_slam/lib/python3.10/site-packages:/home/pi/ss25/install/my_motor_driver/lib/python3.10/site-packages:/home/pi/ss25/install/final/lib/python3.10/site-packages:/home/pi/ss25/install/description/lib/python3.10/site-packages:/home/pi/ss25/install/bringup_pkg/lib/python3.10/site-packages:/home/pi/ss25/src/summary/install/summary/lib/python3.10/site-packages:/home/pi/ss25/src/install/wheel_odometry/lib/python3.10/site-packages:/home/pi/ss25/src/install/summary/lib/python3.10/site-packages:/home/pi/ss25/src/install/safety_control/lib/python3.10/site-packages:/home/pi/ss25/src/install/project/lib/python3.10/site-packages:/home/pi/ss25/src/install/my_motor_driver/lib/python3.10/site-packages:/home/pi/ss25/src/install/description/lib/python3.10/site-packages:/home/pi/ss25/src/install/bringup_pkg/lib/python3.10/site-packages:/home/pi/install/summary/lib/python3.10/site-packages:/home/pi/demo_testing_9_april/seav/install/yolov8_ros/lib/python3.10/site-packages:/home/pi/demo_testing_9_april/seav/install/static_tf_publisher/lib/python3.10/site-packages:/home/pi/demo_testing_9_april/seav/install/seav_test_sensors/lib/python3.10/site-packages:/home/pi/demo_testing_9_april/seav/install/my_robot_controller/lib/python3.10/site-packages:/opt/ros/humble/lib/python3.10/site-packages:/opt/ros/humble/local/lib/python3.10/dist-packages'), ('ROS_HOSTNAME', '192.168.137.192'), ('LC_NUMERIC', 'en_US.UTF-8'), ('LC_PAPER', 'en_US.UTF-8'), ('COLCON', '1'), ('CMAKE_PREFIX_PATH', '/home/pi/seav2/install/carlikebot_ros2_control:/home/pi/seav2/install/serial:/home/pi/seav2/install/seav2:/home/pi/seav2/install/ros2_control_demo_description:/home/pi/ss25/install/sllidar_ros2:/home/pi/ss25/src/install/sllidar_ros2:/home/pi/demo_testing_9_april/seav/install/seav_simulation:/home/pi/demo_testing_9_april/seav/install/seav_description:/home/pi/demo_testing_9_april/seav/install/rplidar_ros:/home/pi/demo_testing_9_april/seav/install/my_nav2_pkg:/home/pi/seav2/install/seav2_imu:/home/pi/seav2/install/robot_cam_ros:/home/pi/seav2/install/ball_tracker:/home/pi/ss25/install/wheel_odometry:/home/pi/ss25/install/vup_2k7:/home/pi/ss25/install/summary:/home/pi/ss25/install/safety_control:/home/pi/ss25/install/project:/home/pi/ss25/install/my_slam:/home/pi/ss25/install/my_motor_driver:/home/pi/ss25/install/final:/home/pi/ss25/install/description:/home/pi/ss25/install/bringup_pkg:/home/pi/ss25/src/summary/install/summary:/home/pi/ss25/src/install/wheel_odometry:/home/pi/ss25/src/install/summary:/home/pi/ss25/src/install/safety_control:/home/pi/ss25/src/install/project:/home/pi/ss25/src/install/my_motor_driver:/home/pi/ss25/src/install/description:/home/pi/ss25/src/install/bringup_pkg:/home/pi/install/summary:/home/pi/demo_testing_9_april/seav/install/yolov8_ros:/home/pi/demo_testing_9_april/seav/install/static_tf_publisher:/home/pi/demo_testing_9_april/seav/install/seav_test_sensors:/home/pi/demo_testing_9_april/seav/install/my_robot_controller:/opt/ros/humble')]), 'shell': False}
[0.724651] (-) TimerEvent: {}
[0.826321] (-) TimerEvent: {}
[0.929492] (-) TimerEvent: {}
[1.031182] (-) TimerEvent: {}
[1.132819] (-) TimerEvent: {}
[1.235683] (-) TimerEvent: {}
[1.338498] (-) TimerEvent: {}
[1.441579] (-) TimerEvent: {}
[1.544534] (-) TimerEvent: {}
[1.648039] (-) TimerEvent: {}
[1.751084] (-) TimerEvent: {}
[1.852787] (-) TimerEvent: {}
[1.954271] (-) TimerEvent: {}
[2.055670] (-) TimerEvent: {}
[2.157108] (-) TimerEvent: {}
[2.258578] (-) TimerEvent: {}
[2.360011] (-) TimerEvent: {}
[2.461423] (-) TimerEvent: {}
[2.562786] (-) TimerEvent: {}
[2.664162] (-) TimerEvent: {}
[2.765593] (-) TimerEvent: {}
[2.866965] (-) TimerEvent: {}
[2.968360] (-) TimerEvent: {}
[3.069795] (-) TimerEvent: {}
[3.171155] (-) TimerEvent: {}
[3.272504] (-) TimerEvent: {}
[3.373991] (-) TimerEvent: {}
[3.475348] (-) TimerEvent: {}
[3.576726] (-) TimerEvent: {}
[3.678145] (-) TimerEvent: {}
[3.779487] (-) TimerEvent: {}
[3.880868] (-) TimerEvent: {}
[3.982365] (-) TimerEvent: {}
[4.083731] (-) TimerEvent: {}
[4.185367] (-) TimerEvent: {}
[4.286739] (-) TimerEvent: {}
[4.388119] (-) TimerEvent: {}
[4.489493] (-) TimerEvent: {}
[4.590867] (-) TimerEvent: {}
[4.692362] (-) TimerEvent: {}
[4.794356] (-) TimerEvent: {}
[4.896248] (-) TimerEvent: {}
[4.989115] (serial) StdoutLine: {'line': b'[ 28%] Built target serial\n'}
[4.990815] (serial) StdoutLine: {'line': b'[ 42%] Built target gtest_main\n'}
[4.991758] (serial) StdoutLine: {'line': b'[ 57%] Built target gtest\n'}
[4.992640] (serial) StdoutLine: {'line': b'[ 71%] Built target serial_example\n'}
[4.993581] (serial) StdoutLine: {'line': b'[ 85%] Built target serial-test\n'}
[4.994550] (serial) StdoutLine: {'line': b'[100%] Built target serial-test-timer\n'}
[4.997000] (-) TimerEvent: {}
[5.005576] (ros2_control_demo_description) CommandEnded: {'returncode': 0}
[5.010699] (ros2_control_demo_description) JobProgress: {'identifier': 'ros2_control_demo_description', 'progress': 'install'}
[5.102991] (ros2_control_demo_description) Command: {'cmd': ['/usr/bin/cmake', '--install', '/home/pi/seav2/build/ros2_control_demo_description'], 'cwd': '/home/pi/seav2/build/ros2_control_demo_description', 'env': OrderedDict([('LESSOPEN', '| /usr/bin/lesspipe %s'), ('USER', 'pi'), ('SSH_CLIENT', '192.168.0.105 55666 22'), ('LC_TIME', 'en_US.UTF-8'), ('XDG_SESSION_TYPE', 'tty'), ('SHLVL', '1'), ('LD_LIBRARY_PATH', '/home/pi/seav2/install/carlikebot_ros2_control/lib:/home/pi/seav2/install/serial/lib:/opt/ros/humble/opt/rviz_ogre_vendor/lib:/opt/ros/humble/lib/aarch64-linux-gnu:/opt/ros/humble/lib'), ('MOTD_SHOWN', 'pam'), ('HOME', '/home/pi'), ('OLDPWD', '/home/pi/seav2'), ('SSH_TTY', '/dev/pts/0'), ('ROS_PYTHON_VERSION', '3'), ('LC_MONETARY', 'en_US.UTF-8'), ('ROS_IP', '192.168.137.192'), ('DBUS_SESSION_BUS_ADDRESS', 'unix:path=/run/user/1000/bus'), ('QT_QPA_PLATFORM_PLUGIN_PATH', '/home/your_username/.local/lib/python3.10/site-packages/cv2/qt/plugins'), ('COLCON_PREFIX_PATH', '/home/pi/seav2/install:/home/pi/ss25/install:/home/pi/ss25/src/description/description/install:/home/pi/ss25/src/summary/install:/home/pi/ss25/src/install:/home/pi/demo_testing_9_april/seav/install:/home/pi/install'), ('ROS_DISTRO', 'humble'), ('LOGNAME', 'pi'), ('_', '/usr/bin/colcon'), ('ROS_VERSION', '2'), ('XDG_SESSION_CLASS', 'user'), ('TERM', 'xterm-256color'), ('XDG_SESSION_ID', '1'), ('ROS_LOCALHOST_ONLY', '0'), ('PATH', '/home/pi/.local/bin:/home/pi/.local/bin:/opt/ros/humble/bin:/usr/local/sbin:/usr/local/bin:/usr/sbin:/usr/bin:/sbin:/bin:/usr/games:/usr/local/games:/snap/bin'), ('LC_ADDRESS', 'en_US.UTF-8'), ('XDG_RUNTIME_DIR', '/run/user/1000'), ('DISPLAY', 'localhost:10.0'), ('LANG', 'en_US.UTF-8'), ('LC_TELEPHONE', 'en_US.UTF-8'), ('LS_COLORS', 'rs=0:di=01;34:ln=01;36:mh=00:pi=40;33:so=01;35:do=01;35:bd=40;33;01:cd=40;33;01:or=40;31;01:mi=00:su=37;41:sg=30;43:ca=30;41:tw=30;42:ow=34;42:st=37;44:ex=01;32:*.tar=01;31:*.tgz=01;31:*.arc=01;31:*.arj=01;31:*.taz=01;31:*.lha=01;31:*.lz4=01;31:*.lzh=01;31:*.lzma=01;31:*.tlz=01;31:*.txz=01;31:*.tzo=01;31:*.t7z=01;31:*.zip=01;31:*.z=01;31:*.dz=01;31:*.gz=01;31:*.lrz=01;31:*.lz=01;31:*.lzo=01;31:*.xz=01;31:*.zst=01;31:*.tzst=01;31:*.bz2=01;31:*.bz=01;31:*.tbz=01;31:*.tbz2=01;31:*.tz=01;31:*.deb=01;31:*.rpm=01;31:*.jar=01;31:*.war=01;31:*.ear=01;31:*.sar=01;31:*.rar=01;31:*.alz=01;31:*.ace=01;31:*.zoo=01;31:*.cpio=01;31:*.7z=01;31:*.rz=01;31:*.cab=01;31:*.wim=01;31:*.swm=01;31:*.dwm=01;31:*.esd=01;31:*.jpg=01;35:*.jpeg=01;35:*.mjpg=01;35:*.mjpeg=01;35:*.gif=01;35:*.bmp=01;35:*.pbm=01;35:*.pgm=01;35:*.ppm=01;35:*.tga=01;35:*.xbm=01;35:*.xpm=01;35:*.tif=01;35:*.tiff=01;35:*.png=01;35:*.svg=01;35:*.svgz=01;35:*.mng=01;35:*.pcx=01;35:*.mov=01;35:*.mpg=01;35:*.mpeg=01;35:*.m2v=01;35:*.mkv=01;35:*.webm=01;35:*.webp=01;35:*.ogm=01;35:*.mp4=01;35:*.m4v=01;35:*.mp4v=01;35:*.vob=01;35:*.qt=01;35:*.nuv=01;35:*.wmv=01;35:*.asf=01;35:*.rm=01;35:*.rmvb=01;35:*.flc=01;35:*.avi=01;35:*.fli=01;35:*.flv=01;35:*.gl=01;35:*.dl=01;35:*.xcf=01;35:*.xwd=01;35:*.yuv=01;35:*.cgm=01;35:*.emf=01;35:*.ogv=01;35:*.ogx=01;35:*.aac=00;36:*.au=00;36:*.flac=00;36:*.m4a=00;36:*.mid=00;36:*.midi=00;36:*.mka=00;36:*.mp3=00;36:*.mpc=00;36:*.ogg=00;36:*.ra=00;36:*.wav=00;36:*.oga=00;36:*.opus=00;36:*.spx=00;36:*.xspf=00;36:'), ('ROS_DOMAIN_ID', '0'), ('AMENT_PREFIX_PATH', '/home/pi/seav2/install/carlikebot_ros2_control:/home/pi/seav2/install/serial:/home/pi/seav2/install/seav2_imu:/home/pi/seav2/install/seav2:/home/pi/seav2/install/ros2_control_demo_description:/home/pi/seav2/install/robot_cam_ros:/home/pi/seav2/install/ball_tracker:/home/pi/ss25/install/wheel_odometry:/home/pi/ss25/install/vup_2k7:/home/pi/ss25/install/summary:/home/pi/ss25/install/sllidar_ros2:/home/pi/ss25/install/safety_control:/home/pi/ss25/install/project:/home/pi/ss25/install/my_slam:/home/pi/ss25/install/my_motor_driver:/home/pi/ss25/install/final:/home/pi/ss25/install/description:/home/pi/ss25/install/bringup_pkg:/home/pi/ss25/src/summary/install/summary:/home/pi/ss25/src/install/wheel_odometry:/home/pi/ss25/src/install/summary:/home/pi/ss25/src/install/sllidar_ros2:/home/pi/ss25/src/install/safety_control:/home/pi/ss25/src/install/project:/home/pi/ss25/src/install/my_motor_driver:/home/pi/ss25/src/install/description:/home/pi/ss25/src/install/bringup_pkg:/home/pi/install/summary:/home/pi/demo_testing_9_april/seav/install/yolov8_ros:/home/pi/demo_testing_9_april/seav/install/static_tf_publisher:/home/pi/demo_testing_9_april/seav/install/seav_test_sensors:/home/pi/demo_testing_9_april/seav/install/seav_simulation:/home/pi/demo_testing_9_april/seav/install/seav_description:/home/pi/demo_testing_9_april/seav/install/rplidar_ros:/home/pi/demo_testing_9_april/seav/install/my_robot_controller:/home/pi/demo_testing_9_april/seav/install/my_nav2_pkg:/opt/ros/humble'), ('SHELL', '/bin/bash'), ('LC_NAME', 'en_US.UTF-8'), ('LESSCLOSE', '/usr/bin/lesspipe %s %s'), ('LC_MEASUREMENT', 'en_US.UTF-8'), ('LC_IDENTIFICATION', 'en_US.UTF-8'), ('PWD', '/home/pi/seav2/build/ros2_control_demo_description'), ('LC_ALL', 'en_US.UTF-8'), ('SSH_CONNECTION', '192.168.0.105 55666 192.168.0.210 22'), ('XDG_DATA_DIRS', '/usr/local/share:/usr/share:/var/lib/snapd/desktop'), ('PYTHONPATH', '/home/pi/seav2/build/seav2_imu:/home/pi/seav2/install/seav2_imu/lib/python3.10/site-packages:/home/pi/seav2/build/robot_cam_ros:/home/pi/seav2/install/robot_cam_ros/lib/python3.10/site-packages:/home/pi/seav2/build/ball_tracker:/home/pi/seav2/install/ball_tracker/lib/python3.10/site-packages:/home/pi/ss25/install/wheel_odometry/lib/python3.10/site-packages:/home/pi/ss25/install/vup_2k7/lib/python3.10/site-packages:/home/pi/ss25/install/summary/lib/python3.10/site-packages:/home/pi/ss25/install/safety_control/lib/python3.10/site-packages:/home/pi/ss25/install/project/lib/python3.10/site-packages:/home/pi/ss25/install/my_slam/lib/python3.10/site-packages:/home/pi/ss25/install/my_motor_driver/lib/python3.10/site-packages:/home/pi/ss25/install/final/lib/python3.10/site-packages:/home/pi/ss25/install/description/lib/python3.10/site-packages:/home/pi/ss25/install/bringup_pkg/lib/python3.10/site-packages:/home/pi/ss25/src/summary/install/summary/lib/python3.10/site-packages:/home/pi/ss25/src/install/wheel_odometry/lib/python3.10/site-packages:/home/pi/ss25/src/install/summary/lib/python3.10/site-packages:/home/pi/ss25/src/install/safety_control/lib/python3.10/site-packages:/home/pi/ss25/src/install/project/lib/python3.10/site-packages:/home/pi/ss25/src/install/my_motor_driver/lib/python3.10/site-packages:/home/pi/ss25/src/install/description/lib/python3.10/site-packages:/home/pi/ss25/src/install/bringup_pkg/lib/python3.10/site-packages:/home/pi/install/summary/lib/python3.10/site-packages:/home/pi/demo_testing_9_april/seav/install/yolov8_ros/lib/python3.10/site-packages:/home/pi/demo_testing_9_april/seav/install/static_tf_publisher/lib/python3.10/site-packages:/home/pi/demo_testing_9_april/seav/install/seav_test_sensors/lib/python3.10/site-packages:/home/pi/demo_testing_9_april/seav/install/my_robot_controller/lib/python3.10/site-packages:/opt/ros/humble/lib/python3.10/site-packages:/opt/ros/humble/local/lib/python3.10/dist-packages'), ('ROS_HOSTNAME', '192.168.137.192'), ('LC_NUMERIC', 'en_US.UTF-8'), ('LC_PAPER', 'en_US.UTF-8'), ('COLCON', '1'), ('CMAKE_PREFIX_PATH', '/home/pi/seav2/install/carlikebot_ros2_control:/home/pi/seav2/install/serial:/home/pi/seav2/install/seav2:/home/pi/seav2/install/ros2_control_demo_description:/home/pi/ss25/install/sllidar_ros2:/home/pi/ss25/src/install/sllidar_ros2:/home/pi/demo_testing_9_april/seav/install/seav_simulation:/home/pi/demo_testing_9_april/seav/install/seav_description:/home/pi/demo_testing_9_april/seav/install/rplidar_ros:/home/pi/demo_testing_9_april/seav/install/my_nav2_pkg:/home/pi/seav2/install/seav2_imu:/home/pi/seav2/install/robot_cam_ros:/home/pi/seav2/install/ball_tracker:/home/pi/ss25/install/wheel_odometry:/home/pi/ss25/install/vup_2k7:/home/pi/ss25/install/summary:/home/pi/ss25/install/safety_control:/home/pi/ss25/install/project:/home/pi/ss25/install/my_slam:/home/pi/ss25/install/my_motor_driver:/home/pi/ss25/install/final:/home/pi/ss25/install/description:/home/pi/ss25/install/bringup_pkg:/home/pi/ss25/src/summary/install/summary:/home/pi/ss25/src/install/wheel_odometry:/home/pi/ss25/src/install/summary:/home/pi/ss25/src/install/safety_control:/home/pi/ss25/src/install/project:/home/pi/ss25/src/install/my_motor_driver:/home/pi/ss25/src/install/description:/home/pi/ss25/src/install/bringup_pkg:/home/pi/install/summary:/home/pi/demo_testing_9_april/seav/install/yolov8_ros:/home/pi/demo_testing_9_april/seav/install/static_tf_publisher:/home/pi/demo_testing_9_april/seav/install/seav_test_sensors:/home/pi/demo_testing_9_april/seav/install/my_robot_controller:/opt/ros/humble')]), 'shell': False}
[5.117448] (-) TimerEvent: {}
[5.220280] (-) TimerEvent: {}
[5.322002] (-) TimerEvent: {}
[5.423412] (-) TimerEvent: {}
[5.524844] (-) TimerEvent: {}
[5.626324] (-) TimerEvent: {}
[5.727709] (-) TimerEvent: {}
[5.829070] (-) TimerEvent: {}
[5.930492] (-) TimerEvent: {}
[6.031907] (-) TimerEvent: {}
[6.133421] (-) TimerEvent: {}
[6.234855] (-) TimerEvent: {}
[6.336246] (-) TimerEvent: {}
[6.437690] (-) TimerEvent: {}
[6.539113] (-) TimerEvent: {}
[6.640521] (-) TimerEvent: {}
[6.741952] (-) TimerEvent: {}
[6.843321] (-) TimerEvent: {}
[6.944695] (-) TimerEvent: {}
[7.046221] (-) TimerEvent: {}
[7.147560] (-) TimerEvent: {}
[7.248952] (-) TimerEvent: {}
[7.350376] (-) TimerEvent: {}
[7.451761] (-) TimerEvent: {}
[7.553105] (-) TimerEvent: {}
[7.654492] (-) TimerEvent: {}
[7.755837] (-) TimerEvent: {}
[7.857189] (-) TimerEvent: {}
[7.958584] (-) TimerEvent: {}
[8.059974] (-) TimerEvent: {}
[8.161472] (-) TimerEvent: {}
[8.262866] (-) TimerEvent: {}
[8.364229] (-) TimerEvent: {}
[8.465612] (-) TimerEvent: {}
[8.566963] (-) TimerEvent: {}
[8.668364] (-) TimerEvent: {}
[8.769821] (-) TimerEvent: {}
[8.871207] (-) TimerEvent: {}
[8.972714] (-) TimerEvent: {}
[9.074772] (-) TimerEvent: {}
[9.176467] (-) TimerEvent: {}
[9.246356] (ros2_control_demo_description) StdoutLine: {'line': b'-- Install configuration: ""\n'}
[9.249323] (ros2_control_demo_description) StdoutLine: {'line': b'-- Execute custom install script\n'}
[9.250998] (ros2_control_demo_description) StdoutLine: {'line': b'-- Up-to-date symlink: /home/pi/seav2/install/ros2_control_demo_description/share/ros2_control_demo_description/rrbot/urdf/rrbot.materials.xacro\n'}
[9.252746] (ros2_control_demo_description) StdoutLine: {'line': b'-- Up-to-date symlink: /home/pi/seav2/install/ros2_control_demo_description/share/ros2_control_demo_description/rrbot/urdf/rrbot_description.urdf.xacro\n'}
[9.254058] (ros2_control_demo_description) StdoutLine: {'line': b'-- Up-to-date symlink: /home/pi/seav2/install/ros2_control_demo_description/share/ros2_control_demo_description/rrbot/rviz/rrbot.rviz\n'}
[9.255480] (ros2_control_demo_description) StdoutLine: {'line': b'-- Up-to-date symlink: /home/pi/seav2/install/ros2_control_demo_description/share/ros2_control_demo_description/diffbot/urdf/diffbot.materials.xacro\n'}
[9.256537] (ros2_control_demo_description) StdoutLine: {'line': b'-- Up-to-date symlink: /home/pi/seav2/install/ros2_control_demo_description/share/ros2_control_demo_description/diffbot/urdf/diffbot_description.urdf.xacro\n'}
[9.257908] (ros2_control_demo_description) StdoutLine: {'line': b'-- Up-to-date symlink: /home/pi/seav2/install/ros2_control_demo_description/share/ros2_control_demo_description/diffbot/rviz/diffbot.rviz\n'}
[9.258981] (ros2_control_demo_description) StdoutLine: {'line': b'-- Up-to-date symlink: /home/pi/seav2/install/ros2_control_demo_description/share/ros2_control_demo_description/diffbot/rviz/diffbot_view.rviz\n'}
[9.269100] (ros2_control_demo_description) StdoutLine: {'line': b'-- Up-to-date symlink: /home/pi/seav2/install/ros2_control_demo_description/share/ros2_control_demo_description/carlikebot/urdf/carlikebot.materials.xacro\n'}
[9.280597] (-) TimerEvent: {}
[9.283189] (ros2_control_demo_description) StdoutLine: {'line': b'-- Up-to-date symlink: /home/pi/seav2/install/ros2_control_demo_description/share/ros2_control_demo_description/carlikebot/urdf/carlikebot_description.urdf.xacro\n'}
[9.286712] (ros2_control_demo_description) StdoutLine: {'line': b'-- Up-to-date symlink: /home/pi/seav2/install/ros2_control_demo_description/share/ros2_control_demo_description/carlikebot/rviz/carlikebot.rviz\n'}
[9.289008] (ros2_control_demo_description) StdoutLine: {'line': b'-- Up-to-date symlink: /home/pi/seav2/install/ros2_control_demo_description/share/ros2_control_demo_description/carlikebot/rviz/carlikebot_view.rviz\n'}
[9.294234] (ros2_control_demo_description) StdoutLine: {'line': b'-- Up-to-date symlink: /home/pi/seav2/install/ros2_control_demo_description/share/ros2_control_demo_description/r3bot/urdf/threedofbot_description.urdf.xacro\n'}
[9.296527] (ros2_control_demo_description) StdoutLine: {'line': b'-- Up-to-date symlink: /home/pi/seav2/install/ros2_control_demo_description/share/ros2_control_demo_description/r6bot/meshes/collision/link_0.stl\n'}
[9.298662] (ros2_control_demo_description) StdoutLine: {'line': b'-- Up-to-date symlink: /home/pi/seav2/install/ros2_control_demo_description/share/ros2_control_demo_description/r6bot/meshes/collision/link_1.stl\n'}
[9.301748] (ros2_control_demo_description) StdoutLine: {'line': b'-- Up-to-date symlink: /home/pi/seav2/install/ros2_control_demo_description/share/ros2_control_demo_description/r6bot/meshes/collision/link_2.stl\n'}
[9.302821] (ros2_control_demo_description) StdoutLine: {'line': b'-- Up-to-date symlink: /home/pi/seav2/install/ros2_control_demo_description/share/ros2_control_demo_description/r6bot/meshes/collision/link_3.stl\n'}
[9.303778] (ros2_control_demo_description) StdoutLine: {'line': b'-- Up-to-date symlink: /home/pi/seav2/install/ros2_control_demo_description/share/ros2_control_demo_description/r6bot/meshes/collision/link_4.stl\n'}
[9.304678] (ros2_control_demo_description) StdoutLine: {'line': b'-- Up-to-date symlink: /home/pi/seav2/install/ros2_control_demo_description/share/ros2_control_demo_description/r6bot/meshes/collision/link_5.stl\n'}
[9.305677] (ros2_control_demo_description) StdoutLine: {'line': b'-- Up-to-date symlink: /home/pi/seav2/install/ros2_control_demo_description/share/ros2_control_demo_description/r6bot/meshes/collision/link_6.stl\n'}
[9.306638] (ros2_control_demo_description) StdoutLine: {'line': b'-- Up-to-date symlink: /home/pi/seav2/install/ros2_control_demo_description/share/ros2_control_demo_description/r6bot/meshes/visual/link_0.dae\n'}
[9.307526] (ros2_control_demo_description) StdoutLine: {'line': b'-- Up-to-date symlink: /home/pi/seav2/install/ros2_control_demo_description/share/ros2_control_demo_description/r6bot/meshes/visual/link_1.dae\n'}
[9.308416] (ros2_control_demo_description) StdoutLine: {'line': b'-- Up-to-date symlink: /home/pi/seav2/install/ros2_control_demo_description/share/ros2_control_demo_description/r6bot/meshes/visual/link_2.dae\n'}
[9.309341] (ros2_control_demo_description) StdoutLine: {'line': b'-- Up-to-date symlink: /home/pi/seav2/install/ros2_control_demo_description/share/ros2_control_demo_description/r6bot/meshes/visual/link_3.dae\n'}
[9.312468] (ros2_control_demo_description) StdoutLine: {'line': b'-- Up-to-date symlink: /home/pi/seav2/install/ros2_control_demo_description/share/ros2_control_demo_description/r6bot/meshes/visual/link_4.dae\n'}
[9.314147] (ros2_control_demo_description) StdoutLine: {'line': b'-- Up-to-date symlink: /home/pi/seav2/install/ros2_control_demo_description/share/ros2_control_demo_description/r6bot/meshes/visual/link_5.dae\n'}
[9.315525] (ros2_control_demo_description) StdoutLine: {'line': b'-- Up-to-date symlink: /home/pi/seav2/install/ros2_control_demo_description/share/ros2_control_demo_description/r6bot/meshes/visual/link_6.dae\n'}
[9.319774] (ros2_control_demo_description) StdoutLine: {'line': b'-- Up-to-date symlink: /home/pi/seav2/install/ros2_control_demo_description/share/ros2_control_demo_description/r6bot/srdf/r6bot.srdf\n'}
[9.322076] (serial) CommandEnded: {'returncode': 0}
[9.334804] (ros2_control_demo_description) StdoutLine: {'line': b'-- Up-to-date symlink: /home/pi/seav2/install/ros2_control_demo_description/share/ros2_control_demo_description/r6bot/urdf/inc/create_link.xacro\n'}
[9.336292] (ros2_control_demo_description) StdoutLine: {'line': b'-- Up-to-date symlink: /home/pi/seav2/install/ros2_control_demo_description/share/ros2_control_demo_description/r6bot/urdf/r6bot_description.urdf.xacro\n'}
[9.337633] (ros2_control_demo_description) StdoutLine: {'line': b'-- Up-to-date symlink: /home/pi/seav2/install/ros2_control_demo_description/share/ros2_control_demo_description/r6bot/rviz/view_robot.rviz\n'}
[9.338815] (ros2_control_demo_description) StdoutLine: {'line': b'-- Up-to-date symlink: /home/pi/seav2/install/ros2_control_demo_description/share/ament_index/resource_index/package_run_dependencies/ros2_control_demo_description\n'}
[9.340004] (ros2_control_demo_description) StdoutLine: {'line': b'-- Up-to-date symlink: /home/pi/seav2/install/ros2_control_demo_description/share/ament_index/resource_index/parent_prefix_path/ros2_control_demo_description\n'}
[9.341584] (ros2_control_demo_description) StdoutLine: {'line': b'-- Up-to-date symlink: /home/pi/seav2/install/ros2_control_demo_description/share/ros2_control_demo_description/environment/ament_prefix_path.sh\n'}
[9.342970] (ros2_control_demo_description) StdoutLine: {'line': b'-- Up-to-date symlink: /home/pi/seav2/install/ros2_control_demo_description/share/ros2_control_demo_description/environment/ament_prefix_path.dsv\n'}
[9.344408] (ros2_control_demo_description) StdoutLine: {'line': b'-- Up-to-date symlink: /home/pi/seav2/install/ros2_control_demo_description/share/ros2_control_demo_description/environment/path.sh\n'}
[9.345715] (ros2_control_demo_description) StdoutLine: {'line': b'-- Up-to-date symlink: /home/pi/seav2/install/ros2_control_demo_description/share/ros2_control_demo_description/environment/path.dsv\n'}
[9.346878] (ros2_control_demo_description) StdoutLine: {'line': b'-- Up-to-date symlink: /home/pi/seav2/install/ros2_control_demo_description/share/ros2_control_demo_description/local_setup.bash\n'}
[9.347977] (ros2_control_demo_description) StdoutLine: {'line': b'-- Up-to-date symlink: /home/pi/seav2/install/ros2_control_demo_description/share/ros2_control_demo_description/local_setup.sh\n'}
[9.349073] (ros2_control_demo_description) StdoutLine: {'line': b'-- Up-to-date symlink: /home/pi/seav2/install/ros2_control_demo_description/share/ros2_control_demo_description/local_setup.zsh\n'}
[9.351789] (ros2_control_demo_description) StdoutLine: {'line': b'-- Up-to-date symlink: /home/pi/seav2/install/ros2_control_demo_description/share/ros2_control_demo_description/local_setup.dsv\n'}
[9.352951] (ros2_control_demo_description) StdoutLine: {'line': b'-- Symlinking: /home/pi/seav2/install/ros2_control_demo_description/share/ros2_control_demo_description/package.dsv\n'}
[9.354183] (ros2_control_demo_description) StdoutLine: {'line': b'-- Up-to-date symlink: /home/pi/seav2/install/ros2_control_demo_description/share/ament_index/resource_index/packages/ros2_control_demo_description\n'}
[9.355321] (ros2_control_demo_description) StdoutLine: {'line': b'-- Up-to-date symlink: /home/pi/seav2/install/ros2_control_demo_description/share/ros2_control_demo_description/cmake/ros2_control_demo_descriptionConfig.cmake\n'}
[9.356543] (ros2_control_demo_description) StdoutLine: {'line': b'-- Up-to-date symlink: /home/pi/seav2/install/ros2_control_demo_description/share/ros2_control_demo_description/cmake/ros2_control_demo_descriptionConfig-version.cmake\n'}
[9.358196] (ros2_control_demo_description) StdoutLine: {'line': b'-- Up-to-date symlink: /home/pi/seav2/install/ros2_control_demo_description/share/ros2_control_demo_description/package.xml\n'}
[9.359363] (serial) JobProgress: {'identifier': 'serial', 'progress': 'install'}
[9.359667] (serial) Command: {'cmd': ['/usr/bin/cmake', '--install', '/home/pi/seav2/build/serial'], 'cwd': '/home/pi/seav2/build/serial', 'env': OrderedDict([('LESSOPEN', '| /usr/bin/lesspipe %s'), ('USER', 'pi'), ('SSH_CLIENT', '192.168.0.105 55666 22'), ('LC_TIME', 'en_US.UTF-8'), ('XDG_SESSION_TYPE', 'tty'), ('SHLVL', '1'), ('LD_LIBRARY_PATH', '/home/pi/seav2/install/carlikebot_ros2_control/lib:/home/pi/seav2/install/serial/lib:/opt/ros/humble/opt/rviz_ogre_vendor/lib:/opt/ros/humble/lib/aarch64-linux-gnu:/opt/ros/humble/lib'), ('MOTD_SHOWN', 'pam'), ('HOME', '/home/pi'), ('OLDPWD', '/home/pi/seav2'), ('SSH_TTY', '/dev/pts/0'), ('ROS_PYTHON_VERSION', '3'), ('LC_MONETARY', 'en_US.UTF-8'), ('ROS_IP', '192.168.137.192'), ('DBUS_SESSION_BUS_ADDRESS', 'unix:path=/run/user/1000/bus'), ('QT_QPA_PLATFORM_PLUGIN_PATH', '/home/your_username/.local/lib/python3.10/site-packages/cv2/qt/plugins'), ('COLCON_PREFIX_PATH', '/home/pi/seav2/install:/home/pi/ss25/install:/home/pi/ss25/src/description/description/install:/home/pi/ss25/src/summary/install:/home/pi/ss25/src/install:/home/pi/demo_testing_9_april/seav/install:/home/pi/install'), ('ROS_DISTRO', 'humble'), ('LOGNAME', 'pi'), ('_', '/usr/bin/colcon'), ('ROS_VERSION', '2'), ('XDG_SESSION_CLASS', 'user'), ('TERM', 'xterm-256color'), ('XDG_SESSION_ID', '1'), ('ROS_LOCALHOST_ONLY', '0'), ('PATH', '/home/pi/.local/bin:/home/pi/.local/bin:/opt/ros/humble/bin:/usr/local/sbin:/usr/local/bin:/usr/sbin:/usr/bin:/sbin:/bin:/usr/games:/usr/local/games:/snap/bin'), ('LC_ADDRESS', 'en_US.UTF-8'), ('XDG_RUNTIME_DIR', '/run/user/1000'), ('DISPLAY', 'localhost:10.0'), ('LANG', 'en_US.UTF-8'), ('LC_TELEPHONE', 'en_US.UTF-8'), ('LS_COLORS', 'rs=0:di=01;34:ln=01;36:mh=00:pi=40;33:so=01;35:do=01;35:bd=40;33;01:cd=40;33;01:or=40;31;01:mi=00:su=37;41:sg=30;43:ca=30;41:tw=30;42:ow=34;42:st=37;44:ex=01;32:*.tar=01;31:*.tgz=01;31:*.arc=01;31:*.arj=01;31:*.taz=01;31:*.lha=01;31:*.lz4=01;31:*.lzh=01;31:*.lzma=01;31:*.tlz=01;31:*.txz=01;31:*.tzo=01;31:*.t7z=01;31:*.zip=01;31:*.z=01;31:*.dz=01;31:*.gz=01;31:*.lrz=01;31:*.lz=01;31:*.lzo=01;31:*.xz=01;31:*.zst=01;31:*.tzst=01;31:*.bz2=01;31:*.bz=01;31:*.tbz=01;31:*.tbz2=01;31:*.tz=01;31:*.deb=01;31:*.rpm=01;31:*.jar=01;31:*.war=01;31:*.ear=01;31:*.sar=01;31:*.rar=01;31:*.alz=01;31:*.ace=01;31:*.zoo=01;31:*.cpio=01;31:*.7z=01;31:*.rz=01;31:*.cab=01;31:*.wim=01;31:*.swm=01;31:*.dwm=01;31:*.esd=01;31:*.jpg=01;35:*.jpeg=01;35:*.mjpg=01;35:*.mjpeg=01;35:*.gif=01;35:*.bmp=01;35:*.pbm=01;35:*.pgm=01;35:*.ppm=01;35:*.tga=01;35:*.xbm=01;35:*.xpm=01;35:*.tif=01;35:*.tiff=01;35:*.png=01;35:*.svg=01;35:*.svgz=01;35:*.mng=01;35:*.pcx=01;35:*.mov=01;35:*.mpg=01;35:*.mpeg=01;35:*.m2v=01;35:*.mkv=01;35:*.webm=01;35:*.webp=01;35:*.ogm=01;35:*.mp4=01;35:*.m4v=01;35:*.mp4v=01;35:*.vob=01;35:*.qt=01;35:*.nuv=01;35:*.wmv=01;35:*.asf=01;35:*.rm=01;35:*.rmvb=01;35:*.flc=01;35:*.avi=01;35:*.fli=01;35:*.flv=01;35:*.gl=01;35:*.dl=01;35:*.xcf=01;35:*.xwd=01;35:*.yuv=01;35:*.cgm=01;35:*.emf=01;35:*.ogv=01;35:*.ogx=01;35:*.aac=00;36:*.au=00;36:*.flac=00;36:*.m4a=00;36:*.mid=00;36:*.midi=00;36:*.mka=00;36:*.mp3=00;36:*.mpc=00;36:*.ogg=00;36:*.ra=00;36:*.wav=00;36:*.oga=00;36:*.opus=00;36:*.spx=00;36:*.xspf=00;36:'), ('ROS_DOMAIN_ID', '0'), ('AMENT_PREFIX_PATH', '/home/pi/seav2/install/carlikebot_ros2_control:/home/pi/seav2/install/serial:/home/pi/seav2/install/seav2_imu:/home/pi/seav2/install/seav2:/home/pi/seav2/install/ros2_control_demo_description:/home/pi/seav2/install/robot_cam_ros:/home/pi/seav2/install/ball_tracker:/home/pi/ss25/install/wheel_odometry:/home/pi/ss25/install/vup_2k7:/home/pi/ss25/install/summary:/home/pi/ss25/install/sllidar_ros2:/home/pi/ss25/install/safety_control:/home/pi/ss25/install/project:/home/pi/ss25/install/my_slam:/home/pi/ss25/install/my_motor_driver:/home/pi/ss25/install/final:/home/pi/ss25/install/description:/home/pi/ss25/install/bringup_pkg:/home/pi/ss25/src/summary/install/summary:/home/pi/ss25/src/install/wheel_odometry:/home/pi/ss25/src/install/summary:/home/pi/ss25/src/install/sllidar_ros2:/home/pi/ss25/src/install/safety_control:/home/pi/ss25/src/install/project:/home/pi/ss25/src/install/my_motor_driver:/home/pi/ss25/src/install/description:/home/pi/ss25/src/install/bringup_pkg:/home/pi/install/summary:/home/pi/demo_testing_9_april/seav/install/yolov8_ros:/home/pi/demo_testing_9_april/seav/install/static_tf_publisher:/home/pi/demo_testing_9_april/seav/install/seav_test_sensors:/home/pi/demo_testing_9_april/seav/install/seav_simulation:/home/pi/demo_testing_9_april/seav/install/seav_description:/home/pi/demo_testing_9_april/seav/install/rplidar_ros:/home/pi/demo_testing_9_april/seav/install/my_robot_controller:/home/pi/demo_testing_9_april/seav/install/my_nav2_pkg:/opt/ros/humble'), ('SHELL', '/bin/bash'), ('LC_NAME', 'en_US.UTF-8'), ('LESSCLOSE', '/usr/bin/lesspipe %s %s'), ('LC_MEASUREMENT', 'en_US.UTF-8'), ('LC_IDENTIFICATION', 'en_US.UTF-8'), ('PWD', '/home/pi/seav2/build/serial'), ('LC_ALL', 'en_US.UTF-8'), ('SSH_CONNECTION', '192.168.0.105 55666 192.168.0.210 22'), ('XDG_DATA_DIRS', '/usr/local/share:/usr/share:/var/lib/snapd/desktop'), ('PYTHONPATH', '/home/pi/seav2/build/seav2_imu:/home/pi/seav2/install/seav2_imu/lib/python3.10/site-packages:/home/pi/seav2/build/robot_cam_ros:/home/pi/seav2/install/robot_cam_ros/lib/python3.10/site-packages:/home/pi/seav2/build/ball_tracker:/home/pi/seav2/install/ball_tracker/lib/python3.10/site-packages:/home/pi/ss25/install/wheel_odometry/lib/python3.10/site-packages:/home/pi/ss25/install/vup_2k7/lib/python3.10/site-packages:/home/pi/ss25/install/summary/lib/python3.10/site-packages:/home/pi/ss25/install/safety_control/lib/python3.10/site-packages:/home/pi/ss25/install/project/lib/python3.10/site-packages:/home/pi/ss25/install/my_slam/lib/python3.10/site-packages:/home/pi/ss25/install/my_motor_driver/lib/python3.10/site-packages:/home/pi/ss25/install/final/lib/python3.10/site-packages:/home/pi/ss25/install/description/lib/python3.10/site-packages:/home/pi/ss25/install/bringup_pkg/lib/python3.10/site-packages:/home/pi/ss25/src/summary/install/summary/lib/python3.10/site-packages:/home/pi/ss25/src/install/wheel_odometry/lib/python3.10/site-packages:/home/pi/ss25/src/install/summary/lib/python3.10/site-packages:/home/pi/ss25/src/install/safety_control/lib/python3.10/site-packages:/home/pi/ss25/src/install/project/lib/python3.10/site-packages:/home/pi/ss25/src/install/my_motor_driver/lib/python3.10/site-packages:/home/pi/ss25/src/install/description/lib/python3.10/site-packages:/home/pi/ss25/src/install/bringup_pkg/lib/python3.10/site-packages:/home/pi/install/summary/lib/python3.10/site-packages:/home/pi/demo_testing_9_april/seav/install/yolov8_ros/lib/python3.10/site-packages:/home/pi/demo_testing_9_april/seav/install/static_tf_publisher/lib/python3.10/site-packages:/home/pi/demo_testing_9_april/seav/install/seav_test_sensors/lib/python3.10/site-packages:/home/pi/demo_testing_9_april/seav/install/my_robot_controller/lib/python3.10/site-packages:/opt/ros/humble/lib/python3.10/site-packages:/opt/ros/humble/local/lib/python3.10/dist-packages'), ('ROS_HOSTNAME', '192.168.137.192'), ('LC_NUMERIC', 'en_US.UTF-8'), ('LC_PAPER', 'en_US.UTF-8'), ('COLCON', '1'), ('CMAKE_PREFIX_PATH', '/home/pi/seav2/install/carlikebot_ros2_control:/home/pi/seav2/install/serial:/home/pi/seav2/install/seav2:/home/pi/seav2/install/ros2_control_demo_description:/home/pi/ss25/install/sllidar_ros2:/home/pi/ss25/src/install/sllidar_ros2:/home/pi/demo_testing_9_april/seav/install/seav_simulation:/home/pi/demo_testing_9_april/seav/install/seav_description:/home/pi/demo_testing_9_april/seav/install/rplidar_ros:/home/pi/demo_testing_9_april/seav/install/my_nav2_pkg:/home/pi/seav2/install/seav2_imu:/home/pi/seav2/install/robot_cam_ros:/home/pi/seav2/install/ball_tracker:/home/pi/ss25/install/wheel_odometry:/home/pi/ss25/install/vup_2k7:/home/pi/ss25/install/summary:/home/pi/ss25/install/safety_control:/home/pi/ss25/install/project:/home/pi/ss25/install/my_slam:/home/pi/ss25/install/my_motor_driver:/home/pi/ss25/install/final:/home/pi/ss25/install/description:/home/pi/ss25/install/bringup_pkg:/home/pi/ss25/src/summary/install/summary:/home/pi/ss25/src/install/wheel_odometry:/home/pi/ss25/src/install/summary:/home/pi/ss25/src/install/safety_control:/home/pi/ss25/src/install/project:/home/pi/ss25/src/install/my_motor_driver:/home/pi/ss25/src/install/description:/home/pi/ss25/src/install/bringup_pkg:/home/pi/install/summary:/home/pi/demo_testing_9_april/seav/install/yolov8_ros:/home/pi/demo_testing_9_april/seav/install/static_tf_publisher:/home/pi/demo_testing_9_april/seav/install/seav_test_sensors:/home/pi/demo_testing_9_april/seav/install/my_robot_controller:/opt/ros/humble')]), 'shell': False}
[9.366817] (serial) StdoutLine: {'line': b'-- Install configuration: ""\n'}
[9.374873] (serial) StdoutLine: {'line': b'-- Execute custom install script\n'}
[9.375945] (serial) StdoutLine: {'line': b'-- Up-to-date symlink: /home/pi/seav2/install/serial/lib/libserial.a\n'}
[9.376898] (ros2_control_demo_description) CommandEnded: {'returncode': 0}
[9.390264] (-) TimerEvent: {}
[9.394064] (serial) StdoutLine: {'line': b'-- Up-to-date symlink: /home/pi/seav2/install/serial/include/serial/serial.h\n'}
[9.400138] (serial) StdoutLine: {'line': b'-- Up-to-date symlink: /home/pi/seav2/install/serial/include/serial/v8stdint.h\n'}
[9.407894] (serial) StdoutLine: {'line': b'-- Up-to-date symlink: /home/pi/seav2/install/serial/share/serial/environment/library_path.sh\n'}
[9.413043] (serial) StdoutLine: {'line': b'-- Up-to-date symlink: /home/pi/seav2/install/serial/share/serial/environment/library_path.dsv\n'}
[9.415442] (serial) StdoutLine: {'line': b'-- Up-to-date symlink: /home/pi/seav2/install/serial/share/ament_index/resource_index/package_run_dependencies/serial\n'}
[9.418554] (serial) StdoutLine: {'line': b'-- Up-to-date symlink: /home/pi/seav2/install/serial/share/ament_index/resource_index/parent_prefix_path/serial\n'}
[9.419762] (serial) StdoutLine: {'line': b'-- Up-to-date symlink: /home/pi/seav2/install/serial/share/serial/environment/ament_prefix_path.sh\n'}
[9.422555] (serial) StdoutLine: {'line': b'-- Up-to-date symlink: /home/pi/seav2/install/serial/share/serial/environment/ament_prefix_path.dsv\n'}
[9.424263] (serial) StdoutLine: {'line': b'-- Up-to-date symlink: /home/pi/seav2/install/serial/share/serial/environment/path.sh\n'}
[9.426168] (serial) StdoutLine: {'line': b'-- Up-to-date symlink: /home/pi/seav2/install/serial/share/serial/environment/path.dsv\n'}
[9.428023] (serial) StdoutLine: {'line': b'-- Up-to-date symlink: /home/pi/seav2/install/serial/share/serial/local_setup.bash\n'}
[9.429979] (serial) StdoutLine: {'line': b'-- Up-to-date symlink: /home/pi/seav2/install/serial/share/serial/local_setup.sh\n'}
[9.431707] (serial) StdoutLine: {'line': b'-- Up-to-date symlink: /home/pi/seav2/install/serial/share/serial/local_setup.zsh\n'}
[9.433575] (serial) StdoutLine: {'line': b'-- Up-to-date symlink: /home/pi/seav2/install/serial/share/serial/local_setup.dsv\n'}
[9.435595] (serial) StdoutLine: {'line': b'-- Symlinking: /home/pi/seav2/install/serial/share/serial/package.dsv\n'}
[9.490802] (-) TimerEvent: {}
[9.555965] (serial) StdoutLine: {'line': b'-- Up-to-date symlink: /home/pi/seav2/install/serial/share/ament_index/resource_index/packages/serial\n'}
[9.564460] (serial) StdoutLine: {'line': b'-- Up-to-date symlink: /home/pi/seav2/install/serial/share/serial/cmake/ament_cmake_export_include_directories-extras.cmake\n'}
[9.585954] (serial) StdoutLine: {'line': b'-- Up-to-date symlink: /home/pi/seav2/install/serial/share/serial/cmake/ament_cmake_export_libraries-extras.cmake\n'}
[9.588217] (serial) StdoutLine: {'line': b'-- Up-to-date symlink: /home/pi/seav2/install/serial/share/serial/cmake/serialConfig.cmake\n'}
[9.597602] (-) TimerEvent: {}
[9.602301] (serial) StdoutLine: {'line': b'-- Up-to-date symlink: /home/pi/seav2/install/serial/share/serial/cmake/serialConfig-version.cmake\n'}
[9.612127] (serial) StdoutLine: {'line': b'-- Up-to-date symlink: /home/pi/seav2/install/serial/share/serial/package.xml\n'}
[9.698801] (-) TimerEvent: {}
[9.703377] (ros2_control_demo_description) JobEnded: {'identifier': 'ros2_control_demo_description', 'rc': 0}
[9.716532] (seav2) JobStarted: {'identifier': 'seav2'}
[9.799151] (-) TimerEvent: {}
[9.904337] (-) TimerEvent: {}
[9.930481] (serial) CommandEnded: {'returncode': 0}
[10.006019] (-) TimerEvent: {}
[10.095529] (serial) JobEnded: {'identifier': 'serial', 'rc': 0}
[10.107914] (-) TimerEvent: {}
[10.109100] (seav2_imu) JobStarted: {'identifier': 'seav2_imu'}
[10.208361] (-) TimerEvent: {}
[10.304427] (seav2) JobProgress: {'identifier': 'seav2', 'progress': 'cmake'}
[10.311979] (-) TimerEvent: {}
[10.322560] (seav2) JobProgress: {'identifier': 'seav2', 'progress': 'build'}
[10.325024] (seav2) Command: {'cmd': ['/usr/bin/cmake', '--build', '/home/pi/seav2/build/seav2', '--', '-j4', '-l4'], 'cwd': '/home/pi/seav2/build/seav2', 'env': OrderedDict([('LESSOPEN', '| /usr/bin/lesspipe %s'), ('USER', 'pi'), ('SSH_CLIENT', '192.168.0.105 55666 22'), ('LC_TIME', 'en_US.UTF-8'), ('XDG_SESSION_TYPE', 'tty'), ('SHLVL', '1'), ('LD_LIBRARY_PATH', '/home/pi/seav2/install/carlikebot_ros2_control/lib:/home/pi/seav2/install/serial/lib:/opt/ros/humble/opt/rviz_ogre_vendor/lib:/opt/ros/humble/lib/aarch64-linux-gnu:/opt/ros/humble/lib'), ('MOTD_SHOWN', 'pam'), ('HOME', '/home/pi'), ('OLDPWD', '/home/pi/seav2'), ('SSH_TTY', '/dev/pts/0'), ('ROS_PYTHON_VERSION', '3'), ('LC_MONETARY', 'en_US.UTF-8'), ('ROS_IP', '192.168.137.192'), ('DBUS_SESSION_BUS_ADDRESS', 'unix:path=/run/user/1000/bus'), ('QT_QPA_PLATFORM_PLUGIN_PATH', '/home/your_username/.local/lib/python3.10/site-packages/cv2/qt/plugins'), ('COLCON_PREFIX_PATH', '/home/pi/seav2/install:/home/pi/ss25/install:/home/pi/ss25/src/description/description/install:/home/pi/ss25/src/summary/install:/home/pi/ss25/src/install:/home/pi/demo_testing_9_april/seav/install:/home/pi/install'), ('ROS_DISTRO', 'humble'), ('LOGNAME', 'pi'), ('_', '/usr/bin/colcon'), ('ROS_VERSION', '2'), ('XDG_SESSION_CLASS', 'user'), ('TERM', 'xterm-256color'), ('XDG_SESSION_ID', '1'), ('ROS_LOCALHOST_ONLY', '0'), ('PATH', '/home/pi/.local/bin:/home/pi/.local/bin:/opt/ros/humble/bin:/usr/local/sbin:/usr/local/bin:/usr/sbin:/usr/bin:/sbin:/bin:/usr/games:/usr/local/games:/snap/bin'), ('LC_ADDRESS', 'en_US.UTF-8'), ('XDG_RUNTIME_DIR', '/run/user/1000'), ('DISPLAY', 'localhost:10.0'), ('LANG', 'en_US.UTF-8'), ('LC_TELEPHONE', 'en_US.UTF-8'), ('LS_COLORS', 'rs=0:di=01;34:ln=01;36:mh=00:pi=40;33:so=01;35:do=01;35:bd=40;33;01:cd=40;33;01:or=40;31;01:mi=00:su=37;41:sg=30;43:ca=30;41:tw=30;42:ow=34;42:st=37;44:ex=01;32:*.tar=01;31:*.tgz=01;31:*.arc=01;31:*.arj=01;31:*.taz=01;31:*.lha=01;31:*.lz4=01;31:*.lzh=01;31:*.lzma=01;31:*.tlz=01;31:*.txz=01;31:*.tzo=01;31:*.t7z=01;31:*.zip=01;31:*.z=01;31:*.dz=01;31:*.gz=01;31:*.lrz=01;31:*.lz=01;31:*.lzo=01;31:*.xz=01;31:*.zst=01;31:*.tzst=01;31:*.bz2=01;31:*.bz=01;31:*.tbz=01;31:*.tbz2=01;31:*.tz=01;31:*.deb=01;31:*.rpm=01;31:*.jar=01;31:*.war=01;31:*.ear=01;31:*.sar=01;31:*.rar=01;31:*.alz=01;31:*.ace=01;31:*.zoo=01;31:*.cpio=01;31:*.7z=01;31:*.rz=01;31:*.cab=01;31:*.wim=01;31:*.swm=01;31:*.dwm=01;31:*.esd=01;31:*.jpg=01;35:*.jpeg=01;35:*.mjpg=01;35:*.mjpeg=01;35:*.gif=01;35:*.bmp=01;35:*.pbm=01;35:*.pgm=01;35:*.ppm=01;35:*.tga=01;35:*.xbm=01;35:*.xpm=01;35:*.tif=01;35:*.tiff=01;35:*.png=01;35:*.svg=01;35:*.svgz=01;35:*.mng=01;35:*.pcx=01;35:*.mov=01;35:*.mpg=01;35:*.mpeg=01;35:*.m2v=01;35:*.mkv=01;35:*.webm=01;35:*.webp=01;35:*.ogm=01;35:*.mp4=01;35:*.m4v=01;35:*.mp4v=01;35:*.vob=01;35:*.qt=01;35:*.nuv=01;35:*.wmv=01;35:*.asf=01;35:*.rm=01;35:*.rmvb=01;35:*.flc=01;35:*.avi=01;35:*.fli=01;35:*.flv=01;35:*.gl=01;35:*.dl=01;35:*.xcf=01;35:*.xwd=01;35:*.yuv=01;35:*.cgm=01;35:*.emf=01;35:*.ogv=01;35:*.ogx=01;35:*.aac=00;36:*.au=00;36:*.flac=00;36:*.m4a=00;36:*.mid=00;36:*.midi=00;36:*.mka=00;36:*.mp3=00;36:*.mpc=00;36:*.ogg=00;36:*.ra=00;36:*.wav=00;36:*.oga=00;36:*.opus=00;36:*.spx=00;36:*.xspf=00;36:'), ('ROS_DOMAIN_ID', '0'), ('AMENT_PREFIX_PATH', '/home/pi/seav2/install/carlikebot_ros2_control:/home/pi/seav2/install/serial:/home/pi/seav2/install/seav2_imu:/home/pi/seav2/install/seav2:/home/pi/seav2/install/ros2_control_demo_description:/home/pi/seav2/install/robot_cam_ros:/home/pi/seav2/install/ball_tracker:/home/pi/ss25/install/wheel_odometry:/home/pi/ss25/install/vup_2k7:/home/pi/ss25/install/summary:/home/pi/ss25/install/sllidar_ros2:/home/pi/ss25/install/safety_control:/home/pi/ss25/install/project:/home/pi/ss25/install/my_slam:/home/pi/ss25/install/my_motor_driver:/home/pi/ss25/install/final:/home/pi/ss25/install/description:/home/pi/ss25/install/bringup_pkg:/home/pi/ss25/src/summary/install/summary:/home/pi/ss25/src/install/wheel_odometry:/home/pi/ss25/src/install/summary:/home/pi/ss25/src/install/sllidar_ros2:/home/pi/ss25/src/install/safety_control:/home/pi/ss25/src/install/project:/home/pi/ss25/src/install/my_motor_driver:/home/pi/ss25/src/install/description:/home/pi/ss25/src/install/bringup_pkg:/home/pi/install/summary:/home/pi/demo_testing_9_april/seav/install/yolov8_ros:/home/pi/demo_testing_9_april/seav/install/static_tf_publisher:/home/pi/demo_testing_9_april/seav/install/seav_test_sensors:/home/pi/demo_testing_9_april/seav/install/seav_simulation:/home/pi/demo_testing_9_april/seav/install/seav_description:/home/pi/demo_testing_9_april/seav/install/rplidar_ros:/home/pi/demo_testing_9_april/seav/install/my_robot_controller:/home/pi/demo_testing_9_april/seav/install/my_nav2_pkg:/opt/ros/humble'), ('SHELL', '/bin/bash'), ('LC_NAME', 'en_US.UTF-8'), ('LESSCLOSE', '/usr/bin/lesspipe %s %s'), ('LC_MEASUREMENT', 'en_US.UTF-8'), ('LC_IDENTIFICATION', 'en_US.UTF-8'), ('PWD', '/home/pi/seav2/build/seav2'), ('LC_ALL', 'en_US.UTF-8'), ('SSH_CONNECTION', '192.168.0.105 55666 192.168.0.210 22'), ('XDG_DATA_DIRS', '/usr/local/share:/usr/share:/var/lib/snapd/desktop'), ('PYTHONPATH', '/home/pi/seav2/build/seav2_imu:/home/pi/seav2/install/seav2_imu/lib/python3.10/site-packages:/home/pi/seav2/build/robot_cam_ros:/home/pi/seav2/install/robot_cam_ros/lib/python3.10/site-packages:/home/pi/seav2/build/ball_tracker:/home/pi/seav2/install/ball_tracker/lib/python3.10/site-packages:/home/pi/ss25/install/wheel_odometry/lib/python3.10/site-packages:/home/pi/ss25/install/vup_2k7/lib/python3.10/site-packages:/home/pi/ss25/install/summary/lib/python3.10/site-packages:/home/pi/ss25/install/safety_control/lib/python3.10/site-packages:/home/pi/ss25/install/project/lib/python3.10/site-packages:/home/pi/ss25/install/my_slam/lib/python3.10/site-packages:/home/pi/ss25/install/my_motor_driver/lib/python3.10/site-packages:/home/pi/ss25/install/final/lib/python3.10/site-packages:/home/pi/ss25/install/description/lib/python3.10/site-packages:/home/pi/ss25/install/bringup_pkg/lib/python3.10/site-packages:/home/pi/ss25/src/summary/install/summary/lib/python3.10/site-packages:/home/pi/ss25/src/install/wheel_odometry/lib/python3.10/site-packages:/home/pi/ss25/src/install/summary/lib/python3.10/site-packages:/home/pi/ss25/src/install/safety_control/lib/python3.10/site-packages:/home/pi/ss25/src/install/project/lib/python3.10/site-packages:/home/pi/ss25/src/install/my_motor_driver/lib/python3.10/site-packages:/home/pi/ss25/src/install/description/lib/python3.10/site-packages:/home/pi/ss25/src/install/bringup_pkg/lib/python3.10/site-packages:/home/pi/install/summary/lib/python3.10/site-packages:/home/pi/demo_testing_9_april/seav/install/yolov8_ros/lib/python3.10/site-packages:/home/pi/demo_testing_9_april/seav/install/static_tf_publisher/lib/python3.10/site-packages:/home/pi/demo_testing_9_april/seav/install/seav_test_sensors/lib/python3.10/site-packages:/home/pi/demo_testing_9_april/seav/install/my_robot_controller/lib/python3.10/site-packages:/opt/ros/humble/lib/python3.10/site-packages:/opt/ros/humble/local/lib/python3.10/dist-packages'), ('ROS_HOSTNAME', '192.168.137.192'), ('LC_NUMERIC', 'en_US.UTF-8'), ('LC_PAPER', 'en_US.UTF-8'), ('COLCON', '1'), ('CMAKE_PREFIX_PATH', '/home/pi/seav2/install/carlikebot_ros2_control:/home/pi/seav2/install/serial:/home/pi/seav2/install/seav2:/home/pi/seav2/install/ros2_control_demo_description:/home/pi/ss25/install/sllidar_ros2:/home/pi/ss25/src/install/sllidar_ros2:/home/pi/demo_testing_9_april/seav/install/seav_simulation:/home/pi/demo_testing_9_april/seav/install/seav_description:/home/pi/demo_testing_9_april/seav/install/rplidar_ros:/home/pi/demo_testing_9_april/seav/install/my_nav2_pkg:/home/pi/seav2/install/seav2_imu:/home/pi/seav2/install/robot_cam_ros:/home/pi/seav2/install/ball_tracker:/home/pi/ss25/install/wheel_odometry:/home/pi/ss25/install/vup_2k7:/home/pi/ss25/install/summary:/home/pi/ss25/install/safety_control:/home/pi/ss25/install/project:/home/pi/ss25/install/my_slam:/home/pi/ss25/install/my_motor_driver:/home/pi/ss25/install/final:/home/pi/ss25/install/description:/home/pi/ss25/install/bringup_pkg:/home/pi/ss25/src/summary/install/summary:/home/pi/ss25/src/install/wheel_odometry:/home/pi/ss25/src/install/summary:/home/pi/ss25/src/install/safety_control:/home/pi/ss25/src/install/project:/home/pi/ss25/src/install/my_motor_driver:/home/pi/ss25/src/install/description:/home/pi/ss25/src/install/bringup_pkg:/home/pi/install/summary:/home/pi/demo_testing_9_april/seav/install/yolov8_ros:/home/pi/demo_testing_9_april/seav/install/static_tf_publisher:/home/pi/demo_testing_9_april/seav/install/seav_test_sensors:/home/pi/demo_testing_9_april/seav/install/my_robot_controller:/opt/ros/humble')]), 'shell': False}
[10.412278] (-) TimerEvent: {}
[10.514938] (-) TimerEvent: {}
[10.617533] (-) TimerEvent: {}
[10.719134] (-) TimerEvent: {}
[10.820646] (-) TimerEvent: {}
[10.924448] (-) TimerEvent: {}
[11.028192] (-) TimerEvent: {}
[11.133929] (-) TimerEvent: {}
[11.238375] (-) TimerEvent: {}
[11.342666] (-) TimerEvent: {}
[11.446248] (-) TimerEvent: {}
[11.549985] (-) TimerEvent: {}
[11.653553] (-) TimerEvent: {}
[11.757032] (-) TimerEvent: {}
[11.861590] (-) TimerEvent: {}
[11.965235] (-) TimerEvent: {}
[12.068894] (-) TimerEvent: {}
[12.172557] (-) TimerEvent: {}
[12.276253] (-) TimerEvent: {}
[12.379834] (-) TimerEvent: {}
[12.483270] (-) TimerEvent: {}
[12.586896] (-) TimerEvent: {}
[12.690396] (-) TimerEvent: {}
[12.793874] (-) TimerEvent: {}
[12.897502] (-) TimerEvent: {}
[13.001110] (-) TimerEvent: {}
[13.104857] (-) TimerEvent: {}
[13.208675] (-) TimerEvent: {}
[13.312412] (-) TimerEvent: {}
[13.416122] (-) TimerEvent: {}
[13.519847] (-) TimerEvent: {}
[13.622051] (-) TimerEvent: {}
[13.725896] (-) TimerEvent: {}
[13.829627] (-) TimerEvent: {}
[13.933118] (-) TimerEvent: {}
[14.036978] (-) TimerEvent: {}
[14.140881] (-) TimerEvent: {}
[14.244527] (-) TimerEvent: {}
[14.349693] (-) TimerEvent: {}
[14.453225] (-) TimerEvent: {}
[14.567137] (-) TimerEvent: {}
[14.668942] (-) TimerEvent: {}
[14.771136] (-) TimerEvent: {}
[14.876026] (-) TimerEvent: {}
[14.980012] (-) TimerEvent: {}
[15.081111] (seav2) CommandEnded: {'returncode': 0}
[15.084959] (-) TimerEvent: {}
[15.095171] (seav2) JobProgress: {'identifier': 'seav2', 'progress': 'install'}
[15.099443] (seav2) Command: {'cmd': ['/usr/bin/cmake', '--install', '/home/pi/seav2/build/seav2'], 'cwd': '/home/pi/seav2/build/seav2', 'env': OrderedDict([('LESSOPEN', '| /usr/bin/lesspipe %s'), ('USER', 'pi'), ('SSH_CLIENT', '192.168.0.105 55666 22'), ('LC_TIME', 'en_US.UTF-8'), ('XDG_SESSION_TYPE', 'tty'), ('SHLVL', '1'), ('LD_LIBRARY_PATH', '/home/pi/seav2/install/carlikebot_ros2_control/lib:/home/pi/seav2/install/serial/lib:/opt/ros/humble/opt/rviz_ogre_vendor/lib:/opt/ros/humble/lib/aarch64-linux-gnu:/opt/ros/humble/lib'), ('MOTD_SHOWN', 'pam'), ('HOME', '/home/pi'), ('OLDPWD', '/home/pi/seav2'), ('SSH_TTY', '/dev/pts/0'), ('ROS_PYTHON_VERSION', '3'), ('LC_MONETARY', 'en_US.UTF-8'), ('ROS_IP', '192.168.137.192'), ('DBUS_SESSION_BUS_ADDRESS', 'unix:path=/run/user/1000/bus'), ('QT_QPA_PLATFORM_PLUGIN_PATH', '/home/your_username/.local/lib/python3.10/site-packages/cv2/qt/plugins'), ('COLCON_PREFIX_PATH', '/home/pi/seav2/install:/home/pi/ss25/install:/home/pi/ss25/src/description/description/install:/home/pi/ss25/src/summary/install:/home/pi/ss25/src/install:/home/pi/demo_testing_9_april/seav/install:/home/pi/install'), ('ROS_DISTRO', 'humble'), ('LOGNAME', 'pi'), ('_', '/usr/bin/colcon'), ('ROS_VERSION', '2'), ('XDG_SESSION_CLASS', 'user'), ('TERM', 'xterm-256color'), ('XDG_SESSION_ID', '1'), ('ROS_LOCALHOST_ONLY', '0'), ('PATH', '/home/pi/.local/bin:/home/pi/.local/bin:/opt/ros/humble/bin:/usr/local/sbin:/usr/local/bin:/usr/sbin:/usr/bin:/sbin:/bin:/usr/games:/usr/local/games:/snap/bin'), ('LC_ADDRESS', 'en_US.UTF-8'), ('XDG_RUNTIME_DIR', '/run/user/1000'), ('DISPLAY', 'localhost:10.0'), ('LANG', 'en_US.UTF-8'), ('LC_TELEPHONE', 'en_US.UTF-8'), ('LS_COLORS', 'rs=0:di=01;34:ln=01;36:mh=00:pi=40;33:so=01;35:do=01;35:bd=40;33;01:cd=40;33;01:or=40;31;01:mi=00:su=37;41:sg=30;43:ca=30;41:tw=30;42:ow=34;42:st=37;44:ex=01;32:*.tar=01;31:*.tgz=01;31:*.arc=01;31:*.arj=01;31:*.taz=01;31:*.lha=01;31:*.lz4=01;31:*.lzh=01;31:*.lzma=01;31:*.tlz=01;31:*.txz=01;31:*.tzo=01;31:*.t7z=01;31:*.zip=01;31:*.z=01;31:*.dz=01;31:*.gz=01;31:*.lrz=01;31:*.lz=01;31:*.lzo=01;31:*.xz=01;31:*.zst=01;31:*.tzst=01;31:*.bz2=01;31:*.bz=01;31:*.tbz=01;31:*.tbz2=01;31:*.tz=01;31:*.deb=01;31:*.rpm=01;31:*.jar=01;31:*.war=01;31:*.ear=01;31:*.sar=01;31:*.rar=01;31:*.alz=01;31:*.ace=01;31:*.zoo=01;31:*.cpio=01;31:*.7z=01;31:*.rz=01;31:*.cab=01;31:*.wim=01;31:*.swm=01;31:*.dwm=01;31:*.esd=01;31:*.jpg=01;35:*.jpeg=01;35:*.mjpg=01;35:*.mjpeg=01;35:*.gif=01;35:*.bmp=01;35:*.pbm=01;35:*.pgm=01;35:*.ppm=01;35:*.tga=01;35:*.xbm=01;35:*.xpm=01;35:*.tif=01;35:*.tiff=01;35:*.png=01;35:*.svg=01;35:*.svgz=01;35:*.mng=01;35:*.pcx=01;35:*.mov=01;35:*.mpg=01;35:*.mpeg=01;35:*.m2v=01;35:*.mkv=01;35:*.webm=01;35:*.webp=01;35:*.ogm=01;35:*.mp4=01;35:*.m4v=01;35:*.mp4v=01;35:*.vob=01;35:*.qt=01;35:*.nuv=01;35:*.wmv=01;35:*.asf=01;35:*.rm=01;35:*.rmvb=01;35:*.flc=01;35:*.avi=01;35:*.fli=01;35:*.flv=01;35:*.gl=01;35:*.dl=01;35:*.xcf=01;35:*.xwd=01;35:*.yuv=01;35:*.cgm=01;35:*.emf=01;35:*.ogv=01;35:*.ogx=01;35:*.aac=00;36:*.au=00;36:*.flac=00;36:*.m4a=00;36:*.mid=00;36:*.midi=00;36:*.mka=00;36:*.mp3=00;36:*.mpc=00;36:*.ogg=00;36:*.ra=00;36:*.wav=00;36:*.oga=00;36:*.opus=00;36:*.spx=00;36:*.xspf=00;36:'), ('ROS_DOMAIN_ID', '0'), ('AMENT_PREFIX_PATH', '/home/pi/seav2/install/carlikebot_ros2_control:/home/pi/seav2/install/serial:/home/pi/seav2/install/seav2_imu:/home/pi/seav2/install/seav2:/home/pi/seav2/install/ros2_control_demo_description:/home/pi/seav2/install/robot_cam_ros:/home/pi/seav2/install/ball_tracker:/home/pi/ss25/install/wheel_odometry:/home/pi/ss25/install/vup_2k7:/home/pi/ss25/install/summary:/home/pi/ss25/install/sllidar_ros2:/home/pi/ss25/install/safety_control:/home/pi/ss25/install/project:/home/pi/ss25/install/my_slam:/home/pi/ss25/install/my_motor_driver:/home/pi/ss25/install/final:/home/pi/ss25/install/description:/home/pi/ss25/install/bringup_pkg:/home/pi/ss25/src/summary/install/summary:/home/pi/ss25/src/install/wheel_odometry:/home/pi/ss25/src/install/summary:/home/pi/ss25/src/install/sllidar_ros2:/home/pi/ss25/src/install/safety_control:/home/pi/ss25/src/install/project:/home/pi/ss25/src/install/my_motor_driver:/home/pi/ss25/src/install/description:/home/pi/ss25/src/install/bringup_pkg:/home/pi/install/summary:/home/pi/demo_testing_9_april/seav/install/yolov8_ros:/home/pi/demo_testing_9_april/seav/install/static_tf_publisher:/home/pi/demo_testing_9_april/seav/install/seav_test_sensors:/home/pi/demo_testing_9_april/seav/install/seav_simulation:/home/pi/demo_testing_9_april/seav/install/seav_description:/home/pi/demo_testing_9_april/seav/install/rplidar_ros:/home/pi/demo_testing_9_april/seav/install/my_robot_controller:/home/pi/demo_testing_9_april/seav/install/my_nav2_pkg:/opt/ros/humble'), ('SHELL', '/bin/bash'), ('LC_NAME', 'en_US.UTF-8'), ('LESSCLOSE', '/usr/bin/lesspipe %s %s'), ('LC_MEASUREMENT', 'en_US.UTF-8'), ('LC_IDENTIFICATION', 'en_US.UTF-8'), ('PWD', '/home/pi/seav2/build/seav2'), ('LC_ALL', 'en_US.UTF-8'), ('SSH_CONNECTION', '192.168.0.105 55666 192.168.0.210 22'), ('XDG_DATA_DIRS', '/usr/local/share:/usr/share:/var/lib/snapd/desktop'), ('PYTHONPATH', '/home/pi/seav2/build/seav2_imu:/home/pi/seav2/install/seav2_imu/lib/python3.10/site-packages:/home/pi/seav2/build/robot_cam_ros:/home/pi/seav2/install/robot_cam_ros/lib/python3.10/site-packages:/home/pi/seav2/build/ball_tracker:/home/pi/seav2/install/ball_tracker/lib/python3.10/site-packages:/home/pi/ss25/install/wheel_odometry/lib/python3.10/site-packages:/home/pi/ss25/install/vup_2k7/lib/python3.10/site-packages:/home/pi/ss25/install/summary/lib/python3.10/site-packages:/home/pi/ss25/install/safety_control/lib/python3.10/site-packages:/home/pi/ss25/install/project/lib/python3.10/site-packages:/home/pi/ss25/install/my_slam/lib/python3.10/site-packages:/home/pi/ss25/install/my_motor_driver/lib/python3.10/site-packages:/home/pi/ss25/install/final/lib/python3.10/site-packages:/home/pi/ss25/install/description/lib/python3.10/site-packages:/home/pi/ss25/install/bringup_pkg/lib/python3.10/site-packages:/home/pi/ss25/src/summary/install/summary/lib/python3.10/site-packages:/home/pi/ss25/src/install/wheel_odometry/lib/python3.10/site-packages:/home/pi/ss25/src/install/summary/lib/python3.10/site-packages:/home/pi/ss25/src/install/safety_control/lib/python3.10/site-packages:/home/pi/ss25/src/install/project/lib/python3.10/site-packages:/home/pi/ss25/src/install/my_motor_driver/lib/python3.10/site-packages:/home/pi/ss25/src/install/description/lib/python3.10/site-packages:/home/pi/ss25/src/install/bringup_pkg/lib/python3.10/site-packages:/home/pi/install/summary/lib/python3.10/site-packages:/home/pi/demo_testing_9_april/seav/install/yolov8_ros/lib/python3.10/site-packages:/home/pi/demo_testing_9_april/seav/install/static_tf_publisher/lib/python3.10/site-packages:/home/pi/demo_testing_9_april/seav/install/seav_test_sensors/lib/python3.10/site-packages:/home/pi/demo_testing_9_april/seav/install/my_robot_controller/lib/python3.10/site-packages:/opt/ros/humble/lib/python3.10/site-packages:/opt/ros/humble/local/lib/python3.10/dist-packages'), ('ROS_HOSTNAME', '192.168.137.192'), ('LC_NUMERIC', 'en_US.UTF-8'), ('LC_PAPER', 'en_US.UTF-8'), ('COLCON', '1'), ('CMAKE_PREFIX_PATH', '/home/pi/seav2/install/carlikebot_ros2_control:/home/pi/seav2/install/serial:/home/pi/seav2/install/seav2:/home/pi/seav2/install/ros2_control_demo_description:/home/pi/ss25/install/sllidar_ros2:/home/pi/ss25/src/install/sllidar_ros2:/home/pi/demo_testing_9_april/seav/install/seav_simulation:/home/pi/demo_testing_9_april/seav/install/seav_description:/home/pi/demo_testing_9_april/seav/install/rplidar_ros:/home/pi/demo_testing_9_april/seav/install/my_nav2_pkg:/home/pi/seav2/install/seav2_imu:/home/pi/seav2/install/robot_cam_ros:/home/pi/seav2/install/ball_tracker:/home/pi/ss25/install/wheel_odometry:/home/pi/ss25/install/vup_2k7:/home/pi/ss25/install/summary:/home/pi/ss25/install/safety_control:/home/pi/ss25/install/project:/home/pi/ss25/install/my_slam:/home/pi/ss25/install/my_motor_driver:/home/pi/ss25/install/final:/home/pi/ss25/install/description:/home/pi/ss25/install/bringup_pkg:/home/pi/ss25/src/summary/install/summary:/home/pi/ss25/src/install/wheel_odometry:/home/pi/ss25/src/install/summary:/home/pi/ss25/src/install/safety_control:/home/pi/ss25/src/install/project:/home/pi/ss25/src/install/my_motor_driver:/home/pi/ss25/src/install/description:/home/pi/ss25/src/install/bringup_pkg:/home/pi/install/summary:/home/pi/demo_testing_9_april/seav/install/yolov8_ros:/home/pi/demo_testing_9_april/seav/install/static_tf_publisher:/home/pi/demo_testing_9_april/seav/install/seav_test_sensors:/home/pi/demo_testing_9_april/seav/install/my_robot_controller:/opt/ros/humble')]), 'shell': False}
[15.180376] (ball_tracker) Command: {'cmd': ['/usr/bin/python3', '-W', 'ignore:setup.py install is deprecated', '-W', 'ignore:easy_install command is deprecated', 'setup.py', 'develop', '--editable', '--build-directory', '/home/pi/seav2/build/ball_tracker/build', '--no-deps', 'symlink_data'], 'cwd': '/home/pi/seav2/build/ball_tracker', 'env': {'LESSOPEN': '| /usr/bin/lesspipe %s', 'USER': 'pi', 'SSH_CLIENT': '192.168.0.105 55666 22', 'LC_TIME': 'en_US.UTF-8', 'XDG_SESSION_TYPE': 'tty', 'SHLVL': '1', 'LD_LIBRARY_PATH': '/home/pi/seav2/install/carlikebot_ros2_control/lib:/home/pi/seav2/install/serial/lib:/opt/ros/humble/opt/rviz_ogre_vendor/lib:/opt/ros/humble/lib/aarch64-linux-gnu:/opt/ros/humble/lib', 'MOTD_SHOWN': 'pam', 'HOME': '/home/pi', 'OLDPWD': '/home/pi/seav2', 'SSH_TTY': '/dev/pts/0', 'ROS_PYTHON_VERSION': '3', 'LC_MONETARY': 'en_US.UTF-8', 'ROS_IP': '192.168.137.192', 'DBUS_SESSION_BUS_ADDRESS': 'unix:path=/run/user/1000/bus', 'QT_QPA_PLATFORM_PLUGIN_PATH': '/home/your_username/.local/lib/python3.10/site-packages/cv2/qt/plugins', 'COLCON_PREFIX_PATH': '/home/pi/seav2/install:/home/pi/ss25/install:/home/pi/ss25/src/description/description/install:/home/pi/ss25/src/summary/install:/home/pi/ss25/src/install:/home/pi/demo_testing_9_april/seav/install:/home/pi/install', 'ROS_DISTRO': 'humble', 'LOGNAME': 'pi', '_': '/usr/bin/colcon', 'ROS_VERSION': '2', 'XDG_SESSION_CLASS': 'user', 'TERM': 'xterm-256color', 'XDG_SESSION_ID': '1', 'ROS_LOCALHOST_ONLY': '0', 'PATH': '/home/pi/.local/bin:/home/pi/.local/bin:/opt/ros/humble/bin:/usr/local/sbin:/usr/local/bin:/usr/sbin:/usr/bin:/sbin:/bin:/usr/games:/usr/local/games:/snap/bin', 'LC_ADDRESS': 'en_US.UTF-8', 'XDG_RUNTIME_DIR': '/run/user/1000', 'DISPLAY': 'localhost:10.0', 'LANG': 'en_US.UTF-8', 'LC_TELEPHONE': 'en_US.UTF-8', 'LS_COLORS': 'rs=0:di=01;34:ln=01;36:mh=00:pi=40;33:so=01;35:do=01;35:bd=40;33;01:cd=40;33;01:or=40;31;01:mi=00:su=37;41:sg=30;43:ca=30;41:tw=30;42:ow=34;42:st=37;44:ex=01;32:*.tar=01;31:*.tgz=01;31:*.arc=01;31:*.arj=01;31:*.taz=01;31:*.lha=01;31:*.lz4=01;31:*.lzh=01;31:*.lzma=01;31:*.tlz=01;31:*.txz=01;31:*.tzo=01;31:*.t7z=01;31:*.zip=01;31:*.z=01;31:*.dz=01;31:*.gz=01;31:*.lrz=01;31:*.lz=01;31:*.lzo=01;31:*.xz=01;31:*.zst=01;31:*.tzst=01;31:*.bz2=01;31:*.bz=01;31:*.tbz=01;31:*.tbz2=01;31:*.tz=01;31:*.deb=01;31:*.rpm=01;31:*.jar=01;31:*.war=01;31:*.ear=01;31:*.sar=01;31:*.rar=01;31:*.alz=01;31:*.ace=01;31:*.zoo=01;31:*.cpio=01;31:*.7z=01;31:*.rz=01;31:*.cab=01;31:*.wim=01;31:*.swm=01;31:*.dwm=01;31:*.esd=01;31:*.jpg=01;35:*.jpeg=01;35:*.mjpg=01;35:*.mjpeg=01;35:*.gif=01;35:*.bmp=01;35:*.pbm=01;35:*.pgm=01;35:*.ppm=01;35:*.tga=01;35:*.xbm=01;35:*.xpm=01;35:*.tif=01;35:*.tiff=01;35:*.png=01;35:*.svg=01;35:*.svgz=01;35:*.mng=01;35:*.pcx=01;35:*.mov=01;35:*.mpg=01;35:*.mpeg=01;35:*.m2v=01;35:*.mkv=01;35:*.webm=01;35:*.webp=01;35:*.ogm=01;35:*.mp4=01;35:*.m4v=01;35:*.mp4v=01;35:*.vob=01;35:*.qt=01;35:*.nuv=01;35:*.wmv=01;35:*.asf=01;35:*.rm=01;35:*.rmvb=01;35:*.flc=01;35:*.avi=01;35:*.fli=01;35:*.flv=01;35:*.gl=01;35:*.dl=01;35:*.xcf=01;35:*.xwd=01;35:*.yuv=01;35:*.cgm=01;35:*.emf=01;35:*.ogv=01;35:*.ogx=01;35:*.aac=00;36:*.au=00;36:*.flac=00;36:*.m4a=00;36:*.mid=00;36:*.midi=00;36:*.mka=00;36:*.mp3=00;36:*.mpc=00;36:*.ogg=00;36:*.ra=00;36:*.wav=00;36:*.oga=00;36:*.opus=00;36:*.spx=00;36:*.xspf=00;36:', 'ROS_DOMAIN_ID': '0', 'AMENT_PREFIX_PATH': '/home/pi/seav2/install/carlikebot_ros2_control:/home/pi/seav2/install/serial:/home/pi/seav2/install/seav2_imu:/home/pi/seav2/install/seav2:/home/pi/seav2/install/ros2_control_demo_description:/home/pi/seav2/install/robot_cam_ros:/home/pi/seav2/install/ball_tracker:/home/pi/ss25/install/wheel_odometry:/home/pi/ss25/install/vup_2k7:/home/pi/ss25/install/summary:/home/pi/ss25/install/sllidar_ros2:/home/pi/ss25/install/safety_control:/home/pi/ss25/install/project:/home/pi/ss25/install/my_slam:/home/pi/ss25/install/my_motor_driver:/home/pi/ss25/install/final:/home/pi/ss25/install/description:/home/pi/ss25/install/bringup_pkg:/home/pi/ss25/src/summary/install/summary:/home/pi/ss25/src/install/wheel_odometry:/home/pi/ss25/src/install/summary:/home/pi/ss25/src/install/sllidar_ros2:/home/pi/ss25/src/install/safety_control:/home/pi/ss25/src/install/project:/home/pi/ss25/src/install/my_motor_driver:/home/pi/ss25/src/install/description:/home/pi/ss25/src/install/bringup_pkg:/home/pi/install/summary:/home/pi/demo_testing_9_april/seav/install/yolov8_ros:/home/pi/demo_testing_9_april/seav/install/static_tf_publisher:/home/pi/demo_testing_9_april/seav/install/seav_test_sensors:/home/pi/demo_testing_9_april/seav/install/seav_simulation:/home/pi/demo_testing_9_april/seav/install/seav_description:/home/pi/demo_testing_9_april/seav/install/rplidar_ros:/home/pi/demo_testing_9_april/seav/install/my_robot_controller:/home/pi/demo_testing_9_april/seav/install/my_nav2_pkg:/opt/ros/humble', 'SHELL': '/bin/bash', 'LC_NAME': 'en_US.UTF-8', 'LESSCLOSE': '/usr/bin/lesspipe %s %s', 'LC_MEASUREMENT': 'en_US.UTF-8', 'LC_IDENTIFICATION': 'en_US.UTF-8', 'PWD': '/home/pi/seav2/build/ball_tracker', 'LC_ALL': 'en_US.UTF-8', 'SSH_CONNECTION': '192.168.0.105 55666 192.168.0.210 22', 'XDG_DATA_DIRS': '/usr/local/share:/usr/share:/var/lib/snapd/desktop', 'PYTHONPATH': '/home/pi/seav2/build/ball_tracker/prefix_override:/usr/lib/python3/dist-packages/colcon_core/task/python/colcon_distutils_commands:/home/pi/seav2/install/ball_tracker/lib/python3.10/site-packages:/home/pi/seav2/build/seav2_imu:/home/pi/seav2/install/seav2_imu/lib/python3.10/site-packages:/home/pi/seav2/build/robot_cam_ros:/home/pi/seav2/install/robot_cam_ros/lib/python3.10/site-packages:/home/pi/seav2/build/ball_tracker:/home/pi/seav2/install/ball_tracker/lib/python3.10/site-packages:/home/pi/ss25/install/wheel_odometry/lib/python3.10/site-packages:/home/pi/ss25/install/vup_2k7/lib/python3.10/site-packages:/home/pi/ss25/install/summary/lib/python3.10/site-packages:/home/pi/ss25/install/safety_control/lib/python3.10/site-packages:/home/pi/ss25/install/project/lib/python3.10/site-packages:/home/pi/ss25/install/my_slam/lib/python3.10/site-packages:/home/pi/ss25/install/my_motor_driver/lib/python3.10/site-packages:/home/pi/ss25/install/final/lib/python3.10/site-packages:/home/pi/ss25/install/description/lib/python3.10/site-packages:/home/pi/ss25/install/bringup_pkg/lib/python3.10/site-packages:/home/pi/ss25/src/summary/install/summary/lib/python3.10/site-packages:/home/pi/ss25/src/install/wheel_odometry/lib/python3.10/site-packages:/home/pi/ss25/src/install/summary/lib/python3.10/site-packages:/home/pi/ss25/src/install/safety_control/lib/python3.10/site-packages:/home/pi/ss25/src/install/project/lib/python3.10/site-packages:/home/pi/ss25/src/install/my_motor_driver/lib/python3.10/site-packages:/home/pi/ss25/src/install/description/lib/python3.10/site-packages:/home/pi/ss25/src/install/bringup_pkg/lib/python3.10/site-packages:/home/pi/install/summary/lib/python3.10/site-packages:/home/pi/demo_testing_9_april/seav/install/yolov8_ros/lib/python3.10/site-packages:/home/pi/demo_testing_9_april/seav/install/static_tf_publisher/lib/python3.10/site-packages:/home/pi/demo_testing_9_april/seav/install/seav_test_sensors/lib/python3.10/site-packages:/home/pi/demo_testing_9_april/seav/install/my_robot_controller/lib/python3.10/site-packages:/opt/ros/humble/lib/python3.10/site-packages:/opt/ros/humble/local/lib/python3.10/dist-packages', 'ROS_HOSTNAME': '192.168.137.192', 'LC_NUMERIC': 'en_US.UTF-8', 'LC_PAPER': 'en_US.UTF-8', 'COLCON': '1', 'CMAKE_PREFIX_PATH': '/home/pi/seav2/install/carlikebot_ros2_control:/home/pi/seav2/install/serial:/home/pi/seav2/install/seav2:/home/pi/seav2/install/ros2_control_demo_description:/home/pi/ss25/install/sllidar_ros2:/home/pi/ss25/src/install/sllidar_ros2:/home/pi/demo_testing_9_april/seav/install/seav_simulation:/home/pi/demo_testing_9_april/seav/install/seav_description:/home/pi/demo_testing_9_april/seav/install/rplidar_ros:/home/pi/demo_testing_9_april/seav/install/my_nav2_pkg'}, 'shell': False}
[15.188583] (-) TimerEvent: {}
[15.216030] (seav2) StdoutLine: {'line': b'-- Install configuration: ""\n'}
[15.220533] (seav2) StdoutLine: {'line': b'-- Execute custom install script\n'}
[15.231099] (seav2) StdoutLine: {'line': b'-- Up-to-date symlink: /home/pi/seav2/install/seav2/share/seav2/config/drive_car.rviz\n'}
[15.233033] (seav2) StdoutLine: {'line': b'-- Up-to-date symlink: /home/pi/seav2/install/seav2/share/seav2/config/ekf.yaml\n'}
[15.236123] (seav2) StdoutLine: {'line': b'-- Up-to-date symlink: /home/pi/seav2/install/seav2/share/seav2/config/ekf_odom.yaml\n'}
[15.237532] (seav2) StdoutLine: {'line': b'-- Up-to-date symlink: /home/pi/seav2/install/seav2/share/seav2/config/gaz_ros2_ctl_use_sim.yaml\n'}
[15.238985] (seav2) StdoutLine: {'line': b'-- Up-to-date symlink: /home/pi/seav2/install/seav2/share/seav2/config/gazebo_params.yaml\n'}
[15.240749] (seav2) StdoutLine: {'line': b'-- Up-to-date symlink: /home/pi/seav2/install/seav2/share/seav2/config/imu_filter_madgwick.yaml\n'}
[15.242450] (seav2) StdoutLine: {'line': b'-- Up-to-date symlink: /home/pi/seav2/install/seav2/share/seav2/config/joystick.yaml\n'}
[15.245606] (seav2) StdoutLine: {'line': b'-- Up-to-date symlink: /home/pi/seav2/install/seav2/share/seav2/config/main.rviz\n'}
[15.249599] (seav2) StdoutLine: {'line': b'-- Up-to-date symlink: /home/pi/seav2/install/seav2/share/seav2/config/mapper_params_online_async.yaml\n'}
[15.251349] (seav2) StdoutLine: {'line': b'-- Up-to-date symlink: /home/pi/seav2/install/seav2/share/seav2/config/my_controllers.yaml\n'}
[15.252891] (seav2) StdoutLine: {'line': b'-- Up-to-date symlink: /home/pi/seav2/install/seav2/share/seav2/config/nav2_params.yaml\n'}
[15.254060] (seav2) StdoutLine: {'line': b'-- Up-to-date symlink: /home/pi/seav2/install/seav2/share/seav2/config/twist_mux.yaml\n'}
[15.255148] (seav2) StdoutLine: {'line': b'-- Up-to-date symlink: /home/pi/seav2/install/seav2/share/seav2/config/view_car.rviz\n'}
[15.263594] (seav2) StdoutLine: {'line': b'-- Up-to-date symlink: /home/pi/seav2/install/seav2/share/seav2/description/camera.xacro\n'}
[15.264815] (seav2) StdoutLine: {'line': b'-- Up-to-date symlink: /home/pi/seav2/install/seav2/share/seav2/description/depth_camera.xacro\n'}
[15.268585] (seav2) StdoutLine: {'line': b'-- Up-to-date symlink: /home/pi/seav2/install/seav2/share/seav2/description/gazebo_control.xacro\n'}
[15.272442] (seav2) StdoutLine: {'line': b'-- Up-to-date symlink: /home/pi/seav2/install/seav2/share/seav2/description/inertial_macros.xacro\n'}
[15.273580] (seav2) StdoutLine: {'line': b'-- Up-to-date symlink: /home/pi/seav2/install/seav2/share/seav2/description/lidar.xacro\n'}
[15.274641] (seav2) StdoutLine: {'line': b'-- Up-to-date symlink: /home/pi/seav2/install/seav2/share/seav2/description/robot.urdf.xacro\n'}
[15.275661] (seav2) StdoutLine: {'line': b'-- Up-to-date symlink: /home/pi/seav2/install/seav2/share/seav2/description/robot_core.xacro\n'}
[15.276687] (seav2) StdoutLine: {'line': b'-- Up-to-date symlink: /home/pi/seav2/install/seav2/share/seav2/description/ros2_control.xacro\n'}
[15.284831] (seav2) StdoutLine: {'line': b'-- Up-to-date symlink: /home/pi/seav2/install/seav2/share/seav2/launch/__pycache__/launch_robot.launch.cpython-310.pyc\n'}
[15.286710] (seav2) StdoutLine: {'line': b'-- Up-to-date symlink: /home/pi/seav2/install/seav2/share/seav2/launch/ekf.launch.py\n'}
[15.287900] (seav2) StdoutLine: {'line': b'-- Up-to-date symlink: /home/pi/seav2/install/seav2/share/seav2/launch/imu_tf.launch.py\n'}
[15.289190] (-) TimerEvent: {}
[15.292523] (seav2) StdoutLine: {'line': b'-- Up-to-date symlink: /home/pi/seav2/install/seav2/share/seav2/launch/joystick.launch.py\n'}
[15.294953] (seav2) StdoutLine: {'line': b'-- Up-to-date symlink: /home/pi/seav2/install/seav2/share/seav2/launch/launch_robot.launch.py\n'}
[15.296655] (seav2) StdoutLine: {'line': b'-- Up-to-date symlink: /home/pi/seav2/install/seav2/share/seav2/launch/launch_sim.launch.py\n'}
[15.298442] (seav2) StdoutLine: {'line': b'-- Up-to-date symlink: /home/pi/seav2/install/seav2/share/seav2/launch/localization_launch.py\n'}
[15.300335] (seav2) StdoutLine: {'line': b'-- Up-to-date symlink: /home/pi/seav2/install/seav2/share/seav2/launch/navigation_launch.py\n'}
[15.301528] (seav2) StdoutLine: {'line': b'-- Up-to-date symlink: /home/pi/seav2/install/seav2/share/seav2/launch/online_async_launch.py\n'}
[15.302617] (seav2) StdoutLine: {'line': b'-- Up-to-date symlink: /home/pi/seav2/install/seav2/share/seav2/launch/rplidar.launch.py\n'}
[15.304372] (seav2) StdoutLine: {'line': b'-- Up-to-date symlink: /home/pi/seav2/install/seav2/share/seav2/launch/rsp.launch.py\n'}
[15.307252] (seav2) StdoutLine: {'line': b'-- Up-to-date symlink: /home/pi/seav2/install/seav2/share/seav2/worlds/empty.world\n'}
[15.308697] (seav2) StdoutLine: {'line': b'-- Up-to-date symlink: /home/pi/seav2/install/seav2/share/seav2/worlds/obstacles.world\n'}
[15.310504] (seav2) StdoutLine: {'line': b'-- Up-to-date symlink: /home/pi/seav2/install/seav2/share/ament_index/resource_index/package_run_dependencies/seav2\n'}
[15.312326] (seav2) StdoutLine: {'line': b'-- Up-to-date symlink: /home/pi/seav2/install/seav2/share/ament_index/resource_index/parent_prefix_path/seav2\n'}
[15.315003] (seav2) StdoutLine: {'line': b'-- Up-to-date symlink: /home/pi/seav2/install/seav2/share/seav2/environment/ament_prefix_path.sh\n'}
[15.320157] (seav2) StdoutLine: {'line': b'-- Up-to-date symlink: /home/pi/seav2/install/seav2/share/seav2/environment/ament_prefix_path.dsv\n'}
[15.321535] (seav2) StdoutLine: {'line': b'-- Up-to-date symlink: /home/pi/seav2/install/seav2/share/seav2/environment/path.sh\n'}
[15.325953] (seav2) StdoutLine: {'line': b'-- Up-to-date symlink: /home/pi/seav2/install/seav2/share/seav2/environment/path.dsv\n'}
[15.327106] (seav2) StdoutLine: {'line': b'-- Up-to-date symlink: /home/pi/seav2/install/seav2/share/seav2/local_setup.bash\n'}
[15.331554] (seav2) StdoutLine: {'line': b'-- Up-to-date symlink: /home/pi/seav2/install/seav2/share/seav2/local_setup.sh\n'}
[15.333416] (seav2) StdoutLine: {'line': b'-- Up-to-date symlink: /home/pi/seav2/install/seav2/share/seav2/local_setup.zsh\n'}
[15.338762] (seav2) StdoutLine: {'line': b'-- Up-to-date symlink: /home/pi/seav2/install/seav2/share/seav2/local_setup.dsv\n'}
[15.339900] (seav2) StdoutLine: {'line': b'-- Symlinking: /home/pi/seav2/install/seav2/share/seav2/package.dsv\n'}
[15.389609] (-) TimerEvent: {}
[15.453197] (seav2) StdoutLine: {'line': b'-- Up-to-date symlink: /home/pi/seav2/install/seav2/share/ament_index/resource_index/packages/seav2\n'}
[15.457362] (seav2) StdoutLine: {'line': b'-- Up-to-date symlink: /home/pi/seav2/install/seav2/share/seav2/cmake/seav2Config.cmake\n'}
[15.459617] (seav2) StdoutLine: {'line': b'-- Up-to-date symlink: /home/pi/seav2/install/seav2/share/seav2/cmake/seav2Config-version.cmake\n'}
[15.464178] (seav2) StdoutLine: {'line': b'-- Up-to-date symlink: /home/pi/seav2/install/seav2/share/seav2/package.xml\n'}
[15.481616] (seav2) CommandEnded: {'returncode': 0}
[15.490157] (-) TimerEvent: {}
[15.591586] (-) TimerEvent: {}
[15.660386] (seav2) JobEnded: {'identifier': 'seav2', 'rc': 0}
[15.666732] (v4l2_camera) JobStarted: {'identifier': 'v4l2_camera'}
[15.692242] (-) TimerEvent: {}
[15.794042] (-) TimerEvent: {}
[15.895869] (-) TimerEvent: {}
[15.926036] (v4l2_camera) JobProgress: {'identifier': 'v4l2_camera', 'progress': 'cmake'}
[15.945580] (v4l2_camera) JobProgress: {'identifier': 'v4l2_camera', 'progress': 'build'}
[15.955797] (v4l2_camera) Command: {'cmd': ['/usr/bin/cmake', '--build', '/home/pi/seav2/build/v4l2_camera', '--', '-j4', '-l4'], 'cwd': '/home/pi/seav2/build/v4l2_camera', 'env': OrderedDict([('LESSOPEN', '| /usr/bin/lesspipe %s'), ('USER', 'pi'), ('SSH_CLIENT', '192.168.0.105 55666 22'), ('LC_TIME', 'en_US.UTF-8'), ('XDG_SESSION_TYPE', 'tty'), ('SHLVL', '1'), ('LD_LIBRARY_PATH', '/home/pi/seav2/install/carlikebot_ros2_control/lib:/home/pi/seav2/install/serial/lib:/opt/ros/humble/opt/rviz_ogre_vendor/lib:/opt/ros/humble/lib/aarch64-linux-gnu:/opt/ros/humble/lib'), ('MOTD_SHOWN', 'pam'), ('HOME', '/home/pi'), ('OLDPWD', '/home/pi/seav2'), ('SSH_TTY', '/dev/pts/0'), ('ROS_PYTHON_VERSION', '3'), ('LC_MONETARY', 'en_US.UTF-8'), ('ROS_IP', '192.168.137.192'), ('DBUS_SESSION_BUS_ADDRESS', 'unix:path=/run/user/1000/bus'), ('QT_QPA_PLATFORM_PLUGIN_PATH', '/home/your_username/.local/lib/python3.10/site-packages/cv2/qt/plugins'), ('COLCON_PREFIX_PATH', '/home/pi/seav2/install:/home/pi/ss25/install:/home/pi/ss25/src/description/description/install:/home/pi/ss25/src/summary/install:/home/pi/ss25/src/install:/home/pi/demo_testing_9_april/seav/install:/home/pi/install'), ('ROS_DISTRO', 'humble'), ('LOGNAME', 'pi'), ('_', '/usr/bin/colcon'), ('ROS_VERSION', '2'), ('XDG_SESSION_CLASS', 'user'), ('TERM', 'xterm-256color'), ('XDG_SESSION_ID', '1'), ('ROS_LOCALHOST_ONLY', '0'), ('PATH', '/home/pi/.local/bin:/home/pi/.local/bin:/opt/ros/humble/bin:/usr/local/sbin:/usr/local/bin:/usr/sbin:/usr/bin:/sbin:/bin:/usr/games:/usr/local/games:/snap/bin'), ('LC_ADDRESS', 'en_US.UTF-8'), ('XDG_RUNTIME_DIR', '/run/user/1000'), ('DISPLAY', 'localhost:10.0'), ('LANG', 'en_US.UTF-8'), ('LC_TELEPHONE', 'en_US.UTF-8'), ('LS_COLORS', 'rs=0:di=01;34:ln=01;36:mh=00:pi=40;33:so=01;35:do=01;35:bd=40;33;01:cd=40;33;01:or=40;31;01:mi=00:su=37;41:sg=30;43:ca=30;41:tw=30;42:ow=34;42:st=37;44:ex=01;32:*.tar=01;31:*.tgz=01;31:*.arc=01;31:*.arj=01;31:*.taz=01;31:*.lha=01;31:*.lz4=01;31:*.lzh=01;31:*.lzma=01;31:*.tlz=01;31:*.txz=01;31:*.tzo=01;31:*.t7z=01;31:*.zip=01;31:*.z=01;31:*.dz=01;31:*.gz=01;31:*.lrz=01;31:*.lz=01;31:*.lzo=01;31:*.xz=01;31:*.zst=01;31:*.tzst=01;31:*.bz2=01;31:*.bz=01;31:*.tbz=01;31:*.tbz2=01;31:*.tz=01;31:*.deb=01;31:*.rpm=01;31:*.jar=01;31:*.war=01;31:*.ear=01;31:*.sar=01;31:*.rar=01;31:*.alz=01;31:*.ace=01;31:*.zoo=01;31:*.cpio=01;31:*.7z=01;31:*.rz=01;31:*.cab=01;31:*.wim=01;31:*.swm=01;31:*.dwm=01;31:*.esd=01;31:*.jpg=01;35:*.jpeg=01;35:*.mjpg=01;35:*.mjpeg=01;35:*.gif=01;35:*.bmp=01;35:*.pbm=01;35:*.pgm=01;35:*.ppm=01;35:*.tga=01;35:*.xbm=01;35:*.xpm=01;35:*.tif=01;35:*.tiff=01;35:*.png=01;35:*.svg=01;35:*.svgz=01;35:*.mng=01;35:*.pcx=01;35:*.mov=01;35:*.mpg=01;35:*.mpeg=01;35:*.m2v=01;35:*.mkv=01;35:*.webm=01;35:*.webp=01;35:*.ogm=01;35:*.mp4=01;35:*.m4v=01;35:*.mp4v=01;35:*.vob=01;35:*.qt=01;35:*.nuv=01;35:*.wmv=01;35:*.asf=01;35:*.rm=01;35:*.rmvb=01;35:*.flc=01;35:*.avi=01;35:*.fli=01;35:*.flv=01;35:*.gl=01;35:*.dl=01;35:*.xcf=01;35:*.xwd=01;35:*.yuv=01;35:*.cgm=01;35:*.emf=01;35:*.ogv=01;35:*.ogx=01;35:*.aac=00;36:*.au=00;36:*.flac=00;36:*.m4a=00;36:*.mid=00;36:*.midi=00;36:*.mka=00;36:*.mp3=00;36:*.mpc=00;36:*.ogg=00;36:*.ra=00;36:*.wav=00;36:*.oga=00;36:*.opus=00;36:*.spx=00;36:*.xspf=00;36:'), ('ROS_DOMAIN_ID', '0'), ('AMENT_PREFIX_PATH', '/home/pi/seav2/install/carlikebot_ros2_control:/home/pi/seav2/install/serial:/home/pi/seav2/install/seav2_imu:/home/pi/seav2/install/seav2:/home/pi/seav2/install/ros2_control_demo_description:/home/pi/seav2/install/robot_cam_ros:/home/pi/seav2/install/ball_tracker:/home/pi/ss25/install/wheel_odometry:/home/pi/ss25/install/vup_2k7:/home/pi/ss25/install/summary:/home/pi/ss25/install/sllidar_ros2:/home/pi/ss25/install/safety_control:/home/pi/ss25/install/project:/home/pi/ss25/install/my_slam:/home/pi/ss25/install/my_motor_driver:/home/pi/ss25/install/final:/home/pi/ss25/install/description:/home/pi/ss25/install/bringup_pkg:/home/pi/ss25/src/summary/install/summary:/home/pi/ss25/src/install/wheel_odometry:/home/pi/ss25/src/install/summary:/home/pi/ss25/src/install/sllidar_ros2:/home/pi/ss25/src/install/safety_control:/home/pi/ss25/src/install/project:/home/pi/ss25/src/install/my_motor_driver:/home/pi/ss25/src/install/description:/home/pi/ss25/src/install/bringup_pkg:/home/pi/install/summary:/home/pi/demo_testing_9_april/seav/install/yolov8_ros:/home/pi/demo_testing_9_april/seav/install/static_tf_publisher:/home/pi/demo_testing_9_april/seav/install/seav_test_sensors:/home/pi/demo_testing_9_april/seav/install/seav_simulation:/home/pi/demo_testing_9_april/seav/install/seav_description:/home/pi/demo_testing_9_april/seav/install/rplidar_ros:/home/pi/demo_testing_9_april/seav/install/my_robot_controller:/home/pi/demo_testing_9_april/seav/install/my_nav2_pkg:/opt/ros/humble'), ('SHELL', '/bin/bash'), ('LC_NAME', 'en_US.UTF-8'), ('LESSCLOSE', '/usr/bin/lesspipe %s %s'), ('LC_MEASUREMENT', 'en_US.UTF-8'), ('LC_IDENTIFICATION', 'en_US.UTF-8'), ('PWD', '/home/pi/seav2/build/v4l2_camera'), ('LC_ALL', 'en_US.UTF-8'), ('SSH_CONNECTION', '192.168.0.105 55666 192.168.0.210 22'), ('XDG_DATA_DIRS', '/usr/local/share:/usr/share:/var/lib/snapd/desktop'), ('PYTHONPATH', '/home/pi/seav2/build/seav2_imu:/home/pi/seav2/install/seav2_imu/lib/python3.10/site-packages:/home/pi/seav2/build/robot_cam_ros:/home/pi/seav2/install/robot_cam_ros/lib/python3.10/site-packages:/home/pi/seav2/build/ball_tracker:/home/pi/seav2/install/ball_tracker/lib/python3.10/site-packages:/home/pi/ss25/install/wheel_odometry/lib/python3.10/site-packages:/home/pi/ss25/install/vup_2k7/lib/python3.10/site-packages:/home/pi/ss25/install/summary/lib/python3.10/site-packages:/home/pi/ss25/install/safety_control/lib/python3.10/site-packages:/home/pi/ss25/install/project/lib/python3.10/site-packages:/home/pi/ss25/install/my_slam/lib/python3.10/site-packages:/home/pi/ss25/install/my_motor_driver/lib/python3.10/site-packages:/home/pi/ss25/install/final/lib/python3.10/site-packages:/home/pi/ss25/install/description/lib/python3.10/site-packages:/home/pi/ss25/install/bringup_pkg/lib/python3.10/site-packages:/home/pi/ss25/src/summary/install/summary/lib/python3.10/site-packages:/home/pi/ss25/src/install/wheel_odometry/lib/python3.10/site-packages:/home/pi/ss25/src/install/summary/lib/python3.10/site-packages:/home/pi/ss25/src/install/safety_control/lib/python3.10/site-packages:/home/pi/ss25/src/install/project/lib/python3.10/site-packages:/home/pi/ss25/src/install/my_motor_driver/lib/python3.10/site-packages:/home/pi/ss25/src/install/description/lib/python3.10/site-packages:/home/pi/ss25/src/install/bringup_pkg/lib/python3.10/site-packages:/home/pi/install/summary/lib/python3.10/site-packages:/home/pi/demo_testing_9_april/seav/install/yolov8_ros/lib/python3.10/site-packages:/home/pi/demo_testing_9_april/seav/install/static_tf_publisher/lib/python3.10/site-packages:/home/pi/demo_testing_9_april/seav/install/seav_test_sensors/lib/python3.10/site-packages:/home/pi/demo_testing_9_april/seav/install/my_robot_controller/lib/python3.10/site-packages:/opt/ros/humble/lib/python3.10/site-packages:/opt/ros/humble/local/lib/python3.10/dist-packages'), ('ROS_HOSTNAME', '192.168.137.192'), ('LC_NUMERIC', 'en_US.UTF-8'), ('LC_PAPER', 'en_US.UTF-8'), ('COLCON', '1'), ('CMAKE_PREFIX_PATH', '/home/pi/seav2/install/carlikebot_ros2_control:/home/pi/seav2/install/serial:/home/pi/seav2/install/seav2:/home/pi/seav2/install/ros2_control_demo_description:/home/pi/ss25/install/sllidar_ros2:/home/pi/ss25/src/install/sllidar_ros2:/home/pi/demo_testing_9_april/seav/install/seav_simulation:/home/pi/demo_testing_9_april/seav/install/seav_description:/home/pi/demo_testing_9_april/seav/install/rplidar_ros:/home/pi/demo_testing_9_april/seav/install/my_nav2_pkg:/home/pi/seav2/install/seav2_imu:/home/pi/seav2/install/robot_cam_ros:/home/pi/seav2/install/ball_tracker:/home/pi/ss25/install/wheel_odometry:/home/pi/ss25/install/vup_2k7:/home/pi/ss25/install/summary:/home/pi/ss25/install/safety_control:/home/pi/ss25/install/project:/home/pi/ss25/install/my_slam:/home/pi/ss25/install/my_motor_driver:/home/pi/ss25/install/final:/home/pi/ss25/install/description:/home/pi/ss25/install/bringup_pkg:/home/pi/ss25/src/summary/install/summary:/home/pi/ss25/src/install/wheel_odometry:/home/pi/ss25/src/install/summary:/home/pi/ss25/src/install/safety_control:/home/pi/ss25/src/install/project:/home/pi/ss25/src/install/my_motor_driver:/home/pi/ss25/src/install/description:/home/pi/ss25/src/install/bringup_pkg:/home/pi/install/summary:/home/pi/demo_testing_9_april/seav/install/yolov8_ros:/home/pi/demo_testing_9_april/seav/install/static_tf_publisher:/home/pi/demo_testing_9_april/seav/install/seav_test_sensors:/home/pi/demo_testing_9_april/seav/install/my_robot_controller:/opt/ros/humble')]), 'shell': False}
[15.999703] (-) TimerEvent: {}
[16.103208] (-) TimerEvent: {}
[16.206945] (-) TimerEvent: {}
[16.225086] (robot_cam_ros) Command: {'cmd': ['/usr/bin/python3', '-W', 'ignore:setup.py install is deprecated', '-W', 'ignore:easy_install command is deprecated', 'setup.py', 'develop', '--editable', '--build-directory', '/home/pi/seav2/build/robot_cam_ros/build', '--no-deps', 'symlink_data'], 'cwd': '/home/pi/seav2/build/robot_cam_ros', 'env': {'LESSOPEN': '| /usr/bin/lesspipe %s', 'USER': 'pi', 'SSH_CLIENT': '192.168.0.105 55666 22', 'LC_TIME': 'en_US.UTF-8', 'XDG_SESSION_TYPE': 'tty', 'SHLVL': '1', 'LD_LIBRARY_PATH': '/home/pi/seav2/install/carlikebot_ros2_control/lib:/home/pi/seav2/install/serial/lib:/opt/ros/humble/opt/rviz_ogre_vendor/lib:/opt/ros/humble/lib/aarch64-linux-gnu:/opt/ros/humble/lib', 'MOTD_SHOWN': 'pam', 'HOME': '/home/pi', 'OLDPWD': '/home/pi/seav2', 'SSH_TTY': '/dev/pts/0', 'ROS_PYTHON_VERSION': '3', 'LC_MONETARY': 'en_US.UTF-8', 'ROS_IP': '192.168.137.192', 'DBUS_SESSION_BUS_ADDRESS': 'unix:path=/run/user/1000/bus', 'QT_QPA_PLATFORM_PLUGIN_PATH': '/home/your_username/.local/lib/python3.10/site-packages/cv2/qt/plugins', 'COLCON_PREFIX_PATH': '/home/pi/seav2/install:/home/pi/ss25/install:/home/pi/ss25/src/description/description/install:/home/pi/ss25/src/summary/install:/home/pi/ss25/src/install:/home/pi/demo_testing_9_april/seav/install:/home/pi/install', 'ROS_DISTRO': 'humble', 'LOGNAME': 'pi', '_': '/usr/bin/colcon', 'ROS_VERSION': '2', 'XDG_SESSION_CLASS': 'user', 'TERM': 'xterm-256color', 'XDG_SESSION_ID': '1', 'ROS_LOCALHOST_ONLY': '0', 'PATH': '/home/pi/.local/bin:/home/pi/.local/bin:/opt/ros/humble/bin:/usr/local/sbin:/usr/local/bin:/usr/sbin:/usr/bin:/sbin:/bin:/usr/games:/usr/local/games:/snap/bin', 'LC_ADDRESS': 'en_US.UTF-8', 'XDG_RUNTIME_DIR': '/run/user/1000', 'DISPLAY': 'localhost:10.0', 'LANG': 'en_US.UTF-8', 'LC_TELEPHONE': 'en_US.UTF-8', 'LS_COLORS': 'rs=0:di=01;34:ln=01;36:mh=00:pi=40;33:so=01;35:do=01;35:bd=40;33;01:cd=40;33;01:or=40;31;01:mi=00:su=37;41:sg=30;43:ca=30;41:tw=30;42:ow=34;42:st=37;44:ex=01;32:*.tar=01;31:*.tgz=01;31:*.arc=01;31:*.arj=01;31:*.taz=01;31:*.lha=01;31:*.lz4=01;31:*.lzh=01;31:*.lzma=01;31:*.tlz=01;31:*.txz=01;31:*.tzo=01;31:*.t7z=01;31:*.zip=01;31:*.z=01;31:*.dz=01;31:*.gz=01;31:*.lrz=01;31:*.lz=01;31:*.lzo=01;31:*.xz=01;31:*.zst=01;31:*.tzst=01;31:*.bz2=01;31:*.bz=01;31:*.tbz=01;31:*.tbz2=01;31:*.tz=01;31:*.deb=01;31:*.rpm=01;31:*.jar=01;31:*.war=01;31:*.ear=01;31:*.sar=01;31:*.rar=01;31:*.alz=01;31:*.ace=01;31:*.zoo=01;31:*.cpio=01;31:*.7z=01;31:*.rz=01;31:*.cab=01;31:*.wim=01;31:*.swm=01;31:*.dwm=01;31:*.esd=01;31:*.jpg=01;35:*.jpeg=01;35:*.mjpg=01;35:*.mjpeg=01;35:*.gif=01;35:*.bmp=01;35:*.pbm=01;35:*.pgm=01;35:*.ppm=01;35:*.tga=01;35:*.xbm=01;35:*.xpm=01;35:*.tif=01;35:*.tiff=01;35:*.png=01;35:*.svg=01;35:*.svgz=01;35:*.mng=01;35:*.pcx=01;35:*.mov=01;35:*.mpg=01;35:*.mpeg=01;35:*.m2v=01;35:*.mkv=01;35:*.webm=01;35:*.webp=01;35:*.ogm=01;35:*.mp4=01;35:*.m4v=01;35:*.mp4v=01;35:*.vob=01;35:*.qt=01;35:*.nuv=01;35:*.wmv=01;35:*.asf=01;35:*.rm=01;35:*.rmvb=01;35:*.flc=01;35:*.avi=01;35:*.fli=01;35:*.flv=01;35:*.gl=01;35:*.dl=01;35:*.xcf=01;35:*.xwd=01;35:*.yuv=01;35:*.cgm=01;35:*.emf=01;35:*.ogv=01;35:*.ogx=01;35:*.aac=00;36:*.au=00;36:*.flac=00;36:*.m4a=00;36:*.mid=00;36:*.midi=00;36:*.mka=00;36:*.mp3=00;36:*.mpc=00;36:*.ogg=00;36:*.ra=00;36:*.wav=00;36:*.oga=00;36:*.opus=00;36:*.spx=00;36:*.xspf=00;36:', 'ROS_DOMAIN_ID': '0', 'AMENT_PREFIX_PATH': '/home/pi/seav2/install/carlikebot_ros2_control:/home/pi/seav2/install/serial:/home/pi/seav2/install/seav2_imu:/home/pi/seav2/install/seav2:/home/pi/seav2/install/ros2_control_demo_description:/home/pi/seav2/install/robot_cam_ros:/home/pi/seav2/install/ball_tracker:/home/pi/ss25/install/wheel_odometry:/home/pi/ss25/install/vup_2k7:/home/pi/ss25/install/summary:/home/pi/ss25/install/sllidar_ros2:/home/pi/ss25/install/safety_control:/home/pi/ss25/install/project:/home/pi/ss25/install/my_slam:/home/pi/ss25/install/my_motor_driver:/home/pi/ss25/install/final:/home/pi/ss25/install/description:/home/pi/ss25/install/bringup_pkg:/home/pi/ss25/src/summary/install/summary:/home/pi/ss25/src/install/wheel_odometry:/home/pi/ss25/src/install/summary:/home/pi/ss25/src/install/sllidar_ros2:/home/pi/ss25/src/install/safety_control:/home/pi/ss25/src/install/project:/home/pi/ss25/src/install/my_motor_driver:/home/pi/ss25/src/install/description:/home/pi/ss25/src/install/bringup_pkg:/home/pi/install/summary:/home/pi/demo_testing_9_april/seav/install/yolov8_ros:/home/pi/demo_testing_9_april/seav/install/static_tf_publisher:/home/pi/demo_testing_9_april/seav/install/seav_test_sensors:/home/pi/demo_testing_9_april/seav/install/seav_simulation:/home/pi/demo_testing_9_april/seav/install/seav_description:/home/pi/demo_testing_9_april/seav/install/rplidar_ros:/home/pi/demo_testing_9_april/seav/install/my_robot_controller:/home/pi/demo_testing_9_april/seav/install/my_nav2_pkg:/opt/ros/humble', 'SHELL': '/bin/bash', 'LC_NAME': 'en_US.UTF-8', 'LESSCLOSE': '/usr/bin/lesspipe %s %s', 'LC_MEASUREMENT': 'en_US.UTF-8', 'LC_IDENTIFICATION': 'en_US.UTF-8', 'PWD': '/home/pi/seav2/build/robot_cam_ros', 'LC_ALL': 'en_US.UTF-8', 'SSH_CONNECTION': '192.168.0.105 55666 192.168.0.210 22', 'XDG_DATA_DIRS': '/usr/local/share:/usr/share:/var/lib/snapd/desktop', 'PYTHONPATH': '/home/pi/seav2/build/robot_cam_ros/prefix_override:/usr/lib/python3/dist-packages/colcon_core/task/python/colcon_distutils_commands:/home/pi/seav2/install/robot_cam_ros/lib/python3.10/site-packages:/home/pi/seav2/build/seav2_imu:/home/pi/seav2/install/seav2_imu/lib/python3.10/site-packages:/home/pi/seav2/build/robot_cam_ros:/home/pi/seav2/install/robot_cam_ros/lib/python3.10/site-packages:/home/pi/seav2/build/ball_tracker:/home/pi/seav2/install/ball_tracker/lib/python3.10/site-packages:/home/pi/ss25/install/wheel_odometry/lib/python3.10/site-packages:/home/pi/ss25/install/vup_2k7/lib/python3.10/site-packages:/home/pi/ss25/install/summary/lib/python3.10/site-packages:/home/pi/ss25/install/safety_control/lib/python3.10/site-packages:/home/pi/ss25/install/project/lib/python3.10/site-packages:/home/pi/ss25/install/my_slam/lib/python3.10/site-packages:/home/pi/ss25/install/my_motor_driver/lib/python3.10/site-packages:/home/pi/ss25/install/final/lib/python3.10/site-packages:/home/pi/ss25/install/description/lib/python3.10/site-packages:/home/pi/ss25/install/bringup_pkg/lib/python3.10/site-packages:/home/pi/ss25/src/summary/install/summary/lib/python3.10/site-packages:/home/pi/ss25/src/install/wheel_odometry/lib/python3.10/site-packages:/home/pi/ss25/src/install/summary/lib/python3.10/site-packages:/home/pi/ss25/src/install/safety_control/lib/python3.10/site-packages:/home/pi/ss25/src/install/project/lib/python3.10/site-packages:/home/pi/ss25/src/install/my_motor_driver/lib/python3.10/site-packages:/home/pi/ss25/src/install/description/lib/python3.10/site-packages:/home/pi/ss25/src/install/bringup_pkg/lib/python3.10/site-packages:/home/pi/install/summary/lib/python3.10/site-packages:/home/pi/demo_testing_9_april/seav/install/yolov8_ros/lib/python3.10/site-packages:/home/pi/demo_testing_9_april/seav/install/static_tf_publisher/lib/python3.10/site-packages:/home/pi/demo_testing_9_april/seav/install/seav_test_sensors/lib/python3.10/site-packages:/home/pi/demo_testing_9_april/seav/install/my_robot_controller/lib/python3.10/site-packages:/opt/ros/humble/lib/python3.10/site-packages:/opt/ros/humble/local/lib/python3.10/dist-packages', 'ROS_HOSTNAME': '192.168.137.192', 'LC_NUMERIC': 'en_US.UTF-8', 'LC_PAPER': 'en_US.UTF-8', 'COLCON': '1', 'CMAKE_PREFIX_PATH': '/home/pi/seav2/install/carlikebot_ros2_control:/home/pi/seav2/install/serial:/home/pi/seav2/install/seav2:/home/pi/seav2/install/ros2_control_demo_description:/home/pi/ss25/install/sllidar_ros2:/home/pi/ss25/src/install/sllidar_ros2:/home/pi/demo_testing_9_april/seav/install/seav_simulation:/home/pi/demo_testing_9_april/seav/install/seav_description:/home/pi/demo_testing_9_april/seav/install/rplidar_ros:/home/pi/demo_testing_9_april/seav/install/my_nav2_pkg'}, 'shell': False}
[16.307255] (-) TimerEvent: {}
[16.410375] (-) TimerEvent: {}
[16.518925] (-) TimerEvent: {}
[16.620573] (-) TimerEvent: {}
[16.724225] (-) TimerEvent: {}
[16.827817] (-) TimerEvent: {}
[16.913840] (v4l2_camera) StdoutLine: {'line': b'[ 12%] \x1b[32mBuilding CXX object CMakeFiles/v4l2_camera.dir/src/v4l2_camera.cpp.o\x1b[0m\n'}
[16.928139] (-) TimerEvent: {}
[17.029669] (-) TimerEvent: {}
[17.131318] (-) TimerEvent: {}
[17.232833] (-) TimerEvent: {}
[17.334438] (-) TimerEvent: {}
[17.436800] (-) TimerEvent: {}
[17.538370] (-) TimerEvent: {}
[17.639885] (-) TimerEvent: {}
[17.741571] (-) TimerEvent: {}
[17.843181] (-) TimerEvent: {}
[17.944851] (-) TimerEvent: {}
[18.046459] (-) TimerEvent: {}
[18.148045] (-) TimerEvent: {}
[18.250077] (-) TimerEvent: {}
[18.351738] (-) TimerEvent: {}
[18.453307] (-) TimerEvent: {}
[18.554838] (-) TimerEvent: {}
[18.656713] (-) TimerEvent: {}
[18.758305] (-) TimerEvent: {}
[18.860862] (-) TimerEvent: {}
[18.963377] (-) TimerEvent: {}
[19.066319] (-) TimerEvent: {}
[19.168840] (-) TimerEvent: {}
[19.271410] (-) TimerEvent: {}
[19.374336] (-) TimerEvent: {}
[19.476906] (-) TimerEvent: {}
[19.580036] (-) TimerEvent: {}
[19.682503] (-) TimerEvent: {}
[19.784988] (-) TimerEvent: {}
[19.836644] (ball_tracker) StderrLine: {'line': b"/usr/lib/python3/dist-packages/setuptools/dist.py:723: UserWarning: Usage of dash-separated 'script-dir' will not be supported in future versions. Please use the underscore name 'script_dir' instead\n"}
[19.838824] (ball_tracker) StderrLine: {'line': b'  warnings.warn(\n'}
[19.885642] (-) TimerEvent: {}
[19.987998] (-) TimerEvent: {}
[20.090564] (-) TimerEvent: {}
[20.193113] (-) TimerEvent: {}
[20.225807] (ball_tracker) StdoutLine: {'line': b'running develop\n'}
[20.293593] (-) TimerEvent: {}
[20.395172] (-) TimerEvent: {}
[20.498925] (-) TimerEvent: {}
[20.602641] (-) TimerEvent: {}
[20.706653] (-) TimerEvent: {}
[20.810537] (-) TimerEvent: {}
[20.912162] (-) TimerEvent: {}
[21.013709] (-) TimerEvent: {}
[21.115546] (-) TimerEvent: {}
[21.217248] (-) TimerEvent: {}
[21.319730] (-) TimerEvent: {}
[21.423919] (-) TimerEvent: {}
[21.513797] (robot_cam_ros) StdoutLine: {'line': b'running develop\n'}
[21.524246] (-) TimerEvent: {}
[21.627957] (-) TimerEvent: {}
[21.737600] (-) TimerEvent: {}
[21.839219] (-) TimerEvent: {}
[21.942928] (-) TimerEvent: {}
[22.046755] (-) TimerEvent: {}
[22.151305] (-) TimerEvent: {}
[22.255493] (-) TimerEvent: {}
[22.274491] (seav2_imu) Command: {'cmd': ['/usr/bin/python3', '-W', 'ignore:setup.py install is deprecated', '-W', 'ignore:easy_install command is deprecated', 'setup.py', 'develop', '--editable', '--build-directory', '/home/pi/seav2/build/seav2_imu/build', '--no-deps', 'symlink_data'], 'cwd': '/home/pi/seav2/build/seav2_imu', 'env': {'LESSOPEN': '| /usr/bin/lesspipe %s', 'USER': 'pi', 'SSH_CLIENT': '192.168.0.105 55666 22', 'LC_TIME': 'en_US.UTF-8', 'XDG_SESSION_TYPE': 'tty', 'SHLVL': '1', 'LD_LIBRARY_PATH': '/home/pi/seav2/install/carlikebot_ros2_control/lib:/home/pi/seav2/install/serial/lib:/opt/ros/humble/opt/rviz_ogre_vendor/lib:/opt/ros/humble/lib/aarch64-linux-gnu:/opt/ros/humble/lib', 'MOTD_SHOWN': 'pam', 'HOME': '/home/pi', 'OLDPWD': '/home/pi/seav2', 'SSH_TTY': '/dev/pts/0', 'ROS_PYTHON_VERSION': '3', 'LC_MONETARY': 'en_US.UTF-8', 'ROS_IP': '192.168.137.192', 'DBUS_SESSION_BUS_ADDRESS': 'unix:path=/run/user/1000/bus', 'QT_QPA_PLATFORM_PLUGIN_PATH': '/home/your_username/.local/lib/python3.10/site-packages/cv2/qt/plugins', 'COLCON_PREFIX_PATH': '/home/pi/seav2/install:/home/pi/ss25/install:/home/pi/ss25/src/description/description/install:/home/pi/ss25/src/summary/install:/home/pi/ss25/src/install:/home/pi/demo_testing_9_april/seav/install:/home/pi/install', 'ROS_DISTRO': 'humble', 'LOGNAME': 'pi', '_': '/usr/bin/colcon', 'ROS_VERSION': '2', 'XDG_SESSION_CLASS': 'user', 'TERM': 'xterm-256color', 'XDG_SESSION_ID': '1', 'ROS_LOCALHOST_ONLY': '0', 'PATH': '/home/pi/.local/bin:/home/pi/.local/bin:/opt/ros/humble/bin:/usr/local/sbin:/usr/local/bin:/usr/sbin:/usr/bin:/sbin:/bin:/usr/games:/usr/local/games:/snap/bin', 'LC_ADDRESS': 'en_US.UTF-8', 'XDG_RUNTIME_DIR': '/run/user/1000', 'DISPLAY': 'localhost:10.0', 'LANG': 'en_US.UTF-8', 'LC_TELEPHONE': 'en_US.UTF-8', 'LS_COLORS': 'rs=0:di=01;34:ln=01;36:mh=00:pi=40;33:so=01;35:do=01;35:bd=40;33;01:cd=40;33;01:or=40;31;01:mi=00:su=37;41:sg=30;43:ca=30;41:tw=30;42:ow=34;42:st=37;44:ex=01;32:*.tar=01;31:*.tgz=01;31:*.arc=01;31:*.arj=01;31:*.taz=01;31:*.lha=01;31:*.lz4=01;31:*.lzh=01;31:*.lzma=01;31:*.tlz=01;31:*.txz=01;31:*.tzo=01;31:*.t7z=01;31:*.zip=01;31:*.z=01;31:*.dz=01;31:*.gz=01;31:*.lrz=01;31:*.lz=01;31:*.lzo=01;31:*.xz=01;31:*.zst=01;31:*.tzst=01;31:*.bz2=01;31:*.bz=01;31:*.tbz=01;31:*.tbz2=01;31:*.tz=01;31:*.deb=01;31:*.rpm=01;31:*.jar=01;31:*.war=01;31:*.ear=01;31:*.sar=01;31:*.rar=01;31:*.alz=01;31:*.ace=01;31:*.zoo=01;31:*.cpio=01;31:*.7z=01;31:*.rz=01;31:*.cab=01;31:*.wim=01;31:*.swm=01;31:*.dwm=01;31:*.esd=01;31:*.jpg=01;35:*.jpeg=01;35:*.mjpg=01;35:*.mjpeg=01;35:*.gif=01;35:*.bmp=01;35:*.pbm=01;35:*.pgm=01;35:*.ppm=01;35:*.tga=01;35:*.xbm=01;35:*.xpm=01;35:*.tif=01;35:*.tiff=01;35:*.png=01;35:*.svg=01;35:*.svgz=01;35:*.mng=01;35:*.pcx=01;35:*.mov=01;35:*.mpg=01;35:*.mpeg=01;35:*.m2v=01;35:*.mkv=01;35:*.webm=01;35:*.webp=01;35:*.ogm=01;35:*.mp4=01;35:*.m4v=01;35:*.mp4v=01;35:*.vob=01;35:*.qt=01;35:*.nuv=01;35:*.wmv=01;35:*.asf=01;35:*.rm=01;35:*.rmvb=01;35:*.flc=01;35:*.avi=01;35:*.fli=01;35:*.flv=01;35:*.gl=01;35:*.dl=01;35:*.xcf=01;35:*.xwd=01;35:*.yuv=01;35:*.cgm=01;35:*.emf=01;35:*.ogv=01;35:*.ogx=01;35:*.aac=00;36:*.au=00;36:*.flac=00;36:*.m4a=00;36:*.mid=00;36:*.midi=00;36:*.mka=00;36:*.mp3=00;36:*.mpc=00;36:*.ogg=00;36:*.ra=00;36:*.wav=00;36:*.oga=00;36:*.opus=00;36:*.spx=00;36:*.xspf=00;36:', 'ROS_DOMAIN_ID': '0', 'AMENT_PREFIX_PATH': '/home/pi/seav2/install/carlikebot_ros2_control:/home/pi/seav2/install/serial:/home/pi/seav2/install/seav2_imu:/home/pi/seav2/install/seav2:/home/pi/seav2/install/ros2_control_demo_description:/home/pi/seav2/install/robot_cam_ros:/home/pi/seav2/install/ball_tracker:/home/pi/ss25/install/wheel_odometry:/home/pi/ss25/install/vup_2k7:/home/pi/ss25/install/summary:/home/pi/ss25/install/sllidar_ros2:/home/pi/ss25/install/safety_control:/home/pi/ss25/install/project:/home/pi/ss25/install/my_slam:/home/pi/ss25/install/my_motor_driver:/home/pi/ss25/install/final:/home/pi/ss25/install/description:/home/pi/ss25/install/bringup_pkg:/home/pi/ss25/src/summary/install/summary:/home/pi/ss25/src/install/wheel_odometry:/home/pi/ss25/src/install/summary:/home/pi/ss25/src/install/sllidar_ros2:/home/pi/ss25/src/install/safety_control:/home/pi/ss25/src/install/project:/home/pi/ss25/src/install/my_motor_driver:/home/pi/ss25/src/install/description:/home/pi/ss25/src/install/bringup_pkg:/home/pi/install/summary:/home/pi/demo_testing_9_april/seav/install/yolov8_ros:/home/pi/demo_testing_9_april/seav/install/static_tf_publisher:/home/pi/demo_testing_9_april/seav/install/seav_test_sensors:/home/pi/demo_testing_9_april/seav/install/seav_simulation:/home/pi/demo_testing_9_april/seav/install/seav_description:/home/pi/demo_testing_9_april/seav/install/rplidar_ros:/home/pi/demo_testing_9_april/seav/install/my_robot_controller:/home/pi/demo_testing_9_april/seav/install/my_nav2_pkg:/opt/ros/humble', 'SHELL': '/bin/bash', 'LC_NAME': 'en_US.UTF-8', 'LESSCLOSE': '/usr/bin/lesspipe %s %s', 'LC_MEASUREMENT': 'en_US.UTF-8', 'LC_IDENTIFICATION': 'en_US.UTF-8', 'PWD': '/home/pi/seav2/build/seav2_imu', 'LC_ALL': 'en_US.UTF-8', 'SSH_CONNECTION': '192.168.0.105 55666 192.168.0.210 22', 'XDG_DATA_DIRS': '/usr/local/share:/usr/share:/var/lib/snapd/desktop', 'PYTHONPATH': '/home/pi/seav2/build/seav2_imu/prefix_override:/usr/lib/python3/dist-packages/colcon_core/task/python/colcon_distutils_commands:/home/pi/seav2/install/seav2_imu/lib/python3.10/site-packages:/home/pi/seav2/build/seav2_imu:/home/pi/seav2/install/seav2_imu/lib/python3.10/site-packages:/home/pi/seav2/build/robot_cam_ros:/home/pi/seav2/install/robot_cam_ros/lib/python3.10/site-packages:/home/pi/seav2/build/ball_tracker:/home/pi/seav2/install/ball_tracker/lib/python3.10/site-packages:/home/pi/ss25/install/wheel_odometry/lib/python3.10/site-packages:/home/pi/ss25/install/vup_2k7/lib/python3.10/site-packages:/home/pi/ss25/install/summary/lib/python3.10/site-packages:/home/pi/ss25/install/safety_control/lib/python3.10/site-packages:/home/pi/ss25/install/project/lib/python3.10/site-packages:/home/pi/ss25/install/my_slam/lib/python3.10/site-packages:/home/pi/ss25/install/my_motor_driver/lib/python3.10/site-packages:/home/pi/ss25/install/final/lib/python3.10/site-packages:/home/pi/ss25/install/description/lib/python3.10/site-packages:/home/pi/ss25/install/bringup_pkg/lib/python3.10/site-packages:/home/pi/ss25/src/summary/install/summary/lib/python3.10/site-packages:/home/pi/ss25/src/install/wheel_odometry/lib/python3.10/site-packages:/home/pi/ss25/src/install/summary/lib/python3.10/site-packages:/home/pi/ss25/src/install/safety_control/lib/python3.10/site-packages:/home/pi/ss25/src/install/project/lib/python3.10/site-packages:/home/pi/ss25/src/install/my_motor_driver/lib/python3.10/site-packages:/home/pi/ss25/src/install/description/lib/python3.10/site-packages:/home/pi/ss25/src/install/bringup_pkg/lib/python3.10/site-packages:/home/pi/install/summary/lib/python3.10/site-packages:/home/pi/demo_testing_9_april/seav/install/yolov8_ros/lib/python3.10/site-packages:/home/pi/demo_testing_9_april/seav/install/static_tf_publisher/lib/python3.10/site-packages:/home/pi/demo_testing_9_april/seav/install/seav_test_sensors/lib/python3.10/site-packages:/home/pi/demo_testing_9_april/seav/install/my_robot_controller/lib/python3.10/site-packages:/opt/ros/humble/lib/python3.10/site-packages:/opt/ros/humble/local/lib/python3.10/dist-packages', 'ROS_HOSTNAME': '192.168.137.192', 'LC_NUMERIC': 'en_US.UTF-8', 'LC_PAPER': 'en_US.UTF-8', 'COLCON': '1', 'CMAKE_PREFIX_PATH': '/home/pi/seav2/install/carlikebot_ros2_control:/home/pi/seav2/install/serial:/home/pi/seav2/install/seav2:/home/pi/seav2/install/ros2_control_demo_description:/home/pi/ss25/install/sllidar_ros2:/home/pi/ss25/src/install/sllidar_ros2:/home/pi/demo_testing_9_april/seav/install/seav_simulation:/home/pi/demo_testing_9_april/seav/install/seav_description:/home/pi/demo_testing_9_april/seav/install/rplidar_ros:/home/pi/demo_testing_9_april/seav/install/my_nav2_pkg'}, 'shell': False}
[22.355848] (-) TimerEvent: {}
[22.457559] (-) TimerEvent: {}
[22.559044] (-) TimerEvent: {}
[22.660645] (-) TimerEvent: {}
[22.762324] (-) TimerEvent: {}
[22.864141] (-) TimerEvent: {}
[22.966653] (-) TimerEvent: {}
[23.069740] (-) TimerEvent: {}
[23.172523] (-) TimerEvent: {}
[23.275105] (-) TimerEvent: {}
[23.378679] (-) TimerEvent: {}
[23.482327] (-) TimerEvent: {}
[23.586081] (-) TimerEvent: {}
[23.690193] (-) TimerEvent: {}
[23.793941] (-) TimerEvent: {}
[23.896704] (-) TimerEvent: {}
[23.999241] (-) TimerEvent: {}
[24.101872] (-) TimerEvent: {}
[24.205741] (-) TimerEvent: {}
[24.310571] (-) TimerEvent: {}
[24.414084] (-) TimerEvent: {}
[24.517677] (-) TimerEvent: {}
[24.619423] (-) TimerEvent: {}
[24.723154] (-) TimerEvent: {}
[24.826898] (-) TimerEvent: {}
[24.931755] (-) TimerEvent: {}
[25.035479] (-) TimerEvent: {}
[25.137170] (-) TimerEvent: {}
[25.241032] (-) TimerEvent: {}
[25.286308] (v4l2_camera) StderrLine: {'line': b'\x1b[01m\x1b[K/home/pi/seav2/src/ros2_v4l2_camera/src/v4l2_camera.cpp:23:10:\x1b[m\x1b[K \x1b[01;31m\x1b[Kfatal error: \x1b[m\x1b[Kcv_bridge/cv_bridge.hpp: No such file or directory\n'}
[25.288222] (v4l2_camera) StderrLine: {'line': b'   23 | #include \x1b[01;31m\x1b[K<cv_bridge/cv_bridge.hpp>\x1b[m\x1b[K\n'}
[25.289699] (v4l2_camera) StderrLine: {'line': b'      |          \x1b[01;31m\x1b[K^~~~~~~~~~~~~~~~~~~~~~~~~\x1b[m\x1b[K\n'}
[25.291300] (v4l2_camera) StderrLine: {'line': b'compilation terminated.\n'}
[25.315076] (v4l2_camera) StderrLine: {'line': b'gmake[2]: *** [CMakeFiles/v4l2_camera.dir/build.make:90: CMakeFiles/v4l2_camera.dir/src/v4l2_camera.cpp.o] Error 1\n'}
[25.319152] (v4l2_camera) StderrLine: {'line': b'gmake[1]: *** [CMakeFiles/Makefile2:141: CMakeFiles/v4l2_camera.dir/all] Error 2\n'}
[25.323160] (v4l2_camera) StderrLine: {'line': b'gmake: *** [Makefile:146: all] Error 2\n'}
[25.341359] (v4l2_camera) CommandEnded: {'returncode': 2}
[25.347726] (-) TimerEvent: {}
[25.460233] (-) TimerEvent: {}
[25.476799] (v4l2_camera) JobEnded: {'identifier': 'v4l2_camera', 'rc': 2}
[25.560657] (-) TimerEvent: {}
[25.662328] (-) TimerEvent: {}
[25.765575] (-) TimerEvent: {}
[25.869442] (-) TimerEvent: {}
[25.973379] (-) TimerEvent: {}
[26.032739] (ball_tracker) StdoutLine: {'line': b'running egg_info\n'}
[26.037657] (ball_tracker) StdoutLine: {'line': b'writing ball_tracker.egg-info/PKG-INFO\n'}
[26.038983] (ball_tracker) StdoutLine: {'line': b'writing dependency_links to ball_tracker.egg-info/dependency_links.txt\n'}
[26.045740] (ball_tracker) StdoutLine: {'line': b'writing entry points to ball_tracker.egg-info/entry_points.txt\n'}
[26.047061] (ball_tracker) StdoutLine: {'line': b'writing requirements to ball_tracker.egg-info/requires.txt\n'}
[26.048339] (ball_tracker) StdoutLine: {'line': b'writing top-level names to ball_tracker.egg-info/top_level.txt\n'}
[26.066079] (ball_tracker) StdoutLine: {'line': b"reading manifest file 'ball_tracker.egg-info/SOURCES.txt'\n"}
[26.073585] (-) TimerEvent: {}
[26.078387] (ball_tracker) StdoutLine: {'line': b"writing manifest file 'ball_tracker.egg-info/SOURCES.txt'\n"}
[26.117335] (ball_tracker) StdoutLine: {'line': b'running build_ext\n'}
[26.119666] (ball_tracker) StdoutLine: {'line': b'Creating /home/pi/seav2/install/ball_tracker/lib/python3.10/site-packages/ball-tracker.egg-link (link to .)\n'}
[26.130420] (ball_tracker) StdoutLine: {'line': b'Installing detect_ball script to /home/pi/seav2/install/ball_tracker/lib/ball_tracker\n'}
[26.132620] (ball_tracker) StdoutLine: {'line': b'Installing detect_ball_3d script to /home/pi/seav2/install/ball_tracker/lib/ball_tracker\n'}
[26.134744] (ball_tracker) StdoutLine: {'line': b'Installing follow_ball script to /home/pi/seav2/install/ball_tracker/lib/ball_tracker\n'}
[26.138026] (ball_tracker) StdoutLine: {'line': b'\n'}
[26.139408] (ball_tracker) StdoutLine: {'line': b'Installed /home/pi/seav2/build/ball_tracker\n'}
[26.140451] (ball_tracker) StdoutLine: {'line': b'running symlink_data\n'}
[26.173949] (-) TimerEvent: {}
[26.275918] (-) TimerEvent: {}
[26.377995] (-) TimerEvent: {}
[26.450038] (ball_tracker) JobEnded: {'identifier': 'ball_tracker', 'rc': 'SIGINT'}
[26.478302] (-) TimerEvent: {}
[26.581172] (-) TimerEvent: {}
[26.684968] (-) TimerEvent: {}
[26.788594] (-) TimerEvent: {}
[26.892708] (-) TimerEvent: {}
[26.996496] (-) TimerEvent: {}
[27.099810] (-) TimerEvent: {}
[27.202866] (-) TimerEvent: {}
[27.295281] (robot_cam_ros) StdoutLine: {'line': b'running egg_info\n'}
[27.300500] (robot_cam_ros) StdoutLine: {'line': b'writing robot_cam_ros.egg-info/PKG-INFO\n'}
[27.302178] (robot_cam_ros) StdoutLine: {'line': b'writing dependency_links to robot_cam_ros.egg-info/dependency_links.txt\n'}
[27.309035] (-) TimerEvent: {}
[27.310414] (robot_cam_ros) StdoutLine: {'line': b'writing entry points to robot_cam_ros.egg-info/entry_points.txt\n'}
[27.311867] (robot_cam_ros) StdoutLine: {'line': b'writing requirements to robot_cam_ros.egg-info/requires.txt\n'}
[27.313207] (robot_cam_ros) StdoutLine: {'line': b'writing top-level names to robot_cam_ros.egg-info/top_level.txt\n'}
[27.332413] (robot_cam_ros) StdoutLine: {'line': b"reading manifest file 'robot_cam_ros.egg-info/SOURCES.txt'\n"}
[27.345202] (robot_cam_ros) StdoutLine: {'line': b"writing manifest file 'robot_cam_ros.egg-info/SOURCES.txt'\n"}
[27.370973] (robot_cam_ros) StdoutLine: {'line': b'running build_ext\n'}
[27.375389] (robot_cam_ros) StdoutLine: {'line': b'Creating /home/pi/seav2/install/robot_cam_ros/lib/python3.10/site-packages/robot-cam-ros.egg-link (link to .)\n'}
[27.385298] (robot_cam_ros) StdoutLine: {'line': b'Installing follow_cam script to /home/pi/seav2/install/robot_cam_ros/lib/robot_cam_ros\n'}
[27.393805] (robot_cam_ros) StdoutLine: {'line': b'\n'}
[27.396316] (robot_cam_ros) StdoutLine: {'line': b'Installed /home/pi/seav2/build/robot_cam_ros\n'}
[27.398465] (robot_cam_ros) StdoutLine: {'line': b'running symlink_data\n'}
[27.417684] (-) TimerEvent: {}
[27.521123] (-) TimerEvent: {}
[27.624104] (-) TimerEvent: {}
[27.689064] (robot_cam_ros) JobEnded: {'identifier': 'robot_cam_ros', 'rc': 'SIGINT'}
[27.724447] (-) TimerEvent: {}
[27.830915] (-) TimerEvent: {}
[27.934860] (-) TimerEvent: {}
[28.038250] (-) TimerEvent: {}
[28.139664] (-) TimerEvent: {}
[28.241169] (-) TimerEvent: {}
[28.343253] (-) TimerEvent: {}
[28.444915] (-) TimerEvent: {}
[28.546836] (-) TimerEvent: {}
[28.648609] (-) TimerEvent: {}
[28.751867] (-) TimerEvent: {}
[28.822084] (seav2_imu) StdoutLine: {'line': b'running develop\n'}
[28.852167] (-) TimerEvent: {}
[28.953756] (-) TimerEvent: {}
[29.055377] (-) TimerEvent: {}
[29.158606] (-) TimerEvent: {}
[29.264536] (-) TimerEvent: {}
[29.368760] (-) TimerEvent: {}
[29.473489] (-) TimerEvent: {}
[29.575925] (-) TimerEvent: {}
[29.677539] (-) TimerEvent: {}
[29.779247] (-) TimerEvent: {}
[29.880989] (-) TimerEvent: {}
[29.982479] (-) TimerEvent: {}
[30.083873] (-) TimerEvent: {}
[30.185577] (-) TimerEvent: {}
[30.286889] (-) TimerEvent: {}
[30.388126] (-) TimerEvent: {}
[30.489403] (-) TimerEvent: {}
[30.590740] (-) TimerEvent: {}
[30.692098] (-) TimerEvent: {}
[30.793576] (-) TimerEvent: {}
[30.894950] (-) TimerEvent: {}
[30.996296] (-) TimerEvent: {}
[31.097505] (-) TimerEvent: {}
[31.198768] (-) TimerEvent: {}
[31.300058] (-) TimerEvent: {}
[31.401348] (-) TimerEvent: {}
[31.502673] (-) TimerEvent: {}
[31.603909] (-) TimerEvent: {}
[31.705398] (-) TimerEvent: {}
[31.806733] (-) TimerEvent: {}
[31.898043] (seav2_imu) StdoutLine: {'line': b'running egg_info\n'}
[31.899704] (seav2_imu) StdoutLine: {'line': b'writing seav2_imu.egg-info/PKG-INFO\n'}
[31.901914] (seav2_imu) StdoutLine: {'line': b'writing dependency_links to seav2_imu.egg-info/dependency_links.txt\n'}
[31.903744] (seav2_imu) StdoutLine: {'line': b'writing entry points to seav2_imu.egg-info/entry_points.txt\n'}
[31.905343] (seav2_imu) StdoutLine: {'line': b'writing requirements to seav2_imu.egg-info/requires.txt\n'}
[31.906837] (seav2_imu) StdoutLine: {'line': b'writing top-level names to seav2_imu.egg-info/top_level.txt\n'}
[31.907905] (-) TimerEvent: {}
[31.925551] (seav2_imu) StdoutLine: {'line': b"reading manifest file 'seav2_imu.egg-info/SOURCES.txt'\n"}
[31.935114] (seav2_imu) StdoutLine: {'line': b"writing manifest file 'seav2_imu.egg-info/SOURCES.txt'\n"}
[31.957462] (seav2_imu) StdoutLine: {'line': b'running build_ext\n'}
[31.959678] (seav2_imu) StdoutLine: {'line': b'Creating /home/pi/seav2/install/seav2_imu/lib/python3.10/site-packages/seav2-imu.egg-link (link to .)\n'}
[31.968193] (seav2_imu) StdoutLine: {'line': b'Installing mpu6050_node script to /home/pi/seav2/install/seav2_imu/lib/seav2_imu\n'}
[31.971187] (seav2_imu) StdoutLine: {'line': b'\n'}
[31.972618] (seav2_imu) StdoutLine: {'line': b'Installed /home/pi/seav2/build/seav2_imu\n'}
[31.973664] (seav2_imu) StdoutLine: {'line': b'running symlink_data\n'}
[32.008295] (-) TimerEvent: {}
[32.110061] (-) TimerEvent: {}
[32.199952] (seav2_imu) JobEnded: {'identifier': 'seav2_imu', 'rc': 'SIGINT'}
[32.208107] (carlikebot_ros2_control) JobSkipped: {'identifier': 'carlikebot_ros2_control'}
[32.208479] (-) EventReactorShutdown: {}
