[1.403s] DEBUG:colcon:Command line arguments: ['/usr/bin/colcon', 'build']
[1.404s] DEBUG:colcon:Parsed command line arguments: Namespace(log_base=None, log_level=None, verb_name='build', build_base='build', install_base='install', merge_install=False, symlink_install=False, test_result_base=None, continue_on_error=False, executor='parallel', parallel_workers=4, event_handlers=None, ignore_user_meta=False, metas=['./colcon.meta'], base_paths=['.'], packages_ignore=None, packages_ignore_regex=None, paths=None, packages_up_to=None, packages_up_to_regex=None, packages_above=None, packages_above_and_dependencies=None, packages_above_depth=None, packages_select_by_dep=None, packages_skip_by_dep=None, packages_skip_up_to=None, packages_select_build_failed=False, packages_skip_build_finished=False, packages_select_test_failures=False, packages_skip_test_passed=False, packages_select=None, packages_skip=None, packages_select_regex=None, packages_skip_regex=None, packages_start=None, packages_end=None, allow_overriding=[], cmake_args=None, cmake_target=None, cmake_target_skip_unavailable=False, cmake_clean_cache=False, cmake_clean_first=False, cmake_force_configure=False, ament_cmake_args=None, catkin_cmake_args=None, catkin_skip_building_tests=False, verb_parser=<colcon_defaults.argument_parser.defaults.DefaultArgumentsDecorator object at 0xffff9e141510>, verb_extension=<colcon_core.verb.build.BuildVerb object at 0xffff9e2da980>, main=<bound method BuildVerb.main of <colcon_core.verb.build.BuildVerb object at 0xffff9e2da980>>)
[4.054s] Level 1:colcon.colcon_core.package_discovery:discover_packages(colcon_meta) check parameters
[4.055s] Level 1:colcon.colcon_core.package_discovery:discover_packages(recursive) check parameters
[4.056s] Level 1:colcon.colcon_core.package_discovery:discover_packages(ignore) check parameters
[4.056s] Level 1:colcon.colcon_core.package_discovery:discover_packages(path) check parameters
[4.057s] Level 1:colcon.colcon_core.package_discovery:discover_packages(colcon_meta) discover
[4.057s] Level 1:colcon.colcon_core.package_discovery:discover_packages(recursive) discover
[4.058s] INFO:colcon.colcon_core.package_discovery:Crawling recursively for packages in '/home/pi/seav2'
[4.059s] Level 1:colcon.colcon_core.package_identification:_identify(.) by extensions ['ignore', 'ignore_ament_install']
[4.060s] Level 1:colcon.colcon_core.package_identification:_identify(.) by extension 'ignore'
[4.060s] Level 1:colcon.colcon_core.package_identification:_identify(.) by extension 'ignore_ament_install'
[4.061s] Level 1:colcon.colcon_core.package_identification:_identify(.) by extensions ['colcon_pkg']
[4.061s] Level 1:colcon.colcon_core.package_identification:_identify(.) by extension 'colcon_pkg'
[4.062s] Level 1:colcon.colcon_core.package_identification:_identify(.) by extensions ['colcon_meta']
[4.062s] Level 1:colcon.colcon_core.package_identification:_identify(.) by extension 'colcon_meta'
[4.063s] Level 1:colcon.colcon_core.package_identification:_identify(.) by extensions ['ros']
[4.063s] Level 1:colcon.colcon_core.package_identification:_identify(.) by extension 'ros'
[4.181s] Level 1:colcon.colcon_core.package_identification:_identify(.) by extensions ['cmake', 'python']
[4.182s] Level 1:colcon.colcon_core.package_identification:_identify(.) by extension 'cmake'
[4.183s] Level 1:colcon.colcon_core.package_identification:_identify(.) by extension 'python'
[4.183s] Level 1:colcon.colcon_core.package_identification:_identify(.) by extensions ['python_setup_py']
[4.184s] Level 1:colcon.colcon_core.package_identification:_identify(.) by extension 'python_setup_py'
[4.185s] Level 1:colcon.colcon_core.package_identification:_identify(build) by extensions ['ignore', 'ignore_ament_install']
[4.186s] Level 1:colcon.colcon_core.package_identification:_identify(build) by extension 'ignore'
[4.187s] Level 1:colcon.colcon_core.package_identification:_identify(build) ignored
[4.189s] Level 1:colcon.colcon_core.package_identification:_identify(install) by extensions ['ignore', 'ignore_ament_install']
[4.190s] Level 1:colcon.colcon_core.package_identification:_identify(install) by extension 'ignore'
[4.190s] Level 1:colcon.colcon_core.package_identification:_identify(install) ignored
[4.193s] Level 1:colcon.colcon_core.package_identification:_identify(log) by extensions ['ignore', 'ignore_ament_install']
[4.194s] Level 1:colcon.colcon_core.package_identification:_identify(log) by extension 'ignore'
[4.194s] Level 1:colcon.colcon_core.package_identification:_identify(log) ignored
[4.196s] Level 1:colcon.colcon_core.package_identification:_identify(src) by extensions ['ignore', 'ignore_ament_install']
[4.196s] Level 1:colcon.colcon_core.package_identification:_identify(src) by extension 'ignore'
[4.197s] Level 1:colcon.colcon_core.package_identification:_identify(src) by extension 'ignore_ament_install'
[4.198s] Level 1:colcon.colcon_core.package_identification:_identify(src) by extensions ['colcon_pkg']
[4.198s] Level 1:colcon.colcon_core.package_identification:_identify(src) by extension 'colcon_pkg'
[4.199s] Level 1:colcon.colcon_core.package_identification:_identify(src) by extensions ['colcon_meta']
[4.199s] Level 1:colcon.colcon_core.package_identification:_identify(src) by extension 'colcon_meta'
[4.199s] Level 1:colcon.colcon_core.package_identification:_identify(src) by extensions ['ros']
[4.200s] Level 1:colcon.colcon_core.package_identification:_identify(src) by extension 'ros'
[4.201s] Level 1:colcon.colcon_core.package_identification:_identify(src) by extensions ['cmake', 'python']
[4.201s] Level 1:colcon.colcon_core.package_identification:_identify(src) by extension 'cmake'
[4.202s] Level 1:colcon.colcon_core.package_identification:_identify(src) by extension 'python'
[4.202s] Level 1:colcon.colcon_core.package_identification:_identify(src) by extensions ['python_setup_py']
[4.203s] Level 1:colcon.colcon_core.package_identification:_identify(src) by extension 'python_setup_py'
[4.204s] Level 1:colcon.colcon_core.package_identification:_identify(src/ball_tracker) by extensions ['ignore', 'ignore_ament_install']
[4.205s] Level 1:colcon.colcon_core.package_identification:_identify(src/ball_tracker) by extension 'ignore'
[4.206s] Level 1:colcon.colcon_core.package_identification:_identify(src/ball_tracker) by extension 'ignore_ament_install'
[4.206s] Level 1:colcon.colcon_core.package_identification:_identify(src/ball_tracker) by extensions ['colcon_pkg']
[4.207s] Level 1:colcon.colcon_core.package_identification:_identify(src/ball_tracker) by extension 'colcon_pkg'
[4.207s] Level 1:colcon.colcon_core.package_identification:_identify(src/ball_tracker) by extensions ['colcon_meta']
[4.207s] Level 1:colcon.colcon_core.package_identification:_identify(src/ball_tracker) by extension 'colcon_meta'
[4.208s] Level 1:colcon.colcon_core.package_identification:_identify(src/ball_tracker) by extensions ['ros']
[4.209s] Level 1:colcon.colcon_core.package_identification:_identify(src/ball_tracker) by extension 'ros'
[4.234s] DEBUG:colcon.colcon_core.package_identification:Package 'src/ball_tracker' with type 'ros.ament_python' and name 'ball_tracker'
[4.236s] Level 1:colcon.colcon_core.package_identification:_identify(src/robot_cam_ros) by extensions ['ignore', 'ignore_ament_install']
[4.236s] Level 1:colcon.colcon_core.package_identification:_identify(src/robot_cam_ros) by extension 'ignore'
[4.237s] Level 1:colcon.colcon_core.package_identification:_identify(src/robot_cam_ros) by extension 'ignore_ament_install'
[4.238s] Level 1:colcon.colcon_core.package_identification:_identify(src/robot_cam_ros) by extensions ['colcon_pkg']
[4.238s] Level 1:colcon.colcon_core.package_identification:_identify(src/robot_cam_ros) by extension 'colcon_pkg'
[4.239s] Level 1:colcon.colcon_core.package_identification:_identify(src/robot_cam_ros) by extensions ['colcon_meta']
[4.239s] Level 1:colcon.colcon_core.package_identification:_identify(src/robot_cam_ros) by extension 'colcon_meta'
[4.240s] Level 1:colcon.colcon_core.package_identification:_identify(src/robot_cam_ros) by extensions ['ros']
[4.240s] Level 1:colcon.colcon_core.package_identification:_identify(src/robot_cam_ros) by extension 'ros'
[4.246s] DEBUG:colcon.colcon_core.package_identification:Package 'src/robot_cam_ros' with type 'ros.ament_python' and name 'robot_cam_ros'
[4.248s] Level 1:colcon.colcon_core.package_identification:_identify(src/ros2_v4l2_camera) by extensions ['ignore', 'ignore_ament_install']
[4.249s] Level 1:colcon.colcon_core.package_identification:_identify(src/ros2_v4l2_camera) by extension 'ignore'
[4.250s] Level 1:colcon.colcon_core.package_identification:_identify(src/ros2_v4l2_camera) by extension 'ignore_ament_install'
[4.251s] Level 1:colcon.colcon_core.package_identification:_identify(src/ros2_v4l2_camera) by extensions ['colcon_pkg']
[4.251s] Level 1:colcon.colcon_core.package_identification:_identify(src/ros2_v4l2_camera) by extension 'colcon_pkg'
[4.252s] Level 1:colcon.colcon_core.package_identification:_identify(src/ros2_v4l2_camera) by extensions ['colcon_meta']
[4.252s] Level 1:colcon.colcon_core.package_identification:_identify(src/ros2_v4l2_camera) by extension 'colcon_meta'
[4.253s] Level 1:colcon.colcon_core.package_identification:_identify(src/ros2_v4l2_camera) by extensions ['ros']
[4.253s] Level 1:colcon.colcon_core.package_identification:_identify(src/ros2_v4l2_camera) by extension 'ros'
[4.262s] DEBUG:colcon.colcon_core.package_identification:Package 'src/ros2_v4l2_camera' with type 'ros.ament_cmake' and name 'v4l2_camera'
[4.264s] Level 1:colcon.colcon_core.package_identification:_identify(src/seav-ii) by extensions ['ignore', 'ignore_ament_install']
[4.265s] Level 1:colcon.colcon_core.package_identification:_identify(src/seav-ii) by extension 'ignore'
[4.265s] Level 1:colcon.colcon_core.package_identification:_identify(src/seav-ii) by extension 'ignore_ament_install'
[4.266s] Level 1:colcon.colcon_core.package_identification:_identify(src/seav-ii) by extensions ['colcon_pkg']
[4.267s] Level 1:colcon.colcon_core.package_identification:_identify(src/seav-ii) by extension 'colcon_pkg'
[4.267s] Level 1:colcon.colcon_core.package_identification:_identify(src/seav-ii) by extensions ['colcon_meta']
[4.267s] Level 1:colcon.colcon_core.package_identification:_identify(src/seav-ii) by extension 'colcon_meta'
[4.268s] Level 1:colcon.colcon_core.package_identification:_identify(src/seav-ii) by extensions ['ros']
[4.268s] Level 1:colcon.colcon_core.package_identification:_identify(src/seav-ii) by extension 'ros'
[4.273s] DEBUG:colcon.colcon_core.package_identification:Failed to parse potential ROS package manifest in'src/seav-ii': Error(s) in package 'src/seav-ii/package.xml':
The manifest contains invalid XML:
junk after document element: line 21, column 0
[4.274s] Level 1:colcon.colcon_core.package_identification:_identify(src/seav-ii) by extensions ['cmake', 'python']
[4.274s] Level 1:colcon.colcon_core.package_identification:_identify(src/seav-ii) by extension 'cmake'
[4.275s] Level 1:colcon.colcon_core.package_identification:_identify(src/seav-ii) by extension 'python'
[4.275s] Level 1:colcon.colcon_core.package_identification:_identify(src/seav-ii) by extensions ['python_setup_py']
[4.276s] Level 1:colcon.colcon_core.package_identification:_identify(src/seav-ii) by extension 'python_setup_py'
[4.277s] Level 1:colcon.colcon_core.package_identification:_identify(src/seav-ii/build) by extensions ['ignore', 'ignore_ament_install']
[4.278s] Level 1:colcon.colcon_core.package_identification:_identify(src/seav-ii/build) by extension 'ignore'
[4.279s] Level 1:colcon.colcon_core.package_identification:_identify(src/seav-ii/build) ignored
[4.280s] Level 1:colcon.colcon_core.package_identification:_identify(src/seav-ii/carlikebot_ros2_control) by extensions ['ignore', 'ignore_ament_install']
[4.281s] Level 1:colcon.colcon_core.package_identification:_identify(src/seav-ii/carlikebot_ros2_control) by extension 'ignore'
[4.282s] Level 1:colcon.colcon_core.package_identification:_identify(src/seav-ii/carlikebot_ros2_control) by extension 'ignore_ament_install'
[4.282s] Level 1:colcon.colcon_core.package_identification:_identify(src/seav-ii/carlikebot_ros2_control) by extensions ['colcon_pkg']
[4.283s] Level 1:colcon.colcon_core.package_identification:_identify(src/seav-ii/carlikebot_ros2_control) by extension 'colcon_pkg'
[4.283s] Level 1:colcon.colcon_core.package_identification:_identify(src/seav-ii/carlikebot_ros2_control) by extensions ['colcon_meta']
[4.284s] Level 1:colcon.colcon_core.package_identification:_identify(src/seav-ii/carlikebot_ros2_control) by extension 'colcon_meta'
[4.284s] Level 1:colcon.colcon_core.package_identification:_identify(src/seav-ii/carlikebot_ros2_control) by extensions ['ros']
[4.285s] Level 1:colcon.colcon_core.package_identification:_identify(src/seav-ii/carlikebot_ros2_control) by extension 'ros'
[4.286s] Level 1:colcon.colcon_core.package_identification:_identify(src/seav-ii/carlikebot_ros2_control) by extensions ['cmake', 'python']
[4.286s] Level 1:colcon.colcon_core.package_identification:_identify(src/seav-ii/carlikebot_ros2_control) by extension 'cmake'
[4.287s] Level 1:colcon.colcon_core.package_identification:_identify(src/seav-ii/carlikebot_ros2_control) by extension 'python'
[4.287s] Level 1:colcon.colcon_core.package_identification:_identify(src/seav-ii/carlikebot_ros2_control) by extensions ['python_setup_py']
[4.288s] Level 1:colcon.colcon_core.package_identification:_identify(src/seav-ii/carlikebot_ros2_control) by extension 'python_setup_py'
[4.289s] Level 1:colcon.colcon_core.package_identification:_identify(src/seav-ii/carlikebot_ros2_control/carlikebot_ros2_control) by extensions ['ignore', 'ignore_ament_install']
[4.290s] Level 1:colcon.colcon_core.package_identification:_identify(src/seav-ii/carlikebot_ros2_control/carlikebot_ros2_control) by extension 'ignore'
[4.291s] Level 1:colcon.colcon_core.package_identification:_identify(src/seav-ii/carlikebot_ros2_control/carlikebot_ros2_control) by extension 'ignore_ament_install'
[4.292s] Level 1:colcon.colcon_core.package_identification:_identify(src/seav-ii/carlikebot_ros2_control/carlikebot_ros2_control) by extensions ['colcon_pkg']
[4.292s] Level 1:colcon.colcon_core.package_identification:_identify(src/seav-ii/carlikebot_ros2_control/carlikebot_ros2_control) by extension 'colcon_pkg'
[4.293s] Level 1:colcon.colcon_core.package_identification:_identify(src/seav-ii/carlikebot_ros2_control/carlikebot_ros2_control) by extensions ['colcon_meta']
[4.293s] Level 1:colcon.colcon_core.package_identification:_identify(src/seav-ii/carlikebot_ros2_control/carlikebot_ros2_control) by extension 'colcon_meta'
[4.294s] Level 1:colcon.colcon_core.package_identification:_identify(src/seav-ii/carlikebot_ros2_control/carlikebot_ros2_control) by extensions ['ros']
[4.294s] Level 1:colcon.colcon_core.package_identification:_identify(src/seav-ii/carlikebot_ros2_control/carlikebot_ros2_control) by extension 'ros'
[4.308s] DEBUG:colcon.colcon_core.package_identification:Package 'src/seav-ii/carlikebot_ros2_control/carlikebot_ros2_control' with type 'ros.ament_cmake' and name 'carlikebot_ros2_control'
[4.309s] Level 1:colcon.colcon_core.package_identification:_identify(src/seav-ii/carlikebot_ros2_control/ros2_control_demo_description) by extensions ['ignore', 'ignore_ament_install']
[4.310s] Level 1:colcon.colcon_core.package_identification:_identify(src/seav-ii/carlikebot_ros2_control/ros2_control_demo_description) by extension 'ignore'
[4.311s] Level 1:colcon.colcon_core.package_identification:_identify(src/seav-ii/carlikebot_ros2_control/ros2_control_demo_description) by extension 'ignore_ament_install'
[4.312s] Level 1:colcon.colcon_core.package_identification:_identify(src/seav-ii/carlikebot_ros2_control/ros2_control_demo_description) by extensions ['colcon_pkg']
[4.312s] Level 1:colcon.colcon_core.package_identification:_identify(src/seav-ii/carlikebot_ros2_control/ros2_control_demo_description) by extension 'colcon_pkg'
[4.313s] Level 1:colcon.colcon_core.package_identification:_identify(src/seav-ii/carlikebot_ros2_control/ros2_control_demo_description) by extensions ['colcon_meta']
[4.313s] Level 1:colcon.colcon_core.package_identification:_identify(src/seav-ii/carlikebot_ros2_control/ros2_control_demo_description) by extension 'colcon_meta'
[4.314s] Level 1:colcon.colcon_core.package_identification:_identify(src/seav-ii/carlikebot_ros2_control/ros2_control_demo_description) by extensions ['ros']
[4.314s] Level 1:colcon.colcon_core.package_identification:_identify(src/seav-ii/carlikebot_ros2_control/ros2_control_demo_description) by extension 'ros'
[4.320s] DEBUG:colcon.colcon_core.package_identification:Package 'src/seav-ii/carlikebot_ros2_control/ros2_control_demo_description' with type 'ros.ament_cmake' and name 'ros2_control_demo_description'
[4.322s] Level 1:colcon.colcon_core.package_identification:_identify(src/seav-ii/install) by extensions ['ignore', 'ignore_ament_install']
[4.324s] Level 1:colcon.colcon_core.package_identification:_identify(src/seav-ii/install) by extension 'ignore'
[4.324s] Level 1:colcon.colcon_core.package_identification:_identify(src/seav-ii/install) ignored
[4.326s] Level 1:colcon.colcon_core.package_identification:_identify(src/seav-ii/log) by extensions ['ignore', 'ignore_ament_install']
[4.327s] Level 1:colcon.colcon_core.package_identification:_identify(src/seav-ii/log) by extension 'ignore'
[4.327s] Level 1:colcon.colcon_core.package_identification:_identify(src/seav-ii/log) ignored
[4.329s] Level 1:colcon.colcon_core.package_identification:_identify(src/seav-ii/ros_arduino_bridge) by extensions ['ignore', 'ignore_ament_install']
[4.330s] Level 1:colcon.colcon_core.package_identification:_identify(src/seav-ii/ros_arduino_bridge) by extension 'ignore'
[4.330s] Level 1:colcon.colcon_core.package_identification:_identify(src/seav-ii/ros_arduino_bridge) ignored
[4.331s] Level 1:colcon.colcon_core.package_identification:_identify(src/seav-ii/seav2) by extensions ['ignore', 'ignore_ament_install']
[4.332s] Level 1:colcon.colcon_core.package_identification:_identify(src/seav-ii/seav2) by extension 'ignore'
[4.333s] Level 1:colcon.colcon_core.package_identification:_identify(src/seav-ii/seav2) by extension 'ignore_ament_install'
[4.334s] Level 1:colcon.colcon_core.package_identification:_identify(src/seav-ii/seav2) by extensions ['colcon_pkg']
[4.334s] Level 1:colcon.colcon_core.package_identification:_identify(src/seav-ii/seav2) by extension 'colcon_pkg'
[4.334s] Level 1:colcon.colcon_core.package_identification:_identify(src/seav-ii/seav2) by extensions ['colcon_meta']
[4.335s] Level 1:colcon.colcon_core.package_identification:_identify(src/seav-ii/seav2) by extension 'colcon_meta'
[4.336s] Level 1:colcon.colcon_core.package_identification:_identify(src/seav-ii/seav2) by extensions ['ros']
[4.336s] Level 1:colcon.colcon_core.package_identification:_identify(src/seav-ii/seav2) by extension 'ros'
[4.341s] DEBUG:colcon.colcon_core.package_identification:Package 'src/seav-ii/seav2' with type 'ros.ament_cmake' and name 'seav2'
[4.342s] Level 1:colcon.colcon_core.package_identification:_identify(src/seav2_imu) by extensions ['ignore', 'ignore_ament_install']
[4.343s] Level 1:colcon.colcon_core.package_identification:_identify(src/seav2_imu) by extension 'ignore'
[4.344s] Level 1:colcon.colcon_core.package_identification:_identify(src/seav2_imu) by extension 'ignore_ament_install'
[4.344s] Level 1:colcon.colcon_core.package_identification:_identify(src/seav2_imu) by extensions ['colcon_pkg']
[4.345s] Level 1:colcon.colcon_core.package_identification:_identify(src/seav2_imu) by extension 'colcon_pkg'
[4.345s] Level 1:colcon.colcon_core.package_identification:_identify(src/seav2_imu) by extensions ['colcon_meta']
[4.346s] Level 1:colcon.colcon_core.package_identification:_identify(src/seav2_imu) by extension 'colcon_meta'
[4.346s] Level 1:colcon.colcon_core.package_identification:_identify(src/seav2_imu) by extensions ['ros']
[4.347s] Level 1:colcon.colcon_core.package_identification:_identify(src/seav2_imu) by extension 'ros'
[4.353s] DEBUG:colcon.colcon_core.package_identification:Package 'src/seav2_imu' with type 'ros.ament_python' and name 'seav2_imu'
[4.355s] Level 1:colcon.colcon_core.package_identification:_identify(src/serial) by extensions ['ignore', 'ignore_ament_install']
[4.356s] Level 1:colcon.colcon_core.package_identification:_identify(src/serial) by extension 'ignore'
[4.357s] Level 1:colcon.colcon_core.package_identification:_identify(src/serial) by extension 'ignore_ament_install'
[4.357s] Level 1:colcon.colcon_core.package_identification:_identify(src/serial) by extensions ['colcon_pkg']
[4.358s] Level 1:colcon.colcon_core.package_identification:_identify(src/serial) by extension 'colcon_pkg'
[4.358s] Level 1:colcon.colcon_core.package_identification:_identify(src/serial) by extensions ['colcon_meta']
[4.359s] Level 1:colcon.colcon_core.package_identification:_identify(src/serial) by extension 'colcon_meta'
[4.359s] Level 1:colcon.colcon_core.package_identification:_identify(src/serial) by extensions ['ros']
[4.360s] Level 1:colcon.colcon_core.package_identification:_identify(src/serial) by extension 'ros'
[4.365s] DEBUG:colcon.colcon_core.package_identification:Package 'src/serial' with type 'ros.ament_cmake' and name 'serial'
[4.366s] Level 1:colcon.colcon_core.package_discovery:discover_packages(recursive) using defaults
[4.367s] Level 1:colcon.colcon_core.package_discovery:discover_packages(ignore) discover
[4.367s] Level 1:colcon.colcon_core.package_discovery:discover_packages(ignore) using defaults
[4.367s] Level 1:colcon.colcon_core.package_discovery:discover_packages(path) discover
[4.368s] Level 1:colcon.colcon_core.package_discovery:discover_packages(path) using defaults
[4.691s] Level 1:colcon.colcon_core.package_discovery:discover_packages(prefix_path) check parameters
[4.692s] Level 1:colcon.colcon_core.package_discovery:discover_packages(prefix_path) discover
[4.742s] DEBUG:colcon.colcon_installed_package_information.package_discovery:Found 8 installed packages in /home/pi/seav2/install
[4.753s] DEBUG:colcon.colcon_installed_package_information.package_discovery:Found 11 installed packages in /home/pi/ss25/install
[4.760s] DEBUG:colcon.colcon_installed_package_information.package_discovery:Found 0 installed packages in /home/pi/ss25/src/description/description/install
[4.765s] DEBUG:colcon.colcon_installed_package_information.package_discovery:Found 1 installed packages in /home/pi/ss25/src/summary/install
[4.775s] DEBUG:colcon.colcon_installed_package_information.package_discovery:Found 8 installed packages in /home/pi/ss25/src/install
[4.792s] DEBUG:colcon.colcon_installed_package_information.package_discovery:Found 8 installed packages in /home/pi/demo_testing_9_april/seav/install
[4.798s] DEBUG:colcon.colcon_installed_package_information.package_discovery:Found 1 installed packages in /home/pi/install
[4.835s] DEBUG:colcon.colcon_installed_package_information.package_discovery:Found 369 installed packages in /opt/ros/humble
[4.860s] Level 1:colcon.colcon_core.package_discovery:discover_packages(prefix_path) using defaults
[5.498s] Level 5:colcon.colcon_core.verb:set package 'ball_tracker' build argument 'cmake_args' from command line to 'None'
[5.498s] Level 5:colcon.colcon_core.verb:set package 'ball_tracker' build argument 'cmake_target' from command line to 'None'
[5.499s] Level 5:colcon.colcon_core.verb:set package 'ball_tracker' build argument 'cmake_target_skip_unavailable' from command line to 'False'
[5.499s] Level 5:colcon.colcon_core.verb:set package 'ball_tracker' build argument 'cmake_clean_cache' from command line to 'False'
[5.499s] Level 5:colcon.colcon_core.verb:set package 'ball_tracker' build argument 'cmake_clean_first' from command line to 'False'
[5.500s] Level 5:colcon.colcon_core.verb:set package 'ball_tracker' build argument 'cmake_force_configure' from command line to 'False'
[5.500s] Level 5:colcon.colcon_core.verb:set package 'ball_tracker' build argument 'ament_cmake_args' from command line to 'None'
[5.500s] Level 5:colcon.colcon_core.verb:set package 'ball_tracker' build argument 'catkin_cmake_args' from command line to 'None'
[5.501s] Level 5:colcon.colcon_core.verb:set package 'ball_tracker' build argument 'catkin_skip_building_tests' from command line to 'False'
[5.501s] DEBUG:colcon.colcon_core.verb:Building package 'ball_tracker' with the following arguments: {'ament_cmake_args': None, 'build_base': '/home/pi/seav2/build/ball_tracker', 'catkin_cmake_args': None, 'catkin_skip_building_tests': False, 'cmake_args': None, 'cmake_clean_cache': False, 'cmake_clean_first': False, 'cmake_force_configure': False, 'cmake_target': None, 'cmake_target_skip_unavailable': False, 'install_base': '/home/pi/seav2/install/ball_tracker', 'merge_install': False, 'path': '/home/pi/seav2/src/ball_tracker', 'symlink_install': False, 'test_result_base': None}
[5.505s] Level 5:colcon.colcon_core.verb:set package 'robot_cam_ros' build argument 'cmake_args' from command line to 'None'
[5.506s] Level 5:colcon.colcon_core.verb:set package 'robot_cam_ros' build argument 'cmake_target' from command line to 'None'
[5.506s] Level 5:colcon.colcon_core.verb:set package 'robot_cam_ros' build argument 'cmake_target_skip_unavailable' from command line to 'False'
[5.506s] Level 5:colcon.colcon_core.verb:set package 'robot_cam_ros' build argument 'cmake_clean_cache' from command line to 'False'
[5.507s] Level 5:colcon.colcon_core.verb:set package 'robot_cam_ros' build argument 'cmake_clean_first' from command line to 'False'
[5.507s] Level 5:colcon.colcon_core.verb:set package 'robot_cam_ros' build argument 'cmake_force_configure' from command line to 'False'
[5.507s] Level 5:colcon.colcon_core.verb:set package 'robot_cam_ros' build argument 'ament_cmake_args' from command line to 'None'
[5.508s] Level 5:colcon.colcon_core.verb:set package 'robot_cam_ros' build argument 'catkin_cmake_args' from command line to 'None'
[5.508s] Level 5:colcon.colcon_core.verb:set package 'robot_cam_ros' build argument 'catkin_skip_building_tests' from command line to 'False'
[5.508s] DEBUG:colcon.colcon_core.verb:Building package 'robot_cam_ros' with the following arguments: {'ament_cmake_args': None, 'build_base': '/home/pi/seav2/build/robot_cam_ros', 'catkin_cmake_args': None, 'catkin_skip_building_tests': False, 'cmake_args': None, 'cmake_clean_cache': False, 'cmake_clean_first': False, 'cmake_force_configure': False, 'cmake_target': None, 'cmake_target_skip_unavailable': False, 'install_base': '/home/pi/seav2/install/robot_cam_ros', 'merge_install': False, 'path': '/home/pi/seav2/src/robot_cam_ros', 'symlink_install': False, 'test_result_base': None}
[5.512s] Level 5:colcon.colcon_core.verb:set package 'ros2_control_demo_description' build argument 'cmake_args' from command line to 'None'
[5.513s] Level 5:colcon.colcon_core.verb:set package 'ros2_control_demo_description' build argument 'cmake_target' from command line to 'None'
[5.513s] Level 5:colcon.colcon_core.verb:set package 'ros2_control_demo_description' build argument 'cmake_target_skip_unavailable' from command line to 'False'
[5.514s] Level 5:colcon.colcon_core.verb:set package 'ros2_control_demo_description' build argument 'cmake_clean_cache' from command line to 'False'
[5.514s] Level 5:colcon.colcon_core.verb:set package 'ros2_control_demo_description' build argument 'cmake_clean_first' from command line to 'False'
[5.514s] Level 5:colcon.colcon_core.verb:set package 'ros2_control_demo_description' build argument 'cmake_force_configure' from command line to 'False'
[5.514s] Level 5:colcon.colcon_core.verb:set package 'ros2_control_demo_description' build argument 'ament_cmake_args' from command line to 'None'
[5.515s] Level 5:colcon.colcon_core.verb:set package 'ros2_control_demo_description' build argument 'catkin_cmake_args' from command line to 'None'
[5.515s] Level 5:colcon.colcon_core.verb:set package 'ros2_control_demo_description' build argument 'catkin_skip_building_tests' from command line to 'False'
[5.516s] DEBUG:colcon.colcon_core.verb:Building package 'ros2_control_demo_description' with the following arguments: {'ament_cmake_args': None, 'build_base': '/home/pi/seav2/build/ros2_control_demo_description', 'catkin_cmake_args': None, 'catkin_skip_building_tests': False, 'cmake_args': None, 'cmake_clean_cache': False, 'cmake_clean_first': False, 'cmake_force_configure': False, 'cmake_target': None, 'cmake_target_skip_unavailable': False, 'install_base': '/home/pi/seav2/install/ros2_control_demo_description', 'merge_install': False, 'path': '/home/pi/seav2/src/seav-ii/carlikebot_ros2_control/ros2_control_demo_description', 'symlink_install': False, 'test_result_base': None}
[5.520s] Level 5:colcon.colcon_core.verb:set package 'seav2' build argument 'cmake_args' from command line to 'None'
[5.520s] Level 5:colcon.colcon_core.verb:set package 'seav2' build argument 'cmake_target' from command line to 'None'
[5.520s] Level 5:colcon.colcon_core.verb:set package 'seav2' build argument 'cmake_target_skip_unavailable' from command line to 'False'
[5.521s] Level 5:colcon.colcon_core.verb:set package 'seav2' build argument 'cmake_clean_cache' from command line to 'False'
[5.521s] Level 5:colcon.colcon_core.verb:set package 'seav2' build argument 'cmake_clean_first' from command line to 'False'
[5.521s] Level 5:colcon.colcon_core.verb:set package 'seav2' build argument 'cmake_force_configure' from command line to 'False'
[5.522s] Level 5:colcon.colcon_core.verb:set package 'seav2' build argument 'ament_cmake_args' from command line to 'None'
[5.522s] Level 5:colcon.colcon_core.verb:set package 'seav2' build argument 'catkin_cmake_args' from command line to 'None'
[5.522s] Level 5:colcon.colcon_core.verb:set package 'seav2' build argument 'catkin_skip_building_tests' from command line to 'False'
[5.523s] DEBUG:colcon.colcon_core.verb:Building package 'seav2' with the following arguments: {'ament_cmake_args': None, 'build_base': '/home/pi/seav2/build/seav2', 'catkin_cmake_args': None, 'catkin_skip_building_tests': False, 'cmake_args': None, 'cmake_clean_cache': False, 'cmake_clean_first': False, 'cmake_force_configure': False, 'cmake_target': None, 'cmake_target_skip_unavailable': False, 'install_base': '/home/pi/seav2/install/seav2', 'merge_install': False, 'path': '/home/pi/seav2/src/seav-ii/seav2', 'symlink_install': False, 'test_result_base': None}
[5.527s] Level 5:colcon.colcon_core.verb:set package 'seav2_imu' build argument 'cmake_args' from command line to 'None'
[5.527s] Level 5:colcon.colcon_core.verb:set package 'seav2_imu' build argument 'cmake_target' from command line to 'None'
[5.528s] Level 5:colcon.colcon_core.verb:set package 'seav2_imu' build argument 'cmake_target_skip_unavailable' from command line to 'False'
[5.528s] Level 5:colcon.colcon_core.verb:set package 'seav2_imu' build argument 'cmake_clean_cache' from command line to 'False'
[5.528s] Level 5:colcon.colcon_core.verb:set package 'seav2_imu' build argument 'cmake_clean_first' from command line to 'False'
[5.529s] Level 5:colcon.colcon_core.verb:set package 'seav2_imu' build argument 'cmake_force_configure' from command line to 'False'
[5.529s] Level 5:colcon.colcon_core.verb:set package 'seav2_imu' build argument 'ament_cmake_args' from command line to 'None'
[5.529s] Level 5:colcon.colcon_core.verb:set package 'seav2_imu' build argument 'catkin_cmake_args' from command line to 'None'
[5.529s] Level 5:colcon.colcon_core.verb:set package 'seav2_imu' build argument 'catkin_skip_building_tests' from command line to 'False'
[5.530s] DEBUG:colcon.colcon_core.verb:Building package 'seav2_imu' with the following arguments: {'ament_cmake_args': None, 'build_base': '/home/pi/seav2/build/seav2_imu', 'catkin_cmake_args': None, 'catkin_skip_building_tests': False, 'cmake_args': None, 'cmake_clean_cache': False, 'cmake_clean_first': False, 'cmake_force_configure': False, 'cmake_target': None, 'cmake_target_skip_unavailable': False, 'install_base': '/home/pi/seav2/install/seav2_imu', 'merge_install': False, 'path': '/home/pi/seav2/src/seav2_imu', 'symlink_install': False, 'test_result_base': None}
[5.534s] Level 5:colcon.colcon_core.verb:set package 'serial' build argument 'cmake_args' from command line to 'None'
[5.534s] Level 5:colcon.colcon_core.verb:set package 'serial' build argument 'cmake_target' from command line to 'None'
[5.535s] Level 5:colcon.colcon_core.verb:set package 'serial' build argument 'cmake_target_skip_unavailable' from command line to 'False'
[5.535s] Level 5:colcon.colcon_core.verb:set package 'serial' build argument 'cmake_clean_cache' from command line to 'False'
[5.535s] Level 5:colcon.colcon_core.verb:set package 'serial' build argument 'cmake_clean_first' from command line to 'False'
[5.536s] Level 5:colcon.colcon_core.verb:set package 'serial' build argument 'cmake_force_configure' from command line to 'False'
[5.536s] Level 5:colcon.colcon_core.verb:set package 'serial' build argument 'ament_cmake_args' from command line to 'None'
[5.536s] Level 5:colcon.colcon_core.verb:set package 'serial' build argument 'catkin_cmake_args' from command line to 'None'
[5.537s] Level 5:colcon.colcon_core.verb:set package 'serial' build argument 'catkin_skip_building_tests' from command line to 'False'
[5.537s] DEBUG:colcon.colcon_core.verb:Building package 'serial' with the following arguments: {'ament_cmake_args': None, 'build_base': '/home/pi/seav2/build/serial', 'catkin_cmake_args': None, 'catkin_skip_building_tests': False, 'cmake_args': None, 'cmake_clean_cache': False, 'cmake_clean_first': False, 'cmake_force_configure': False, 'cmake_target': None, 'cmake_target_skip_unavailable': False, 'install_base': '/home/pi/seav2/install/serial', 'merge_install': False, 'path': '/home/pi/seav2/src/serial', 'symlink_install': False, 'test_result_base': None}
[5.541s] Level 5:colcon.colcon_core.verb:set package 'v4l2_camera' build argument 'cmake_args' from command line to 'None'
[5.541s] Level 5:colcon.colcon_core.verb:set package 'v4l2_camera' build argument 'cmake_target' from command line to 'None'
[5.542s] Level 5:colcon.colcon_core.verb:set package 'v4l2_camera' build argument 'cmake_target_skip_unavailable' from command line to 'False'
[5.542s] Level 5:colcon.colcon_core.verb:set package 'v4l2_camera' build argument 'cmake_clean_cache' from command line to 'False'
[5.542s] Level 5:colcon.colcon_core.verb:set package 'v4l2_camera' build argument 'cmake_clean_first' from command line to 'False'
[5.543s] Level 5:colcon.colcon_core.verb:set package 'v4l2_camera' build argument 'cmake_force_configure' from command line to 'False'
[5.543s] Level 5:colcon.colcon_core.verb:set package 'v4l2_camera' build argument 'ament_cmake_args' from command line to 'None'
[5.543s] Level 5:colcon.colcon_core.verb:set package 'v4l2_camera' build argument 'catkin_cmake_args' from command line to 'None'
[5.544s] Level 5:colcon.colcon_core.verb:set package 'v4l2_camera' build argument 'catkin_skip_building_tests' from command line to 'False'
[5.544s] DEBUG:colcon.colcon_core.verb:Building package 'v4l2_camera' with the following arguments: {'ament_cmake_args': None, 'build_base': '/home/pi/seav2/build/v4l2_camera', 'catkin_cmake_args': None, 'catkin_skip_building_tests': False, 'cmake_args': None, 'cmake_clean_cache': False, 'cmake_clean_first': False, 'cmake_force_configure': False, 'cmake_target': None, 'cmake_target_skip_unavailable': False, 'install_base': '/home/pi/seav2/install/v4l2_camera', 'merge_install': False, 'path': '/home/pi/seav2/src/ros2_v4l2_camera', 'symlink_install': False, 'test_result_base': None}
[5.548s] Level 5:colcon.colcon_core.verb:set package 'carlikebot_ros2_control' build argument 'cmake_args' from command line to 'None'
[5.548s] Level 5:colcon.colcon_core.verb:set package 'carlikebot_ros2_control' build argument 'cmake_target' from command line to 'None'
[5.549s] Level 5:colcon.colcon_core.verb:set package 'carlikebot_ros2_control' build argument 'cmake_target_skip_unavailable' from command line to 'False'
[5.549s] Level 5:colcon.colcon_core.verb:set package 'carlikebot_ros2_control' build argument 'cmake_clean_cache' from command line to 'False'
[5.549s] Level 5:colcon.colcon_core.verb:set package 'carlikebot_ros2_control' build argument 'cmake_clean_first' from command line to 'False'
[5.550s] Level 5:colcon.colcon_core.verb:set package 'carlikebot_ros2_control' build argument 'cmake_force_configure' from command line to 'False'
[5.550s] Level 5:colcon.colcon_core.verb:set package 'carlikebot_ros2_control' build argument 'ament_cmake_args' from command line to 'None'
[5.550s] Level 5:colcon.colcon_core.verb:set package 'carlikebot_ros2_control' build argument 'catkin_cmake_args' from command line to 'None'
[5.551s] Level 5:colcon.colcon_core.verb:set package 'carlikebot_ros2_control' build argument 'catkin_skip_building_tests' from command line to 'False'
[5.551s] DEBUG:colcon.colcon_core.verb:Building package 'carlikebot_ros2_control' with the following arguments: {'ament_cmake_args': None, 'build_base': '/home/pi/seav2/build/carlikebot_ros2_control', 'catkin_cmake_args': None, 'catkin_skip_building_tests': False, 'cmake_args': None, 'cmake_clean_cache': False, 'cmake_clean_first': False, 'cmake_force_configure': False, 'cmake_target': None, 'cmake_target_skip_unavailable': False, 'install_base': '/home/pi/seav2/install/carlikebot_ros2_control', 'merge_install': False, 'path': '/home/pi/seav2/src/seav-ii/carlikebot_ros2_control/carlikebot_ros2_control', 'symlink_install': False, 'test_result_base': None}
[5.553s] INFO:colcon.colcon_core.executor:Executing jobs using 'parallel' executor
[5.560s] DEBUG:colcon.colcon_parallel_executor.executor.parallel:run_until_complete
[5.563s] INFO:colcon.colcon_ros.task.ament_cmake.build:Building ROS package in '/home/pi/seav2/src/seav-ii/carlikebot_ros2_control/ros2_control_demo_description' with build type 'ament_cmake'
[5.565s] INFO:colcon.colcon_cmake.task.cmake.build:Building CMake package in '/home/pi/seav2/src/seav-ii/carlikebot_ros2_control/ros2_control_demo_description'
[5.596s] INFO:colcon.colcon_core.plugin_system:Skipping extension 'colcon_core.shell.bat': Not used on non-Windows systems
[5.599s] INFO:colcon.colcon_core.shell:Skip shell extension 'powershell' for command environment: Not usable outside of PowerShell
[5.600s] DEBUG:colcon.colcon_core.shell:Skip shell extension 'dsv' for command environment
[5.730s] INFO:colcon.colcon_ros.task.ament_cmake.build:Building ROS package in '/home/pi/seav2/src/serial' with build type 'ament_cmake'
[5.731s] INFO:colcon.colcon_cmake.task.cmake.build:Building CMake package in '/home/pi/seav2/src/serial'
[5.734s] INFO:colcon.colcon_core.shell:Skip shell extension 'powershell' for command environment: Not usable outside of PowerShell
[5.735s] DEBUG:colcon.colcon_core.shell:Skip shell extension 'dsv' for command environment
[5.863s] INFO:colcon.colcon_ros.task.ament_python.build:Building ROS package in '/home/pi/seav2/src/ball_tracker' with build type 'ament_python'
[5.865s] Level 1:colcon.colcon_core.shell:create_environment_hook('ball_tracker', 'ament_prefix_path')
[5.868s] INFO:colcon.colcon_core.shell:Creating environment hook '/home/pi/seav2/install/ball_tracker/share/ball_tracker/hook/ament_prefix_path.ps1'
[5.875s] INFO:colcon.colcon_core.shell:Creating environment descriptor '/home/pi/seav2/install/ball_tracker/share/ball_tracker/hook/ament_prefix_path.dsv'
[5.880s] INFO:colcon.colcon_core.shell:Creating environment hook '/home/pi/seav2/install/ball_tracker/share/ball_tracker/hook/ament_prefix_path.sh'
[5.890s] INFO:colcon.colcon_core.shell:Skip shell extension 'powershell' for command environment: Not usable outside of PowerShell
[5.891s] DEBUG:colcon.colcon_core.shell:Skip shell extension 'dsv' for command environment
[6.019s] INFO:colcon.colcon_ros.task.ament_python.build:Building ROS package in '/home/pi/seav2/src/robot_cam_ros' with build type 'ament_python'
[6.020s] Level 1:colcon.colcon_core.shell:create_environment_hook('robot_cam_ros', 'ament_prefix_path')
[6.024s] INFO:colcon.colcon_core.shell:Creating environment hook '/home/pi/seav2/install/robot_cam_ros/share/robot_cam_ros/hook/ament_prefix_path.ps1'
[6.029s] INFO:colcon.colcon_core.shell:Creating environment descriptor '/home/pi/seav2/install/robot_cam_ros/share/robot_cam_ros/hook/ament_prefix_path.dsv'
[6.033s] INFO:colcon.colcon_core.shell:Creating environment hook '/home/pi/seav2/install/robot_cam_ros/share/robot_cam_ros/hook/ament_prefix_path.sh'
[6.040s] INFO:colcon.colcon_core.shell:Skip shell extension 'powershell' for command environment: Not usable outside of PowerShell
[6.040s] DEBUG:colcon.colcon_core.shell:Skip shell extension 'dsv' for command environment
[6.208s] DEBUG:colcon.colcon_core.event_handler.log_command:Invoking command in '/home/pi/seav2/build/ros2_control_demo_description': CMAKE_PREFIX_PATH=${CMAKE_PREFIX_PATH}:/home/pi/seav2/install/carlikebot_ros2_control:/home/pi/seav2/install/seav2_imu:/home/pi/seav2/install/robot_cam_ros:/home/pi/seav2/install/ball_tracker:/home/pi/ss25/install/wheel_odometry:/home/pi/ss25/install/vup_2k7:/home/pi/ss25/install/summary:/home/pi/ss25/install/safety_control:/home/pi/ss25/install/project:/home/pi/ss25/install/my_slam:/home/pi/ss25/install/my_motor_driver:/home/pi/ss25/install/final:/home/pi/ss25/install/description:/home/pi/ss25/install/bringup_pkg:/home/pi/ss25/src/summary/install/summary:/home/pi/ss25/src/install/wheel_odometry:/home/pi/ss25/src/install/summary:/home/pi/ss25/src/install/safety_control:/home/pi/ss25/src/install/project:/home/pi/ss25/src/install/my_motor_driver:/home/pi/ss25/src/install/description:/home/pi/ss25/src/install/bringup_pkg:/home/pi/install/summary:/home/pi/demo_testing_9_april/seav/install/yolov8_ros:/home/pi/demo_testing_9_april/seav/install/static_tf_publisher:/home/pi/demo_testing_9_april/seav/install/seav_test_sensors:/home/pi/demo_testing_9_april/seav/install/my_robot_controller:/opt/ros/humble /usr/bin/cmake --build /home/pi/seav2/build/ros2_control_demo_description -- -j4 -l4
[6.272s] DEBUG:colcon.colcon_core.event_handler.log_command:Invoking command in '/home/pi/seav2/build/serial': CMAKE_PREFIX_PATH=${CMAKE_PREFIX_PATH}:/home/pi/seav2/install/carlikebot_ros2_control:/home/pi/seav2/install/seav2_imu:/home/pi/seav2/install/robot_cam_ros:/home/pi/seav2/install/ball_tracker:/home/pi/ss25/install/wheel_odometry:/home/pi/ss25/install/vup_2k7:/home/pi/ss25/install/summary:/home/pi/ss25/install/safety_control:/home/pi/ss25/install/project:/home/pi/ss25/install/my_slam:/home/pi/ss25/install/my_motor_driver:/home/pi/ss25/install/final:/home/pi/ss25/install/description:/home/pi/ss25/install/bringup_pkg:/home/pi/ss25/src/summary/install/summary:/home/pi/ss25/src/install/wheel_odometry:/home/pi/ss25/src/install/summary:/home/pi/ss25/src/install/safety_control:/home/pi/ss25/src/install/project:/home/pi/ss25/src/install/my_motor_driver:/home/pi/ss25/src/install/description:/home/pi/ss25/src/install/bringup_pkg:/home/pi/install/summary:/home/pi/demo_testing_9_april/seav/install/yolov8_ros:/home/pi/demo_testing_9_april/seav/install/static_tf_publisher:/home/pi/demo_testing_9_april/seav/install/seav_test_sensors:/home/pi/demo_testing_9_april/seav/install/my_robot_controller:/opt/ros/humble /usr/bin/cmake --build /home/pi/seav2/build/serial -- -j4 -l4
[10.331s] INFO:colcon.colcon_core.task.python.build:Building Python package in '/home/pi/seav2/src/ball_tracker'
[10.333s] INFO:colcon.colcon_core.shell:Skip shell extension 'powershell' for command environment: Not usable outside of PowerShell
[10.334s] DEBUG:colcon.colcon_core.shell:Skip shell extension 'dsv' for command environment
[14.397s] INFO:colcon.colcon_core.task.python.build:Building Python package in '/home/pi/seav2/src/robot_cam_ros'
[14.400s] INFO:colcon.colcon_core.shell:Skip shell extension 'powershell' for command environment: Not usable outside of PowerShell
[14.400s] DEBUG:colcon.colcon_core.shell:Skip shell extension 'dsv' for command environment
[14.537s] DEBUG:colcon.colcon_core.event_handler.log_command:Invoked command in '/home/pi/seav2/build/serial' returned '0': CMAKE_PREFIX_PATH=${CMAKE_PREFIX_PATH}:/home/pi/seav2/install/carlikebot_ros2_control:/home/pi/seav2/install/seav2_imu:/home/pi/seav2/install/robot_cam_ros:/home/pi/seav2/install/ball_tracker:/home/pi/ss25/install/wheel_odometry:/home/pi/ss25/install/vup_2k7:/home/pi/ss25/install/summary:/home/pi/ss25/install/safety_control:/home/pi/ss25/install/project:/home/pi/ss25/install/my_slam:/home/pi/ss25/install/my_motor_driver:/home/pi/ss25/install/final:/home/pi/ss25/install/description:/home/pi/ss25/install/bringup_pkg:/home/pi/ss25/src/summary/install/summary:/home/pi/ss25/src/install/wheel_odometry:/home/pi/ss25/src/install/summary:/home/pi/ss25/src/install/safety_control:/home/pi/ss25/src/install/project:/home/pi/ss25/src/install/my_motor_driver:/home/pi/ss25/src/install/description:/home/pi/ss25/src/install/bringup_pkg:/home/pi/install/summary:/home/pi/demo_testing_9_april/seav/install/yolov8_ros:/home/pi/demo_testing_9_april/seav/install/static_tf_publisher:/home/pi/demo_testing_9_april/seav/install/seav_test_sensors:/home/pi/demo_testing_9_april/seav/install/my_robot_controller:/opt/ros/humble /usr/bin/cmake --build /home/pi/seav2/build/serial -- -j4 -l4
[14.645s] DEBUG:colcon.colcon_core.event_handler.log_command:Invoking command in '/home/pi/seav2/build/serial': CMAKE_PREFIX_PATH=${CMAKE_PREFIX_PATH}:/home/pi/seav2/install/carlikebot_ros2_control:/home/pi/seav2/install/seav2_imu:/home/pi/seav2/install/robot_cam_ros:/home/pi/seav2/install/ball_tracker:/home/pi/ss25/install/wheel_odometry:/home/pi/ss25/install/vup_2k7:/home/pi/ss25/install/summary:/home/pi/ss25/install/safety_control:/home/pi/ss25/install/project:/home/pi/ss25/install/my_slam:/home/pi/ss25/install/my_motor_driver:/home/pi/ss25/install/final:/home/pi/ss25/install/description:/home/pi/ss25/install/bringup_pkg:/home/pi/ss25/src/summary/install/summary:/home/pi/ss25/src/install/wheel_odometry:/home/pi/ss25/src/install/summary:/home/pi/ss25/src/install/safety_control:/home/pi/ss25/src/install/project:/home/pi/ss25/src/install/my_motor_driver:/home/pi/ss25/src/install/description:/home/pi/ss25/src/install/bringup_pkg:/home/pi/install/summary:/home/pi/demo_testing_9_april/seav/install/yolov8_ros:/home/pi/demo_testing_9_april/seav/install/static_tf_publisher:/home/pi/demo_testing_9_april/seav/install/seav_test_sensors:/home/pi/demo_testing_9_april/seav/install/my_robot_controller:/opt/ros/humble /usr/bin/cmake --install /home/pi/seav2/build/serial
[14.650s] DEBUG:colcon.colcon_core.event_handler.log_command:Invoked command in '/home/pi/seav2/build/ros2_control_demo_description' returned '0': CMAKE_PREFIX_PATH=${CMAKE_PREFIX_PATH}:/home/pi/seav2/install/carlikebot_ros2_control:/home/pi/seav2/install/seav2_imu:/home/pi/seav2/install/robot_cam_ros:/home/pi/seav2/install/ball_tracker:/home/pi/ss25/install/wheel_odometry:/home/pi/ss25/install/vup_2k7:/home/pi/ss25/install/summary:/home/pi/ss25/install/safety_control:/home/pi/ss25/install/project:/home/pi/ss25/install/my_slam:/home/pi/ss25/install/my_motor_driver:/home/pi/ss25/install/final:/home/pi/ss25/install/description:/home/pi/ss25/install/bringup_pkg:/home/pi/ss25/src/summary/install/summary:/home/pi/ss25/src/install/wheel_odometry:/home/pi/ss25/src/install/summary:/home/pi/ss25/src/install/safety_control:/home/pi/ss25/src/install/project:/home/pi/ss25/src/install/my_motor_driver:/home/pi/ss25/src/install/description:/home/pi/ss25/src/install/bringup_pkg:/home/pi/install/summary:/home/pi/demo_testing_9_april/seav/install/yolov8_ros:/home/pi/demo_testing_9_april/seav/install/static_tf_publisher:/home/pi/demo_testing_9_april/seav/install/seav_test_sensors:/home/pi/demo_testing_9_april/seav/install/my_robot_controller:/opt/ros/humble /usr/bin/cmake --build /home/pi/seav2/build/ros2_control_demo_description -- -j4 -l4
[14.673s] DEBUG:colcon.colcon_core.event_handler.log_command:Invoking command in '/home/pi/seav2/build/ros2_control_demo_description': CMAKE_PREFIX_PATH=${CMAKE_PREFIX_PATH}:/home/pi/seav2/install/carlikebot_ros2_control:/home/pi/seav2/install/seav2_imu:/home/pi/seav2/install/robot_cam_ros:/home/pi/seav2/install/ball_tracker:/home/pi/ss25/install/wheel_odometry:/home/pi/ss25/install/vup_2k7:/home/pi/ss25/install/summary:/home/pi/ss25/install/safety_control:/home/pi/ss25/install/project:/home/pi/ss25/install/my_slam:/home/pi/ss25/install/my_motor_driver:/home/pi/ss25/install/final:/home/pi/ss25/install/description:/home/pi/ss25/install/bringup_pkg:/home/pi/ss25/src/summary/install/summary:/home/pi/ss25/src/install/wheel_odometry:/home/pi/ss25/src/install/summary:/home/pi/ss25/src/install/safety_control:/home/pi/ss25/src/install/project:/home/pi/ss25/src/install/my_motor_driver:/home/pi/ss25/src/install/description:/home/pi/ss25/src/install/bringup_pkg:/home/pi/install/summary:/home/pi/demo_testing_9_april/seav/install/yolov8_ros:/home/pi/demo_testing_9_april/seav/install/static_tf_publisher:/home/pi/demo_testing_9_april/seav/install/seav_test_sensors:/home/pi/demo_testing_9_april/seav/install/my_robot_controller:/opt/ros/humble /usr/bin/cmake --install /home/pi/seav2/build/ros2_control_demo_description
[15.060s] Level 1:colcon.colcon_core.environment:create_environment_scripts_only(serial)
[15.070s] DEBUG:colcon.colcon_core.event_handler.log_command:Invoked command in '/home/pi/seav2/build/serial' returned '0': CMAKE_PREFIX_PATH=${CMAKE_PREFIX_PATH}:/home/pi/seav2/install/carlikebot_ros2_control:/home/pi/seav2/install/seav2_imu:/home/pi/seav2/install/robot_cam_ros:/home/pi/seav2/install/ball_tracker:/home/pi/ss25/install/wheel_odometry:/home/pi/ss25/install/vup_2k7:/home/pi/ss25/install/summary:/home/pi/ss25/install/safety_control:/home/pi/ss25/install/project:/home/pi/ss25/install/my_slam:/home/pi/ss25/install/my_motor_driver:/home/pi/ss25/install/final:/home/pi/ss25/install/description:/home/pi/ss25/install/bringup_pkg:/home/pi/ss25/src/summary/install/summary:/home/pi/ss25/src/install/wheel_odometry:/home/pi/ss25/src/install/summary:/home/pi/ss25/src/install/safety_control:/home/pi/ss25/src/install/project:/home/pi/ss25/src/install/my_motor_driver:/home/pi/ss25/src/install/description:/home/pi/ss25/src/install/bringup_pkg:/home/pi/install/summary:/home/pi/demo_testing_9_april/seav/install/yolov8_ros:/home/pi/demo_testing_9_april/seav/install/static_tf_publisher:/home/pi/demo_testing_9_april/seav/install/seav_test_sensors:/home/pi/demo_testing_9_april/seav/install/my_robot_controller:/opt/ros/humble /usr/bin/cmake --install /home/pi/seav2/build/serial
[15.117s] Level 1:colcon.colcon_core.environment:checking '/home/pi/seav2/install/serial' for CMake module files
[15.129s] Level 1:colcon.colcon_core.environment:checking '/home/pi/seav2/install/serial' for CMake config files
[15.134s] Level 1:colcon.colcon_core.shell:create_environment_hook('serial', 'cmake_prefix_path')
[15.136s] INFO:colcon.colcon_core.shell:Creating environment hook '/home/pi/seav2/install/serial/share/serial/hook/cmake_prefix_path.ps1'
[15.141s] INFO:colcon.colcon_core.shell:Creating environment descriptor '/home/pi/seav2/install/serial/share/serial/hook/cmake_prefix_path.dsv'
[15.147s] INFO:colcon.colcon_core.shell:Creating environment hook '/home/pi/seav2/install/serial/share/serial/hook/cmake_prefix_path.sh'
[15.154s] Level 1:colcon.colcon_core.environment:checking '/home/pi/seav2/install/serial/lib'
[15.157s] Level 1:colcon.colcon_core.environment:checking '/home/pi/seav2/install/serial/bin'
[15.158s] Level 1:colcon.colcon_core.environment:checking '/home/pi/seav2/install/serial/lib/pkgconfig/serial.pc'
[15.160s] Level 1:colcon.colcon_core.environment:checking '/home/pi/seav2/install/serial/lib/python3.10/site-packages'
[15.163s] Level 1:colcon.colcon_core.environment:checking '/home/pi/seav2/install/serial/bin'
[15.166s] INFO:colcon.colcon_core.shell:Creating package script '/home/pi/seav2/install/serial/share/serial/package.ps1'
[15.177s] INFO:colcon.colcon_core.shell:Creating package descriptor '/home/pi/seav2/install/serial/share/serial/package.dsv'
[15.188s] INFO:colcon.colcon_core.shell:Creating package script '/home/pi/seav2/install/serial/share/serial/package.sh'
[15.197s] INFO:colcon.colcon_core.shell:Creating package script '/home/pi/seav2/install/serial/share/serial/package.bash'
[15.208s] INFO:colcon.colcon_core.shell:Creating package script '/home/pi/seav2/install/serial/share/serial/package.zsh'
[15.217s] Level 1:colcon.colcon_core.environment:create_file_with_runtime_dependencies(/home/pi/seav2/install/serial/share/colcon-core/packages/serial)
[15.228s] Level 1:colcon.colcon_core.environment:create_environment_scripts_only(serial)
[15.231s] Level 1:colcon.colcon_core.environment:checking '/home/pi/seav2/install/serial' for CMake module files
[15.240s] Level 1:colcon.colcon_core.environment:checking '/home/pi/seav2/install/serial' for CMake config files
[15.245s] Level 1:colcon.colcon_core.shell:create_environment_hook('serial', 'cmake_prefix_path')
[15.248s] INFO:colcon.colcon_core.shell:Creating environment hook '/home/pi/seav2/install/serial/share/serial/hook/cmake_prefix_path.ps1'
[15.254s] INFO:colcon.colcon_core.shell:Creating environment descriptor '/home/pi/seav2/install/serial/share/serial/hook/cmake_prefix_path.dsv'
[15.260s] INFO:colcon.colcon_core.shell:Creating environment hook '/home/pi/seav2/install/serial/share/serial/hook/cmake_prefix_path.sh'
[15.268s] Level 1:colcon.colcon_core.environment:checking '/home/pi/seav2/install/serial/lib'
[15.269s] Level 1:colcon.colcon_core.environment:checking '/home/pi/seav2/install/serial/bin'
[15.270s] Level 1:colcon.colcon_core.environment:checking '/home/pi/seav2/install/serial/lib/pkgconfig/serial.pc'
[15.273s] Level 1:colcon.colcon_core.environment:checking '/home/pi/seav2/install/serial/lib/python3.10/site-packages'
[15.276s] Level 1:colcon.colcon_core.environment:checking '/home/pi/seav2/install/serial/bin'
[15.280s] INFO:colcon.colcon_core.shell:Creating package script '/home/pi/seav2/install/serial/share/serial/package.ps1'
[15.286s] INFO:colcon.colcon_core.shell:Creating package descriptor '/home/pi/seav2/install/serial/share/serial/package.dsv'
[15.294s] INFO:colcon.colcon_core.shell:Creating package script '/home/pi/seav2/install/serial/share/serial/package.sh'
[15.300s] INFO:colcon.colcon_core.shell:Creating package script '/home/pi/seav2/install/serial/share/serial/package.bash'
[15.307s] INFO:colcon.colcon_core.shell:Creating package script '/home/pi/seav2/install/serial/share/serial/package.zsh'
[15.313s] Level 1:colcon.colcon_core.environment:create_file_with_runtime_dependencies(/home/pi/seav2/install/serial/share/colcon-core/packages/serial)
[15.325s] INFO:colcon.colcon_ros.task.ament_cmake.build:Building ROS package in '/home/pi/seav2/src/seav-ii/seav2' with build type 'ament_cmake'
[15.327s] INFO:colcon.colcon_cmake.task.cmake.build:Building CMake package in '/home/pi/seav2/src/seav-ii/seav2'
[15.330s] INFO:colcon.colcon_core.shell:Skip shell extension 'powershell' for command environment: Not usable outside of PowerShell
[15.331s] DEBUG:colcon.colcon_core.shell:Skip shell extension 'dsv' for command environment
[15.513s] Level 1:colcon.colcon_core.environment:create_environment_scripts_only(ros2_control_demo_description)
[15.517s] Level 1:colcon.colcon_core.environment:checking '/home/pi/seav2/install/ros2_control_demo_description' for CMake module files
[15.522s] DEBUG:colcon.colcon_core.event_handler.log_command:Invoked command in '/home/pi/seav2/build/ros2_control_demo_description' returned '0': CMAKE_PREFIX_PATH=${CMAKE_PREFIX_PATH}:/home/pi/seav2/install/carlikebot_ros2_control:/home/pi/seav2/install/seav2_imu:/home/pi/seav2/install/robot_cam_ros:/home/pi/seav2/install/ball_tracker:/home/pi/ss25/install/wheel_odometry:/home/pi/ss25/install/vup_2k7:/home/pi/ss25/install/summary:/home/pi/ss25/install/safety_control:/home/pi/ss25/install/project:/home/pi/ss25/install/my_slam:/home/pi/ss25/install/my_motor_driver:/home/pi/ss25/install/final:/home/pi/ss25/install/description:/home/pi/ss25/install/bringup_pkg:/home/pi/ss25/src/summary/install/summary:/home/pi/ss25/src/install/wheel_odometry:/home/pi/ss25/src/install/summary:/home/pi/ss25/src/install/safety_control:/home/pi/ss25/src/install/project:/home/pi/ss25/src/install/my_motor_driver:/home/pi/ss25/src/install/description:/home/pi/ss25/src/install/bringup_pkg:/home/pi/install/summary:/home/pi/demo_testing_9_april/seav/install/yolov8_ros:/home/pi/demo_testing_9_april/seav/install/static_tf_publisher:/home/pi/demo_testing_9_april/seav/install/seav_test_sensors:/home/pi/demo_testing_9_april/seav/install/my_robot_controller:/opt/ros/humble /usr/bin/cmake --install /home/pi/seav2/build/ros2_control_demo_description
[15.534s] Level 1:colcon.colcon_core.environment:checking '/home/pi/seav2/install/ros2_control_demo_description' for CMake config files
[15.544s] Level 1:colcon.colcon_core.shell:create_environment_hook('ros2_control_demo_description', 'cmake_prefix_path')
[15.547s] INFO:colcon.colcon_core.shell:Creating environment hook '/home/pi/seav2/install/ros2_control_demo_description/share/ros2_control_demo_description/hook/cmake_prefix_path.ps1'
[15.554s] INFO:colcon.colcon_core.shell:Creating environment descriptor '/home/pi/seav2/install/ros2_control_demo_description/share/ros2_control_demo_description/hook/cmake_prefix_path.dsv'
[15.561s] INFO:colcon.colcon_core.shell:Creating environment hook '/home/pi/seav2/install/ros2_control_demo_description/share/ros2_control_demo_description/hook/cmake_prefix_path.sh'
[15.569s] Level 1:colcon.colcon_core.environment:checking '/home/pi/seav2/install/ros2_control_demo_description/bin'
[15.570s] Level 1:colcon.colcon_core.environment:checking '/home/pi/seav2/install/ros2_control_demo_description/lib/pkgconfig/ros2_control_demo_description.pc'
[15.573s] Level 1:colcon.colcon_core.environment:checking '/home/pi/seav2/install/ros2_control_demo_description/lib/python3.10/site-packages'
[15.576s] Level 1:colcon.colcon_core.environment:checking '/home/pi/seav2/install/ros2_control_demo_description/bin'
[15.580s] INFO:colcon.colcon_core.shell:Creating package script '/home/pi/seav2/install/ros2_control_demo_description/share/ros2_control_demo_description/package.ps1'
[15.586s] INFO:colcon.colcon_core.shell:Creating package descriptor '/home/pi/seav2/install/ros2_control_demo_description/share/ros2_control_demo_description/package.dsv'
[15.592s] INFO:colcon.colcon_core.shell:Creating package script '/home/pi/seav2/install/ros2_control_demo_description/share/ros2_control_demo_description/package.sh'
[15.598s] INFO:colcon.colcon_core.shell:Creating package script '/home/pi/seav2/install/ros2_control_demo_description/share/ros2_control_demo_description/package.bash'
[15.603s] INFO:colcon.colcon_core.shell:Creating package script '/home/pi/seav2/install/ros2_control_demo_description/share/ros2_control_demo_description/package.zsh'
[15.609s] Level 1:colcon.colcon_core.environment:create_file_with_runtime_dependencies(/home/pi/seav2/install/ros2_control_demo_description/share/colcon-core/packages/ros2_control_demo_description)
[15.616s] Level 1:colcon.colcon_core.environment:create_environment_scripts_only(ros2_control_demo_description)
[15.620s] Level 1:colcon.colcon_core.environment:checking '/home/pi/seav2/install/ros2_control_demo_description' for CMake module files
[15.636s] Level 1:colcon.colcon_core.environment:checking '/home/pi/seav2/install/ros2_control_demo_description' for CMake config files
[15.651s] Level 1:colcon.colcon_core.shell:create_environment_hook('ros2_control_demo_description', 'cmake_prefix_path')
[15.653s] INFO:colcon.colcon_core.shell:Creating environment hook '/home/pi/seav2/install/ros2_control_demo_description/share/ros2_control_demo_description/hook/cmake_prefix_path.ps1'
[15.660s] INFO:colcon.colcon_core.shell:Creating environment descriptor '/home/pi/seav2/install/ros2_control_demo_description/share/ros2_control_demo_description/hook/cmake_prefix_path.dsv'
[15.667s] INFO:colcon.colcon_core.shell:Creating environment hook '/home/pi/seav2/install/ros2_control_demo_description/share/ros2_control_demo_description/hook/cmake_prefix_path.sh'
[15.683s] Level 1:colcon.colcon_core.environment:checking '/home/pi/seav2/install/ros2_control_demo_description/bin'
[15.685s] Level 1:colcon.colcon_core.environment:checking '/home/pi/seav2/install/ros2_control_demo_description/lib/pkgconfig/ros2_control_demo_description.pc'
[15.688s] Level 1:colcon.colcon_core.environment:checking '/home/pi/seav2/install/ros2_control_demo_description/lib/python3.10/site-packages'
[15.691s] Level 1:colcon.colcon_core.environment:checking '/home/pi/seav2/install/ros2_control_demo_description/bin'
[15.694s] INFO:colcon.colcon_core.shell:Creating package script '/home/pi/seav2/install/ros2_control_demo_description/share/ros2_control_demo_description/package.ps1'
[15.702s] INFO:colcon.colcon_core.shell:Creating package descriptor '/home/pi/seav2/install/ros2_control_demo_description/share/ros2_control_demo_description/package.dsv'
[15.708s] INFO:colcon.colcon_core.shell:Creating package script '/home/pi/seav2/install/ros2_control_demo_description/share/ros2_control_demo_description/package.sh'
[15.731s] INFO:colcon.colcon_core.shell:Creating package script '/home/pi/seav2/install/ros2_control_demo_description/share/ros2_control_demo_description/package.bash'
[15.755s] INFO:colcon.colcon_core.shell:Creating package script '/home/pi/seav2/install/ros2_control_demo_description/share/ros2_control_demo_description/package.zsh'
[15.761s] Level 1:colcon.colcon_core.environment:create_file_with_runtime_dependencies(/home/pi/seav2/install/ros2_control_demo_description/share/colcon-core/packages/ros2_control_demo_description)
[15.772s] INFO:colcon.colcon_ros.task.ament_python.build:Building ROS package in '/home/pi/seav2/src/seav2_imu' with build type 'ament_python'
[15.774s] Level 1:colcon.colcon_core.shell:create_environment_hook('seav2_imu', 'ament_prefix_path')
[15.777s] INFO:colcon.colcon_core.shell:Creating environment hook '/home/pi/seav2/install/seav2_imu/share/seav2_imu/hook/ament_prefix_path.ps1'
[15.783s] INFO:colcon.colcon_core.shell:Creating environment descriptor '/home/pi/seav2/install/seav2_imu/share/seav2_imu/hook/ament_prefix_path.dsv'
[15.796s] INFO:colcon.colcon_core.shell:Creating environment hook '/home/pi/seav2/install/seav2_imu/share/seav2_imu/hook/ament_prefix_path.sh'
[15.811s] INFO:colcon.colcon_core.shell:Skip shell extension 'powershell' for command environment: Not usable outside of PowerShell
[15.812s] DEBUG:colcon.colcon_core.shell:Skip shell extension 'dsv' for command environment
[16.010s] DEBUG:colcon.colcon_core.event_handler.log_command:Invoking command in '/home/pi/seav2/build/seav2': CMAKE_PREFIX_PATH=${CMAKE_PREFIX_PATH}:/home/pi/seav2/install/carlikebot_ros2_control:/home/pi/seav2/install/seav2_imu:/home/pi/seav2/install/robot_cam_ros:/home/pi/seav2/install/ball_tracker:/home/pi/ss25/install/wheel_odometry:/home/pi/ss25/install/vup_2k7:/home/pi/ss25/install/summary:/home/pi/ss25/install/safety_control:/home/pi/ss25/install/project:/home/pi/ss25/install/my_slam:/home/pi/ss25/install/my_motor_driver:/home/pi/ss25/install/final:/home/pi/ss25/install/description:/home/pi/ss25/install/bringup_pkg:/home/pi/ss25/src/summary/install/summary:/home/pi/ss25/src/install/wheel_odometry:/home/pi/ss25/src/install/summary:/home/pi/ss25/src/install/safety_control:/home/pi/ss25/src/install/project:/home/pi/ss25/src/install/my_motor_driver:/home/pi/ss25/src/install/description:/home/pi/ss25/src/install/bringup_pkg:/home/pi/install/summary:/home/pi/demo_testing_9_april/seav/install/yolov8_ros:/home/pi/demo_testing_9_april/seav/install/static_tf_publisher:/home/pi/demo_testing_9_april/seav/install/seav_test_sensors:/home/pi/demo_testing_9_april/seav/install/my_robot_controller:/opt/ros/humble /usr/bin/cmake --build /home/pi/seav2/build/seav2 -- -j4 -l4
[20.843s] INFO:colcon.colcon_core.task.python.build:Building Python package in '/home/pi/seav2/src/seav2_imu'
[20.846s] INFO:colcon.colcon_core.shell:Skip shell extension 'powershell' for command environment: Not usable outside of PowerShell
[20.846s] DEBUG:colcon.colcon_core.shell:Skip shell extension 'dsv' for command environment
[20.986s] DEBUG:colcon.colcon_core.event_handler.log_command:Invoked command in '/home/pi/seav2/build/seav2' returned '0': CMAKE_PREFIX_PATH=${CMAKE_PREFIX_PATH}:/home/pi/seav2/install/carlikebot_ros2_control:/home/pi/seav2/install/seav2_imu:/home/pi/seav2/install/robot_cam_ros:/home/pi/seav2/install/ball_tracker:/home/pi/ss25/install/wheel_odometry:/home/pi/ss25/install/vup_2k7:/home/pi/ss25/install/summary:/home/pi/ss25/install/safety_control:/home/pi/ss25/install/project:/home/pi/ss25/install/my_slam:/home/pi/ss25/install/my_motor_driver:/home/pi/ss25/install/final:/home/pi/ss25/install/description:/home/pi/ss25/install/bringup_pkg:/home/pi/ss25/src/summary/install/summary:/home/pi/ss25/src/install/wheel_odometry:/home/pi/ss25/src/install/summary:/home/pi/ss25/src/install/safety_control:/home/pi/ss25/src/install/project:/home/pi/ss25/src/install/my_motor_driver:/home/pi/ss25/src/install/description:/home/pi/ss25/src/install/bringup_pkg:/home/pi/install/summary:/home/pi/demo_testing_9_april/seav/install/yolov8_ros:/home/pi/demo_testing_9_april/seav/install/static_tf_publisher:/home/pi/demo_testing_9_april/seav/install/seav_test_sensors:/home/pi/demo_testing_9_april/seav/install/my_robot_controller:/opt/ros/humble /usr/bin/cmake --build /home/pi/seav2/build/seav2 -- -j4 -l4
[21.009s] DEBUG:colcon.colcon_core.event_handler.log_command:Invoking command in '/home/pi/seav2/build/seav2': CMAKE_PREFIX_PATH=${CMAKE_PREFIX_PATH}:/home/pi/seav2/install/carlikebot_ros2_control:/home/pi/seav2/install/seav2_imu:/home/pi/seav2/install/robot_cam_ros:/home/pi/seav2/install/ball_tracker:/home/pi/ss25/install/wheel_odometry:/home/pi/ss25/install/vup_2k7:/home/pi/ss25/install/summary:/home/pi/ss25/install/safety_control:/home/pi/ss25/install/project:/home/pi/ss25/install/my_slam:/home/pi/ss25/install/my_motor_driver:/home/pi/ss25/install/final:/home/pi/ss25/install/description:/home/pi/ss25/install/bringup_pkg:/home/pi/ss25/src/summary/install/summary:/home/pi/ss25/src/install/wheel_odometry:/home/pi/ss25/src/install/summary:/home/pi/ss25/src/install/safety_control:/home/pi/ss25/src/install/project:/home/pi/ss25/src/install/my_motor_driver:/home/pi/ss25/src/install/description:/home/pi/ss25/src/install/bringup_pkg:/home/pi/install/summary:/home/pi/demo_testing_9_april/seav/install/yolov8_ros:/home/pi/demo_testing_9_april/seav/install/static_tf_publisher:/home/pi/demo_testing_9_april/seav/install/seav_test_sensors:/home/pi/demo_testing_9_april/seav/install/my_robot_controller:/opt/ros/humble /usr/bin/cmake --install /home/pi/seav2/build/seav2
[21.066s] DEBUG:colcon.colcon_core.event_handler.log_command:Invoking command in '/home/pi/seav2/src/robot_cam_ros': PYTHONPATH=/home/pi/seav2/build/robot_cam_ros/prefix_override:/usr/lib/python3/dist-packages/colcon_core/task/python/colcon_distutils_commands:/home/pi/seav2/install/robot_cam_ros/lib/python3.10/site-packages:${PYTHONPATH} /usr/bin/python3 -W ignore:setup.py install is deprecated -W ignore:easy_install command is deprecated setup.py egg_info --egg-base ../../build/robot_cam_ros build --build-base /home/pi/seav2/build/robot_cam_ros/build install --record /home/pi/seav2/build/robot_cam_ros/install.log --single-version-externally-managed install_data
[21.089s] DEBUG:colcon.colcon_core.event_handler.log_command:Invoking command in '/home/pi/seav2/src/ball_tracker': PYTHONPATH=/home/pi/seav2/build/ball_tracker/prefix_override:/usr/lib/python3/dist-packages/colcon_core/task/python/colcon_distutils_commands:/home/pi/seav2/install/ball_tracker/lib/python3.10/site-packages:${PYTHONPATH} /usr/bin/python3 -W ignore:setup.py install is deprecated -W ignore:easy_install command is deprecated setup.py egg_info --egg-base ../../build/ball_tracker build --build-base /home/pi/seav2/build/ball_tracker/build install --record /home/pi/seav2/build/ball_tracker/install.log --install-scripts $base/lib/ball_tracker --single-version-externally-managed install_data
[21.591s] Level 1:colcon.colcon_core.environment:create_environment_scripts_only(seav2)
[21.594s] Level 1:colcon.colcon_core.environment:checking '/home/pi/seav2/install/seav2' for CMake module files
[21.598s] DEBUG:colcon.colcon_core.event_handler.log_command:Invoked command in '/home/pi/seav2/build/seav2' returned '0': CMAKE_PREFIX_PATH=${CMAKE_PREFIX_PATH}:/home/pi/seav2/install/carlikebot_ros2_control:/home/pi/seav2/install/seav2_imu:/home/pi/seav2/install/robot_cam_ros:/home/pi/seav2/install/ball_tracker:/home/pi/ss25/install/wheel_odometry:/home/pi/ss25/install/vup_2k7:/home/pi/ss25/install/summary:/home/pi/ss25/install/safety_control:/home/pi/ss25/install/project:/home/pi/ss25/install/my_slam:/home/pi/ss25/install/my_motor_driver:/home/pi/ss25/install/final:/home/pi/ss25/install/description:/home/pi/ss25/install/bringup_pkg:/home/pi/ss25/src/summary/install/summary:/home/pi/ss25/src/install/wheel_odometry:/home/pi/ss25/src/install/summary:/home/pi/ss25/src/install/safety_control:/home/pi/ss25/src/install/project:/home/pi/ss25/src/install/my_motor_driver:/home/pi/ss25/src/install/description:/home/pi/ss25/src/install/bringup_pkg:/home/pi/install/summary:/home/pi/demo_testing_9_april/seav/install/yolov8_ros:/home/pi/demo_testing_9_april/seav/install/static_tf_publisher:/home/pi/demo_testing_9_april/seav/install/seav_test_sensors:/home/pi/demo_testing_9_april/seav/install/my_robot_controller:/opt/ros/humble /usr/bin/cmake --install /home/pi/seav2/build/seav2
[21.608s] Level 1:colcon.colcon_core.environment:checking '/home/pi/seav2/install/seav2' for CMake config files
[21.614s] Level 1:colcon.colcon_core.shell:create_environment_hook('seav2', 'cmake_prefix_path')
[21.617s] INFO:colcon.colcon_core.shell:Creating environment hook '/home/pi/seav2/install/seav2/share/seav2/hook/cmake_prefix_path.ps1'
[21.623s] INFO:colcon.colcon_core.shell:Creating environment descriptor '/home/pi/seav2/install/seav2/share/seav2/hook/cmake_prefix_path.dsv'
[21.628s] INFO:colcon.colcon_core.shell:Creating environment hook '/home/pi/seav2/install/seav2/share/seav2/hook/cmake_prefix_path.sh'
[21.636s] Level 1:colcon.colcon_core.environment:checking '/home/pi/seav2/install/seav2/bin'
[21.637s] Level 1:colcon.colcon_core.environment:checking '/home/pi/seav2/install/seav2/lib/pkgconfig/seav2.pc'
[21.640s] Level 1:colcon.colcon_core.environment:checking '/home/pi/seav2/install/seav2/lib/python3.10/site-packages'
[21.644s] Level 1:colcon.colcon_core.environment:checking '/home/pi/seav2/install/seav2/bin'
[21.647s] INFO:colcon.colcon_core.shell:Creating package script '/home/pi/seav2/install/seav2/share/seav2/package.ps1'
[21.653s] INFO:colcon.colcon_core.shell:Creating package descriptor '/home/pi/seav2/install/seav2/share/seav2/package.dsv'
[21.659s] INFO:colcon.colcon_core.shell:Creating package script '/home/pi/seav2/install/seav2/share/seav2/package.sh'
[21.665s] INFO:colcon.colcon_core.shell:Creating package script '/home/pi/seav2/install/seav2/share/seav2/package.bash'
[21.672s] INFO:colcon.colcon_core.shell:Creating package script '/home/pi/seav2/install/seav2/share/seav2/package.zsh'
[21.677s] Level 1:colcon.colcon_core.environment:create_file_with_runtime_dependencies(/home/pi/seav2/install/seav2/share/colcon-core/packages/seav2)
[21.687s] Level 1:colcon.colcon_core.environment:create_environment_scripts_only(seav2)
[21.690s] Level 1:colcon.colcon_core.environment:checking '/home/pi/seav2/install/seav2' for CMake module files
[21.699s] Level 1:colcon.colcon_core.environment:checking '/home/pi/seav2/install/seav2' for CMake config files
[21.704s] Level 1:colcon.colcon_core.shell:create_environment_hook('seav2', 'cmake_prefix_path')
[21.707s] INFO:colcon.colcon_core.shell:Creating environment hook '/home/pi/seav2/install/seav2/share/seav2/hook/cmake_prefix_path.ps1'
[21.712s] INFO:colcon.colcon_core.shell:Creating environment descriptor '/home/pi/seav2/install/seav2/share/seav2/hook/cmake_prefix_path.dsv'
[21.718s] INFO:colcon.colcon_core.shell:Creating environment hook '/home/pi/seav2/install/seav2/share/seav2/hook/cmake_prefix_path.sh'
[21.725s] Level 1:colcon.colcon_core.environment:checking '/home/pi/seav2/install/seav2/bin'
[21.726s] Level 1:colcon.colcon_core.environment:checking '/home/pi/seav2/install/seav2/lib/pkgconfig/seav2.pc'
[21.729s] Level 1:colcon.colcon_core.environment:checking '/home/pi/seav2/install/seav2/lib/python3.10/site-packages'
[21.732s] Level 1:colcon.colcon_core.environment:checking '/home/pi/seav2/install/seav2/bin'
[21.735s] INFO:colcon.colcon_core.shell:Creating package script '/home/pi/seav2/install/seav2/share/seav2/package.ps1'
[21.741s] INFO:colcon.colcon_core.shell:Creating package descriptor '/home/pi/seav2/install/seav2/share/seav2/package.dsv'
[21.748s] INFO:colcon.colcon_core.shell:Creating package script '/home/pi/seav2/install/seav2/share/seav2/package.sh'
[21.754s] INFO:colcon.colcon_core.shell:Creating package script '/home/pi/seav2/install/seav2/share/seav2/package.bash'
[21.760s] INFO:colcon.colcon_core.shell:Creating package script '/home/pi/seav2/install/seav2/share/seav2/package.zsh'
[21.766s] Level 1:colcon.colcon_core.environment:create_file_with_runtime_dependencies(/home/pi/seav2/install/seav2/share/colcon-core/packages/seav2)
[21.776s] INFO:colcon.colcon_ros.task.ament_cmake.build:Building ROS package in '/home/pi/seav2/src/ros2_v4l2_camera' with build type 'ament_cmake'
[21.779s] INFO:colcon.colcon_cmake.task.cmake.build:Building CMake package in '/home/pi/seav2/src/ros2_v4l2_camera'
[21.781s] INFO:colcon.colcon_core.shell:Skip shell extension 'powershell' for command environment: Not usable outside of PowerShell
[21.782s] DEBUG:colcon.colcon_core.shell:Skip shell extension 'dsv' for command environment
[21.998s] DEBUG:colcon.colcon_core.event_handler.log_command:Invoking command in '/home/pi/seav2/build/v4l2_camera': CMAKE_PREFIX_PATH=${CMAKE_PREFIX_PATH}:/home/pi/seav2/install/carlikebot_ros2_control:/home/pi/seav2/install/seav2_imu:/home/pi/seav2/install/robot_cam_ros:/home/pi/seav2/install/ball_tracker:/home/pi/ss25/install/wheel_odometry:/home/pi/ss25/install/vup_2k7:/home/pi/ss25/install/summary:/home/pi/ss25/install/safety_control:/home/pi/ss25/install/project:/home/pi/ss25/install/my_slam:/home/pi/ss25/install/my_motor_driver:/home/pi/ss25/install/final:/home/pi/ss25/install/description:/home/pi/ss25/install/bringup_pkg:/home/pi/ss25/src/summary/install/summary:/home/pi/ss25/src/install/wheel_odometry:/home/pi/ss25/src/install/summary:/home/pi/ss25/src/install/safety_control:/home/pi/ss25/src/install/project:/home/pi/ss25/src/install/my_motor_driver:/home/pi/ss25/src/install/description:/home/pi/ss25/src/install/bringup_pkg:/home/pi/install/summary:/home/pi/demo_testing_9_april/seav/install/yolov8_ros:/home/pi/demo_testing_9_april/seav/install/static_tf_publisher:/home/pi/demo_testing_9_april/seav/install/seav_test_sensors:/home/pi/demo_testing_9_april/seav/install/my_robot_controller:/opt/ros/humble /usr/bin/cmake --build /home/pi/seav2/build/v4l2_camera -- -j4 -l4
[26.330s] DEBUG:colcon.colcon_core.event_handler.log_command:Invoked command in '/home/pi/seav2/src/ball_tracker' returned '0': PYTHONPATH=/home/pi/seav2/build/ball_tracker/prefix_override:/usr/lib/python3/dist-packages/colcon_core/task/python/colcon_distutils_commands:/home/pi/seav2/install/ball_tracker/lib/python3.10/site-packages:${PYTHONPATH} /usr/bin/python3 -W ignore:setup.py install is deprecated -W ignore:easy_install command is deprecated setup.py egg_info --egg-base ../../build/ball_tracker build --build-base /home/pi/seav2/build/ball_tracker/build install --record /home/pi/seav2/build/ball_tracker/install.log --install-scripts $base/lib/ball_tracker --single-version-externally-managed install_data
[26.342s] Level 1:colcon.colcon_core.environment:checking '/home/pi/seav2/install/ball_tracker' for CMake module files
[26.368s] Level 1:colcon.colcon_core.environment:checking '/home/pi/seav2/install/ball_tracker' for CMake config files
[26.382s] Level 1:colcon.colcon_core.environment:checking '/home/pi/seav2/install/ball_tracker/lib'
[26.383s] Level 1:colcon.colcon_core.environment:checking '/home/pi/seav2/install/ball_tracker/bin'
[26.385s] Level 1:colcon.colcon_core.environment:checking '/home/pi/seav2/install/ball_tracker/lib/pkgconfig/ball_tracker.pc'
[26.387s] Level 1:colcon.colcon_core.environment:checking '/home/pi/seav2/install/ball_tracker/lib/python3.10/site-packages'
[26.390s] Level 1:colcon.colcon_core.shell:create_environment_hook('ball_tracker', 'pythonpath')
[26.393s] INFO:colcon.colcon_core.shell:Creating environment hook '/home/pi/seav2/install/ball_tracker/share/ball_tracker/hook/pythonpath.ps1'
[26.399s] INFO:colcon.colcon_core.shell:Creating environment descriptor '/home/pi/seav2/install/ball_tracker/share/ball_tracker/hook/pythonpath.dsv'
[26.405s] INFO:colcon.colcon_core.shell:Creating environment hook '/home/pi/seav2/install/ball_tracker/share/ball_tracker/hook/pythonpath.sh'
[26.413s] Level 1:colcon.colcon_core.environment:checking '/home/pi/seav2/install/ball_tracker/bin'
[26.414s] Level 1:colcon.colcon_core.environment:create_environment_scripts_only(ball_tracker)
[26.417s] INFO:colcon.colcon_core.shell:Creating package script '/home/pi/seav2/install/ball_tracker/share/ball_tracker/package.ps1'
[26.427s] INFO:colcon.colcon_core.shell:Creating package descriptor '/home/pi/seav2/install/ball_tracker/share/ball_tracker/package.dsv'
[26.451s] INFO:colcon.colcon_core.shell:Creating package script '/home/pi/seav2/install/ball_tracker/share/ball_tracker/package.sh'
[26.471s] INFO:colcon.colcon_core.shell:Creating package script '/home/pi/seav2/install/ball_tracker/share/ball_tracker/package.bash'
[26.501s] INFO:colcon.colcon_core.shell:Creating package script '/home/pi/seav2/install/ball_tracker/share/ball_tracker/package.zsh'
[26.517s] Level 1:colcon.colcon_core.environment:create_file_with_runtime_dependencies(/home/pi/seav2/install/ball_tracker/share/colcon-core/packages/ball_tracker)
[26.533s] INFO:colcon.colcon_ros.task.ament_cmake.build:Building ROS package in '/home/pi/seav2/src/seav-ii/carlikebot_ros2_control/carlikebot_ros2_control' with build type 'ament_cmake'
[26.541s] INFO:colcon.colcon_cmake.task.cmake.build:Building CMake package in '/home/pi/seav2/src/seav-ii/carlikebot_ros2_control/carlikebot_ros2_control'
[26.546s] INFO:colcon.colcon_core.shell:Skip shell extension 'powershell' for command environment: Not usable outside of PowerShell
[26.559s] DEBUG:colcon.colcon_core.shell:Skip shell extension 'dsv' for command environment
[26.769s] Level 1:colcon.colcon_core.environment:checking '/home/pi/seav2/install/robot_cam_ros' for CMake module files
[26.772s] DEBUG:colcon.colcon_core.event_handler.log_command:Invoked command in '/home/pi/seav2/src/robot_cam_ros' returned '0': PYTHONPATH=/home/pi/seav2/build/robot_cam_ros/prefix_override:/usr/lib/python3/dist-packages/colcon_core/task/python/colcon_distutils_commands:/home/pi/seav2/install/robot_cam_ros/lib/python3.10/site-packages:${PYTHONPATH} /usr/bin/python3 -W ignore:setup.py install is deprecated -W ignore:easy_install command is deprecated setup.py egg_info --egg-base ../../build/robot_cam_ros build --build-base /home/pi/seav2/build/robot_cam_ros/build install --record /home/pi/seav2/build/robot_cam_ros/install.log --single-version-externally-managed install_data
[26.780s] Level 1:colcon.colcon_core.environment:checking '/home/pi/seav2/install/robot_cam_ros' for CMake config files
[26.790s] Level 1:colcon.colcon_core.environment:checking '/home/pi/seav2/install/robot_cam_ros/lib'
[26.792s] Level 1:colcon.colcon_core.environment:checking '/home/pi/seav2/install/robot_cam_ros/bin'
[26.793s] Level 1:colcon.colcon_core.environment:checking '/home/pi/seav2/install/robot_cam_ros/lib/pkgconfig/robot_cam_ros.pc'
[26.798s] Level 1:colcon.colcon_core.environment:checking '/home/pi/seav2/install/robot_cam_ros/lib/python3.10/site-packages'
[26.799s] Level 1:colcon.colcon_core.shell:create_environment_hook('robot_cam_ros', 'pythonpath')
[26.801s] INFO:colcon.colcon_core.shell:Creating environment hook '/home/pi/seav2/install/robot_cam_ros/share/robot_cam_ros/hook/pythonpath.ps1'
[26.807s] INFO:colcon.colcon_core.shell:Creating environment descriptor '/home/pi/seav2/install/robot_cam_ros/share/robot_cam_ros/hook/pythonpath.dsv'
[26.812s] INFO:colcon.colcon_core.shell:Creating environment hook '/home/pi/seav2/install/robot_cam_ros/share/robot_cam_ros/hook/pythonpath.sh'
[26.819s] Level 1:colcon.colcon_core.environment:checking '/home/pi/seav2/install/robot_cam_ros/bin'
[26.820s] Level 1:colcon.colcon_core.environment:create_environment_scripts_only(robot_cam_ros)
[26.824s] INFO:colcon.colcon_core.shell:Creating package script '/home/pi/seav2/install/robot_cam_ros/share/robot_cam_ros/package.ps1'
[26.832s] INFO:colcon.colcon_core.shell:Creating package descriptor '/home/pi/seav2/install/robot_cam_ros/share/robot_cam_ros/package.dsv'
[26.838s] INFO:colcon.colcon_core.shell:Creating package script '/home/pi/seav2/install/robot_cam_ros/share/robot_cam_ros/package.sh'
[26.844s] INFO:colcon.colcon_core.shell:Creating package script '/home/pi/seav2/install/robot_cam_ros/share/robot_cam_ros/package.bash'
[26.850s] INFO:colcon.colcon_core.shell:Creating package script '/home/pi/seav2/install/robot_cam_ros/share/robot_cam_ros/package.zsh'
[26.856s] Level 1:colcon.colcon_core.environment:create_file_with_runtime_dependencies(/home/pi/seav2/install/robot_cam_ros/share/colcon-core/packages/robot_cam_ros)
[26.909s] DEBUG:colcon.colcon_core.event_handler.log_command:Invoking command in '/home/pi/seav2/build/carlikebot_ros2_control': CMAKE_PREFIX_PATH=/home/pi/seav2/install/serial:/home/pi/seav2/install/ros2_control_demo_description:/home/pi/seav2/install/seav2:/home/pi/ss25/install/sllidar_ros2:/home/pi/ss25/src/install/sllidar_ros2:/home/pi/demo_testing_9_april/seav/install/seav_simulation:/home/pi/demo_testing_9_april/seav/install/seav_description:/home/pi/demo_testing_9_april/seav/install/rplidar_ros:/home/pi/demo_testing_9_april/seav/install/my_nav2_pkg:/home/pi/seav2/install/carlikebot_ros2_control:/home/pi/seav2/install/seav2_imu:/home/pi/seav2/install/robot_cam_ros:/home/pi/seav2/install/ball_tracker:/home/pi/ss25/install/wheel_odometry:/home/pi/ss25/install/vup_2k7:/home/pi/ss25/install/summary:/home/pi/ss25/install/safety_control:/home/pi/ss25/install/project:/home/pi/ss25/install/my_slam:/home/pi/ss25/install/my_motor_driver:/home/pi/ss25/install/final:/home/pi/ss25/install/description:/home/pi/ss25/install/bringup_pkg:/home/pi/ss25/src/summary/install/summary:/home/pi/ss25/src/install/wheel_odometry:/home/pi/ss25/src/install/summary:/home/pi/ss25/src/install/safety_control:/home/pi/ss25/src/install/project:/home/pi/ss25/src/install/my_motor_driver:/home/pi/ss25/src/install/description:/home/pi/ss25/src/install/bringup_pkg:/home/pi/install/summary:/home/pi/demo_testing_9_april/seav/install/yolov8_ros:/home/pi/demo_testing_9_april/seav/install/static_tf_publisher:/home/pi/demo_testing_9_april/seav/install/seav_test_sensors:/home/pi/demo_testing_9_april/seav/install/my_robot_controller:/opt/ros/humble /usr/bin/cmake --build /home/pi/seav2/build/carlikebot_ros2_control -- -j4 -l4
[27.661s] DEBUG:colcon.colcon_core.event_handler.log_command:Invoking command in '/home/pi/seav2/src/seav2_imu': PYTHONPATH=/home/pi/seav2/build/seav2_imu/prefix_override:/usr/lib/python3/dist-packages/colcon_core/task/python/colcon_distutils_commands:/home/pi/seav2/install/seav2_imu/lib/python3.10/site-packages:${PYTHONPATH} /usr/bin/python3 -W ignore:setup.py install is deprecated -W ignore:easy_install command is deprecated setup.py egg_info --egg-base ../../build/seav2_imu build --build-base /home/pi/seav2/build/seav2_imu/build install --record /home/pi/seav2/build/seav2_imu/install.log --single-version-externally-managed install_data
[27.830s] DEBUG:colcon.colcon_core.event_handler.log_command:Invoked command in '/home/pi/seav2/build/carlikebot_ros2_control' returned '0': CMAKE_PREFIX_PATH=/home/pi/seav2/install/serial:/home/pi/seav2/install/ros2_control_demo_description:/home/pi/seav2/install/seav2:/home/pi/ss25/install/sllidar_ros2:/home/pi/ss25/src/install/sllidar_ros2:/home/pi/demo_testing_9_april/seav/install/seav_simulation:/home/pi/demo_testing_9_april/seav/install/seav_description:/home/pi/demo_testing_9_april/seav/install/rplidar_ros:/home/pi/demo_testing_9_april/seav/install/my_nav2_pkg:/home/pi/seav2/install/carlikebot_ros2_control:/home/pi/seav2/install/seav2_imu:/home/pi/seav2/install/robot_cam_ros:/home/pi/seav2/install/ball_tracker:/home/pi/ss25/install/wheel_odometry:/home/pi/ss25/install/vup_2k7:/home/pi/ss25/install/summary:/home/pi/ss25/install/safety_control:/home/pi/ss25/install/project:/home/pi/ss25/install/my_slam:/home/pi/ss25/install/my_motor_driver:/home/pi/ss25/install/final:/home/pi/ss25/install/description:/home/pi/ss25/install/bringup_pkg:/home/pi/ss25/src/summary/install/summary:/home/pi/ss25/src/install/wheel_odometry:/home/pi/ss25/src/install/summary:/home/pi/ss25/src/install/safety_control:/home/pi/ss25/src/install/project:/home/pi/ss25/src/install/my_motor_driver:/home/pi/ss25/src/install/description:/home/pi/ss25/src/install/bringup_pkg:/home/pi/install/summary:/home/pi/demo_testing_9_april/seav/install/yolov8_ros:/home/pi/demo_testing_9_april/seav/install/static_tf_publisher:/home/pi/demo_testing_9_april/seav/install/seav_test_sensors:/home/pi/demo_testing_9_april/seav/install/my_robot_controller:/opt/ros/humble /usr/bin/cmake --build /home/pi/seav2/build/carlikebot_ros2_control -- -j4 -l4
[27.862s] DEBUG:colcon.colcon_core.event_handler.log_command:Invoking command in '/home/pi/seav2/build/carlikebot_ros2_control': CMAKE_PREFIX_PATH=/home/pi/seav2/install/serial:/home/pi/seav2/install/ros2_control_demo_description:/home/pi/seav2/install/seav2:/home/pi/ss25/install/sllidar_ros2:/home/pi/ss25/src/install/sllidar_ros2:/home/pi/demo_testing_9_april/seav/install/seav_simulation:/home/pi/demo_testing_9_april/seav/install/seav_description:/home/pi/demo_testing_9_april/seav/install/rplidar_ros:/home/pi/demo_testing_9_april/seav/install/my_nav2_pkg:/home/pi/seav2/install/carlikebot_ros2_control:/home/pi/seav2/install/seav2_imu:/home/pi/seav2/install/robot_cam_ros:/home/pi/seav2/install/ball_tracker:/home/pi/ss25/install/wheel_odometry:/home/pi/ss25/install/vup_2k7:/home/pi/ss25/install/summary:/home/pi/ss25/install/safety_control:/home/pi/ss25/install/project:/home/pi/ss25/install/my_slam:/home/pi/ss25/install/my_motor_driver:/home/pi/ss25/install/final:/home/pi/ss25/install/description:/home/pi/ss25/install/bringup_pkg:/home/pi/ss25/src/summary/install/summary:/home/pi/ss25/src/install/wheel_odometry:/home/pi/ss25/src/install/summary:/home/pi/ss25/src/install/safety_control:/home/pi/ss25/src/install/project:/home/pi/ss25/src/install/my_motor_driver:/home/pi/ss25/src/install/description:/home/pi/ss25/src/install/bringup_pkg:/home/pi/install/summary:/home/pi/demo_testing_9_april/seav/install/yolov8_ros:/home/pi/demo_testing_9_april/seav/install/static_tf_publisher:/home/pi/demo_testing_9_april/seav/install/seav_test_sensors:/home/pi/demo_testing_9_april/seav/install/my_robot_controller:/opt/ros/humble /usr/bin/cmake --install /home/pi/seav2/build/carlikebot_ros2_control
[28.206s] Level 1:colcon.colcon_core.environment:create_environment_scripts_only(carlikebot_ros2_control)
[28.209s] Level 1:colcon.colcon_core.environment:checking '/home/pi/seav2/install/carlikebot_ros2_control' for CMake module files
[28.214s] DEBUG:colcon.colcon_core.event_handler.log_command:Invoked command in '/home/pi/seav2/build/carlikebot_ros2_control' returned '0': CMAKE_PREFIX_PATH=/home/pi/seav2/install/serial:/home/pi/seav2/install/ros2_control_demo_description:/home/pi/seav2/install/seav2:/home/pi/ss25/install/sllidar_ros2:/home/pi/ss25/src/install/sllidar_ros2:/home/pi/demo_testing_9_april/seav/install/seav_simulation:/home/pi/demo_testing_9_april/seav/install/seav_description:/home/pi/demo_testing_9_april/seav/install/rplidar_ros:/home/pi/demo_testing_9_april/seav/install/my_nav2_pkg:/home/pi/seav2/install/carlikebot_ros2_control:/home/pi/seav2/install/seav2_imu:/home/pi/seav2/install/robot_cam_ros:/home/pi/seav2/install/ball_tracker:/home/pi/ss25/install/wheel_odometry:/home/pi/ss25/install/vup_2k7:/home/pi/ss25/install/summary:/home/pi/ss25/install/safety_control:/home/pi/ss25/install/project:/home/pi/ss25/install/my_slam:/home/pi/ss25/install/my_motor_driver:/home/pi/ss25/install/final:/home/pi/ss25/install/description:/home/pi/ss25/install/bringup_pkg:/home/pi/ss25/src/summary/install/summary:/home/pi/ss25/src/install/wheel_odometry:/home/pi/ss25/src/install/summary:/home/pi/ss25/src/install/safety_control:/home/pi/ss25/src/install/project:/home/pi/ss25/src/install/my_motor_driver:/home/pi/ss25/src/install/description:/home/pi/ss25/src/install/bringup_pkg:/home/pi/install/summary:/home/pi/demo_testing_9_april/seav/install/yolov8_ros:/home/pi/demo_testing_9_april/seav/install/static_tf_publisher:/home/pi/demo_testing_9_april/seav/install/seav_test_sensors:/home/pi/demo_testing_9_april/seav/install/my_robot_controller:/opt/ros/humble /usr/bin/cmake --install /home/pi/seav2/build/carlikebot_ros2_control
[28.223s] Level 1:colcon.colcon_core.environment:checking '/home/pi/seav2/install/carlikebot_ros2_control' for CMake config files
[28.228s] Level 1:colcon.colcon_core.shell:create_environment_hook('carlikebot_ros2_control', 'cmake_prefix_path')
[28.231s] INFO:colcon.colcon_core.shell:Creating environment hook '/home/pi/seav2/install/carlikebot_ros2_control/share/carlikebot_ros2_control/hook/cmake_prefix_path.ps1'
[28.236s] INFO:colcon.colcon_core.shell:Creating environment descriptor '/home/pi/seav2/install/carlikebot_ros2_control/share/carlikebot_ros2_control/hook/cmake_prefix_path.dsv'
[28.241s] INFO:colcon.colcon_core.shell:Creating environment hook '/home/pi/seav2/install/carlikebot_ros2_control/share/carlikebot_ros2_control/hook/cmake_prefix_path.sh'
[28.249s] Level 1:colcon.colcon_core.environment:checking '/home/pi/seav2/install/carlikebot_ros2_control/lib'
[28.250s] Level 1:colcon.colcon_core.shell:create_environment_hook('carlikebot_ros2_control', 'ld_library_path_lib')
[28.252s] INFO:colcon.colcon_core.shell:Creating environment hook '/home/pi/seav2/install/carlikebot_ros2_control/share/carlikebot_ros2_control/hook/ld_library_path_lib.ps1'
[28.259s] INFO:colcon.colcon_core.shell:Creating environment descriptor '/home/pi/seav2/install/carlikebot_ros2_control/share/carlikebot_ros2_control/hook/ld_library_path_lib.dsv'
[28.263s] INFO:colcon.colcon_core.shell:Creating environment hook '/home/pi/seav2/install/carlikebot_ros2_control/share/carlikebot_ros2_control/hook/ld_library_path_lib.sh'
[28.268s] Level 1:colcon.colcon_core.environment:checking '/home/pi/seav2/install/carlikebot_ros2_control/bin'
[28.269s] Level 1:colcon.colcon_core.environment:checking '/home/pi/seav2/install/carlikebot_ros2_control/lib/pkgconfig/carlikebot_ros2_control.pc'
[28.271s] Level 1:colcon.colcon_core.environment:checking '/home/pi/seav2/install/carlikebot_ros2_control/lib/python3.10/site-packages'
[28.274s] Level 1:colcon.colcon_core.environment:checking '/home/pi/seav2/install/carlikebot_ros2_control/bin'
[28.277s] INFO:colcon.colcon_core.shell:Creating package script '/home/pi/seav2/install/carlikebot_ros2_control/share/carlikebot_ros2_control/package.ps1'
[28.283s] INFO:colcon.colcon_core.shell:Creating package descriptor '/home/pi/seav2/install/carlikebot_ros2_control/share/carlikebot_ros2_control/package.dsv'
[28.289s] INFO:colcon.colcon_core.shell:Creating package script '/home/pi/seav2/install/carlikebot_ros2_control/share/carlikebot_ros2_control/package.sh'
[28.294s] INFO:colcon.colcon_core.shell:Creating package script '/home/pi/seav2/install/carlikebot_ros2_control/share/carlikebot_ros2_control/package.bash'
[28.299s] INFO:colcon.colcon_core.shell:Creating package script '/home/pi/seav2/install/carlikebot_ros2_control/share/carlikebot_ros2_control/package.zsh'
[28.304s] Level 1:colcon.colcon_core.environment:create_file_with_runtime_dependencies(/home/pi/seav2/install/carlikebot_ros2_control/share/colcon-core/packages/carlikebot_ros2_control)
[28.311s] Level 1:colcon.colcon_core.environment:create_environment_scripts_only(carlikebot_ros2_control)
[28.313s] Level 1:colcon.colcon_core.environment:checking '/home/pi/seav2/install/carlikebot_ros2_control' for CMake module files
[28.323s] Level 1:colcon.colcon_core.environment:checking '/home/pi/seav2/install/carlikebot_ros2_control' for CMake config files
[28.328s] Level 1:colcon.colcon_core.shell:create_environment_hook('carlikebot_ros2_control', 'cmake_prefix_path')
[28.330s] INFO:colcon.colcon_core.shell:Creating environment hook '/home/pi/seav2/install/carlikebot_ros2_control/share/carlikebot_ros2_control/hook/cmake_prefix_path.ps1'
[28.335s] INFO:colcon.colcon_core.shell:Creating environment descriptor '/home/pi/seav2/install/carlikebot_ros2_control/share/carlikebot_ros2_control/hook/cmake_prefix_path.dsv'
[28.340s] INFO:colcon.colcon_core.shell:Creating environment hook '/home/pi/seav2/install/carlikebot_ros2_control/share/carlikebot_ros2_control/hook/cmake_prefix_path.sh'
[28.347s] Level 1:colcon.colcon_core.environment:checking '/home/pi/seav2/install/carlikebot_ros2_control/lib'
[28.348s] Level 1:colcon.colcon_core.shell:create_environment_hook('carlikebot_ros2_control', 'ld_library_path_lib')
[28.353s] INFO:colcon.colcon_core.shell:Creating environment hook '/home/pi/seav2/install/carlikebot_ros2_control/share/carlikebot_ros2_control/hook/ld_library_path_lib.ps1'
[28.361s] INFO:colcon.colcon_core.shell:Creating environment descriptor '/home/pi/seav2/install/carlikebot_ros2_control/share/carlikebot_ros2_control/hook/ld_library_path_lib.dsv'
[28.365s] INFO:colcon.colcon_core.shell:Creating environment hook '/home/pi/seav2/install/carlikebot_ros2_control/share/carlikebot_ros2_control/hook/ld_library_path_lib.sh'
[28.371s] Level 1:colcon.colcon_core.environment:checking '/home/pi/seav2/install/carlikebot_ros2_control/bin'
[28.372s] Level 1:colcon.colcon_core.environment:checking '/home/pi/seav2/install/carlikebot_ros2_control/lib/pkgconfig/carlikebot_ros2_control.pc'
[28.374s] Level 1:colcon.colcon_core.environment:checking '/home/pi/seav2/install/carlikebot_ros2_control/lib/python3.10/site-packages'
[28.376s] Level 1:colcon.colcon_core.environment:checking '/home/pi/seav2/install/carlikebot_ros2_control/bin'
[28.380s] INFO:colcon.colcon_core.shell:Creating package script '/home/pi/seav2/install/carlikebot_ros2_control/share/carlikebot_ros2_control/package.ps1'
[28.387s] INFO:colcon.colcon_core.shell:Creating package descriptor '/home/pi/seav2/install/carlikebot_ros2_control/share/carlikebot_ros2_control/package.dsv'
[28.394s] INFO:colcon.colcon_core.shell:Creating package script '/home/pi/seav2/install/carlikebot_ros2_control/share/carlikebot_ros2_control/package.sh'
[28.400s] INFO:colcon.colcon_core.shell:Creating package script '/home/pi/seav2/install/carlikebot_ros2_control/share/carlikebot_ros2_control/package.bash'
[28.405s] INFO:colcon.colcon_core.shell:Creating package script '/home/pi/seav2/install/carlikebot_ros2_control/share/carlikebot_ros2_control/package.zsh'
[28.411s] Level 1:colcon.colcon_core.environment:create_file_with_runtime_dependencies(/home/pi/seav2/install/carlikebot_ros2_control/share/colcon-core/packages/carlikebot_ros2_control)
[29.039s] DEBUG:colcon.colcon_core.event_handler.log_command:Invoked command in '/home/pi/seav2/build/v4l2_camera' returned '2': CMAKE_PREFIX_PATH=${CMAKE_PREFIX_PATH}:/home/pi/seav2/install/carlikebot_ros2_control:/home/pi/seav2/install/seav2_imu:/home/pi/seav2/install/robot_cam_ros:/home/pi/seav2/install/ball_tracker:/home/pi/ss25/install/wheel_odometry:/home/pi/ss25/install/vup_2k7:/home/pi/ss25/install/summary:/home/pi/ss25/install/safety_control:/home/pi/ss25/install/project:/home/pi/ss25/install/my_slam:/home/pi/ss25/install/my_motor_driver:/home/pi/ss25/install/final:/home/pi/ss25/install/description:/home/pi/ss25/install/bringup_pkg:/home/pi/ss25/src/summary/install/summary:/home/pi/ss25/src/install/wheel_odometry:/home/pi/ss25/src/install/summary:/home/pi/ss25/src/install/safety_control:/home/pi/ss25/src/install/project:/home/pi/ss25/src/install/my_motor_driver:/home/pi/ss25/src/install/description:/home/pi/ss25/src/install/bringup_pkg:/home/pi/install/summary:/home/pi/demo_testing_9_april/seav/install/yolov8_ros:/home/pi/demo_testing_9_april/seav/install/static_tf_publisher:/home/pi/demo_testing_9_april/seav/install/seav_test_sensors:/home/pi/demo_testing_9_april/seav/install/my_robot_controller:/opt/ros/humble /usr/bin/cmake --build /home/pi/seav2/build/v4l2_camera -- -j4 -l4
[29.044s] Level 1:colcon.colcon_core.environment:create_environment_scripts_only(v4l2_camera)
[29.046s] Level 1:colcon.colcon_core.environment:checking '/home/pi/seav2/install/v4l2_camera' for CMake module files
[29.052s] Level 1:colcon.colcon_core.environment:checking '/home/pi/seav2/install/v4l2_camera' for CMake config files
[29.056s] Level 1:colcon.colcon_core.environment:checking '/home/pi/seav2/install/v4l2_camera/bin'
[29.057s] Level 1:colcon.colcon_core.environment:checking '/home/pi/seav2/install/v4l2_camera/lib/pkgconfig/v4l2_camera.pc'
[29.059s] Level 1:colcon.colcon_core.environment:checking '/home/pi/seav2/install/v4l2_camera/lib/python3.10/site-packages'
[29.061s] Level 1:colcon.colcon_core.environment:checking '/home/pi/seav2/install/v4l2_camera/bin'
[29.064s] INFO:colcon.colcon_core.shell:Creating package script '/home/pi/seav2/install/v4l2_camera/share/v4l2_camera/package.ps1'
[29.071s] INFO:colcon.colcon_core.shell:Creating package descriptor '/home/pi/seav2/install/v4l2_camera/share/v4l2_camera/package.dsv'
[29.077s] INFO:colcon.colcon_core.shell:Creating package script '/home/pi/seav2/install/v4l2_camera/share/v4l2_camera/package.sh'
[29.082s] INFO:colcon.colcon_core.shell:Creating package script '/home/pi/seav2/install/v4l2_camera/share/v4l2_camera/package.bash'
[29.087s] INFO:colcon.colcon_core.shell:Creating package script '/home/pi/seav2/install/v4l2_camera/share/v4l2_camera/package.zsh'
[29.092s] Level 1:colcon.colcon_core.environment:create_file_with_runtime_dependencies(/home/pi/seav2/install/v4l2_camera/share/colcon-core/packages/v4l2_camera)
[32.149s] DEBUG:colcon.colcon_parallel_executor.executor.parallel:closing loop
[32.152s] DEBUG:colcon.colcon_parallel_executor.executor.parallel:loop closed
[32.153s] DEBUG:colcon.colcon_parallel_executor.executor.parallel:run_until_complete finished with '2'
[32.155s] DEBUG:colcon.colcon_core.event_reactor:joining thread
[32.217s] INFO:colcon.colcon_core.plugin_system:Skipping extension 'colcon_notification.desktop_notification.notify_send': Could not find 'notify-send'
[32.218s] INFO:colcon.colcon_core.plugin_system:Skipping extension 'colcon_notification.desktop_notification.terminal_notifier': Not used on non-Darwin systems
[32.219s] INFO:colcon.colcon_core.plugin_system:Skipping extension 'colcon_notification.desktop_notification.win32': Not used on non-Windows systems
[32.220s] INFO:colcon.colcon_notification.desktop_notification:Sending desktop notification using 'notify2'
[32.227s] DEBUG:colcon.colcon_notification.desktop_notification.notify2:Failed to initialize notify2: org.freedesktop.DBus.Error.ServiceUnknown: The name org.freedesktop.Notifications was not provided by any .service files
[32.228s] DEBUG:colcon.colcon_core.event_reactor:joined thread
[32.231s] INFO:colcon.colcon_core.shell:Creating prefix script '/home/pi/seav2/install/local_setup.ps1'
[32.240s] INFO:colcon.colcon_core.shell:Creating prefix util module '/home/pi/seav2/install/_local_setup_util_ps1.py'
[32.255s] INFO:colcon.colcon_core.shell:Creating prefix chain script '/home/pi/seav2/install/setup.ps1'
[32.296s] INFO:colcon.colcon_core.shell:Creating prefix script '/home/pi/seav2/install/local_setup.sh'
[32.302s] INFO:colcon.colcon_core.shell:Creating prefix util module '/home/pi/seav2/install/_local_setup_util_sh.py'
[32.309s] INFO:colcon.colcon_core.shell:Creating prefix chain script '/home/pi/seav2/install/setup.sh'
[32.349s] INFO:colcon.colcon_core.shell:Creating prefix script '/home/pi/seav2/install/local_setup.bash'
[32.354s] INFO:colcon.colcon_core.shell:Creating prefix chain script '/home/pi/seav2/install/setup.bash'
[32.394s] INFO:colcon.colcon_core.shell:Creating prefix script '/home/pi/seav2/install/local_setup.zsh'
[32.401s] INFO:colcon.colcon_core.shell:Creating prefix chain script '/home/pi/seav2/install/setup.zsh'
