[1.427s] DEBUG:colcon:Command line arguments: ['/usr/bin/colcon', 'build', '--symlink-install']
[1.428s] DEBUG:colcon:Parsed command line arguments: Namespace(log_base=None, log_level=None, verb_name='build', build_base='build', install_base='install', merge_install=False, symlink_install=True, test_result_base=None, continue_on_error=False, executor='parallel', parallel_workers=4, event_handlers=None, ignore_user_meta=False, metas=['./colcon.meta'], base_paths=['.'], packages_ignore=None, packages_ignore_regex=None, paths=None, packages_up_to=None, packages_up_to_regex=None, packages_above=None, packages_above_and_dependencies=None, packages_above_depth=None, packages_select_by_dep=None, packages_skip_by_dep=None, packages_skip_up_to=None, packages_select_build_failed=False, packages_skip_build_finished=False, packages_select_test_failures=False, packages_skip_test_passed=False, packages_select=None, packages_skip=None, packages_select_regex=None, packages_skip_regex=None, packages_start=None, packages_end=None, allow_overriding=[], cmake_args=None, cmake_target=None, cmake_target_skip_unavailable=False, cmake_clean_cache=False, cmake_clean_first=False, cmake_force_configure=False, ament_cmake_args=None, catkin_cmake_args=None, catkin_skip_building_tests=False, verb_parser=<colcon_defaults.argument_parser.defaults.DefaultArgumentsDecorator object at 0xffff85a95c60>, verb_extension=<colcon_core.verb.build.BuildVerb object at 0xffff85c32fb0>, main=<bound method BuildVerb.main of <colcon_core.verb.build.BuildVerb object at 0xffff85c32fb0>>)
[4.101s] Level 1:colcon.colcon_core.package_discovery:discover_packages(colcon_meta) check parameters
[4.102s] Level 1:colcon.colcon_core.package_discovery:discover_packages(recursive) check parameters
[4.102s] Level 1:colcon.colcon_core.package_discovery:discover_packages(ignore) check parameters
[4.103s] Level 1:colcon.colcon_core.package_discovery:discover_packages(path) check parameters
[4.103s] Level 1:colcon.colcon_core.package_discovery:discover_packages(colcon_meta) discover
[4.104s] Level 1:colcon.colcon_core.package_discovery:discover_packages(recursive) discover
[4.104s] INFO:colcon.colcon_core.package_discovery:Crawling recursively for packages in '/home/pi/seav2'
[4.105s] Level 1:colcon.colcon_core.package_identification:_identify(.) by extensions ['ignore', 'ignore_ament_install']
[4.106s] Level 1:colcon.colcon_core.package_identification:_identify(.) by extension 'ignore'
[4.107s] Level 1:colcon.colcon_core.package_identification:_identify(.) by extension 'ignore_ament_install'
[4.107s] Level 1:colcon.colcon_core.package_identification:_identify(.) by extensions ['colcon_pkg']
[4.108s] Level 1:colcon.colcon_core.package_identification:_identify(.) by extension 'colcon_pkg'
[4.108s] Level 1:colcon.colcon_core.package_identification:_identify(.) by extensions ['colcon_meta']
[4.109s] Level 1:colcon.colcon_core.package_identification:_identify(.) by extension 'colcon_meta'
[4.109s] Level 1:colcon.colcon_core.package_identification:_identify(.) by extensions ['ros']
[4.109s] Level 1:colcon.colcon_core.package_identification:_identify(.) by extension 'ros'
[4.231s] Level 1:colcon.colcon_core.package_identification:_identify(.) by extensions ['cmake', 'python']
[4.232s] Level 1:colcon.colcon_core.package_identification:_identify(.) by extension 'cmake'
[4.232s] Level 1:colcon.colcon_core.package_identification:_identify(.) by extension 'python'
[4.233s] Level 1:colcon.colcon_core.package_identification:_identify(.) by extensions ['python_setup_py']
[4.234s] Level 1:colcon.colcon_core.package_identification:_identify(.) by extension 'python_setup_py'
[4.235s] Level 1:colcon.colcon_core.package_identification:_identify(build) by extensions ['ignore', 'ignore_ament_install']
[4.236s] Level 1:colcon.colcon_core.package_identification:_identify(build) by extension 'ignore'
[4.237s] Level 1:colcon.colcon_core.package_identification:_identify(build) ignored
[4.239s] Level 1:colcon.colcon_core.package_identification:_identify(install) by extensions ['ignore', 'ignore_ament_install']
[4.239s] Level 1:colcon.colcon_core.package_identification:_identify(install) by extension 'ignore'
[4.240s] Level 1:colcon.colcon_core.package_identification:_identify(install) ignored
[4.242s] Level 1:colcon.colcon_core.package_identification:_identify(log) by extensions ['ignore', 'ignore_ament_install']
[4.243s] Level 1:colcon.colcon_core.package_identification:_identify(log) by extension 'ignore'
[4.244s] Level 1:colcon.colcon_core.package_identification:_identify(log) ignored
[4.245s] Level 1:colcon.colcon_core.package_identification:_identify(src) by extensions ['ignore', 'ignore_ament_install']
[4.246s] Level 1:colcon.colcon_core.package_identification:_identify(src) by extension 'ignore'
[4.246s] Level 1:colcon.colcon_core.package_identification:_identify(src) by extension 'ignore_ament_install'
[4.247s] Level 1:colcon.colcon_core.package_identification:_identify(src) by extensions ['colcon_pkg']
[4.247s] Level 1:colcon.colcon_core.package_identification:_identify(src) by extension 'colcon_pkg'
[4.248s] Level 1:colcon.colcon_core.package_identification:_identify(src) by extensions ['colcon_meta']
[4.248s] Level 1:colcon.colcon_core.package_identification:_identify(src) by extension 'colcon_meta'
[4.249s] Level 1:colcon.colcon_core.package_identification:_identify(src) by extensions ['ros']
[4.249s] Level 1:colcon.colcon_core.package_identification:_identify(src) by extension 'ros'
[4.250s] Level 1:colcon.colcon_core.package_identification:_identify(src) by extensions ['cmake', 'python']
[4.250s] Level 1:colcon.colcon_core.package_identification:_identify(src) by extension 'cmake'
[4.251s] Level 1:colcon.colcon_core.package_identification:_identify(src) by extension 'python'
[4.251s] Level 1:colcon.colcon_core.package_identification:_identify(src) by extensions ['python_setup_py']
[4.252s] Level 1:colcon.colcon_core.package_identification:_identify(src) by extension 'python_setup_py'
[4.253s] Level 1:colcon.colcon_core.package_identification:_identify(src/ball_tracker) by extensions ['ignore', 'ignore_ament_install']
[4.254s] Level 1:colcon.colcon_core.package_identification:_identify(src/ball_tracker) by extension 'ignore'
[4.255s] Level 1:colcon.colcon_core.package_identification:_identify(src/ball_tracker) by extension 'ignore_ament_install'
[4.255s] Level 1:colcon.colcon_core.package_identification:_identify(src/ball_tracker) by extensions ['colcon_pkg']
[4.256s] Level 1:colcon.colcon_core.package_identification:_identify(src/ball_tracker) by extension 'colcon_pkg'
[4.256s] Level 1:colcon.colcon_core.package_identification:_identify(src/ball_tracker) by extensions ['colcon_meta']
[4.257s] Level 1:colcon.colcon_core.package_identification:_identify(src/ball_tracker) by extension 'colcon_meta'
[4.257s] Level 1:colcon.colcon_core.package_identification:_identify(src/ball_tracker) by extensions ['ros']
[4.258s] Level 1:colcon.colcon_core.package_identification:_identify(src/ball_tracker) by extension 'ros'
[4.283s] DEBUG:colcon.colcon_core.package_identification:Package 'src/ball_tracker' with type 'ros.ament_python' and name 'ball_tracker'
[4.285s] Level 1:colcon.colcon_core.package_identification:_identify(src/robot_cam_ros) by extensions ['ignore', 'ignore_ament_install']
[4.286s] Level 1:colcon.colcon_core.package_identification:_identify(src/robot_cam_ros) by extension 'ignore'
[4.286s] Level 1:colcon.colcon_core.package_identification:_identify(src/robot_cam_ros) by extension 'ignore_ament_install'
[4.287s] Level 1:colcon.colcon_core.package_identification:_identify(src/robot_cam_ros) by extensions ['colcon_pkg']
[4.288s] Level 1:colcon.colcon_core.package_identification:_identify(src/robot_cam_ros) by extension 'colcon_pkg'
[4.288s] Level 1:colcon.colcon_core.package_identification:_identify(src/robot_cam_ros) by extensions ['colcon_meta']
[4.288s] Level 1:colcon.colcon_core.package_identification:_identify(src/robot_cam_ros) by extension 'colcon_meta'
[4.289s] Level 1:colcon.colcon_core.package_identification:_identify(src/robot_cam_ros) by extensions ['ros']
[4.289s] Level 1:colcon.colcon_core.package_identification:_identify(src/robot_cam_ros) by extension 'ros'
[4.295s] DEBUG:colcon.colcon_core.package_identification:Package 'src/robot_cam_ros' with type 'ros.ament_python' and name 'robot_cam_ros'
[4.297s] Level 1:colcon.colcon_core.package_identification:_identify(src/ros2_v4l2_camera) by extensions ['ignore', 'ignore_ament_install']
[4.299s] Level 1:colcon.colcon_core.package_identification:_identify(src/ros2_v4l2_camera) by extension 'ignore'
[4.299s] Level 1:colcon.colcon_core.package_identification:_identify(src/ros2_v4l2_camera) by extension 'ignore_ament_install'
[4.300s] Level 1:colcon.colcon_core.package_identification:_identify(src/ros2_v4l2_camera) by extensions ['colcon_pkg']
[4.301s] Level 1:colcon.colcon_core.package_identification:_identify(src/ros2_v4l2_camera) by extension 'colcon_pkg'
[4.301s] Level 1:colcon.colcon_core.package_identification:_identify(src/ros2_v4l2_camera) by extensions ['colcon_meta']
[4.301s] Level 1:colcon.colcon_core.package_identification:_identify(src/ros2_v4l2_camera) by extension 'colcon_meta'
[4.302s] Level 1:colcon.colcon_core.package_identification:_identify(src/ros2_v4l2_camera) by extensions ['ros']
[4.302s] Level 1:colcon.colcon_core.package_identification:_identify(src/ros2_v4l2_camera) by extension 'ros'
[4.311s] DEBUG:colcon.colcon_core.package_identification:Package 'src/ros2_v4l2_camera' with type 'ros.ament_cmake' and name 'v4l2_camera'
[4.313s] Level 1:colcon.colcon_core.package_identification:_identify(src/seav-ii) by extensions ['ignore', 'ignore_ament_install']
[4.314s] Level 1:colcon.colcon_core.package_identification:_identify(src/seav-ii) by extension 'ignore'
[4.314s] Level 1:colcon.colcon_core.package_identification:_identify(src/seav-ii) by extension 'ignore_ament_install'
[4.315s] Level 1:colcon.colcon_core.package_identification:_identify(src/seav-ii) by extensions ['colcon_pkg']
[4.315s] Level 1:colcon.colcon_core.package_identification:_identify(src/seav-ii) by extension 'colcon_pkg'
[4.316s] Level 1:colcon.colcon_core.package_identification:_identify(src/seav-ii) by extensions ['colcon_meta']
[4.316s] Level 1:colcon.colcon_core.package_identification:_identify(src/seav-ii) by extension 'colcon_meta'
[4.317s] Level 1:colcon.colcon_core.package_identification:_identify(src/seav-ii) by extensions ['ros']
[4.317s] Level 1:colcon.colcon_core.package_identification:_identify(src/seav-ii) by extension 'ros'
[4.322s] DEBUG:colcon.colcon_core.package_identification:Failed to parse potential ROS package manifest in'src/seav-ii': Error(s) in package 'src/seav-ii/package.xml':
The manifest contains invalid XML:
junk after document element: line 21, column 0
[4.323s] Level 1:colcon.colcon_core.package_identification:_identify(src/seav-ii) by extensions ['cmake', 'python']
[4.323s] Level 1:colcon.colcon_core.package_identification:_identify(src/seav-ii) by extension 'cmake'
[4.324s] Level 1:colcon.colcon_core.package_identification:_identify(src/seav-ii) by extension 'python'
[4.324s] Level 1:colcon.colcon_core.package_identification:_identify(src/seav-ii) by extensions ['python_setup_py']
[4.325s] Level 1:colcon.colcon_core.package_identification:_identify(src/seav-ii) by extension 'python_setup_py'
[4.326s] Level 1:colcon.colcon_core.package_identification:_identify(src/seav-ii/build) by extensions ['ignore', 'ignore_ament_install']
[4.327s] Level 1:colcon.colcon_core.package_identification:_identify(src/seav-ii/build) by extension 'ignore'
[4.328s] Level 1:colcon.colcon_core.package_identification:_identify(src/seav-ii/build) ignored
[4.329s] Level 1:colcon.colcon_core.package_identification:_identify(src/seav-ii/carlikebot_ros2_control) by extensions ['ignore', 'ignore_ament_install']
[4.330s] Level 1:colcon.colcon_core.package_identification:_identify(src/seav-ii/carlikebot_ros2_control) by extension 'ignore'
[4.331s] Level 1:colcon.colcon_core.package_identification:_identify(src/seav-ii/carlikebot_ros2_control) by extension 'ignore_ament_install'
[4.331s] Level 1:colcon.colcon_core.package_identification:_identify(src/seav-ii/carlikebot_ros2_control) by extensions ['colcon_pkg']
[4.332s] Level 1:colcon.colcon_core.package_identification:_identify(src/seav-ii/carlikebot_ros2_control) by extension 'colcon_pkg'
[4.332s] Level 1:colcon.colcon_core.package_identification:_identify(src/seav-ii/carlikebot_ros2_control) by extensions ['colcon_meta']
[4.333s] Level 1:colcon.colcon_core.package_identification:_identify(src/seav-ii/carlikebot_ros2_control) by extension 'colcon_meta'
[4.333s] Level 1:colcon.colcon_core.package_identification:_identify(src/seav-ii/carlikebot_ros2_control) by extensions ['ros']
[4.334s] Level 1:colcon.colcon_core.package_identification:_identify(src/seav-ii/carlikebot_ros2_control) by extension 'ros'
[4.335s] Level 1:colcon.colcon_core.package_identification:_identify(src/seav-ii/carlikebot_ros2_control) by extensions ['cmake', 'python']
[4.335s] Level 1:colcon.colcon_core.package_identification:_identify(src/seav-ii/carlikebot_ros2_control) by extension 'cmake'
[4.336s] Level 1:colcon.colcon_core.package_identification:_identify(src/seav-ii/carlikebot_ros2_control) by extension 'python'
[4.336s] Level 1:colcon.colcon_core.package_identification:_identify(src/seav-ii/carlikebot_ros2_control) by extensions ['python_setup_py']
[4.337s] Level 1:colcon.colcon_core.package_identification:_identify(src/seav-ii/carlikebot_ros2_control) by extension 'python_setup_py'
[4.338s] Level 1:colcon.colcon_core.package_identification:_identify(src/seav-ii/carlikebot_ros2_control/carlikebot_ros2_control) by extensions ['ignore', 'ignore_ament_install']
[4.339s] Level 1:colcon.colcon_core.package_identification:_identify(src/seav-ii/carlikebot_ros2_control/carlikebot_ros2_control) by extension 'ignore'
[4.340s] Level 1:colcon.colcon_core.package_identification:_identify(src/seav-ii/carlikebot_ros2_control/carlikebot_ros2_control) by extension 'ignore_ament_install'
[4.341s] Level 1:colcon.colcon_core.package_identification:_identify(src/seav-ii/carlikebot_ros2_control/carlikebot_ros2_control) by extensions ['colcon_pkg']
[4.341s] Level 1:colcon.colcon_core.package_identification:_identify(src/seav-ii/carlikebot_ros2_control/carlikebot_ros2_control) by extension 'colcon_pkg'
[4.341s] Level 1:colcon.colcon_core.package_identification:_identify(src/seav-ii/carlikebot_ros2_control/carlikebot_ros2_control) by extensions ['colcon_meta']
[4.342s] Level 1:colcon.colcon_core.package_identification:_identify(src/seav-ii/carlikebot_ros2_control/carlikebot_ros2_control) by extension 'colcon_meta'
[4.342s] Level 1:colcon.colcon_core.package_identification:_identify(src/seav-ii/carlikebot_ros2_control/carlikebot_ros2_control) by extensions ['ros']
[4.343s] Level 1:colcon.colcon_core.package_identification:_identify(src/seav-ii/carlikebot_ros2_control/carlikebot_ros2_control) by extension 'ros'
[4.356s] DEBUG:colcon.colcon_core.package_identification:Package 'src/seav-ii/carlikebot_ros2_control/carlikebot_ros2_control' with type 'ros.ament_cmake' and name 'carlikebot_ros2_control'
[4.358s] Level 1:colcon.colcon_core.package_identification:_identify(src/seav-ii/carlikebot_ros2_control/ros2_control_demo_description) by extensions ['ignore', 'ignore_ament_install']
[4.359s] Level 1:colcon.colcon_core.package_identification:_identify(src/seav-ii/carlikebot_ros2_control/ros2_control_demo_description) by extension 'ignore'
[4.360s] Level 1:colcon.colcon_core.package_identification:_identify(src/seav-ii/carlikebot_ros2_control/ros2_control_demo_description) by extension 'ignore_ament_install'
[4.361s] Level 1:colcon.colcon_core.package_identification:_identify(src/seav-ii/carlikebot_ros2_control/ros2_control_demo_description) by extensions ['colcon_pkg']
[4.361s] Level 1:colcon.colcon_core.package_identification:_identify(src/seav-ii/carlikebot_ros2_control/ros2_control_demo_description) by extension 'colcon_pkg'
[4.362s] Level 1:colcon.colcon_core.package_identification:_identify(src/seav-ii/carlikebot_ros2_control/ros2_control_demo_description) by extensions ['colcon_meta']
[4.362s] Level 1:colcon.colcon_core.package_identification:_identify(src/seav-ii/carlikebot_ros2_control/ros2_control_demo_description) by extension 'colcon_meta'
[4.363s] Level 1:colcon.colcon_core.package_identification:_identify(src/seav-ii/carlikebot_ros2_control/ros2_control_demo_description) by extensions ['ros']
[4.363s] Level 1:colcon.colcon_core.package_identification:_identify(src/seav-ii/carlikebot_ros2_control/ros2_control_demo_description) by extension 'ros'
[4.369s] DEBUG:colcon.colcon_core.package_identification:Package 'src/seav-ii/carlikebot_ros2_control/ros2_control_demo_description' with type 'ros.ament_cmake' and name 'ros2_control_demo_description'
[4.371s] Level 1:colcon.colcon_core.package_identification:_identify(src/seav-ii/install) by extensions ['ignore', 'ignore_ament_install']
[4.372s] Level 1:colcon.colcon_core.package_identification:_identify(src/seav-ii/install) by extension 'ignore'
[4.373s] Level 1:colcon.colcon_core.package_identification:_identify(src/seav-ii/install) ignored
[4.375s] Level 1:colcon.colcon_core.package_identification:_identify(src/seav-ii/log) by extensions ['ignore', 'ignore_ament_install']
[4.375s] Level 1:colcon.colcon_core.package_identification:_identify(src/seav-ii/log) by extension 'ignore'
[4.376s] Level 1:colcon.colcon_core.package_identification:_identify(src/seav-ii/log) ignored
[4.377s] Level 1:colcon.colcon_core.package_identification:_identify(src/seav-ii/ros_arduino_bridge) by extensions ['ignore', 'ignore_ament_install']
[4.378s] Level 1:colcon.colcon_core.package_identification:_identify(src/seav-ii/ros_arduino_bridge) by extension 'ignore'
[4.379s] Level 1:colcon.colcon_core.package_identification:_identify(src/seav-ii/ros_arduino_bridge) ignored
[4.380s] Level 1:colcon.colcon_core.package_identification:_identify(src/seav-ii/seav2) by extensions ['ignore', 'ignore_ament_install']
[4.381s] Level 1:colcon.colcon_core.package_identification:_identify(src/seav-ii/seav2) by extension 'ignore'
[4.381s] Level 1:colcon.colcon_core.package_identification:_identify(src/seav-ii/seav2) by extension 'ignore_ament_install'
[4.382s] Level 1:colcon.colcon_core.package_identification:_identify(src/seav-ii/seav2) by extensions ['colcon_pkg']
[4.382s] Level 1:colcon.colcon_core.package_identification:_identify(src/seav-ii/seav2) by extension 'colcon_pkg'
[4.383s] Level 1:colcon.colcon_core.package_identification:_identify(src/seav-ii/seav2) by extensions ['colcon_meta']
[4.383s] Level 1:colcon.colcon_core.package_identification:_identify(src/seav-ii/seav2) by extension 'colcon_meta'
[4.384s] Level 1:colcon.colcon_core.package_identification:_identify(src/seav-ii/seav2) by extensions ['ros']
[4.384s] Level 1:colcon.colcon_core.package_identification:_identify(src/seav-ii/seav2) by extension 'ros'
[4.389s] DEBUG:colcon.colcon_core.package_identification:Package 'src/seav-ii/seav2' with type 'ros.ament_cmake' and name 'seav2'
[4.391s] Level 1:colcon.colcon_core.package_identification:_identify(src/seav2_imu) by extensions ['ignore', 'ignore_ament_install']
[4.392s] Level 1:colcon.colcon_core.package_identification:_identify(src/seav2_imu) by extension 'ignore'
[4.392s] Level 1:colcon.colcon_core.package_identification:_identify(src/seav2_imu) by extension 'ignore_ament_install'
[4.393s] Level 1:colcon.colcon_core.package_identification:_identify(src/seav2_imu) by extensions ['colcon_pkg']
[4.393s] Level 1:colcon.colcon_core.package_identification:_identify(src/seav2_imu) by extension 'colcon_pkg'
[4.394s] Level 1:colcon.colcon_core.package_identification:_identify(src/seav2_imu) by extensions ['colcon_meta']
[4.394s] Level 1:colcon.colcon_core.package_identification:_identify(src/seav2_imu) by extension 'colcon_meta'
[4.395s] Level 1:colcon.colcon_core.package_identification:_identify(src/seav2_imu) by extensions ['ros']
[4.395s] Level 1:colcon.colcon_core.package_identification:_identify(src/seav2_imu) by extension 'ros'
[4.401s] DEBUG:colcon.colcon_core.package_identification:Package 'src/seav2_imu' with type 'ros.ament_python' and name 'seav2_imu'
[4.403s] Level 1:colcon.colcon_core.package_identification:_identify(src/serial) by extensions ['ignore', 'ignore_ament_install']
[4.404s] Level 1:colcon.colcon_core.package_identification:_identify(src/serial) by extension 'ignore'
[4.405s] Level 1:colcon.colcon_core.package_identification:_identify(src/serial) by extension 'ignore_ament_install'
[4.406s] Level 1:colcon.colcon_core.package_identification:_identify(src/serial) by extensions ['colcon_pkg']
[4.406s] Level 1:colcon.colcon_core.package_identification:_identify(src/serial) by extension 'colcon_pkg'
[4.406s] Level 1:colcon.colcon_core.package_identification:_identify(src/serial) by extensions ['colcon_meta']
[4.407s] Level 1:colcon.colcon_core.package_identification:_identify(src/serial) by extension 'colcon_meta'
[4.407s] Level 1:colcon.colcon_core.package_identification:_identify(src/serial) by extensions ['ros']
[4.408s] Level 1:colcon.colcon_core.package_identification:_identify(src/serial) by extension 'ros'
[4.413s] DEBUG:colcon.colcon_core.package_identification:Package 'src/serial' with type 'ros.ament_cmake' and name 'serial'
[4.414s] Level 1:colcon.colcon_core.package_discovery:discover_packages(recursive) using defaults
[4.415s] Level 1:colcon.colcon_core.package_discovery:discover_packages(ignore) discover
[4.415s] Level 1:colcon.colcon_core.package_discovery:discover_packages(ignore) using defaults
[4.415s] Level 1:colcon.colcon_core.package_discovery:discover_packages(path) discover
[4.416s] Level 1:colcon.colcon_core.package_discovery:discover_packages(path) using defaults
[4.745s] Level 1:colcon.colcon_core.package_discovery:discover_packages(prefix_path) check parameters
[4.746s] Level 1:colcon.colcon_core.package_discovery:discover_packages(prefix_path) discover
[4.795s] DEBUG:colcon.colcon_installed_package_information.package_discovery:Found 8 installed packages in /home/pi/seav2/install
[4.806s] DEBUG:colcon.colcon_installed_package_information.package_discovery:Found 11 installed packages in /home/pi/ss25/install
[4.813s] DEBUG:colcon.colcon_installed_package_information.package_discovery:Found 0 installed packages in /home/pi/ss25/src/description/description/install
[4.819s] DEBUG:colcon.colcon_installed_package_information.package_discovery:Found 1 installed packages in /home/pi/ss25/src/summary/install
[4.829s] DEBUG:colcon.colcon_installed_package_information.package_discovery:Found 8 installed packages in /home/pi/ss25/src/install
[4.846s] DEBUG:colcon.colcon_installed_package_information.package_discovery:Found 8 installed packages in /home/pi/demo_testing_9_april/seav/install
[4.852s] DEBUG:colcon.colcon_installed_package_information.package_discovery:Found 1 installed packages in /home/pi/install
[4.891s] DEBUG:colcon.colcon_installed_package_information.package_discovery:Found 369 installed packages in /opt/ros/humble
[4.916s] Level 1:colcon.colcon_core.package_discovery:discover_packages(prefix_path) using defaults
[5.563s] Level 5:colcon.colcon_core.verb:set package 'ball_tracker' build argument 'cmake_args' from command line to 'None'
[5.564s] Level 5:colcon.colcon_core.verb:set package 'ball_tracker' build argument 'cmake_target' from command line to 'None'
[5.564s] Level 5:colcon.colcon_core.verb:set package 'ball_tracker' build argument 'cmake_target_skip_unavailable' from command line to 'False'
[5.564s] Level 5:colcon.colcon_core.verb:set package 'ball_tracker' build argument 'cmake_clean_cache' from command line to 'False'
[5.565s] Level 5:colcon.colcon_core.verb:set package 'ball_tracker' build argument 'cmake_clean_first' from command line to 'False'
[5.565s] Level 5:colcon.colcon_core.verb:set package 'ball_tracker' build argument 'cmake_force_configure' from command line to 'False'
[5.565s] Level 5:colcon.colcon_core.verb:set package 'ball_tracker' build argument 'ament_cmake_args' from command line to 'None'
[5.566s] Level 5:colcon.colcon_core.verb:set package 'ball_tracker' build argument 'catkin_cmake_args' from command line to 'None'
[5.566s] Level 5:colcon.colcon_core.verb:set package 'ball_tracker' build argument 'catkin_skip_building_tests' from command line to 'False'
[5.566s] DEBUG:colcon.colcon_core.verb:Building package 'ball_tracker' with the following arguments: {'ament_cmake_args': None, 'build_base': '/home/pi/seav2/build/ball_tracker', 'catkin_cmake_args': None, 'catkin_skip_building_tests': False, 'cmake_args': None, 'cmake_clean_cache': False, 'cmake_clean_first': False, 'cmake_force_configure': False, 'cmake_target': None, 'cmake_target_skip_unavailable': False, 'install_base': '/home/pi/seav2/install/ball_tracker', 'merge_install': False, 'path': '/home/pi/seav2/src/ball_tracker', 'symlink_install': True, 'test_result_base': None}
[5.571s] Level 5:colcon.colcon_core.verb:set package 'robot_cam_ros' build argument 'cmake_args' from command line to 'None'
[5.571s] Level 5:colcon.colcon_core.verb:set package 'robot_cam_ros' build argument 'cmake_target' from command line to 'None'
[5.572s] Level 5:colcon.colcon_core.verb:set package 'robot_cam_ros' build argument 'cmake_target_skip_unavailable' from command line to 'False'
[5.572s] Level 5:colcon.colcon_core.verb:set package 'robot_cam_ros' build argument 'cmake_clean_cache' from command line to 'False'
[5.572s] Level 5:colcon.colcon_core.verb:set package 'robot_cam_ros' build argument 'cmake_clean_first' from command line to 'False'
[5.573s] Level 5:colcon.colcon_core.verb:set package 'robot_cam_ros' build argument 'cmake_force_configure' from command line to 'False'
[5.573s] Level 5:colcon.colcon_core.verb:set package 'robot_cam_ros' build argument 'ament_cmake_args' from command line to 'None'
[5.573s] Level 5:colcon.colcon_core.verb:set package 'robot_cam_ros' build argument 'catkin_cmake_args' from command line to 'None'
[5.573s] Level 5:colcon.colcon_core.verb:set package 'robot_cam_ros' build argument 'catkin_skip_building_tests' from command line to 'False'
[5.574s] DEBUG:colcon.colcon_core.verb:Building package 'robot_cam_ros' with the following arguments: {'ament_cmake_args': None, 'build_base': '/home/pi/seav2/build/robot_cam_ros', 'catkin_cmake_args': None, 'catkin_skip_building_tests': False, 'cmake_args': None, 'cmake_clean_cache': False, 'cmake_clean_first': False, 'cmake_force_configure': False, 'cmake_target': None, 'cmake_target_skip_unavailable': False, 'install_base': '/home/pi/seav2/install/robot_cam_ros', 'merge_install': False, 'path': '/home/pi/seav2/src/robot_cam_ros', 'symlink_install': True, 'test_result_base': None}
[5.578s] Level 5:colcon.colcon_core.verb:set package 'ros2_control_demo_description' build argument 'cmake_args' from command line to 'None'
[5.578s] Level 5:colcon.colcon_core.verb:set package 'ros2_control_demo_description' build argument 'cmake_target' from command line to 'None'
[5.579s] Level 5:colcon.colcon_core.verb:set package 'ros2_control_demo_description' build argument 'cmake_target_skip_unavailable' from command line to 'False'
[5.579s] Level 5:colcon.colcon_core.verb:set package 'ros2_control_demo_description' build argument 'cmake_clean_cache' from command line to 'False'
[5.579s] Level 5:colcon.colcon_core.verb:set package 'ros2_control_demo_description' build argument 'cmake_clean_first' from command line to 'False'
[5.580s] Level 5:colcon.colcon_core.verb:set package 'ros2_control_demo_description' build argument 'cmake_force_configure' from command line to 'False'
[5.580s] Level 5:colcon.colcon_core.verb:set package 'ros2_control_demo_description' build argument 'ament_cmake_args' from command line to 'None'
[5.580s] Level 5:colcon.colcon_core.verb:set package 'ros2_control_demo_description' build argument 'catkin_cmake_args' from command line to 'None'
[5.580s] Level 5:colcon.colcon_core.verb:set package 'ros2_control_demo_description' build argument 'catkin_skip_building_tests' from command line to 'False'
[5.581s] DEBUG:colcon.colcon_core.verb:Building package 'ros2_control_demo_description' with the following arguments: {'ament_cmake_args': None, 'build_base': '/home/pi/seav2/build/ros2_control_demo_description', 'catkin_cmake_args': None, 'catkin_skip_building_tests': False, 'cmake_args': None, 'cmake_clean_cache': False, 'cmake_clean_first': False, 'cmake_force_configure': False, 'cmake_target': None, 'cmake_target_skip_unavailable': False, 'install_base': '/home/pi/seav2/install/ros2_control_demo_description', 'merge_install': False, 'path': '/home/pi/seav2/src/seav-ii/carlikebot_ros2_control/ros2_control_demo_description', 'symlink_install': True, 'test_result_base': None}
[5.585s] Level 5:colcon.colcon_core.verb:set package 'seav2' build argument 'cmake_args' from command line to 'None'
[5.585s] Level 5:colcon.colcon_core.verb:set package 'seav2' build argument 'cmake_target' from command line to 'None'
[5.586s] Level 5:colcon.colcon_core.verb:set package 'seav2' build argument 'cmake_target_skip_unavailable' from command line to 'False'
[5.586s] Level 5:colcon.colcon_core.verb:set package 'seav2' build argument 'cmake_clean_cache' from command line to 'False'
[5.586s] Level 5:colcon.colcon_core.verb:set package 'seav2' build argument 'cmake_clean_first' from command line to 'False'
[5.587s] Level 5:colcon.colcon_core.verb:set package 'seav2' build argument 'cmake_force_configure' from command line to 'False'
[5.587s] Level 5:colcon.colcon_core.verb:set package 'seav2' build argument 'ament_cmake_args' from command line to 'None'
[5.587s] Level 5:colcon.colcon_core.verb:set package 'seav2' build argument 'catkin_cmake_args' from command line to 'None'
[5.588s] Level 5:colcon.colcon_core.verb:set package 'seav2' build argument 'catkin_skip_building_tests' from command line to 'False'
[5.588s] DEBUG:colcon.colcon_core.verb:Building package 'seav2' with the following arguments: {'ament_cmake_args': None, 'build_base': '/home/pi/seav2/build/seav2', 'catkin_cmake_args': None, 'catkin_skip_building_tests': False, 'cmake_args': None, 'cmake_clean_cache': False, 'cmake_clean_first': False, 'cmake_force_configure': False, 'cmake_target': None, 'cmake_target_skip_unavailable': False, 'install_base': '/home/pi/seav2/install/seav2', 'merge_install': False, 'path': '/home/pi/seav2/src/seav-ii/seav2', 'symlink_install': True, 'test_result_base': None}
[5.592s] Level 5:colcon.colcon_core.verb:set package 'seav2_imu' build argument 'cmake_args' from command line to 'None'
[5.592s] Level 5:colcon.colcon_core.verb:set package 'seav2_imu' build argument 'cmake_target' from command line to 'None'
[5.593s] Level 5:colcon.colcon_core.verb:set package 'seav2_imu' build argument 'cmake_target_skip_unavailable' from command line to 'False'
[5.593s] Level 5:colcon.colcon_core.verb:set package 'seav2_imu' build argument 'cmake_clean_cache' from command line to 'False'
[5.593s] Level 5:colcon.colcon_core.verb:set package 'seav2_imu' build argument 'cmake_clean_first' from command line to 'False'
[5.594s] Level 5:colcon.colcon_core.verb:set package 'seav2_imu' build argument 'cmake_force_configure' from command line to 'False'
[5.594s] Level 5:colcon.colcon_core.verb:set package 'seav2_imu' build argument 'ament_cmake_args' from command line to 'None'
[5.594s] Level 5:colcon.colcon_core.verb:set package 'seav2_imu' build argument 'catkin_cmake_args' from command line to 'None'
[5.594s] Level 5:colcon.colcon_core.verb:set package 'seav2_imu' build argument 'catkin_skip_building_tests' from command line to 'False'
[5.595s] DEBUG:colcon.colcon_core.verb:Building package 'seav2_imu' with the following arguments: {'ament_cmake_args': None, 'build_base': '/home/pi/seav2/build/seav2_imu', 'catkin_cmake_args': None, 'catkin_skip_building_tests': False, 'cmake_args': None, 'cmake_clean_cache': False, 'cmake_clean_first': False, 'cmake_force_configure': False, 'cmake_target': None, 'cmake_target_skip_unavailable': False, 'install_base': '/home/pi/seav2/install/seav2_imu', 'merge_install': False, 'path': '/home/pi/seav2/src/seav2_imu', 'symlink_install': True, 'test_result_base': None}
[5.599s] Level 5:colcon.colcon_core.verb:set package 'serial' build argument 'cmake_args' from command line to 'None'
[5.599s] Level 5:colcon.colcon_core.verb:set package 'serial' build argument 'cmake_target' from command line to 'None'
[5.600s] Level 5:colcon.colcon_core.verb:set package 'serial' build argument 'cmake_target_skip_unavailable' from command line to 'False'
[5.600s] Level 5:colcon.colcon_core.verb:set package 'serial' build argument 'cmake_clean_cache' from command line to 'False'
[5.600s] Level 5:colcon.colcon_core.verb:set package 'serial' build argument 'cmake_clean_first' from command line to 'False'
[5.601s] Level 5:colcon.colcon_core.verb:set package 'serial' build argument 'cmake_force_configure' from command line to 'False'
[5.601s] Level 5:colcon.colcon_core.verb:set package 'serial' build argument 'ament_cmake_args' from command line to 'None'
[5.601s] Level 5:colcon.colcon_core.verb:set package 'serial' build argument 'catkin_cmake_args' from command line to 'None'
[5.601s] Level 5:colcon.colcon_core.verb:set package 'serial' build argument 'catkin_skip_building_tests' from command line to 'False'
[5.602s] DEBUG:colcon.colcon_core.verb:Building package 'serial' with the following arguments: {'ament_cmake_args': None, 'build_base': '/home/pi/seav2/build/serial', 'catkin_cmake_args': None, 'catkin_skip_building_tests': False, 'cmake_args': None, 'cmake_clean_cache': False, 'cmake_clean_first': False, 'cmake_force_configure': False, 'cmake_target': None, 'cmake_target_skip_unavailable': False, 'install_base': '/home/pi/seav2/install/serial', 'merge_install': False, 'path': '/home/pi/seav2/src/serial', 'symlink_install': True, 'test_result_base': None}
[5.606s] Level 5:colcon.colcon_core.verb:set package 'v4l2_camera' build argument 'cmake_args' from command line to 'None'
[5.606s] Level 5:colcon.colcon_core.verb:set package 'v4l2_camera' build argument 'cmake_target' from command line to 'None'
[5.607s] Level 5:colcon.colcon_core.verb:set package 'v4l2_camera' build argument 'cmake_target_skip_unavailable' from command line to 'False'
[5.607s] Level 5:colcon.colcon_core.verb:set package 'v4l2_camera' build argument 'cmake_clean_cache' from command line to 'False'
[5.607s] Level 5:colcon.colcon_core.verb:set package 'v4l2_camera' build argument 'cmake_clean_first' from command line to 'False'
[5.607s] Level 5:colcon.colcon_core.verb:set package 'v4l2_camera' build argument 'cmake_force_configure' from command line to 'False'
[5.608s] Level 5:colcon.colcon_core.verb:set package 'v4l2_camera' build argument 'ament_cmake_args' from command line to 'None'
[5.608s] Level 5:colcon.colcon_core.verb:set package 'v4l2_camera' build argument 'catkin_cmake_args' from command line to 'None'
[5.608s] Level 5:colcon.colcon_core.verb:set package 'v4l2_camera' build argument 'catkin_skip_building_tests' from command line to 'False'
[5.609s] DEBUG:colcon.colcon_core.verb:Building package 'v4l2_camera' with the following arguments: {'ament_cmake_args': None, 'build_base': '/home/pi/seav2/build/v4l2_camera', 'catkin_cmake_args': None, 'catkin_skip_building_tests': False, 'cmake_args': None, 'cmake_clean_cache': False, 'cmake_clean_first': False, 'cmake_force_configure': False, 'cmake_target': None, 'cmake_target_skip_unavailable': False, 'install_base': '/home/pi/seav2/install/v4l2_camera', 'merge_install': False, 'path': '/home/pi/seav2/src/ros2_v4l2_camera', 'symlink_install': True, 'test_result_base': None}
[5.613s] Level 5:colcon.colcon_core.verb:set package 'carlikebot_ros2_control' build argument 'cmake_args' from command line to 'None'
[5.613s] Level 5:colcon.colcon_core.verb:set package 'carlikebot_ros2_control' build argument 'cmake_target' from command line to 'None'
[5.613s] Level 5:colcon.colcon_core.verb:set package 'carlikebot_ros2_control' build argument 'cmake_target_skip_unavailable' from command line to 'False'
[5.614s] Level 5:colcon.colcon_core.verb:set package 'carlikebot_ros2_control' build argument 'cmake_clean_cache' from command line to 'False'
[5.614s] Level 5:colcon.colcon_core.verb:set package 'carlikebot_ros2_control' build argument 'cmake_clean_first' from command line to 'False'
[5.614s] Level 5:colcon.colcon_core.verb:set package 'carlikebot_ros2_control' build argument 'cmake_force_configure' from command line to 'False'
[5.615s] Level 5:colcon.colcon_core.verb:set package 'carlikebot_ros2_control' build argument 'ament_cmake_args' from command line to 'None'
[5.615s] Level 5:colcon.colcon_core.verb:set package 'carlikebot_ros2_control' build argument 'catkin_cmake_args' from command line to 'None'
[5.615s] Level 5:colcon.colcon_core.verb:set package 'carlikebot_ros2_control' build argument 'catkin_skip_building_tests' from command line to 'False'
[5.616s] DEBUG:colcon.colcon_core.verb:Building package 'carlikebot_ros2_control' with the following arguments: {'ament_cmake_args': None, 'build_base': '/home/pi/seav2/build/carlikebot_ros2_control', 'catkin_cmake_args': None, 'catkin_skip_building_tests': False, 'cmake_args': None, 'cmake_clean_cache': False, 'cmake_clean_first': False, 'cmake_force_configure': False, 'cmake_target': None, 'cmake_target_skip_unavailable': False, 'install_base': '/home/pi/seav2/install/carlikebot_ros2_control', 'merge_install': False, 'path': '/home/pi/seav2/src/seav-ii/carlikebot_ros2_control/carlikebot_ros2_control', 'symlink_install': True, 'test_result_base': None}
[5.617s] INFO:colcon.colcon_core.executor:Executing jobs using 'parallel' executor
[5.624s] DEBUG:colcon.colcon_parallel_executor.executor.parallel:run_until_complete
[5.627s] INFO:colcon.colcon_ros.task.ament_cmake.build:Building ROS package in '/home/pi/seav2/src/seav-ii/carlikebot_ros2_control/ros2_control_demo_description' with build type 'ament_cmake'
[5.628s] INFO:colcon.colcon_cmake.task.cmake.build:Building CMake package in '/home/pi/seav2/src/seav-ii/carlikebot_ros2_control/ros2_control_demo_description'
[5.664s] INFO:colcon.colcon_core.plugin_system:Skipping extension 'colcon_core.shell.bat': Not used on non-Windows systems
[5.666s] INFO:colcon.colcon_core.shell:Skip shell extension 'powershell' for command environment: Not usable outside of PowerShell
[5.666s] DEBUG:colcon.colcon_core.shell:Skip shell extension 'dsv' for command environment
[5.798s] INFO:colcon.colcon_ros.task.ament_cmake.build:Building ROS package in '/home/pi/seav2/src/serial' with build type 'ament_cmake'
[5.800s] INFO:colcon.colcon_cmake.task.cmake.build:Building CMake package in '/home/pi/seav2/src/serial'
[5.803s] INFO:colcon.colcon_core.shell:Skip shell extension 'powershell' for command environment: Not usable outside of PowerShell
[5.803s] DEBUG:colcon.colcon_core.shell:Skip shell extension 'dsv' for command environment
[5.933s] INFO:colcon.colcon_ros.task.ament_python.build:Building ROS package in '/home/pi/seav2/src/ball_tracker' with build type 'ament_python'
[5.935s] Level 1:colcon.colcon_core.shell:create_environment_hook('ball_tracker', 'ament_prefix_path')
[5.939s] INFO:colcon.colcon_core.shell:Creating environment hook '/home/pi/seav2/install/ball_tracker/share/ball_tracker/hook/ament_prefix_path.ps1'
[5.946s] INFO:colcon.colcon_core.shell:Creating environment descriptor '/home/pi/seav2/install/ball_tracker/share/ball_tracker/hook/ament_prefix_path.dsv'
[5.952s] INFO:colcon.colcon_core.shell:Creating environment hook '/home/pi/seav2/install/ball_tracker/share/ball_tracker/hook/ament_prefix_path.sh'
[5.962s] INFO:colcon.colcon_core.shell:Skip shell extension 'powershell' for command environment: Not usable outside of PowerShell
[5.963s] DEBUG:colcon.colcon_core.shell:Skip shell extension 'dsv' for command environment
[6.089s] INFO:colcon.colcon_ros.task.ament_python.build:Building ROS package in '/home/pi/seav2/src/robot_cam_ros' with build type 'ament_python'
[6.091s] Level 1:colcon.colcon_core.shell:create_environment_hook('robot_cam_ros', 'ament_prefix_path')
[6.093s] INFO:colcon.colcon_core.shell:Creating environment hook '/home/pi/seav2/install/robot_cam_ros/share/robot_cam_ros/hook/ament_prefix_path.ps1'
[6.100s] INFO:colcon.colcon_core.shell:Creating environment descriptor '/home/pi/seav2/install/robot_cam_ros/share/robot_cam_ros/hook/ament_prefix_path.dsv'
[6.105s] INFO:colcon.colcon_core.shell:Creating environment hook '/home/pi/seav2/install/robot_cam_ros/share/robot_cam_ros/hook/ament_prefix_path.sh'
[6.112s] INFO:colcon.colcon_core.shell:Skip shell extension 'powershell' for command environment: Not usable outside of PowerShell
[6.113s] DEBUG:colcon.colcon_core.shell:Skip shell extension 'dsv' for command environment
[6.277s] DEBUG:colcon.colcon_core.event_handler.log_command:Invoking command in '/home/pi/seav2/build/ros2_control_demo_description': CMAKE_PREFIX_PATH=${CMAKE_PREFIX_PATH}:/home/pi/seav2/install/seav2_imu:/home/pi/seav2/install/robot_cam_ros:/home/pi/seav2/install/ball_tracker:/home/pi/ss25/install/wheel_odometry:/home/pi/ss25/install/vup_2k7:/home/pi/ss25/install/summary:/home/pi/ss25/install/safety_control:/home/pi/ss25/install/project:/home/pi/ss25/install/my_slam:/home/pi/ss25/install/my_motor_driver:/home/pi/ss25/install/final:/home/pi/ss25/install/description:/home/pi/ss25/install/bringup_pkg:/home/pi/ss25/src/summary/install/summary:/home/pi/ss25/src/install/wheel_odometry:/home/pi/ss25/src/install/summary:/home/pi/ss25/src/install/safety_control:/home/pi/ss25/src/install/project:/home/pi/ss25/src/install/my_motor_driver:/home/pi/ss25/src/install/description:/home/pi/ss25/src/install/bringup_pkg:/home/pi/install/summary:/home/pi/demo_testing_9_april/seav/install/yolov8_ros:/home/pi/demo_testing_9_april/seav/install/static_tf_publisher:/home/pi/demo_testing_9_april/seav/install/seav_test_sensors:/home/pi/demo_testing_9_april/seav/install/my_robot_controller:/opt/ros/humble /usr/bin/cmake /home/pi/seav2/src/seav-ii/carlikebot_ros2_control/ros2_control_demo_description -DAMENT_CMAKE_SYMLINK_INSTALL=1 -DCMAKE_INSTALL_PREFIX=/home/pi/seav2/install/ros2_control_demo_description
[6.354s] DEBUG:colcon.colcon_core.event_handler.log_command:Invoking command in '/home/pi/seav2/build/serial': CMAKE_PREFIX_PATH=${CMAKE_PREFIX_PATH}:/home/pi/seav2/install/seav2_imu:/home/pi/seav2/install/robot_cam_ros:/home/pi/seav2/install/ball_tracker:/home/pi/ss25/install/wheel_odometry:/home/pi/ss25/install/vup_2k7:/home/pi/ss25/install/summary:/home/pi/ss25/install/safety_control:/home/pi/ss25/install/project:/home/pi/ss25/install/my_slam:/home/pi/ss25/install/my_motor_driver:/home/pi/ss25/install/final:/home/pi/ss25/install/description:/home/pi/ss25/install/bringup_pkg:/home/pi/ss25/src/summary/install/summary:/home/pi/ss25/src/install/wheel_odometry:/home/pi/ss25/src/install/summary:/home/pi/ss25/src/install/safety_control:/home/pi/ss25/src/install/project:/home/pi/ss25/src/install/my_motor_driver:/home/pi/ss25/src/install/description:/home/pi/ss25/src/install/bringup_pkg:/home/pi/install/summary:/home/pi/demo_testing_9_april/seav/install/yolov8_ros:/home/pi/demo_testing_9_april/seav/install/static_tf_publisher:/home/pi/demo_testing_9_april/seav/install/seav_test_sensors:/home/pi/demo_testing_9_april/seav/install/my_robot_controller:/opt/ros/humble /usr/bin/cmake /home/pi/seav2/src/serial -DAMENT_CMAKE_SYMLINK_INSTALL=1 -DCMAKE_INSTALL_PREFIX=/home/pi/seav2/install/serial
[10.929s] INFO:colcon.colcon_core.task.python.build:Building Python package in '/home/pi/seav2/src/ball_tracker'
[10.932s] INFO:colcon.colcon_core.shell:Skip shell extension 'powershell' for command environment: Not usable outside of PowerShell
[10.933s] DEBUG:colcon.colcon_core.shell:Skip shell extension 'dsv' for command environment
[15.126s] INFO:colcon.colcon_core.task.python.build:Building Python package in '/home/pi/seav2/src/robot_cam_ros'
[15.129s] INFO:colcon.colcon_core.shell:Skip shell extension 'powershell' for command environment: Not usable outside of PowerShell
[15.129s] DEBUG:colcon.colcon_core.shell:Skip shell extension 'dsv' for command environment
[15.262s] DEBUG:colcon.colcon_core.event_handler.log_command:Invoked command in '/home/pi/seav2/build/ros2_control_demo_description' returned '0': CMAKE_PREFIX_PATH=${CMAKE_PREFIX_PATH}:/home/pi/seav2/install/seav2_imu:/home/pi/seav2/install/robot_cam_ros:/home/pi/seav2/install/ball_tracker:/home/pi/ss25/install/wheel_odometry:/home/pi/ss25/install/vup_2k7:/home/pi/ss25/install/summary:/home/pi/ss25/install/safety_control:/home/pi/ss25/install/project:/home/pi/ss25/install/my_slam:/home/pi/ss25/install/my_motor_driver:/home/pi/ss25/install/final:/home/pi/ss25/install/description:/home/pi/ss25/install/bringup_pkg:/home/pi/ss25/src/summary/install/summary:/home/pi/ss25/src/install/wheel_odometry:/home/pi/ss25/src/install/summary:/home/pi/ss25/src/install/safety_control:/home/pi/ss25/src/install/project:/home/pi/ss25/src/install/my_motor_driver:/home/pi/ss25/src/install/description:/home/pi/ss25/src/install/bringup_pkg:/home/pi/install/summary:/home/pi/demo_testing_9_april/seav/install/yolov8_ros:/home/pi/demo_testing_9_april/seav/install/static_tf_publisher:/home/pi/demo_testing_9_april/seav/install/seav_test_sensors:/home/pi/demo_testing_9_april/seav/install/my_robot_controller:/opt/ros/humble /usr/bin/cmake /home/pi/seav2/src/seav-ii/carlikebot_ros2_control/ros2_control_demo_description -DAMENT_CMAKE_SYMLINK_INSTALL=1 -DCMAKE_INSTALL_PREFIX=/home/pi/seav2/install/ros2_control_demo_description
[15.289s] DEBUG:colcon.colcon_core.event_handler.log_command:Invoking command in '/home/pi/seav2/build/ros2_control_demo_description': CMAKE_PREFIX_PATH=${CMAKE_PREFIX_PATH}:/home/pi/seav2/install/seav2_imu:/home/pi/seav2/install/robot_cam_ros:/home/pi/seav2/install/ball_tracker:/home/pi/ss25/install/wheel_odometry:/home/pi/ss25/install/vup_2k7:/home/pi/ss25/install/summary:/home/pi/ss25/install/safety_control:/home/pi/ss25/install/project:/home/pi/ss25/install/my_slam:/home/pi/ss25/install/my_motor_driver:/home/pi/ss25/install/final:/home/pi/ss25/install/description:/home/pi/ss25/install/bringup_pkg:/home/pi/ss25/src/summary/install/summary:/home/pi/ss25/src/install/wheel_odometry:/home/pi/ss25/src/install/summary:/home/pi/ss25/src/install/safety_control:/home/pi/ss25/src/install/project:/home/pi/ss25/src/install/my_motor_driver:/home/pi/ss25/src/install/description:/home/pi/ss25/src/install/bringup_pkg:/home/pi/install/summary:/home/pi/demo_testing_9_april/seav/install/yolov8_ros:/home/pi/demo_testing_9_april/seav/install/static_tf_publisher:/home/pi/demo_testing_9_april/seav/install/seav_test_sensors:/home/pi/demo_testing_9_april/seav/install/my_robot_controller:/opt/ros/humble /usr/bin/cmake --build /home/pi/seav2/build/ros2_control_demo_description -- -j4 -l4
[15.294s] DEBUG:colcon.colcon_core.event_handler.log_command:Invoked command in '/home/pi/seav2/build/serial' returned '0': CMAKE_PREFIX_PATH=${CMAKE_PREFIX_PATH}:/home/pi/seav2/install/seav2_imu:/home/pi/seav2/install/robot_cam_ros:/home/pi/seav2/install/ball_tracker:/home/pi/ss25/install/wheel_odometry:/home/pi/ss25/install/vup_2k7:/home/pi/ss25/install/summary:/home/pi/ss25/install/safety_control:/home/pi/ss25/install/project:/home/pi/ss25/install/my_slam:/home/pi/ss25/install/my_motor_driver:/home/pi/ss25/install/final:/home/pi/ss25/install/description:/home/pi/ss25/install/bringup_pkg:/home/pi/ss25/src/summary/install/summary:/home/pi/ss25/src/install/wheel_odometry:/home/pi/ss25/src/install/summary:/home/pi/ss25/src/install/safety_control:/home/pi/ss25/src/install/project:/home/pi/ss25/src/install/my_motor_driver:/home/pi/ss25/src/install/description:/home/pi/ss25/src/install/bringup_pkg:/home/pi/install/summary:/home/pi/demo_testing_9_april/seav/install/yolov8_ros:/home/pi/demo_testing_9_april/seav/install/static_tf_publisher:/home/pi/demo_testing_9_april/seav/install/seav_test_sensors:/home/pi/demo_testing_9_april/seav/install/my_robot_controller:/opt/ros/humble /usr/bin/cmake /home/pi/seav2/src/serial -DAMENT_CMAKE_SYMLINK_INSTALL=1 -DCMAKE_INSTALL_PREFIX=/home/pi/seav2/install/serial
[15.317s] DEBUG:colcon.colcon_core.event_handler.log_command:Invoking command in '/home/pi/seav2/build/serial': CMAKE_PREFIX_PATH=${CMAKE_PREFIX_PATH}:/home/pi/seav2/install/seav2_imu:/home/pi/seav2/install/robot_cam_ros:/home/pi/seav2/install/ball_tracker:/home/pi/ss25/install/wheel_odometry:/home/pi/ss25/install/vup_2k7:/home/pi/ss25/install/summary:/home/pi/ss25/install/safety_control:/home/pi/ss25/install/project:/home/pi/ss25/install/my_slam:/home/pi/ss25/install/my_motor_driver:/home/pi/ss25/install/final:/home/pi/ss25/install/description:/home/pi/ss25/install/bringup_pkg:/home/pi/ss25/src/summary/install/summary:/home/pi/ss25/src/install/wheel_odometry:/home/pi/ss25/src/install/summary:/home/pi/ss25/src/install/safety_control:/home/pi/ss25/src/install/project:/home/pi/ss25/src/install/my_motor_driver:/home/pi/ss25/src/install/description:/home/pi/ss25/src/install/bringup_pkg:/home/pi/install/summary:/home/pi/demo_testing_9_april/seav/install/yolov8_ros:/home/pi/demo_testing_9_april/seav/install/static_tf_publisher:/home/pi/demo_testing_9_april/seav/install/seav_test_sensors:/home/pi/demo_testing_9_april/seav/install/my_robot_controller:/opt/ros/humble /usr/bin/cmake --build /home/pi/seav2/build/serial -- -j4 -l4
[15.770s] DEBUG:colcon.colcon_core.event_handler.log_command:Invoked command in '/home/pi/seav2/build/ros2_control_demo_description' returned '0': CMAKE_PREFIX_PATH=${CMAKE_PREFIX_PATH}:/home/pi/seav2/install/seav2_imu:/home/pi/seav2/install/robot_cam_ros:/home/pi/seav2/install/ball_tracker:/home/pi/ss25/install/wheel_odometry:/home/pi/ss25/install/vup_2k7:/home/pi/ss25/install/summary:/home/pi/ss25/install/safety_control:/home/pi/ss25/install/project:/home/pi/ss25/install/my_slam:/home/pi/ss25/install/my_motor_driver:/home/pi/ss25/install/final:/home/pi/ss25/install/description:/home/pi/ss25/install/bringup_pkg:/home/pi/ss25/src/summary/install/summary:/home/pi/ss25/src/install/wheel_odometry:/home/pi/ss25/src/install/summary:/home/pi/ss25/src/install/safety_control:/home/pi/ss25/src/install/project:/home/pi/ss25/src/install/my_motor_driver:/home/pi/ss25/src/install/description:/home/pi/ss25/src/install/bringup_pkg:/home/pi/install/summary:/home/pi/demo_testing_9_april/seav/install/yolov8_ros:/home/pi/demo_testing_9_april/seav/install/static_tf_publisher:/home/pi/demo_testing_9_april/seav/install/seav_test_sensors:/home/pi/demo_testing_9_april/seav/install/my_robot_controller:/opt/ros/humble /usr/bin/cmake --build /home/pi/seav2/build/ros2_control_demo_description -- -j4 -l4
[16.015s] DEBUG:colcon.colcon_core.event_handler.log_command:Invoking command in '/home/pi/seav2/build/ros2_control_demo_description': CMAKE_PREFIX_PATH=${CMAKE_PREFIX_PATH}:/home/pi/seav2/install/seav2_imu:/home/pi/seav2/install/robot_cam_ros:/home/pi/seav2/install/ball_tracker:/home/pi/ss25/install/wheel_odometry:/home/pi/ss25/install/vup_2k7:/home/pi/ss25/install/summary:/home/pi/ss25/install/safety_control:/home/pi/ss25/install/project:/home/pi/ss25/install/my_slam:/home/pi/ss25/install/my_motor_driver:/home/pi/ss25/install/final:/home/pi/ss25/install/description:/home/pi/ss25/install/bringup_pkg:/home/pi/ss25/src/summary/install/summary:/home/pi/ss25/src/install/wheel_odometry:/home/pi/ss25/src/install/summary:/home/pi/ss25/src/install/safety_control:/home/pi/ss25/src/install/project:/home/pi/ss25/src/install/my_motor_driver:/home/pi/ss25/src/install/description:/home/pi/ss25/src/install/bringup_pkg:/home/pi/install/summary:/home/pi/demo_testing_9_april/seav/install/yolov8_ros:/home/pi/demo_testing_9_april/seav/install/static_tf_publisher:/home/pi/demo_testing_9_april/seav/install/seav_test_sensors:/home/pi/demo_testing_9_april/seav/install/my_robot_controller:/opt/ros/humble /usr/bin/cmake --install /home/pi/seav2/build/ros2_control_demo_description
[16.858s] Level 1:colcon.colcon_core.environment:create_environment_scripts_only(ros2_control_demo_description)
[16.866s] DEBUG:colcon.colcon_core.event_handler.log_command:Invoked command in '/home/pi/seav2/build/ros2_control_demo_description' returned '0': CMAKE_PREFIX_PATH=${CMAKE_PREFIX_PATH}:/home/pi/seav2/install/seav2_imu:/home/pi/seav2/install/robot_cam_ros:/home/pi/seav2/install/ball_tracker:/home/pi/ss25/install/wheel_odometry:/home/pi/ss25/install/vup_2k7:/home/pi/ss25/install/summary:/home/pi/ss25/install/safety_control:/home/pi/ss25/install/project:/home/pi/ss25/install/my_slam:/home/pi/ss25/install/my_motor_driver:/home/pi/ss25/install/final:/home/pi/ss25/install/description:/home/pi/ss25/install/bringup_pkg:/home/pi/ss25/src/summary/install/summary:/home/pi/ss25/src/install/wheel_odometry:/home/pi/ss25/src/install/summary:/home/pi/ss25/src/install/safety_control:/home/pi/ss25/src/install/project:/home/pi/ss25/src/install/my_motor_driver:/home/pi/ss25/src/install/description:/home/pi/ss25/src/install/bringup_pkg:/home/pi/install/summary:/home/pi/demo_testing_9_april/seav/install/yolov8_ros:/home/pi/demo_testing_9_april/seav/install/static_tf_publisher:/home/pi/demo_testing_9_april/seav/install/seav_test_sensors:/home/pi/demo_testing_9_april/seav/install/my_robot_controller:/opt/ros/humble /usr/bin/cmake --install /home/pi/seav2/build/ros2_control_demo_description
[16.971s] Level 1:colcon.colcon_core.environment:checking '/home/pi/seav2/install/ros2_control_demo_description' for CMake module files
[17.001s] Level 1:colcon.colcon_core.environment:checking '/home/pi/seav2/install/ros2_control_demo_description' for CMake config files
[17.026s] Level 1:colcon.colcon_core.shell:create_environment_hook('ros2_control_demo_description', 'cmake_prefix_path')
[17.029s] INFO:colcon.colcon_core.shell:Creating environment hook '/home/pi/seav2/install/ros2_control_demo_description/share/ros2_control_demo_description/hook/cmake_prefix_path.ps1'
[17.050s] INFO:colcon.colcon_core.shell:Creating environment descriptor '/home/pi/seav2/install/ros2_control_demo_description/share/ros2_control_demo_description/hook/cmake_prefix_path.dsv'
[17.064s] INFO:colcon.colcon_core.shell:Creating environment hook '/home/pi/seav2/install/ros2_control_demo_description/share/ros2_control_demo_description/hook/cmake_prefix_path.sh'
[17.077s] Level 1:colcon.colcon_core.environment:checking '/home/pi/seav2/install/ros2_control_demo_description/bin'
[17.078s] Level 1:colcon.colcon_core.environment:checking '/home/pi/seav2/install/ros2_control_demo_description/lib/pkgconfig/ros2_control_demo_description.pc'
[17.081s] Level 1:colcon.colcon_core.environment:checking '/home/pi/seav2/install/ros2_control_demo_description/lib/python3.10/site-packages'
[17.093s] Level 1:colcon.colcon_core.environment:checking '/home/pi/seav2/install/ros2_control_demo_description/bin'
[17.100s] INFO:colcon.colcon_core.shell:Creating package script '/home/pi/seav2/install/ros2_control_demo_description/share/ros2_control_demo_description/package.ps1'
[17.109s] INFO:colcon.colcon_core.shell:Creating package descriptor '/home/pi/seav2/install/ros2_control_demo_description/share/ros2_control_demo_description/package.dsv'
[17.117s] INFO:colcon.colcon_core.shell:Creating package script '/home/pi/seav2/install/ros2_control_demo_description/share/ros2_control_demo_description/package.sh'
[17.141s] INFO:colcon.colcon_core.shell:Creating package script '/home/pi/seav2/install/ros2_control_demo_description/share/ros2_control_demo_description/package.bash'
[17.164s] INFO:colcon.colcon_core.shell:Creating package script '/home/pi/seav2/install/ros2_control_demo_description/share/ros2_control_demo_description/package.zsh'
[17.173s] Level 1:colcon.colcon_core.environment:create_file_with_runtime_dependencies(/home/pi/seav2/install/ros2_control_demo_description/share/colcon-core/packages/ros2_control_demo_description)
[17.180s] Level 1:colcon.colcon_core.environment:create_environment_scripts_only(ros2_control_demo_description)
[17.183s] Level 1:colcon.colcon_core.environment:checking '/home/pi/seav2/install/ros2_control_demo_description' for CMake module files
[17.202s] Level 1:colcon.colcon_core.environment:checking '/home/pi/seav2/install/ros2_control_demo_description' for CMake config files
[17.230s] Level 1:colcon.colcon_core.shell:create_environment_hook('ros2_control_demo_description', 'cmake_prefix_path')
[17.232s] INFO:colcon.colcon_core.shell:Creating environment hook '/home/pi/seav2/install/ros2_control_demo_description/share/ros2_control_demo_description/hook/cmake_prefix_path.ps1'
[17.250s] INFO:colcon.colcon_core.shell:Creating environment descriptor '/home/pi/seav2/install/ros2_control_demo_description/share/ros2_control_demo_description/hook/cmake_prefix_path.dsv'
[17.255s] INFO:colcon.colcon_core.shell:Creating environment hook '/home/pi/seav2/install/ros2_control_demo_description/share/ros2_control_demo_description/hook/cmake_prefix_path.sh'
[17.274s] Level 1:colcon.colcon_core.environment:checking '/home/pi/seav2/install/ros2_control_demo_description/bin'
[17.275s] Level 1:colcon.colcon_core.environment:checking '/home/pi/seav2/install/ros2_control_demo_description/lib/pkgconfig/ros2_control_demo_description.pc'
[17.278s] Level 1:colcon.colcon_core.environment:checking '/home/pi/seav2/install/ros2_control_demo_description/lib/python3.10/site-packages'
[17.281s] Level 1:colcon.colcon_core.environment:checking '/home/pi/seav2/install/ros2_control_demo_description/bin'
[17.285s] INFO:colcon.colcon_core.shell:Creating package script '/home/pi/seav2/install/ros2_control_demo_description/share/ros2_control_demo_description/package.ps1'
[17.291s] INFO:colcon.colcon_core.shell:Creating package descriptor '/home/pi/seav2/install/ros2_control_demo_description/share/ros2_control_demo_description/package.dsv'
[17.299s] INFO:colcon.colcon_core.shell:Creating package script '/home/pi/seav2/install/ros2_control_demo_description/share/ros2_control_demo_description/package.sh'
[17.305s] INFO:colcon.colcon_core.shell:Creating package script '/home/pi/seav2/install/ros2_control_demo_description/share/ros2_control_demo_description/package.bash'
[17.311s] INFO:colcon.colcon_core.shell:Creating package script '/home/pi/seav2/install/ros2_control_demo_description/share/ros2_control_demo_description/package.zsh'
[17.319s] Level 1:colcon.colcon_core.environment:create_file_with_runtime_dependencies(/home/pi/seav2/install/ros2_control_demo_description/share/colcon-core/packages/ros2_control_demo_description)
[17.328s] INFO:colcon.colcon_ros.task.ament_cmake.build:Building ROS package in '/home/pi/seav2/src/seav-ii/seav2' with build type 'ament_cmake'
[17.331s] INFO:colcon.colcon_cmake.task.cmake.build:Building CMake package in '/home/pi/seav2/src/seav-ii/seav2'
[17.333s] INFO:colcon.colcon_core.shell:Skip shell extension 'powershell' for command environment: Not usable outside of PowerShell
[17.334s] DEBUG:colcon.colcon_core.shell:Skip shell extension 'dsv' for command environment
[17.578s] DEBUG:colcon.colcon_core.event_handler.log_command:Invoked command in '/home/pi/seav2/build/serial' returned '0': CMAKE_PREFIX_PATH=${CMAKE_PREFIX_PATH}:/home/pi/seav2/install/seav2_imu:/home/pi/seav2/install/robot_cam_ros:/home/pi/seav2/install/ball_tracker:/home/pi/ss25/install/wheel_odometry:/home/pi/ss25/install/vup_2k7:/home/pi/ss25/install/summary:/home/pi/ss25/install/safety_control:/home/pi/ss25/install/project:/home/pi/ss25/install/my_slam:/home/pi/ss25/install/my_motor_driver:/home/pi/ss25/install/final:/home/pi/ss25/install/description:/home/pi/ss25/install/bringup_pkg:/home/pi/ss25/src/summary/install/summary:/home/pi/ss25/src/install/wheel_odometry:/home/pi/ss25/src/install/summary:/home/pi/ss25/src/install/safety_control:/home/pi/ss25/src/install/project:/home/pi/ss25/src/install/my_motor_driver:/home/pi/ss25/src/install/description:/home/pi/ss25/src/install/bringup_pkg:/home/pi/install/summary:/home/pi/demo_testing_9_april/seav/install/yolov8_ros:/home/pi/demo_testing_9_april/seav/install/static_tf_publisher:/home/pi/demo_testing_9_april/seav/install/seav_test_sensors:/home/pi/demo_testing_9_april/seav/install/my_robot_controller:/opt/ros/humble /usr/bin/cmake --build /home/pi/seav2/build/serial -- -j4 -l4
[17.589s] DEBUG:colcon.colcon_core.event_handler.log_command:Invoking command in '/home/pi/seav2/build/serial': CMAKE_PREFIX_PATH=${CMAKE_PREFIX_PATH}:/home/pi/seav2/install/seav2_imu:/home/pi/seav2/install/robot_cam_ros:/home/pi/seav2/install/ball_tracker:/home/pi/ss25/install/wheel_odometry:/home/pi/ss25/install/vup_2k7:/home/pi/ss25/install/summary:/home/pi/ss25/install/safety_control:/home/pi/ss25/install/project:/home/pi/ss25/install/my_slam:/home/pi/ss25/install/my_motor_driver:/home/pi/ss25/install/final:/home/pi/ss25/install/description:/home/pi/ss25/install/bringup_pkg:/home/pi/ss25/src/summary/install/summary:/home/pi/ss25/src/install/wheel_odometry:/home/pi/ss25/src/install/summary:/home/pi/ss25/src/install/safety_control:/home/pi/ss25/src/install/project:/home/pi/ss25/src/install/my_motor_driver:/home/pi/ss25/src/install/description:/home/pi/ss25/src/install/bringup_pkg:/home/pi/install/summary:/home/pi/demo_testing_9_april/seav/install/yolov8_ros:/home/pi/demo_testing_9_april/seav/install/static_tf_publisher:/home/pi/demo_testing_9_april/seav/install/seav_test_sensors:/home/pi/demo_testing_9_april/seav/install/my_robot_controller:/opt/ros/humble /usr/bin/cmake --install /home/pi/seav2/build/serial
[17.658s] DEBUG:colcon.colcon_core.event_handler.log_command:Invoking command in '/home/pi/seav2/build/seav2': CMAKE_PREFIX_PATH=${CMAKE_PREFIX_PATH}:/home/pi/seav2/install/seav2_imu:/home/pi/seav2/install/robot_cam_ros:/home/pi/seav2/install/ball_tracker:/home/pi/ss25/install/wheel_odometry:/home/pi/ss25/install/vup_2k7:/home/pi/ss25/install/summary:/home/pi/ss25/install/safety_control:/home/pi/ss25/install/project:/home/pi/ss25/install/my_slam:/home/pi/ss25/install/my_motor_driver:/home/pi/ss25/install/final:/home/pi/ss25/install/description:/home/pi/ss25/install/bringup_pkg:/home/pi/ss25/src/summary/install/summary:/home/pi/ss25/src/install/wheel_odometry:/home/pi/ss25/src/install/summary:/home/pi/ss25/src/install/safety_control:/home/pi/ss25/src/install/project:/home/pi/ss25/src/install/my_motor_driver:/home/pi/ss25/src/install/description:/home/pi/ss25/src/install/bringup_pkg:/home/pi/install/summary:/home/pi/demo_testing_9_april/seav/install/yolov8_ros:/home/pi/demo_testing_9_april/seav/install/static_tf_publisher:/home/pi/demo_testing_9_april/seav/install/seav_test_sensors:/home/pi/demo_testing_9_april/seav/install/my_robot_controller:/opt/ros/humble /usr/bin/cmake --build /home/pi/seav2/build/seav2 -- -j4 -l4
[17.975s] Level 1:colcon.colcon_core.environment:create_environment_scripts_only(serial)
[17.983s] Level 1:colcon.colcon_core.environment:checking '/home/pi/seav2/install/serial' for CMake module files
[17.979s] DEBUG:colcon.colcon_core.event_handler.log_command:Invoked command in '/home/pi/seav2/build/serial' returned '0': CMAKE_PREFIX_PATH=${CMAKE_PREFIX_PATH}:/home/pi/seav2/install/seav2_imu:/home/pi/seav2/install/robot_cam_ros:/home/pi/seav2/install/ball_tracker:/home/pi/ss25/install/wheel_odometry:/home/pi/ss25/install/vup_2k7:/home/pi/ss25/install/summary:/home/pi/ss25/install/safety_control:/home/pi/ss25/install/project:/home/pi/ss25/install/my_slam:/home/pi/ss25/install/my_motor_driver:/home/pi/ss25/install/final:/home/pi/ss25/install/description:/home/pi/ss25/install/bringup_pkg:/home/pi/ss25/src/summary/install/summary:/home/pi/ss25/src/install/wheel_odometry:/home/pi/ss25/src/install/summary:/home/pi/ss25/src/install/safety_control:/home/pi/ss25/src/install/project:/home/pi/ss25/src/install/my_motor_driver:/home/pi/ss25/src/install/description:/home/pi/ss25/src/install/bringup_pkg:/home/pi/install/summary:/home/pi/demo_testing_9_april/seav/install/yolov8_ros:/home/pi/demo_testing_9_april/seav/install/static_tf_publisher:/home/pi/demo_testing_9_april/seav/install/seav_test_sensors:/home/pi/demo_testing_9_april/seav/install/my_robot_controller:/opt/ros/humble /usr/bin/cmake --install /home/pi/seav2/build/serial
[17.995s] Level 1:colcon.colcon_core.environment:checking '/home/pi/seav2/install/serial' for CMake config files
[18.001s] Level 1:colcon.colcon_core.shell:create_environment_hook('serial', 'cmake_prefix_path')
[18.005s] INFO:colcon.colcon_core.shell:Creating environment hook '/home/pi/seav2/install/serial/share/serial/hook/cmake_prefix_path.ps1'
[18.017s] INFO:colcon.colcon_core.shell:Creating environment descriptor '/home/pi/seav2/install/serial/share/serial/hook/cmake_prefix_path.dsv'
[18.025s] INFO:colcon.colcon_core.shell:Creating environment hook '/home/pi/seav2/install/serial/share/serial/hook/cmake_prefix_path.sh'
[18.034s] Level 1:colcon.colcon_core.environment:checking '/home/pi/seav2/install/serial/lib'
[18.038s] Level 1:colcon.colcon_core.environment:checking '/home/pi/seav2/install/serial/bin'
[18.040s] Level 1:colcon.colcon_core.environment:checking '/home/pi/seav2/install/serial/lib/pkgconfig/serial.pc'
[18.043s] Level 1:colcon.colcon_core.environment:checking '/home/pi/seav2/install/serial/lib/python3.10/site-packages'
[18.047s] Level 1:colcon.colcon_core.environment:checking '/home/pi/seav2/install/serial/bin'
[18.051s] INFO:colcon.colcon_core.shell:Creating package script '/home/pi/seav2/install/serial/share/serial/package.ps1'
[18.059s] INFO:colcon.colcon_core.shell:Creating package descriptor '/home/pi/seav2/install/serial/share/serial/package.dsv'
[18.067s] INFO:colcon.colcon_core.shell:Creating package script '/home/pi/seav2/install/serial/share/serial/package.sh'
[18.075s] INFO:colcon.colcon_core.shell:Creating package script '/home/pi/seav2/install/serial/share/serial/package.bash'
[18.082s] INFO:colcon.colcon_core.shell:Creating package script '/home/pi/seav2/install/serial/share/serial/package.zsh'
[18.089s] Level 1:colcon.colcon_core.environment:create_file_with_runtime_dependencies(/home/pi/seav2/install/serial/share/colcon-core/packages/serial)
[18.098s] Level 1:colcon.colcon_core.environment:create_environment_scripts_only(serial)
[18.102s] Level 1:colcon.colcon_core.environment:checking '/home/pi/seav2/install/serial' for CMake module files
[18.116s] Level 1:colcon.colcon_core.environment:checking '/home/pi/seav2/install/serial' for CMake config files
[18.122s] Level 1:colcon.colcon_core.shell:create_environment_hook('serial', 'cmake_prefix_path')
[18.125s] INFO:colcon.colcon_core.shell:Creating environment hook '/home/pi/seav2/install/serial/share/serial/hook/cmake_prefix_path.ps1'
[18.133s] INFO:colcon.colcon_core.shell:Creating environment descriptor '/home/pi/seav2/install/serial/share/serial/hook/cmake_prefix_path.dsv'
[18.141s] INFO:colcon.colcon_core.shell:Creating environment hook '/home/pi/seav2/install/serial/share/serial/hook/cmake_prefix_path.sh'
[18.150s] Level 1:colcon.colcon_core.environment:checking '/home/pi/seav2/install/serial/lib'
[18.152s] Level 1:colcon.colcon_core.environment:checking '/home/pi/seav2/install/serial/bin'
[18.154s] Level 1:colcon.colcon_core.environment:checking '/home/pi/seav2/install/serial/lib/pkgconfig/serial.pc'
[18.158s] Level 1:colcon.colcon_core.environment:checking '/home/pi/seav2/install/serial/lib/python3.10/site-packages'
[18.161s] Level 1:colcon.colcon_core.environment:checking '/home/pi/seav2/install/serial/bin'
[18.165s] INFO:colcon.colcon_core.shell:Creating package script '/home/pi/seav2/install/serial/share/serial/package.ps1'
[18.174s] INFO:colcon.colcon_core.shell:Creating package descriptor '/home/pi/seav2/install/serial/share/serial/package.dsv'
[18.182s] INFO:colcon.colcon_core.shell:Creating package script '/home/pi/seav2/install/serial/share/serial/package.sh'
[18.188s] INFO:colcon.colcon_core.shell:Creating package script '/home/pi/seav2/install/serial/share/serial/package.bash'
[18.194s] INFO:colcon.colcon_core.shell:Creating package script '/home/pi/seav2/install/serial/share/serial/package.zsh'
[18.199s] Level 1:colcon.colcon_core.environment:create_file_with_runtime_dependencies(/home/pi/seav2/install/serial/share/colcon-core/packages/serial)
[18.204s] INFO:colcon.colcon_ros.task.ament_python.build:Building ROS package in '/home/pi/seav2/src/seav2_imu' with build type 'ament_python'
[18.205s] Level 1:colcon.colcon_core.shell:create_environment_hook('seav2_imu', 'ament_prefix_path')
[18.208s] INFO:colcon.colcon_core.shell:Creating environment hook '/home/pi/seav2/install/seav2_imu/share/seav2_imu/hook/ament_prefix_path.ps1'
[18.218s] INFO:colcon.colcon_core.shell:Creating environment descriptor '/home/pi/seav2/install/seav2_imu/share/seav2_imu/hook/ament_prefix_path.dsv'
[18.229s] INFO:colcon.colcon_core.shell:Creating environment hook '/home/pi/seav2/install/seav2_imu/share/seav2_imu/hook/ament_prefix_path.sh'
[18.237s] INFO:colcon.colcon_core.shell:Skip shell extension 'powershell' for command environment: Not usable outside of PowerShell
[18.239s] DEBUG:colcon.colcon_core.shell:Skip shell extension 'dsv' for command environment
[18.405s] DEBUG:colcon.colcon_core.event_handler.log_command:Invoked command in '/home/pi/seav2/build/seav2' returned '0': CMAKE_PREFIX_PATH=${CMAKE_PREFIX_PATH}:/home/pi/seav2/install/seav2_imu:/home/pi/seav2/install/robot_cam_ros:/home/pi/seav2/install/ball_tracker:/home/pi/ss25/install/wheel_odometry:/home/pi/ss25/install/vup_2k7:/home/pi/ss25/install/summary:/home/pi/ss25/install/safety_control:/home/pi/ss25/install/project:/home/pi/ss25/install/my_slam:/home/pi/ss25/install/my_motor_driver:/home/pi/ss25/install/final:/home/pi/ss25/install/description:/home/pi/ss25/install/bringup_pkg:/home/pi/ss25/src/summary/install/summary:/home/pi/ss25/src/install/wheel_odometry:/home/pi/ss25/src/install/summary:/home/pi/ss25/src/install/safety_control:/home/pi/ss25/src/install/project:/home/pi/ss25/src/install/my_motor_driver:/home/pi/ss25/src/install/description:/home/pi/ss25/src/install/bringup_pkg:/home/pi/install/summary:/home/pi/demo_testing_9_april/seav/install/yolov8_ros:/home/pi/demo_testing_9_april/seav/install/static_tf_publisher:/home/pi/demo_testing_9_april/seav/install/seav_test_sensors:/home/pi/demo_testing_9_april/seav/install/my_robot_controller:/opt/ros/humble /usr/bin/cmake --build /home/pi/seav2/build/seav2 -- -j4 -l4
[18.432s] DEBUG:colcon.colcon_core.event_handler.log_command:Invoking command in '/home/pi/seav2/build/seav2': CMAKE_PREFIX_PATH=${CMAKE_PREFIX_PATH}:/home/pi/seav2/install/seav2_imu:/home/pi/seav2/install/robot_cam_ros:/home/pi/seav2/install/ball_tracker:/home/pi/ss25/install/wheel_odometry:/home/pi/ss25/install/vup_2k7:/home/pi/ss25/install/summary:/home/pi/ss25/install/safety_control:/home/pi/ss25/install/project:/home/pi/ss25/install/my_slam:/home/pi/ss25/install/my_motor_driver:/home/pi/ss25/install/final:/home/pi/ss25/install/description:/home/pi/ss25/install/bringup_pkg:/home/pi/ss25/src/summary/install/summary:/home/pi/ss25/src/install/wheel_odometry:/home/pi/ss25/src/install/summary:/home/pi/ss25/src/install/safety_control:/home/pi/ss25/src/install/project:/home/pi/ss25/src/install/my_motor_driver:/home/pi/ss25/src/install/description:/home/pi/ss25/src/install/bringup_pkg:/home/pi/install/summary:/home/pi/demo_testing_9_april/seav/install/yolov8_ros:/home/pi/demo_testing_9_april/seav/install/static_tf_publisher:/home/pi/demo_testing_9_april/seav/install/seav_test_sensors:/home/pi/demo_testing_9_april/seav/install/my_robot_controller:/opt/ros/humble /usr/bin/cmake --install /home/pi/seav2/build/seav2
[23.162s] INFO:colcon.colcon_core.task.python.build:Building Python package in '/home/pi/seav2/src/seav2_imu'
[23.165s] INFO:colcon.colcon_core.shell:Skip shell extension 'powershell' for command environment: Not usable outside of PowerShell
[23.165s] DEBUG:colcon.colcon_core.shell:Skip shell extension 'dsv' for command environment
[23.307s] DEBUG:colcon.colcon_core.task.python.build:While undoing a previous installation files outside the Python library path are being ignored: /home/pi/seav2/install/robot_cam_ros/share/ament_index/resource_index/packages/robot_cam_ros
[23.308s] DEBUG:colcon.colcon_core.task.python.build:While undoing a previous installation files outside the Python library path are being ignored: /home/pi/seav2/install/robot_cam_ros/share/robot_cam_ros/package.xml
[23.308s] DEBUG:colcon.colcon_core.task.python.build:While undoing a previous installation files outside the Python library path are being ignored: /home/pi/seav2/install/robot_cam_ros/share/robot_cam_ros/launch/follow_cam.launch.py
[23.312s] DEBUG:colcon.colcon_core.task.python.build:While undoing a previous installation files outside the Python library path are being ignored: /home/pi/seav2/install/robot_cam_ros/lib/robot_cam_ros/follow_cam
[23.342s] DEBUG:colcon.colcon_core.event_handler.log_command:Invoking command in '/home/pi/seav2/build/robot_cam_ros': PYTHONPATH=/home/pi/seav2/build/robot_cam_ros/prefix_override:/usr/lib/python3/dist-packages/colcon_core/task/python/colcon_distutils_commands:/home/pi/seav2/install/robot_cam_ros/lib/python3.10/site-packages:${PYTHONPATH} /usr/bin/python3 -W ignore:setup.py install is deprecated -W ignore:easy_install command is deprecated setup.py develop --editable --build-directory /home/pi/seav2/build/robot_cam_ros/build --no-deps symlink_data --force
[23.349s] DEBUG:colcon.colcon_core.task.python.build:While undoing a previous installation files outside the Python library path are being ignored: /home/pi/seav2/install/ball_tracker/share/ament_index/resource_index/packages/ball_tracker
[23.349s] DEBUG:colcon.colcon_core.task.python.build:While undoing a previous installation files outside the Python library path are being ignored: /home/pi/seav2/install/ball_tracker/share/ball_tracker/package.xml
[23.350s] DEBUG:colcon.colcon_core.task.python.build:While undoing a previous installation files outside the Python library path are being ignored: /home/pi/seav2/install/ball_tracker/share/ball_tracker/launch/ball_tracker.launch.py
[23.350s] DEBUG:colcon.colcon_core.task.python.build:While undoing a previous installation files outside the Python library path are being ignored: /home/pi/seav2/install/ball_tracker/share/ball_tracker/launch/example_launch_include.launch.py
[23.351s] DEBUG:colcon.colcon_core.task.python.build:While undoing a previous installation files outside the Python library path are being ignored: /home/pi/seav2/install/ball_tracker/share/ball_tracker/config/ball_tracker_params_example.yaml
[23.355s] DEBUG:colcon.colcon_core.task.python.build:While undoing a previous installation files outside the Python library path are being ignored: /home/pi/seav2/install/ball_tracker/lib/ball_tracker/detect_ball
[23.356s] DEBUG:colcon.colcon_core.task.python.build:While undoing a previous installation files outside the Python library path are being ignored: /home/pi/seav2/install/ball_tracker/lib/ball_tracker/detect_ball_3d
[23.356s] DEBUG:colcon.colcon_core.task.python.build:While undoing a previous installation files outside the Python library path are being ignored: /home/pi/seav2/install/ball_tracker/lib/ball_tracker/follow_ball
[23.385s] DEBUG:colcon.colcon_core.event_handler.log_command:Invoking command in '/home/pi/seav2/build/ball_tracker': PYTHONPATH=/home/pi/seav2/build/ball_tracker/prefix_override:/usr/lib/python3/dist-packages/colcon_core/task/python/colcon_distutils_commands:/home/pi/seav2/install/ball_tracker/lib/python3.10/site-packages:${PYTHONPATH} /usr/bin/python3 -W ignore:setup.py install is deprecated -W ignore:easy_install command is deprecated setup.py develop --editable --build-directory /home/pi/seav2/build/ball_tracker/build --no-deps symlink_data --force
[23.393s] Level 1:colcon.colcon_core.environment:create_environment_scripts_only(seav2)
[23.399s] Level 1:colcon.colcon_core.environment:checking '/home/pi/seav2/install/seav2' for CMake module files
[23.401s] DEBUG:colcon.colcon_core.event_handler.log_command:Invoked command in '/home/pi/seav2/build/seav2' returned '0': CMAKE_PREFIX_PATH=${CMAKE_PREFIX_PATH}:/home/pi/seav2/install/seav2_imu:/home/pi/seav2/install/robot_cam_ros:/home/pi/seav2/install/ball_tracker:/home/pi/ss25/install/wheel_odometry:/home/pi/ss25/install/vup_2k7:/home/pi/ss25/install/summary:/home/pi/ss25/install/safety_control:/home/pi/ss25/install/project:/home/pi/ss25/install/my_slam:/home/pi/ss25/install/my_motor_driver:/home/pi/ss25/install/final:/home/pi/ss25/install/description:/home/pi/ss25/install/bringup_pkg:/home/pi/ss25/src/summary/install/summary:/home/pi/ss25/src/install/wheel_odometry:/home/pi/ss25/src/install/summary:/home/pi/ss25/src/install/safety_control:/home/pi/ss25/src/install/project:/home/pi/ss25/src/install/my_motor_driver:/home/pi/ss25/src/install/description:/home/pi/ss25/src/install/bringup_pkg:/home/pi/install/summary:/home/pi/demo_testing_9_april/seav/install/yolov8_ros:/home/pi/demo_testing_9_april/seav/install/static_tf_publisher:/home/pi/demo_testing_9_april/seav/install/seav_test_sensors:/home/pi/demo_testing_9_april/seav/install/my_robot_controller:/opt/ros/humble /usr/bin/cmake --install /home/pi/seav2/build/seav2
[23.413s] Level 1:colcon.colcon_core.environment:checking '/home/pi/seav2/install/seav2' for CMake config files
[23.419s] Level 1:colcon.colcon_core.shell:create_environment_hook('seav2', 'cmake_prefix_path')
[23.423s] INFO:colcon.colcon_core.shell:Creating environment hook '/home/pi/seav2/install/seav2/share/seav2/hook/cmake_prefix_path.ps1'
[23.430s] INFO:colcon.colcon_core.shell:Creating environment descriptor '/home/pi/seav2/install/seav2/share/seav2/hook/cmake_prefix_path.dsv'
[23.435s] INFO:colcon.colcon_core.shell:Creating environment hook '/home/pi/seav2/install/seav2/share/seav2/hook/cmake_prefix_path.sh'
[23.442s] Level 1:colcon.colcon_core.environment:checking '/home/pi/seav2/install/seav2/bin'
[23.443s] Level 1:colcon.colcon_core.environment:checking '/home/pi/seav2/install/seav2/lib/pkgconfig/seav2.pc'
[23.445s] Level 1:colcon.colcon_core.environment:checking '/home/pi/seav2/install/seav2/lib/python3.10/site-packages'
[23.448s] Level 1:colcon.colcon_core.environment:checking '/home/pi/seav2/install/seav2/bin'
[23.451s] INFO:colcon.colcon_core.shell:Creating package script '/home/pi/seav2/install/seav2/share/seav2/package.ps1'
[23.460s] INFO:colcon.colcon_core.shell:Creating package descriptor '/home/pi/seav2/install/seav2/share/seav2/package.dsv'
[23.468s] INFO:colcon.colcon_core.shell:Creating package script '/home/pi/seav2/install/seav2/share/seav2/package.sh'
[23.475s] INFO:colcon.colcon_core.shell:Creating package script '/home/pi/seav2/install/seav2/share/seav2/package.bash'
[23.482s] INFO:colcon.colcon_core.shell:Creating package script '/home/pi/seav2/install/seav2/share/seav2/package.zsh'
[23.488s] Level 1:colcon.colcon_core.environment:create_file_with_runtime_dependencies(/home/pi/seav2/install/seav2/share/colcon-core/packages/seav2)
[23.494s] Level 1:colcon.colcon_core.environment:create_environment_scripts_only(seav2)
[23.497s] Level 1:colcon.colcon_core.environment:checking '/home/pi/seav2/install/seav2' for CMake module files
[23.505s] Level 1:colcon.colcon_core.environment:checking '/home/pi/seav2/install/seav2' for CMake config files
[23.513s] Level 1:colcon.colcon_core.shell:create_environment_hook('seav2', 'cmake_prefix_path')
[23.517s] INFO:colcon.colcon_core.shell:Creating environment hook '/home/pi/seav2/install/seav2/share/seav2/hook/cmake_prefix_path.ps1'
[23.524s] INFO:colcon.colcon_core.shell:Creating environment descriptor '/home/pi/seav2/install/seav2/share/seav2/hook/cmake_prefix_path.dsv'
[23.528s] INFO:colcon.colcon_core.shell:Creating environment hook '/home/pi/seav2/install/seav2/share/seav2/hook/cmake_prefix_path.sh'
[23.535s] Level 1:colcon.colcon_core.environment:checking '/home/pi/seav2/install/seav2/bin'
[23.536s] Level 1:colcon.colcon_core.environment:checking '/home/pi/seav2/install/seav2/lib/pkgconfig/seav2.pc'
[23.539s] Level 1:colcon.colcon_core.environment:checking '/home/pi/seav2/install/seav2/lib/python3.10/site-packages'
[23.541s] Level 1:colcon.colcon_core.environment:checking '/home/pi/seav2/install/seav2/bin'
[23.544s] INFO:colcon.colcon_core.shell:Creating package script '/home/pi/seav2/install/seav2/share/seav2/package.ps1'
[23.550s] INFO:colcon.colcon_core.shell:Creating package descriptor '/home/pi/seav2/install/seav2/share/seav2/package.dsv'
[23.556s] INFO:colcon.colcon_core.shell:Creating package script '/home/pi/seav2/install/seav2/share/seav2/package.sh'
[23.562s] INFO:colcon.colcon_core.shell:Creating package script '/home/pi/seav2/install/seav2/share/seav2/package.bash'
[23.568s] INFO:colcon.colcon_core.shell:Creating package script '/home/pi/seav2/install/seav2/share/seav2/package.zsh'
[23.575s] Level 1:colcon.colcon_core.environment:create_file_with_runtime_dependencies(/home/pi/seav2/install/seav2/share/colcon-core/packages/seav2)
[23.586s] INFO:colcon.colcon_ros.task.ament_cmake.build:Building ROS package in '/home/pi/seav2/src/ros2_v4l2_camera' with build type 'ament_cmake'
[23.589s] INFO:colcon.colcon_cmake.task.cmake.build:Building CMake package in '/home/pi/seav2/src/ros2_v4l2_camera'
[23.592s] INFO:colcon.colcon_core.shell:Skip shell extension 'powershell' for command environment: Not usable outside of PowerShell
[23.592s] DEBUG:colcon.colcon_core.shell:Skip shell extension 'dsv' for command environment
[23.823s] DEBUG:colcon.colcon_core.event_handler.log_command:Invoking command in '/home/pi/seav2/build/v4l2_camera': CMAKE_PREFIX_PATH=${CMAKE_PREFIX_PATH}:/home/pi/seav2/install/seav2_imu:/home/pi/seav2/install/robot_cam_ros:/home/pi/seav2/install/ball_tracker:/home/pi/ss25/install/wheel_odometry:/home/pi/ss25/install/vup_2k7:/home/pi/ss25/install/summary:/home/pi/ss25/install/safety_control:/home/pi/ss25/install/project:/home/pi/ss25/install/my_slam:/home/pi/ss25/install/my_motor_driver:/home/pi/ss25/install/final:/home/pi/ss25/install/description:/home/pi/ss25/install/bringup_pkg:/home/pi/ss25/src/summary/install/summary:/home/pi/ss25/src/install/wheel_odometry:/home/pi/ss25/src/install/summary:/home/pi/ss25/src/install/safety_control:/home/pi/ss25/src/install/project:/home/pi/ss25/src/install/my_motor_driver:/home/pi/ss25/src/install/description:/home/pi/ss25/src/install/bringup_pkg:/home/pi/install/summary:/home/pi/demo_testing_9_april/seav/install/yolov8_ros:/home/pi/demo_testing_9_april/seav/install/static_tf_publisher:/home/pi/demo_testing_9_april/seav/install/seav_test_sensors:/home/pi/demo_testing_9_april/seav/install/my_robot_controller:/opt/ros/humble /usr/bin/cmake /home/pi/seav2/src/ros2_v4l2_camera -DAMENT_CMAKE_SYMLINK_INSTALL=1 -DCMAKE_INSTALL_PREFIX=/home/pi/seav2/install/v4l2_camera
[30.024s] DEBUG:colcon.colcon_core.task.python.build:While undoing a previous installation files outside the Python library path are being ignored: /home/pi/seav2/install/seav2_imu/share/ament_index/resource_index/packages/seav2_imu
[30.025s] DEBUG:colcon.colcon_core.task.python.build:While undoing a previous installation files outside the Python library path are being ignored: /home/pi/seav2/install/seav2_imu/share/seav2_imu/package.xml
[30.029s] DEBUG:colcon.colcon_core.task.python.build:While undoing a previous installation files outside the Python library path are being ignored: /home/pi/seav2/install/seav2_imu/lib/seav2_imu/mpu6050_node
[30.046s] DEBUG:colcon.colcon_core.event_handler.log_command:Invoking command in '/home/pi/seav2/build/seav2_imu': PYTHONPATH=/home/pi/seav2/build/seav2_imu/prefix_override:/usr/lib/python3/dist-packages/colcon_core/task/python/colcon_distutils_commands:/home/pi/seav2/install/seav2_imu/lib/python3.10/site-packages:${PYTHONPATH} /usr/bin/python3 -W ignore:setup.py install is deprecated -W ignore:easy_install command is deprecated setup.py develop --editable --build-directory /home/pi/seav2/build/seav2_imu/build --no-deps symlink_data --force
[32.248s] Level 1:colcon.colcon_core.shell:create_environment_hook('ball_tracker', 'pythonpath_develop')
[32.257s] INFO:colcon.colcon_core.shell:Creating environment hook '/home/pi/seav2/build/ball_tracker/share/ball_tracker/hook/pythonpath_develop.ps1'
[32.253s] DEBUG:colcon.colcon_core.event_handler.log_command:Invoked command in '/home/pi/seav2/build/ball_tracker' returned '0': PYTHONPATH=/home/pi/seav2/build/ball_tracker/prefix_override:/usr/lib/python3/dist-packages/colcon_core/task/python/colcon_distutils_commands:/home/pi/seav2/install/ball_tracker/lib/python3.10/site-packages:${PYTHONPATH} /usr/bin/python3 -W ignore:setup.py install is deprecated -W ignore:easy_install command is deprecated setup.py develop --editable --build-directory /home/pi/seav2/build/ball_tracker/build --no-deps symlink_data --force
[32.267s] INFO:colcon.colcon_core.shell:Creating environment descriptor '/home/pi/seav2/build/ball_tracker/share/ball_tracker/hook/pythonpath_develop.dsv'
[32.275s] INFO:colcon.colcon_core.shell:Creating environment hook '/home/pi/seav2/build/ball_tracker/share/ball_tracker/hook/pythonpath_develop.sh'
[32.285s] Level 1:colcon.colcon_core.environment:checking '/home/pi/seav2/install/ball_tracker' for CMake module files
[32.293s] Level 1:colcon.colcon_core.environment:checking '/home/pi/seav2/install/ball_tracker' for CMake config files
[32.306s] Level 1:colcon.colcon_core.environment:checking '/home/pi/seav2/install/ball_tracker/lib'
[32.308s] Level 1:colcon.colcon_core.environment:checking '/home/pi/seav2/install/ball_tracker/bin'
[32.310s] Level 1:colcon.colcon_core.environment:checking '/home/pi/seav2/install/ball_tracker/lib/pkgconfig/ball_tracker.pc'
[32.313s] Level 1:colcon.colcon_core.environment:checking '/home/pi/seav2/install/ball_tracker/lib/python3.10/site-packages'
[32.315s] Level 1:colcon.colcon_core.shell:create_environment_hook('ball_tracker', 'pythonpath')
[32.318s] INFO:colcon.colcon_core.shell:Creating environment hook '/home/pi/seav2/install/ball_tracker/share/ball_tracker/hook/pythonpath.ps1'
[32.326s] INFO:colcon.colcon_core.shell:Creating environment descriptor '/home/pi/seav2/install/ball_tracker/share/ball_tracker/hook/pythonpath.dsv'
[32.332s] INFO:colcon.colcon_core.shell:Creating environment hook '/home/pi/seav2/install/ball_tracker/share/ball_tracker/hook/pythonpath.sh'
[32.339s] Level 1:colcon.colcon_core.environment:checking '/home/pi/seav2/install/ball_tracker/bin'
[32.340s] Level 1:colcon.colcon_core.environment:create_environment_scripts_only(ball_tracker)
[32.344s] INFO:colcon.colcon_core.shell:Creating package script '/home/pi/seav2/install/ball_tracker/share/ball_tracker/package.ps1'
[32.350s] INFO:colcon.colcon_core.shell:Creating package descriptor '/home/pi/seav2/install/ball_tracker/share/ball_tracker/package.dsv'
[32.357s] INFO:colcon.colcon_core.shell:Creating package script '/home/pi/seav2/install/ball_tracker/share/ball_tracker/package.sh'
[32.362s] INFO:colcon.colcon_core.shell:Creating package script '/home/pi/seav2/install/ball_tracker/share/ball_tracker/package.bash'
[32.367s] INFO:colcon.colcon_core.shell:Creating package script '/home/pi/seav2/install/ball_tracker/share/ball_tracker/package.zsh'
[32.372s] Level 1:colcon.colcon_core.environment:create_file_with_runtime_dependencies(/home/pi/seav2/install/ball_tracker/share/colcon-core/packages/ball_tracker)
[32.377s] INFO:colcon.colcon_ros.task.ament_cmake.build:Building ROS package in '/home/pi/seav2/src/seav-ii/carlikebot_ros2_control/carlikebot_ros2_control' with build type 'ament_cmake'
[32.380s] INFO:colcon.colcon_cmake.task.cmake.build:Building CMake package in '/home/pi/seav2/src/seav-ii/carlikebot_ros2_control/carlikebot_ros2_control'
[32.382s] INFO:colcon.colcon_core.shell:Skip shell extension 'powershell' for command environment: Not usable outside of PowerShell
[32.386s] DEBUG:colcon.colcon_core.shell:Skip shell extension 'dsv' for command environment
[32.549s] Level 1:colcon.colcon_core.shell:create_environment_hook('robot_cam_ros', 'pythonpath_develop')
[32.554s] INFO:colcon.colcon_core.shell:Creating environment hook '/home/pi/seav2/build/robot_cam_ros/share/robot_cam_ros/hook/pythonpath_develop.ps1'
[32.556s] DEBUG:colcon.colcon_core.event_handler.log_command:Invoked command in '/home/pi/seav2/build/robot_cam_ros' returned '0': PYTHONPATH=/home/pi/seav2/build/robot_cam_ros/prefix_override:/usr/lib/python3/dist-packages/colcon_core/task/python/colcon_distutils_commands:/home/pi/seav2/install/robot_cam_ros/lib/python3.10/site-packages:${PYTHONPATH} /usr/bin/python3 -W ignore:setup.py install is deprecated -W ignore:easy_install command is deprecated setup.py develop --editable --build-directory /home/pi/seav2/build/robot_cam_ros/build --no-deps symlink_data --force
[32.564s] INFO:colcon.colcon_core.shell:Creating environment descriptor '/home/pi/seav2/build/robot_cam_ros/share/robot_cam_ros/hook/pythonpath_develop.dsv'
[32.572s] INFO:colcon.colcon_core.shell:Creating environment hook '/home/pi/seav2/build/robot_cam_ros/share/robot_cam_ros/hook/pythonpath_develop.sh'
[32.583s] Level 1:colcon.colcon_core.environment:checking '/home/pi/seav2/install/robot_cam_ros' for CMake module files
[32.592s] Level 1:colcon.colcon_core.environment:checking '/home/pi/seav2/install/robot_cam_ros' for CMake config files
[32.602s] Level 1:colcon.colcon_core.environment:checking '/home/pi/seav2/install/robot_cam_ros/lib'
[32.605s] Level 1:colcon.colcon_core.environment:checking '/home/pi/seav2/install/robot_cam_ros/bin'
[32.608s] Level 1:colcon.colcon_core.environment:checking '/home/pi/seav2/install/robot_cam_ros/lib/pkgconfig/robot_cam_ros.pc'
[32.611s] Level 1:colcon.colcon_core.environment:checking '/home/pi/seav2/install/robot_cam_ros/lib/python3.10/site-packages'
[32.613s] Level 1:colcon.colcon_core.shell:create_environment_hook('robot_cam_ros', 'pythonpath')
[32.616s] INFO:colcon.colcon_core.shell:Creating environment hook '/home/pi/seav2/install/robot_cam_ros/share/robot_cam_ros/hook/pythonpath.ps1'
[32.624s] INFO:colcon.colcon_core.shell:Creating environment descriptor '/home/pi/seav2/install/robot_cam_ros/share/robot_cam_ros/hook/pythonpath.dsv'
[32.629s] INFO:colcon.colcon_core.shell:Creating environment hook '/home/pi/seav2/install/robot_cam_ros/share/robot_cam_ros/hook/pythonpath.sh'
[32.637s] Level 1:colcon.colcon_core.environment:checking '/home/pi/seav2/install/robot_cam_ros/bin'
[32.638s] Level 1:colcon.colcon_core.environment:create_environment_scripts_only(robot_cam_ros)
[32.642s] INFO:colcon.colcon_core.shell:Creating package script '/home/pi/seav2/install/robot_cam_ros/share/robot_cam_ros/package.ps1'
[32.648s] INFO:colcon.colcon_core.shell:Creating package descriptor '/home/pi/seav2/install/robot_cam_ros/share/robot_cam_ros/package.dsv'
[32.654s] INFO:colcon.colcon_core.shell:Creating package script '/home/pi/seav2/install/robot_cam_ros/share/robot_cam_ros/package.sh'
[32.661s] INFO:colcon.colcon_core.shell:Creating package script '/home/pi/seav2/install/robot_cam_ros/share/robot_cam_ros/package.bash'
[32.666s] INFO:colcon.colcon_core.shell:Creating package script '/home/pi/seav2/install/robot_cam_ros/share/robot_cam_ros/package.zsh'
[32.670s] Level 1:colcon.colcon_core.environment:create_file_with_runtime_dependencies(/home/pi/seav2/install/robot_cam_ros/share/colcon-core/packages/robot_cam_ros)
[32.720s] DEBUG:colcon.colcon_core.event_handler.log_command:Invoking command in '/home/pi/seav2/build/carlikebot_ros2_control': CMAKE_PREFIX_PATH=/home/pi/seav2/install/serial:/home/pi/seav2/install/ros2_control_demo_description:/home/pi/seav2/install/carlikebot_ros2_control:/home/pi/seav2/install/seav2:/home/pi/ss25/install/sllidar_ros2:/home/pi/ss25/src/install/sllidar_ros2:/home/pi/demo_testing_9_april/seav/install/seav_simulation:/home/pi/demo_testing_9_april/seav/install/seav_description:/home/pi/demo_testing_9_april/seav/install/rplidar_ros:/home/pi/demo_testing_9_april/seav/install/my_nav2_pkg:/home/pi/seav2/install/seav2_imu:/home/pi/seav2/install/robot_cam_ros:/home/pi/seav2/install/ball_tracker:/home/pi/ss25/install/wheel_odometry:/home/pi/ss25/install/vup_2k7:/home/pi/ss25/install/summary:/home/pi/ss25/install/safety_control:/home/pi/ss25/install/project:/home/pi/ss25/install/my_slam:/home/pi/ss25/install/my_motor_driver:/home/pi/ss25/install/final:/home/pi/ss25/install/description:/home/pi/ss25/install/bringup_pkg:/home/pi/ss25/src/summary/install/summary:/home/pi/ss25/src/install/wheel_odometry:/home/pi/ss25/src/install/summary:/home/pi/ss25/src/install/safety_control:/home/pi/ss25/src/install/project:/home/pi/ss25/src/install/my_motor_driver:/home/pi/ss25/src/install/description:/home/pi/ss25/src/install/bringup_pkg:/home/pi/install/summary:/home/pi/demo_testing_9_april/seav/install/yolov8_ros:/home/pi/demo_testing_9_april/seav/install/static_tf_publisher:/home/pi/demo_testing_9_april/seav/install/seav_test_sensors:/home/pi/demo_testing_9_april/seav/install/my_robot_controller:/opt/ros/humble /usr/bin/cmake /home/pi/seav2/src/seav-ii/carlikebot_ros2_control/carlikebot_ros2_control -DAMENT_CMAKE_SYMLINK_INSTALL=1 -DCMAKE_INSTALL_PREFIX=/home/pi/seav2/install/carlikebot_ros2_control
[37.822s] DEBUG:colcon.colcon_core.event_handler.log_command:Invoked command in '/home/pi/seav2/build/v4l2_camera' returned '0': CMAKE_PREFIX_PATH=${CMAKE_PREFIX_PATH}:/home/pi/seav2/install/seav2_imu:/home/pi/seav2/install/robot_cam_ros:/home/pi/seav2/install/ball_tracker:/home/pi/ss25/install/wheel_odometry:/home/pi/ss25/install/vup_2k7:/home/pi/ss25/install/summary:/home/pi/ss25/install/safety_control:/home/pi/ss25/install/project:/home/pi/ss25/install/my_slam:/home/pi/ss25/install/my_motor_driver:/home/pi/ss25/install/final:/home/pi/ss25/install/description:/home/pi/ss25/install/bringup_pkg:/home/pi/ss25/src/summary/install/summary:/home/pi/ss25/src/install/wheel_odometry:/home/pi/ss25/src/install/summary:/home/pi/ss25/src/install/safety_control:/home/pi/ss25/src/install/project:/home/pi/ss25/src/install/my_motor_driver:/home/pi/ss25/src/install/description:/home/pi/ss25/src/install/bringup_pkg:/home/pi/install/summary:/home/pi/demo_testing_9_april/seav/install/yolov8_ros:/home/pi/demo_testing_9_april/seav/install/static_tf_publisher:/home/pi/demo_testing_9_april/seav/install/seav_test_sensors:/home/pi/demo_testing_9_april/seav/install/my_robot_controller:/opt/ros/humble /usr/bin/cmake /home/pi/seav2/src/ros2_v4l2_camera -DAMENT_CMAKE_SYMLINK_INSTALL=1 -DCMAKE_INSTALL_PREFIX=/home/pi/seav2/install/v4l2_camera
[37.840s] DEBUG:colcon.colcon_core.event_handler.log_command:Invoking command in '/home/pi/seav2/build/v4l2_camera': CMAKE_PREFIX_PATH=${CMAKE_PREFIX_PATH}:/home/pi/seav2/install/seav2_imu:/home/pi/seav2/install/robot_cam_ros:/home/pi/seav2/install/ball_tracker:/home/pi/ss25/install/wheel_odometry:/home/pi/ss25/install/vup_2k7:/home/pi/ss25/install/summary:/home/pi/ss25/install/safety_control:/home/pi/ss25/install/project:/home/pi/ss25/install/my_slam:/home/pi/ss25/install/my_motor_driver:/home/pi/ss25/install/final:/home/pi/ss25/install/description:/home/pi/ss25/install/bringup_pkg:/home/pi/ss25/src/summary/install/summary:/home/pi/ss25/src/install/wheel_odometry:/home/pi/ss25/src/install/summary:/home/pi/ss25/src/install/safety_control:/home/pi/ss25/src/install/project:/home/pi/ss25/src/install/my_motor_driver:/home/pi/ss25/src/install/description:/home/pi/ss25/src/install/bringup_pkg:/home/pi/install/summary:/home/pi/demo_testing_9_april/seav/install/yolov8_ros:/home/pi/demo_testing_9_april/seav/install/static_tf_publisher:/home/pi/demo_testing_9_april/seav/install/seav_test_sensors:/home/pi/demo_testing_9_april/seav/install/my_robot_controller:/opt/ros/humble /usr/bin/cmake --build /home/pi/seav2/build/v4l2_camera -- -j4 -l4
[40.577s] Level 1:colcon.colcon_core.shell:create_environment_hook('seav2_imu', 'pythonpath_develop')
[40.585s] INFO:colcon.colcon_core.shell:Creating environment hook '/home/pi/seav2/build/seav2_imu/share/seav2_imu/hook/pythonpath_develop.ps1'
[40.581s] DEBUG:colcon.colcon_core.event_handler.log_command:Invoked command in '/home/pi/seav2/build/seav2_imu' returned '0': PYTHONPATH=/home/pi/seav2/build/seav2_imu/prefix_override:/usr/lib/python3/dist-packages/colcon_core/task/python/colcon_distutils_commands:/home/pi/seav2/install/seav2_imu/lib/python3.10/site-packages:${PYTHONPATH} /usr/bin/python3 -W ignore:setup.py install is deprecated -W ignore:easy_install command is deprecated setup.py develop --editable --build-directory /home/pi/seav2/build/seav2_imu/build --no-deps symlink_data --force
[40.594s] INFO:colcon.colcon_core.shell:Creating environment descriptor '/home/pi/seav2/build/seav2_imu/share/seav2_imu/hook/pythonpath_develop.dsv'
[40.605s] INFO:colcon.colcon_core.shell:Creating environment hook '/home/pi/seav2/build/seav2_imu/share/seav2_imu/hook/pythonpath_develop.sh'
[40.613s] Level 1:colcon.colcon_core.environment:checking '/home/pi/seav2/install/seav2_imu' for CMake module files
[40.622s] Level 1:colcon.colcon_core.environment:checking '/home/pi/seav2/install/seav2_imu' for CMake config files
[40.632s] Level 1:colcon.colcon_core.environment:checking '/home/pi/seav2/install/seav2_imu/lib'
[40.634s] Level 1:colcon.colcon_core.environment:checking '/home/pi/seav2/install/seav2_imu/bin'
[40.637s] Level 1:colcon.colcon_core.environment:checking '/home/pi/seav2/install/seav2_imu/lib/pkgconfig/seav2_imu.pc'
[40.641s] Level 1:colcon.colcon_core.environment:checking '/home/pi/seav2/install/seav2_imu/lib/python3.10/site-packages'
[40.643s] Level 1:colcon.colcon_core.shell:create_environment_hook('seav2_imu', 'pythonpath')
[40.646s] INFO:colcon.colcon_core.shell:Creating environment hook '/home/pi/seav2/install/seav2_imu/share/seav2_imu/hook/pythonpath.ps1'
[40.655s] INFO:colcon.colcon_core.shell:Creating environment descriptor '/home/pi/seav2/install/seav2_imu/share/seav2_imu/hook/pythonpath.dsv'
[40.663s] INFO:colcon.colcon_core.shell:Creating environment hook '/home/pi/seav2/install/seav2_imu/share/seav2_imu/hook/pythonpath.sh'
[40.673s] Level 1:colcon.colcon_core.environment:checking '/home/pi/seav2/install/seav2_imu/bin'
[40.676s] Level 1:colcon.colcon_core.environment:create_environment_scripts_only(seav2_imu)
[40.681s] INFO:colcon.colcon_core.shell:Creating package script '/home/pi/seav2/install/seav2_imu/share/seav2_imu/package.ps1'
[40.708s] INFO:colcon.colcon_core.shell:Creating package descriptor '/home/pi/seav2/install/seav2_imu/share/seav2_imu/package.dsv'
[40.732s] INFO:colcon.colcon_core.shell:Creating package script '/home/pi/seav2/install/seav2_imu/share/seav2_imu/package.sh'
[40.750s] INFO:colcon.colcon_core.shell:Creating package script '/home/pi/seav2/install/seav2_imu/share/seav2_imu/package.bash'
[40.756s] INFO:colcon.colcon_core.shell:Creating package script '/home/pi/seav2/install/seav2_imu/share/seav2_imu/package.zsh'
[40.762s] Level 1:colcon.colcon_core.environment:create_file_with_runtime_dependencies(/home/pi/seav2/install/seav2_imu/share/colcon-core/packages/seav2_imu)
[45.842s] Level 1:colcon.colcon_core.environment:create_environment_scripts_only(v4l2_camera)
[45.851s] Level 1:colcon.colcon_core.environment:checking '/home/pi/seav2/install/v4l2_camera' for CMake module files
[45.846s] DEBUG:colcon.colcon_core.event_handler.log_command:Invoked command in '/home/pi/seav2/build/v4l2_camera' returned '2': CMAKE_PREFIX_PATH=${CMAKE_PREFIX_PATH}:/home/pi/seav2/install/seav2_imu:/home/pi/seav2/install/robot_cam_ros:/home/pi/seav2/install/ball_tracker:/home/pi/ss25/install/wheel_odometry:/home/pi/ss25/install/vup_2k7:/home/pi/ss25/install/summary:/home/pi/ss25/install/safety_control:/home/pi/ss25/install/project:/home/pi/ss25/install/my_slam:/home/pi/ss25/install/my_motor_driver:/home/pi/ss25/install/final:/home/pi/ss25/install/description:/home/pi/ss25/install/bringup_pkg:/home/pi/ss25/src/summary/install/summary:/home/pi/ss25/src/install/wheel_odometry:/home/pi/ss25/src/install/summary:/home/pi/ss25/src/install/safety_control:/home/pi/ss25/src/install/project:/home/pi/ss25/src/install/my_motor_driver:/home/pi/ss25/src/install/description:/home/pi/ss25/src/install/bringup_pkg:/home/pi/install/summary:/home/pi/demo_testing_9_april/seav/install/yolov8_ros:/home/pi/demo_testing_9_april/seav/install/static_tf_publisher:/home/pi/demo_testing_9_april/seav/install/seav_test_sensors:/home/pi/demo_testing_9_april/seav/install/my_robot_controller:/opt/ros/humble /usr/bin/cmake --build /home/pi/seav2/build/v4l2_camera -- -j4 -l4
[45.865s] Level 1:colcon.colcon_core.environment:checking '/home/pi/seav2/install/v4l2_camera' for CMake config files
[45.871s] Level 1:colcon.colcon_core.environment:checking '/home/pi/seav2/install/v4l2_camera/bin'
[45.873s] Level 1:colcon.colcon_core.environment:checking '/home/pi/seav2/install/v4l2_camera/lib/pkgconfig/v4l2_camera.pc'
[45.876s] Level 1:colcon.colcon_core.environment:checking '/home/pi/seav2/install/v4l2_camera/lib/python3.10/site-packages'
[45.880s] Level 1:colcon.colcon_core.environment:checking '/home/pi/seav2/install/v4l2_camera/bin'
[45.884s] INFO:colcon.colcon_core.shell:Creating package script '/home/pi/seav2/install/v4l2_camera/share/v4l2_camera/package.ps1'
[45.892s] INFO:colcon.colcon_core.shell:Creating package descriptor '/home/pi/seav2/install/v4l2_camera/share/v4l2_camera/package.dsv'
[45.899s] INFO:colcon.colcon_core.shell:Creating package script '/home/pi/seav2/install/v4l2_camera/share/v4l2_camera/package.sh'
[45.905s] INFO:colcon.colcon_core.shell:Creating package script '/home/pi/seav2/install/v4l2_camera/share/v4l2_camera/package.bash'
[45.912s] INFO:colcon.colcon_core.shell:Creating package script '/home/pi/seav2/install/v4l2_camera/share/v4l2_camera/package.zsh'
[45.919s] Level 1:colcon.colcon_core.environment:create_file_with_runtime_dependencies(/home/pi/seav2/install/v4l2_camera/share/colcon-core/packages/v4l2_camera)
[61.839s] DEBUG:colcon.colcon_parallel_executor.executor.parallel:closing loop
[61.840s] DEBUG:colcon.colcon_parallel_executor.executor.parallel:loop closed
[61.841s] DEBUG:colcon.colcon_parallel_executor.executor.parallel:run_until_complete finished with '2'
[61.842s] DEBUG:colcon.colcon_core.event_reactor:joining thread
[61.910s] INFO:colcon.colcon_core.plugin_system:Skipping extension 'colcon_notification.desktop_notification.notify_send': Could not find 'notify-send'
[61.911s] INFO:colcon.colcon_core.plugin_system:Skipping extension 'colcon_notification.desktop_notification.terminal_notifier': Not used on non-Darwin systems
[61.912s] INFO:colcon.colcon_core.plugin_system:Skipping extension 'colcon_notification.desktop_notification.win32': Not used on non-Windows systems
[61.913s] INFO:colcon.colcon_notification.desktop_notification:Sending desktop notification using 'notify2'
[61.922s] DEBUG:colcon.colcon_notification.desktop_notification.notify2:Failed to initialize notify2: org.freedesktop.DBus.Error.ServiceUnknown: The name org.freedesktop.Notifications was not provided by any .service files
[61.923s] DEBUG:colcon.colcon_core.event_reactor:joined thread
[61.926s] INFO:colcon.colcon_core.shell:Creating prefix script '/home/pi/seav2/install/local_setup.ps1'
[61.936s] INFO:colcon.colcon_core.shell:Creating prefix util module '/home/pi/seav2/install/_local_setup_util_ps1.py'
[61.953s] INFO:colcon.colcon_core.shell:Creating prefix chain script '/home/pi/seav2/install/setup.ps1'
[61.997s] INFO:colcon.colcon_core.shell:Creating prefix script '/home/pi/seav2/install/local_setup.sh'
[62.006s] INFO:colcon.colcon_core.shell:Creating prefix util module '/home/pi/seav2/install/_local_setup_util_sh.py'
[62.013s] INFO:colcon.colcon_core.shell:Creating prefix chain script '/home/pi/seav2/install/setup.sh'
[62.057s] INFO:colcon.colcon_core.shell:Creating prefix script '/home/pi/seav2/install/local_setup.bash'
[62.064s] INFO:colcon.colcon_core.shell:Creating prefix chain script '/home/pi/seav2/install/setup.bash'
[62.107s] INFO:colcon.colcon_core.shell:Creating prefix script '/home/pi/seav2/install/local_setup.zsh'
[62.114s] INFO:colcon.colcon_core.shell:Creating prefix chain script '/home/pi/seav2/install/setup.zsh'
